/*--------------------------------*- C++ -*----------------------------------*\
| =========                 |                                                 |
| \\      /  F ield         | OpenFOAM: The Open Source CFD Toolbox           |
|  \\    /   O peration     | Version:  2306                                  |
|   \\  /    A nd           | Website:  www.openfoam.com                      |
|    \\/     M anipulation  |                                                 |
\*---------------------------------------------------------------------------*/
FoamFile
{
    version     2.0;
    format      ascii;
    arch        "LSB;label=32;scalar=64";
    class       volScalarField;
    location    "5000";
    object      k;
}
// * * * * * * * * * * * * * * * * * * * * * * * * * * * * * * * * * * * * * //

dimensions      [0 2 -2 0 0 0 0];

internalField   nonuniform List<scalar> 
15600
(
6.11088820947e-05
6.99141753722e-05
2.82266241504e-05
5.48303916345e-06
9.03373130635e-06
4.27004305861e-06
1.66951599476e-06
9.23182635273e-07
5.32330743241e-07
3.37434134209e-07
2.23254719822e-07
1.82896128304e-07
1.75782207964e-07
2.03720283945e-07
2.81939172693e-07
4.31769941864e-07
6.63510263278e-07
9.6443573423e-07
1.32307416327e-06
1.69369256616e-06
2.00895680748e-06
2.25242657199e-06
2.46020659611e-06
2.60293026461e-06
2.65509113983e-06
2.61129217258e-06
2.43491284015e-06
2.80831310328e-06
5.0864835153e-06
8.71936551965e-06
1.24393115345e-05
1.62883522844e-05
2.00438332869e-05
2.36859171034e-05
2.71715897528e-05
3.04973802598e-05
3.36528062251e-05
3.66342390344e-05
3.94350464643e-05
4.20494441443e-05
4.44709115347e-05
4.66934483519e-05
4.87120037407e-05
5.05240213865e-05
5.21309416514e-05
5.35367772259e-05
5.47397479089e-05
5.57083632228e-05
5.6440574833e-05
5.69563605655e-05
5.72628145128e-05
5.73693420995e-05
5.72866774467e-05
5.7026758368e-05
5.66025179605e-05
5.60276364986e-05
5.53162934717e-05
5.44829083128e-05
5.35419018893e-05
5.2507476356e-05
5.13934258336e-05
5.02129734047e-05
4.89786287367e-05
4.77020590324e-05
4.63939527545e-05
4.50639024497e-05
4.37202934234e-05
4.23703796529e-05
4.1020449608e-05
3.96763194815e-05
3.83435578723e-05
3.7027250124e-05
3.57317350247e-05
3.44603581667e-05
3.32152346082e-05
3.19973648865e-05
3.08066720231e-05
2.96427437758e-05
2.85050881649e-05
2.73928304531e-05
2.63046912511e-05
2.52381876713e-05
2.41899563577e-05
2.31544933118e-05
2.21259547577e-05
2.10948143764e-05
2.00529732909e-05
1.89835916885e-05
1.78778141249e-05
1.67044537711e-05
1.54440912823e-05
1.3998304547e-05
1.31491455999e-05
1.36074663592e-05
1.42744491994e-05
1.51608655091e-05
1.58584615215e-05
1.64617052653e-05
1.69590253774e-05
1.74840982858e-05
1.94466237204e-05
2.22899289669e-05
2.56601188198e-05
2.96027446502e-05
3.34864687358e-05
3.72191645259e-05
4.13361217355e-05
4.63561071059e-05
5.31946881721e-05
6.35006442354e-05
8.23376758395e-05
0.000113694759082
0.000162153562074
0.000242640546495
0.000367133403463
0.000525808223962
0.000470914900278
0.000236995233753
8.15084170319e-05
5.14612549623e-05
0.000836814257148
0.000713249287393
0.000373275958707
0.000116773321376
1.7113457566e-05
3.47399380043e-06
1.99625817988e-06
1.23569808168e-06
1.03356753557e-06
8.79039617685e-07
8.29515090176e-07
8.92673987358e-07
1.06930221571e-06
1.38670817845e-06
1.9413600501e-06
2.85379206831e-06
4.26319785678e-06
6.28227080975e-06
9.05995068099e-06
1.26996692553e-05
1.71970982175e-05
2.2449276963e-05
2.8482518479e-05
3.50763455527e-05
4.14868679836e-05
4.69363077521e-05
5.13162335977e-05
5.6490731939e-05
7.590372423e-05
0.000106907621082
0.000138144504094
0.000169469267596
0.000200712821433
0.000231765262505
0.000262579874884
0.000293142319169
0.000323410398797
0.000353341611577
0.000382874299516
0.000411941478468
0.000440470815546
0.000468392176588
0.000495646721393
0.000522207656284
0.000548106420119
0.000573404559114
0.000598054068677
0.000621346387557
0.000643187281627
0.000663590181304
0.000682490232815
0.000699846088306
0.000715627209016
0.00072981484145
0.000742402175509
0.000753393887906
0.000762805550774
0.0007706626475
0.000776999525871
0.000781858256067
0.000785287501987
0.000787341442814
0.00078807848025
0.000787559858754
0.0007858472497
0.000783000453841
0.000779073619337
0.000774115123732
0.000768168449097
0.00076127990666
0.000753505053018
0.000744905828098
0.000735544450531
0.000725477610426
0.000714746761684
0.000703377532381
0.000691375484431
0.000678738531085
0.000665466711545
0.000651551329347
0.000636979003717
0.000621699258642
0.000605643694306
0.000588657708982
0.000570589950022
0.000551111241955
0.000529984586255
0.00050654913132
0.000480520149597
0.000450642318766
0.000416347380998
0.000375338305087
0.000347735613207
0.000360397191084
0.000382894006647
0.000414961866304
0.000446594066625
0.000480077076017
0.000515673785526
0.00055759449917
0.000599750134722
0.000639976168327
0.000673353459516
0.000697034992588
0.000699819914445
0.000689896680756
0.000675955987318
0.000662772199506
0.000656343770314
0.000665413845872
0.000710801245763
0.000785613045512
0.000907728984293
0.00111337883969
0.00141373362083
0.00169552870122
0.00150448225908
0.00114115963463
0.000848059397202
0.000833227905506
0.00488124605132
0.00427145957044
0.0026679389595
0.000929611837785
0.000123958717943
1.97085462514e-05
1.18490752446e-05
7.53821070711e-06
6.7131555515e-06
5.92487658387e-06
5.74472610353e-06
6.25812904362e-06
7.5498103839e-06
9.8147562171e-06
1.37261384226e-05
2.01300790663e-05
3.00143897326e-05
4.42066381437e-05
6.37354062157e-05
8.92885998291e-05
0.00012075206616
0.000157304291853
0.000198704577527
0.000243086292812
0.000286018347288
0.000322540247979
0.000354902459431
0.000405851115494
0.000537351984318
0.000718276535128
0.000889510045911
0.0010525051859
0.00120878098138
0.00135882878785
0.00150344666916
0.00164315917634
0.00177832496411
0.00190917864443
0.00203584451848
0.00215838265595
0.00227681058212
0.00239113257424
0.00250137713011
0.00260767182659
0.00271035147474
0.00280966174636
0.00290512239378
0.0029948966263
0.00307892325055
0.00315726251153
0.00322984129837
0.00329663311916
0.003357630794
0.00341285029998
0.00346233195897
0.0035061400076
0.00354436167841
0.00357710524173
0.00360449785988
0.00362668319283
0.00364381904454
0.00365607504117
0.00366362969461
0.00366666680941
0.00366536895852
0.00365991030191
0.00365044586512
0.00363711040528
0.00362002294212
0.00359931185805
0.00357513512884
0.00354767211972
0.00351710442281
0.00348359528754
0.00344725915979
0.00340815491028
0.00336627276926
0.00332157288339
0.00327401495456
0.00322352744416
0.00317000899962
0.00311323032049
0.00305286446771
0.00298828722357
0.00291879152637
0.00284306643345
0.00275989534859
0.00266660853583
0.00256133857398
0.00243868166974
0.00229472670228
0.00211696449276
0.00199138945602
0.00204130629835
0.00214998732891
0.00230485522365
0.00246817378892
0.00264623579861
0.00284135353636
0.00306640468615
0.00329540363722
0.00351589306213
0.0037074251616
0.00385500699962
0.00391541435017
0.00391566541842
0.00389151606336
0.00386579595374
0.00386516558712
0.00393126032424
0.00415250543839
0.00449610394411
0.00501596835551
0.00580255394428
0.006824813326
0.0076561778247
0.00716016318605
0.00621346710665
0.00532485558395
0.0050603790856
0.00999338081973
0.00910765170461
0.00670855428125
0.00315218125158
0.000537774460926
8.21146475263e-05
4.43530323206e-05
2.82129503425e-05
2.51819131369e-05
2.23109282501e-05
2.16121883337e-05
2.34652074319e-05
2.82130234905e-05
3.65364112466e-05
5.08349825182e-05
7.40326579171e-05
0.000109310635088
0.000158863004809
0.000224908669306
0.00030778715087
0.000404747719001
0.000511066166842
0.000624250346757
0.000738616856946
0.00084435999283
0.000936335458429
0.00102549667045
0.0011562974404
0.00143546221408
0.00178402258678
0.00209960194489
0.00239164763351
0.00266621140981
0.00292584983647
0.0031731182725
0.00340965820448
0.0036366446782
0.00385488472855
0.00406491163294
0.00426707759663
0.00446161224373
0.00464868003404
0.00482844019787
0.00500108707604
0.00516669088365
0.00532493031893
0.00547502440341
0.00561606588338
0.00574809804956
0.00587114860587
0.00598519954992
0.00609027175327
0.00618640925087
0.00627368364996
0.00635219594135
0.00642207621732
0.0064834824617
0.00653659803132
0.00658162878591
0.00661879990291
0.00664835272467
0.00667054160176
0.00668563007394
0.00669388612043
0.00669557413928
0.00669094556148
0.00668022593292
0.00666361238112
0.00664128019768
0.00661341454942
0.00658023646855
0.00654199365585
0.00649893579313
0.00645128628464
0.00639920431056
0.00634277169446
0.00628197731582
0.00621676385487
0.00614706504493
0.00607277352604
0.00599373042516
0.00590961423318
0.00581994261069
0.00572386283086
0.00562031980938
0.00550754095783
0.00538362528868
0.00524497743156
0.00508837725787
0.00490630029944
0.00469185430853
0.00442066676144
0.00421718647716
0.00427914494335
0.00446147145578
0.00472852161017
0.00503113208063
0.00537136257709
0.00575309190536
0.00618692884774
0.00663562923731
0.00707407725154
0.00747170037026
0.00780282855629
0.00801277977206
0.00813303891477
0.00821517059925
0.00829704062612
0.00841855683258
0.00864413796252
0.00909614454455
0.00973038925393
0.010592909618
0.0117603349935
0.0131618702106
0.0143119650191
0.0136515151518
0.0119861144135
0.0105417013213
0.0101855202432
0.0136029648365
0.0127471022271
0.0102761031883
0.00604135231288
0.00157475401254
0.000251297071121
0.000116829835103
7.40480272473e-05
6.63434130602e-05
5.90685064479e-05
5.71773493884e-05
6.18629464324e-05
7.40044185234e-05
9.51499827028e-05
0.000130774034146
0.000186749052177
0.000267978356347
0.000375262980383
0.000507832212863
0.000660728280787
0.000825129371693
0.000992608111026
0.00116087036568
0.00132458321483
0.00147543372316
0.00161401477049
0.00176043779977
0.00197388889049
0.00236850072112
0.00283394796834
0.00325167935855
0.00363687684791
0.00399722942356
0.00433655924277
0.00465840389524
0.00496509516161
0.00525832584966
0.00553928060311
0.00580877377108
0.00606736570577
0.00631544170214
0.00655327772724
0.00678108139161
0.00699896315496
0.00720670878859
0.00740386648134
0.00758992306511
0.00776454844539
0.00792781819755
0.00807977271151
0.00822045232997
0.00834992771952
0.00846829417452
0.00857567591962
0.00867222834618
0.00875813794902
0.00883362099157
0.00889892073543
0.0089543041528
0.00900005826665
0.00903648647684
0.00906390485514
0.00908263783025
0.00909301290834
0.00909535230202
0.00908996285649
0.009077122728
0.00905707762589
0.00903004765036
0.00899626048034
0.00895598006136
0.00890949846638
0.00885710924925
0.00879907563469
0.00873559033539
0.00866675802208
0.00859257885298
0.00851299600742
0.00842793650108
0.00833728374275
0.00824085793972
0.00813830976628
0.00802909500362
0.00791228982291
0.00778668910279
0.00765038894069
0.00750117366953
0.00733522649179
0.0071486392054
0.00693332161573
0.00668082181389
0.00636141897744
0.00611230100422
0.00616519114535
0.00638865957426
0.00672607321476
0.00712503763347
0.00758106334763
0.00809767459386
0.00868044908945
0.00928782297407
0.00988584960956
0.0104388484367
0.0109155223995
0.0112622101673
0.0115091682046
0.0117138482887
0.011922715458
0.0121816200024
0.0125637313544
0.013196818605
0.0140439971059
0.0151363550784
0.0165303018279
0.018150955112
0.019549656016
0.0190775782122
0.01702131068
0.0147624584668
0.0138914992635
0.0164248651204
0.0155541944065
0.0131122691343
0.00883609061649
0.00325124464733
0.000621898249505
0.000245371861134
0.000153398805509
0.000138551474871
0.000124351577928
0.000120391057886
0.00012965659159
0.000153668910523
0.000194729909476
0.000261224209219
0.000359952556483
0.000493430071762
0.000656627286777
0.00084344695872
0.00104482585528
0.00125058593224
0.00145413236363
0.00165596186046
0.00185302814516
0.0020405928054
0.00222506456844
0.00243475604429
0.00273652460157
0.00322964486153
0.00378198856661
0.00427583386011
0.00473100784874
0.00515606290282
0.00555581430294
0.00593440736109
0.00629461715143
0.00663846198928
0.00696736556782
0.00728232144071
0.00758402141415
0.00787294403383
0.00814941565805
0.00841362791489
0.00866556277587
0.00890492256278
0.00913138023432
0.00934465204708
0.00954465592568
0.00973147587037
0.0099051765652
0.0100658405118
0.0102135763195
0.0103485185226
0.010470831772
0.0105807133717
0.0106783933967
0.010764133268
0.0108382227866
0.0109009764979
0.0109527296242
0.0109938339291
0.0110246535447
0.0110455602742
0.0110569280207
0.0110591244295
0.0110525007086
0.0110373783131
0.0110140440135
0.0109827558373
0.0109437759477
0.0108974014117
0.0108439579728
0.0107837727674
0.0107171406556
0.0106442831122
0.0105653274847
0.0104802892645
0.0103891181522
0.0102917417687
0.010188043802
0.0100778386123
0.00996077197054
0.00983627590855
0.00970340843572
0.00956089646094
0.00940680788399
0.00923877337888
0.00905295794614
0.0088450785296
0.00860694489264
0.00832908254964
0.00798008374145
0.00770057290506
0.00773786538854
0.00798463157301
0.00836874540348
0.00883576120062
0.00937523854145
0.00998911787226
0.0106783080301
0.0113991602536
0.0121115807757
0.0127766061274
0.01335992898
0.0138118165615
0.0141609448057
0.0144668678059
0.0147809389433
0.015152278164
0.0156578063635
0.016423410323
0.0174238770419
0.0186810151962
0.0202337832731
0.0220046238051
0.0235742153173
0.0233470137792
0.0212771260555
0.0185056678276
0.0170060335405
0.0189300252376
0.0179523395956
0.0155120144846
0.0113344835226
0.0052601159095
0.00128292979739
0.000440867287629
0.000265964432658
0.000242634945596
0.000220174650706
0.000213228778281
0.000227995510197
0.000266324593941
0.000330301662144
0.000429203832491
0.000567793950856
0.0007438912012
0.000947317794378
0.00116942477352
0.00140081203673
0.00163313616147
0.00186275639661
0.00209228676159
0.00232068544629
0.00254661100999
0.00278136937487
0.00305907536103
0.00344670394019
0.00402178002274
0.00464048435489
0.0051940828385
0.00570514928982
0.006182554003
0.00663168825254
0.00705698030618
0.00746144194025
0.00784727023037
0.00821602784571
0.00856881575008
0.00890640421011
0.00922932246296
0.0095379090966
0.00983232557469
0.0101124717377
0.0103781191207
0.0106290501399
0.0108651298941
0.0110863831905
0.0112929024152
0.0114847784743
0.0116621268987
0.0118250876984
0.0119738279303
0.0121085458893
0.0122294738906
0.0123368785553
0.0124310593233
0.0125123453203
0.0125810914104
0.0126376737525
0.0126824852354
0.0127159308817
0.01273842283
0.0127503746022
0.0127521929308
0.0127442677759
0.0127269591527
0.0127005910484
0.0126654557371
0.0126218455073
0.0125700853817
0.0125105292826
0.0124435328021
0.0123694185704
0.0122884347086
0.0122007316072
0.0121063424104
0.0120052266926
0.0118973169885
0.0117825025947
0.0116606008158
0.0115312646176
0.0113939234993
0.0112476432663
0.0110911279815
0.0109224637995
0.010739217269
0.010537615403
0.0103131797615
0.0100577993728
0.00976139006924
0.00939265525346
0.00909122475088
0.00911151050686
0.00937134773962
0.00978839572853
0.01030628096
0.0109094322688
0.0115975174396
0.0123672799725
0.0131737085771
0.0139721838391
0.0147213625477
0.0153854005618
0.0159191427327
0.0163501810152
0.0167385218624
0.0171381797433
0.0176002027763
0.0182032235302
0.019069456076
0.0201845831724
0.0215652935475
0.0232364373836
0.0251151252108
0.0267981128415
0.0267635361932
0.0248055670867
0.0218453278809
0.0198717022715
0.0212482909863
0.0201207865441
0.0176723763306
0.0135383811087
0.00734770827177
0.00225603438216
0.000712818143091
0.000401785366034
0.000368820163716
0.000339119051802
0.000328577241489
0.000348312107628
0.00040030863247
0.000485589617945
0.000612601307929
0.000783019613979
0.000990449532274
0.00122185998469
0.00146821035247
0.00172133513212
0.00197522542969
0.00222864579699
0.00248562601655
0.00274684650004
0.00301394565145
0.00330198253644
0.00364791096884
0.0041138758997
0.00475640465164
0.00542844076737
0.0060320246236
0.00659065704709
0.00711315828451
0.00760518565499
0.00807125345129
0.00851448878785
0.0089371842047
0.00934098643469
0.00972706472197
0.0100962392037
0.0104490683969
0.0107858925935
0.0111068429624
0.0114118258657
0.0117006874339
0.0119732961564
0.0122296091965
0.0124697007969
0.0126936752455
0.0129016489328
0.0130937655622
0.0132701929757
0.0134311269888
0.0135767956841
0.0137074624226
0.0138234263027
0.0139250206435
0.0140126097053
0.0140865844596
0.0141473577894
0.0141953595183
0.0142310314188
0.0142548219144
0.0142671802604
0.0142685486554
0.0142593526347
0.0142399881183
0.014210814197
0.0141721553253
0.0141243313951
0.01406769239
0.0140026172676
0.0139294872182
0.0138486506173
0.0137603813009
0.01366485336
0.0135621193873
0.0134521513088
0.013334889786
0.0132102336118
0.0130780093216
0.0129378852617
0.0127893026948
0.0126313516201
0.0124627429337
0.0122816084823
0.0120855079765
0.0118707744214
0.0116328558141
0.0113638043294
0.0110532359967
0.0106708918792
0.0103531246717
0.0103567735223
0.0106232955074
0.0110643932847
0.0116218969369
0.0122757824948
0.0130230566332
0.013856662154
0.0147304452884
0.0155963075514
0.016411140889
0.0171385626864
0.0177381077192
0.0182367863398
0.0186942178216
0.0191656527191
0.0197032033953
0.0203861170603
0.0213325080666
0.0225372718933
0.0240141376052
0.0257763432796
0.027733757054
0.0294913853484
0.0295902110097
0.027757831103
0.0247772570745
0.0225101258807
0.0234016824562
0.0221237645594
0.0196742348463
0.0155410677088
0.00940621128599
0.00350173764575
0.00108038981608
0.000550924128887
0.000502763350632
0.00046901932159
0.000455155090263
0.000478836216174
0.00054269528173
0.000646492002272
0.000796954337216
0.000992596042627
0.00122374248462
0.00147615323737
0.00174144856677
0.0020131083271
0.00228722336803
0.00256440641096
0.0028497481609
0.00314543341786
0.00345555012298
0.0037976335504
0.00420898229215
0.00474478796146
0.00544400708265
0.00616141866842
0.00680903453822
0.00741011114073
0.00797322327589
0.00850410025914
0.00900723128692
0.00948578914081
0.00994211479819
0.0103779087615
0.0107943871539
0.0111924048208
0.0115725396574
0.0119351356033
0.0122803132996
0.012608022227
0.01291817135
0.0132106947098
0.0134856064989
0.0137430064948
0.0139830135806
0.0142057683467
0.0144114399599
0.0146002220142
0.0147723368464
0.0149280400019
0.0150676234753
0.0151914163573
0.0152997833151
0.0153931211857
0.0154718544824
0.015536430254
0.0155873127224
0.0156249779131
0.0156499080986
0.0156625859367
0.0156634869247
0.0156530702892
0.0156317663164
0.0155999680443
0.0155580309755
0.0155063011354
0.0154451516809
0.0153749847394
0.015296205448
0.0152091868583
0.0151142282057
0.0150115280893
0.0149011601137
0.0147831106146
0.0146573310361
0.0145237328507
0.0143821567857
0.0142322928171
0.0140736045954
0.0139052180848
0.0137258724275
0.0135337625723
0.0133264856873
0.0131005047912
0.0128512814005
0.012571080178
0.0122494463592
0.0118576172724
0.0115275196778
0.0115155954497
0.0117845849324
0.0122435243463
0.0128327061637
0.0135281964577
0.0143241228008
0.0152098776941
0.0161381981172
0.0170582359126
0.0179256236917
0.0187042048904
0.0193581622008
0.0199142875446
0.0204313098774
0.0209647370888
0.0215671050211
0.0223175442813
0.0233300198294
0.0246070507112
0.0261604187993
0.0279935973613
0.0300084315308
0.031814279775
0.0319982632881
0.030272806265
0.0273435439526
0.0249119963726
0.0253951971371
0.0239859628327
0.021544843362
0.0174280593786
0.0113900864413
0.00500354444898
0.00157082203023
0.000714192970641
0.000634520045537
0.000600584658111
0.000584778875627
0.000611874446236
0.000686191113067
0.000806321804034
0.000976773179579
0.00119306547644
0.00144315593527
0.00171268317981
0.00199439216612
0.00228339850379
0.0025775671691
0.00287898080906
0.0031935986337
0.00352487880691
0.00387876991076
0.00427410376184
0.00474684235607
0.00534486026204
0.00609319774658
0.00685103420014
0.00753890019788
0.00817913942345
0.00877997680817
0.0093470886935
0.00988487312687
0.0103965050363
0.0108843452457
0.0113501301259
0.0117951104644
0.012220167985
0.012625896591
0.0130126499118
0.0133805596974
0.0137296251246
0.0140598080927
0.0143710922758
0.0146635279818
0.0149372304831
0.0151923348191
0.01542900464
0.0156474330645
0.0158478382323
0.0160304676803
0.0161956030227
0.0163435634299
0.0164747064788
0.0165894266543
0.0166881518299
0.0167713385239
0.016839466428
0.0168930326608
0.0169325460303
0.0169585212262
0.0169714729386
0.0169719086854
0.0169603202883
0.0169371715468
0.016902888898
0.0168578583703
0.0168024513336
0.0167370630906
0.0166621178677
0.0165780438336
0.0164852382121
0.0163840256829
0.0162746302521
0.0161571479746
0.0160315814109
0.0158978951084
0.0157560159949
0.0156058031408
0.0154469732577
0.0152790207626
0.0151011166682
0.0149120439094
0.0147100756334
0.0144928772641
0.0142570586564
0.0139981583156
0.0137086860703
0.0133782841051
0.0129798816939
0.0126404697599
0.0126142950796
0.012882873058
0.0133550600162
0.01396996784
0.0147002012751
0.015536894318
0.0164660632636
0.0174392985731
0.0184035502076
0.0193136527974
0.0201343059281
0.020834240401
0.0214402438832
0.0220097933909
0.0225979312231
0.0232570950242
0.0240657353292
0.0251337297821
0.0264699150856
0.0280845766776
0.0299730015344
0.0320292368919
0.0338650339555
0.0340972019692
0.032453177723
0.0296010996212
0.0270869536107
0.027236093903
0.0257202438736
0.02329569756
0.0192408691556
0.0133021205784
0.00668819361805
0.00221287560164
0.000905663220828
0.000761343169093
0.000729524788414
0.000713927883249
0.000744448240385
0.000828290093966
0.000963090163804
0.00115088404987
0.00138454949623
0.00165050291255
0.00193491328946
0.00223178869029
0.00253774014709
0.00285212889228
0.00317825316214
0.00352280449124
0.00389026343992
0.00428786505907
0.0047347873812
0.0052646887055
0.0059186038733
0.00671075544197
0.00750584414648
0.00823148447939
0.00890873932165
0.00954541971569
0.0101470617301
0.0107179289061
0.0112611677191
0.0117791396101
0.0122736052634
0.0127458428401
0.0131967572094
0.013626959009
0.0140368169481
0.0144264894337
0.0147960227542
0.0151454237281
0.0154747139926
0.0157839676716
0.0160733114388
0.0163428972961
0.0165929111585
0.0168235693381
0.0170351139083
0.0172278169121
0.017401985281
0.0175579645649
0.0176961400035
0.0178169350662
0.0179208078326
0.0180082460075
0.0180797611235
0.0181358824146
0.0181771507118
0.0182041123831
0.0182173134365
0.0182172927353
0.0182045741272
0.0181796545372
0.018142993678
0.0180950080224
0.0180360939745
0.0179666684834
0.0178871773484
0.0177980713494
0.0176997717456
0.0175926289369
0.0174768932948
0.0173526846954
0.0172200235792
0.0170788896995
0.0169292279555
0.0167709193744
0.0166037117589
0.0164271371693
0.0162404185036
0.0160423962694
0.0158314320441
0.0156052833259
0.0153607192632
0.0150934019169
0.0147961095355
0.0144587020179
0.0140558458514
0.0137094583438
0.0136704176988
0.0139365824928
0.014418469761
0.0150544210435
0.0158139658334
0.0166851971165
0.0176508794483
0.0186613983023
0.0196619449324
0.0206070022141
0.0214626672314
0.0222020848337
0.0228521198581
0.023468690203
0.0241058008084
0.0248153376214
0.0256745933215
0.0267894521076
0.0281740443154
0.0298373676836
0.0317681754771
0.0338538814521
0.0357070960184
0.0359588619792
0.0343718134517
0.031602081106
0.0290556459122
0.0289346425577
0.0273361309111
0.0249356939123
0.0209908847224
0.0151509389117
0.00847500683594
0.00304537735872
0.00115150077055
0.000886335998722
0.00085481590132
0.000841808521152
0.000876049948035
0.000968645983274
0.00111663612166
0.0013195785852
0.00156816723191
0.0018479269731
0.00214588221205
0.00245728547311
0.0027800815851
0.003114909291
0.00346609861453
0.00384095474438
0.00424472774782
0.00468543060897
0.00518189182341
0.00576500265587
0.00646974387582
0.00730195654009
0.00813222112232
0.0088939988443
0.00960687201516
0.0102781896696
0.0109132805426
0.0115162414107
0.0120901659153
0.0126374015992
0.0131597251896
0.0136584376326
0.0141344653549
0.0145884380281
0.0150207443196
0.015431577628
0.0158210269982
0.0161891378121
0.0165359614327
0.0168615886998
0.0171661562145
0.0174498333555
0.0177128278909
0.0179553790972
0.0181777528216
0.018380245394
0.0185631888002
0.0187269546788
0.0188719556279
0.0189986438007
0.0191075071926
0.0191990644215
0.0192738586053
0.0193324508557
0.0193754138018
0.0194033252682
0.0194167623528
0.019416295028
0.0194024789811
0.0193758442101
0.0193368839021
0.0192860452311
0.0192237496889
0.0191504357653
0.0190665707129
0.0189726278593
0.0188690526198
0.0187562215433
0.0186344123716
0.0185037701309
0.0183643346874
0.018216102951
0.0180590401335
0.0178930524531
0.0177179226258
0.0175332258784
0.0173382435278
0.0171318839541
0.0169126055987
0.0166782762748
0.0164258341077
0.0161510988216
0.015847134137
0.0155041020568
0.0150983661945
0.0147468512877
0.0146962955223
0.0149586435503
0.0154474001188
0.0161005620357
0.0168849274644
0.0177855467339
0.0187820252072
0.0198234872516
0.0208537512648
0.021827393969
0.0227123841389
0.0234861137101
0.0241754913847
0.0248345826301
0.0255158749067
0.0262702890582
0.0271735270324
0.028327573104
0.0297510384092
0.0314518269065
0.0334142466041
0.0355211164188
0.037383580259
0.0376319554933
0.0360805991859
0.0333892604149
0.0308411987829
0.030502280804
0.0288420793615
0.0264734797576
0.0226739474621
0.0169392850121
0.0103077262549
0.00411500273222
0.00147690017158
0.0010173208788
0.000977107121583
0.000968679142856
0.00100704902762
0.00110761464225
0.00126736281019
0.00148356665378
0.00174519921482
0.00203734444575
0.00234800115966
0.00267358381418
0.00301322146725
0.00336865749973
0.00374510974519
0.0041503858929
0.00459026939913
0.00507313155536
0.00561698036289
0.00624979409124
0.00700133191381
0.00787092121853
0.00873499673527
0.00953184742695
0.010279467933
0.0109847018499
0.0116526141985
0.0122871076871
0.012891201429
0.0134672167646
0.014016939823
0.0145416912041
0.0150424183055
0.0155197721613
0.0159741661525
0.0164058311033
0.0168148950528
0.0172014370093
0.0175655324523
0.0179072849898
0.0182268408512
0.0185243870719
0.0188001532324
0.0190544017574
0.0192874224814
0.0194995361928
0.0196911000706
0.0198625119661
0.0200142119587
0.0201466810199
0.0202604372126
0.0203560302378
0.0204340349868
0.02049504465
0.0205396638598
0.0205685020892
0.0205821676815
0.0205812618255
0.0205663721529
0.0205380619394
0.0204968583001
0.020443239645
0.0203776528983
0.0203005582976
0.0202124447528
0.0201138083544
0.0200051189803
0.0198867798615
0.01975909715
0.0196222423269
0.0194762761448
0.0193212145119
0.0191570451713
0.018983702484
0.0188010073573
0.0186085833257
0.0184057753768
0.0181915680612
0.0179645237115
0.0177226343767
0.0174630148291
0.0171816671419
0.0168719529367
0.0165243924683
0.0161169599945
0.0157617952518
0.0157009937325
0.0159585381765
0.0164518417318
0.0171189694916
0.0179243022348
0.0188498785458
0.0198722173104
0.0209391409117
0.0219934547252
0.0229902817006
0.0238998783796
0.0247036775697
0.025428498678
0.0261262566015
0.0268474981747
0.0276417887991
0.0285828205871
0.0297687167678
0.0312219549414
0.0329503851548
0.034936269952
0.0370587582453
0.0389251545033
0.0391504893923
0.0376170215437
0.0349964819347
0.0324653209293
0.0319502704185
0.0302459590051
0.0279170729171
0.0242802310303
0.018660166847
0.0121378676025
0.00544781715791
0.00192079048102
0.00116784403927
0.00109826828912
0.00109512005029
0.00113803632289
0.00124573315517
0.00141582967712
0.00164364527565
0.00191684066691
0.00222034530827
0.00254313403982
0.0028826787371
0.00323916119706
0.00361528915458
0.00401704846959
0.00445264584607
0.00492819153099
0.00545208808478
0.00604122955344
0.00672071939484
0.00751586176528
0.00842089590822
0.00931790366684
0.0101491752838
0.010931061301
0.0116698561777
0.0123703101762
0.0130361062188
0.013670167934
0.01427477894
0.0148517288019
0.0154023553461
0.0159276267069
0.016428217301
0.0169045684812
0.0173569483623
0.0177855208013
0.0181903946919
0.0185716659808
0.0189294490291
0.0192638999398
0.0195752237168
0.0198636720671
0.020129531097
0.0203731151744
0.020594770059
0.0207948786143
0.0209738653921
0.0211321984489
0.0212703880889
0.0213889829765
0.0214885644497
0.0215697397416
0.0216331346984
0.0216793865271
0.0217091368899
0.0217230258537
0.0217216862118
0.0217057378807
0.0216757778202
0.02163236774
0.0215760180552
0.0215072017123
0.0214264011689
0.0213341274696
0.0212308999108
0.02111721328
0.0209934980921
0.0208600899726
0.0207171881458
0.0205648756432
0.0204031891299
0.0202321410095
0.0200516964667
0.019861717699
0.019661880968
0.0194515993396
0.0192299402856
0.0189955758605
0.0187466328798
0.0184804087913
0.0181931054352
0.0178783909994
0.0175271783125
0.0171189432715
0.0167613171128
0.016691433755
0.0169434800963
0.0174393782161
0.0181176425846
0.0189405272834
0.0198871138196
0.0209308961688
0.0220183774913
0.0230917061739
0.0241070136742
0.0250372036726
0.0258674950684
0.0266243967091
0.0273573627197
0.0281146132264
0.0289439765941
0.0299166723034
0.0311269311431
0.0326019726865
0.0343677828023
0.0363931871018
0.0385082381556
0.0403541078166
0.0405387128214
0.0390086013025
0.0364502603287
0.0339470230895
0.0332890195736
0.0315550811436
0.0292733774851
0.0258015466145
0.0203118971617
0.0139321653136
0.00701037216491
0.00253780863576
0.00135900267343
0.00122186564104
0.00122188913258
0.00126963309149
0.00138357827529
0.00156263757945
0.00180059693571
0.00208414363034
0.00239822161046
0.00273271923944
0.00308605545462
0.00345934938216
0.00385615601545
0.0042831261199
0.00474877236816
0.00525936119925
0.00582308472704
0.00645556060968
0.00717915335699
0.00801537387826
0.00895446641962
0.00988387722849
0.0107492292756
0.0115652000373
0.0123374888397
0.0130704824317
0.0137676179184
0.0144317021048
0.0150649692946
0.0156692066129
0.0162457669094
0.0167956387504
0.0173195213309
0.0178178857466
0.0182910361721
0.0187391696207
0.0191624221134
0.0195609078625
0.0199347511716
0.0202841185439
0.020609233407
0.02091037025
0.0211878397169
0.0214419815641
0.0216731673526
0.0218818064473
0.0220683509232
0.022233297654
0.0223771871385
0.0225005995267
0.0226041486947
0.0226884751302
0.022754238249
0.022802108731
0.0228327612793
0.0228468684455
0.02284509526
0.0228280944588
0.0227964972574
0.0227509008038
0.022691848495
0.0226198401035
0.0225353810139
0.0224390051285
0.0223312555889
0.022212652646
0.0220836547374
0.0219446280395
0.0217958007907
0.021637279635
0.0214691236873
0.0212913720676
0.0211040233082
0.0209069837444
0.0206999861255
0.0204825154097
0.0202537273914
0.0200124086322
0.0197568285234
0.019484471765
0.0191917516959
0.0188726485122
0.0185184852643
0.0181101222566
0.0177509911741
0.0176730739513
0.0179191306985
0.0184159427535
0.0191028106707
0.0199401325096
0.020904104873
0.0219652538755
0.0230687765724
0.0241565333581
0.0251861362045
0.026133434548
0.026987119598
0.0277730903329
0.0285380177937
0.0293274347746
0.0301870297577
0.0311849888348
0.0324128039072
0.0339269711646
0.0357602534851
0.0378382896223
0.0399209044552
0.0416858466039
0.0418144274806
0.0402758300629
0.0377713535448
0.035302448226
0.0345278216195
0.0327761440471
0.0305480676695
0.02723451973
0.0219171062932
0.0156775965877
0.00874270675995
0.0033664181199
0.00161321433007
0.00135415718721
0.00135011267954
0.00140248683479
0.00152174772015
0.00170840301729
0.00195516470086
0.0022480222004
0.00257202466014
0.00291787665039
0.00328483297697
0.00367484710505
0.00409222124285
0.00454418107099
0.00503946521136
0.00558436334961
0.0061866887063
0.00686071233955
0.00762624052977
0.00850154316797
0.00947371534565
0.0104352637716
0.0113346014709
0.0121847185357
0.0129906702215
0.0137564315577
0.0144851664096
0.0151795423811
0.0158417322642
0.0164735145808
0.0170762549056
0.0176509616056
0.0181983592122
0.0187189492341
0.0192130702183
0.0196809500976
0.0201227500512
0.0205386014185
0.0209286384111
0.021293038646
0.0216320446527
0.0219459547015
0.022235105142
0.0224998622778
0.0227406246058
0.0229578291243
0.0231519565789
0.0233235338299
0.0234731327667
0.0236013662413
0.023708881898
0.0237963547147
0.0238644789061
0.0239139598272
0.0239455063612
0.0239598245661
0.0239576125612
0.0239395566054
0.0239063228736
0.0238585449478
0.0237968003673
0.0237216167279
0.0236335232666
0.0235330776978
0.023420847824
0.0232973799929
0.0231631612127
0.0230185892858
0.0228639227155
0.022699293034
0.0225247834581
0.0223404618261
0.022146362391
0.0219424381829
0.0217284817039
0.021504053038
0.0212684005389
0.0210204290936
0.0207585562478
0.0204804571909
0.0201827639952
0.0198597714918
0.0195032181066
0.0190952316193
0.0187353625097
0.0186503393206
0.0188900516803
0.019386296121
0.0200794444037
0.0209282903417
0.0219062306034
0.0229808814233
0.0240961837002
0.025194105059
0.0262342162987
0.0271955419441
0.0280698623917
0.0288820995742
0.0296758114036
0.0304934927298
0.0313782262252
0.0323952963394
0.0336546402872
0.0352448618595
0.037156320913
0.0392704767208
0.0413127618044
0.0429291654781
0.0429913855693
0.0414340918075
0.0389760501854
0.0365451089007
0.0356748096424
0.0339151898363
0.0317457345246
0.0285808214535
0.0234807931198
0.0173820020013
0.0105653955712
0.0044431769166
0.00196461575573
0.00150628192237
0.00148178267688
0.00153736848978
0.00166088606124
0.00185376428128
0.0021080580426
0.0024092792439
0.00274262257048
0.00309949218592
0.0034798671507
0.00388644108245
0.00432417637212
0.00480079502518
0.00532519614873
0.00590359583752
0.00654332008589
0.00725728554437
0.00806293525972
0.00897575050302
0.00998033861386
0.0109739679451
0.0119073981032
0.0127919250791
0.0136319082
0.0144308621522
0.0151916481639
0.0159167708455
0.0166083283416
0.0172680838719
0.0178974131169
0.0184973432754
0.0190686234622
0.0196117859273
0.0201272015895
0.0206151273958
0.0210757483285
0.0215092124971
0.0219156645156
0.0222952940083
0.0226483635698
0.0229751966081
0.0232761566643
0.0235516380531
0.0238020676491
0.0240279115308
0.0242296805857
0.0244079331604
0.024563274061
0.0246963503858
0.0248078450993
0.0248984692188
0.0249689532908
0.0250200388399
0.0250524703435
0.0250669886363
0.0250643259825
0.0250452030163
0.0250103216807
0.0249603531147
0.0248959103221
0.0248175498994
0.0247258260737
0.0246213215531
0.0245046297818
0.0243763238922
0.0242369200906
0.024086848859
0.0239264001837
0.0237557317184
0.0235749523983
0.0233841607109
0.0231834288667
0.0229727588975
0.0227520058413
0.0225208075824
0.0222785082329
0.0220241338983
0.0217562539964
0.0214727361792
0.0211704349144
0.0208439598396
0.0204854608028
0.0200782215224
0.0197182234281
0.0196269017663
0.0198600009941
0.0203543392268
0.021051589748
0.0219091748855
0.0228977854035
0.0239821914809
0.0251051717205
0.0262092331365
0.0272563827735
0.0282289679529
0.029121396659
0.0299571891703
0.0307764540639
0.0316182804924
0.0325229730162
0.0335640792227
0.0348948603829
0.0365726458567
0.0385445759298
0.0406758567109
0.0426687845267
0.0441046951152
0.044080441446
0.0424948707416
0.0400771748668
0.037686237931
0.0367370103603
0.0349775884124
0.0328701419236
0.0298454352668
0.0249980223922
0.0190527732793
0.0124277593332
0.00579472440937
0.00246757744187
0.00169673606051
0.00162068217661
0.00167538545443
0.00180174469071
0.00199940695673
0.00225997482249
0.00256864083931
0.00291075196693
0.00327828378234
0.00367182597773
0.00409472357638
0.00455252223738
0.0050533720272
0.00560628198651
0.00621733047964
0.00689329574641
0.00764577293119
0.00849003460597
0.00943914066781
0.0104757332281
0.0115015597428
0.0124693607041
0.0133887350399
0.0142632917195
0.0150960355679
0.0158894935426
0.0166459818698
0.0173675097724
0.0180558177743
0.0187122885467
0.0193379664508
0.0199336240876
0.0204998237158
0.0210369667546
0.0215453375005
0.0220251438399
0.0224765508734
0.0228997145086
0.0232948374847
0.0236622037735
0.0240021636602
0.0243151096984
0.0246014659941
0.024861689558
0.0250962773207
0.0253057721174
0.0254907656192
0.0256518974124
0.0257898507179
0.0259053456952
0.0259991312627
0.0260719761322
0.0261246597795
0.0261579639611
0.0261726658008
0.0261695329617
0.0261493214388
0.026112769832
0.0260605880592
0.0259934260519
0.0259118707539
0.0258165027356
0.0257079311128
0.0255867761095
0.0254536383621
0.0253090638474
0.0251535167331
0.024987319669
0.0248106576223
0.0246236667713
0.0244264782006
0.0242192041605
0.024001897725
0.0237744787823
0.0235366651306
0.0232878988898
0.0230273293753
0.0227536800142
0.0224650117018
0.022158402123
0.0218287737834
0.0214686776162
0.0210624497507
0.0207027985086
0.0206058673925
0.0208321313139
0.0213233229319
0.0220225923083
0.0228862032884
0.0238822407527
0.0249727034345
0.0260993536892
0.0272057153861
0.0282566964695
0.0292380175104
0.0301461650076
0.0310027819305
0.0318441814474
0.0327057896262
0.0336289337451
0.0347293664568
0.0361509923876
0.0379017499424
0.039915560078
0.0420443440207
0.043974848745
0.0452329952473
0.0450892717085
0.0434667560399
0.0410848718419
0.0387351359571
0.0377204370921
0.0359680452468
0.0339244768724
0.0310344368553
0.0264605145124
0.0206912311326
0.0142935962727
0.00741940647154
0.00317676648011
0.00194536303101
0.0017736637531
0.00181838161364
0.0019452949949
0.00214611140243
0.00241163633527
0.00272679531139
0.00307706483727
0.00345485482337
0.00386124713141
0.00430015149375
0.00477762761081
0.00530219465313
0.0058829352936
0.00652575440429
0.0072368591425
0.00802658165826
0.00890820667699
0.00989267010823
0.010961065226
0.0120193551563
0.0130219562891
0.0139767692194
0.0148865960685
0.0157538812411
0.0165807835305
0.0173694037565
0.0181216467122
0.0188392220413
0.0195235156962
0.0201755868622
0.0207962299948
0.0213860360106
0.0219454350316
0.0224747371895
0.0229741726917
0.0234439242813
0.0238841603884
0.0242950982562
0.0246770449616
0.0250303798304
0.0253555266098
0.0256529413134
0.0259231131796
0.0261665721078
0.0263838950395
0.026575709164
0.0267426910643
0.0268855623035
0.0270050824418
0.0271020404776
0.0271772454233
0.027231516776
0.027265675526
0.0272805368416
0.0272769052336
0.0272555731657
0.0272173168354
0.027162886231
0.0270929697875
0.027008186304
0.0269091442749
0.0267964808827
0.0266708444233
0.0265328637603
0.0263831151203
0.0262220972953
0.0260501667129
0.0258675367151
0.025674372299
0.025470839064
0.0252570912277
0.0250332346553
0.0247992559256
0.0245549542868
0.0242998712219
0.024033280364
0.0237540599266
0.0234604637115
0.023149791198
0.0228172740544
0.0224558497327
0.0220508122872
0.0216918702897
0.0215899035111
0.0218091253245
0.0222959915114
0.0229952510267
0.0238622015187
0.024862425462
0.0259552411128
0.0270816027365
0.0281865794385
0.0292384141119
0.0302261328965
0.0311476505351
0.0320222197247
0.0328821197829
0.0337605042099
0.0347296794828
0.0359158713663
0.0374165716303
0.0392244244789
0.0412614538642
0.0433666343222
0.0452187608953
0.0463095237762
0.0460215587407
0.0443562532882
0.0420071978057
0.0396994769398
0.0386301924518
0.0368906265122
0.0349115381353
0.0321534592761
0.0278592420069
0.0222895703697
0.0161348777915
0.00927327298691
0.00414219699248
0.00228538336712
0.00195344950358
0.00196969210025
0.00209294171622
0.00229483515321
0.00256383874234
0.00288443874504
0.00324217405366
0.00362974066171
0.00404858502586
0.00450309303883
0.00499977440511
0.00554746645282
0.0061553019555
0.00682900028594
0.00757420273316
0.00840005254213
0.0093180163377
0.0103371476415
0.0114373245699
0.0125284798214
0.0135664477066
0.0145574298338
0.015503363531
0.0164060812827
0.0172673377453
0.0180889897783
0.0188728209992
0.0196205011534
0.0203334151088
0.0210126338733
0.0216589715601
0.0222730460255
0.0228553143288
0.0234061109838
0.0239256881249
0.0244142471124
0.0248719704568
0.0252990916692
0.0256959431569
0.0260629359289
0.0264005275005
0.0267092082705
0.0269895021558
0.0272419745123
0.0274672389265
0.0276659606819
0.0278388559476
0.0279866872105
0.0281102559815
0.028210393843
0.0282879525523
0.0283437939882
0.0283787806033
0.0283937676129
0.0283895980199
0.0283671019779
0.0283270942463
0.0282703662058
0.0281976464456
0.0281095872842
0.0280068269711
0.0278900326775
0.0277598822148
0.0276170333724
0.027462092994
0.0272955952914
0.0271179313679
0.0269293440952
0.026730028801
0.0265201875246
0.0263000182119
0.0260696809396
0.0258292303213
0.025578547983
0.0253172752711
0.0250448103744
0.024760185892
0.0244618471595
0.0241473122791
0.0238121169477
0.0234495680059
0.0230458320372
0.0226878646802
0.0225813249197
0.0227932883982
0.023274681562
0.0239719247154
0.0248395199656
0.0258406523385
0.026932073904
0.0280542129727
0.0291542649041
0.0302041834442
0.0311960822489
0.0321285579303
0.0330181487888
0.0338953161708
0.0348115202871
0.035854579216
0.0371185989139
0.0386846812786
0.040533365525
0.0425737680317
0.0446339233946
0.0463902408061
0.047319902315
0.0468782078389
0.0451682326301
0.0428505414582
0.0405855641717
0.0394705670305
0.0377487953656
0.0358338513573
0.0332069759747
0.0291868224245
0.0238353192464
0.0179318776491
0.0112748789831
0.0054016890706
0.00277536166626
0.00217639886912
0.00213533192073
0.00224692240425
0.0024468577787
0.00271753063472
0.00304233242779
0.00340670254013
0.00380345360707
0.00423425324406
0.00470386795945
0.00521919555817
0.00578934678202
0.00642349159434
0.00712717103039
0.00790548745558
0.00876647860355
0.00971995008412
0.0107732710747
0.0119053721342
0.0130299223661
0.0141039518485
0.0151319626543
0.0161149685861
0.0170541380804
0.0179507839737
0.018806489325
0.019622898677
0.0204016320239
0.0211440680812
0.021851286023
0.0225241169007
0.0231632035788
0.0237690282898
0.0243419484567
0.0248822378186
0.025390117568
0.0258657862109
0.0263094957914
0.0267216068727
0.0271025653359
0.0274528654744
0.0277730349424
0.0280636351788
0.0283252698901
0.0285585922636
0.0287643086659
0.0289431778459
0.0290960061792
0.0292236400388
0.0293269564339
0.0294068526253
0.0294642355311
0.0295000115721
0.0295150782651
0.029510318951
0.0294866028005
0.0294447840906
0.0293856968983
0.0293101116398
0.0292187159679
0.0291121800025
0.0289912031161
0.0288564942287
0.0287087407454
0.0285485802573
0.0283765828011
0.0281931752201
0.0279986308676
0.027793176948
0.0275770538911
0.0273505049477
0.0271137454456
0.0268668988412
0.0266099294198
0.0263425780564
0.0260643668884
0.0257744814736
0.0254715563645
0.025153323785
0.0248156172232
0.024452094465
0.0240497177825
0.0236929077861
0.0235821514469
0.0237866113258
0.0242613898152
0.0249546059533
0.0258201146518
0.0268188086901
0.0279050209408
0.0290190238177
0.0301107678105
0.0311561890813
0.0321501036528
0.033091287604
0.0339977804872
0.034908866
0.0358872351749
0.036999917152
0.0383308944196
0.0399485523782
0.0418205201992
0.0438440906898
0.0458384293599
0.0474814627566
0.0482528085065
0.0476588794345
0.0459062420656
0.043619927937
0.0413985400696
0.0402451284246
0.0385454542536
0.0366937229436
0.0341981450924
0.0304390770274
0.0253295379676
0.019675157549
0.0133364661291
0.00698317648645
0.00348158622815
0.00246506426969
0.00232630895795
0.00241106537945
0.00260404302903
0.00287393621904
0.00320138195681
0.00357134285238
0.00397653208187
0.00441866756224
0.00490278634984
0.00543611036245
0.00602798265236
0.00668760531747
0.00742036295122
0.00823086244027
0.00912612514663
0.0101144419647
0.0112016625509
0.0123659830302
0.0135245826151
0.0146354914603
0.0157015114912
0.016722674214
0.0176994317704
0.0186326163633
0.019523506528
0.0203735888582
0.021184422939
0.0219573755158
0.0226935296412
0.0233937301398
0.0240586428526
0.0246887734101
0.0252845005794
0.0258461193418
0.0263738721073
0.0268679757075
0.0273287036546
0.0277564482231
0.0281516939847
0.0285149755025
0.0288468609876
0.0291479526787
0.0294188959787
0.0296603870919
0.0298731769129
0.0300580702011
0.0302159205992
0.0303476226339
0.0304541019364
0.0305363043521
0.0305951847971
0.030631696448
0.0306467816373
0.0306413660959
0.0306163594426
0.0305726563824
0.0305111349122
0.0304326088932
0.0303378032736
0.0302274224954
0.0301022006696
0.0299628796521
0.0298101769363
0.0296447605133
0.0294672367672
0.0292780689811
0.0290775618732
0.0288659761457
0.02864359262
0.0284107012183
0.0281675731118
0.0279144008125
0.0276512308489
0.0273779024739
0.0270940603512
0.0267990406808
0.0264916640708
0.0261698713894
0.0258297868849
0.0254654004307
0.0250644008594
0.0247088614122
0.0245941442363
0.0247908110396
0.0252578183295
0.0259449715594
0.0268056041576
0.0277984220488
0.0288755318342
0.0299775240888
0.0310577643429
0.0320962864734
0.0330904376255
0.0340449668772
0.0349828654261
0.0359465849415
0.0369849955684
0.0381594263198
0.039546486005
0.0412005863435
0.043077646139
0.0450644296858
0.0469732686517
0.0484866805578
0.0491003035322
0.0483628035777
0.0465727998519
0.0443192560537
0.0421425570888
0.0409567991657
0.0392829893727
0.0374932517825
0.0351289580157
0.0316152613618
0.0267749251797
0.0213634304551
0.0153966609458
0.00889354988689
0.0044730157232
0.00286426222223
0.00255809403623
0.00259207015491
0.0027693220049
0.00303476156189
0.00336275482315
0.0037369370737
0.00414960097651
0.00460229520853
0.0051001908565
0.0056507616004
0.0062635416629
0.00694776460824
0.00770869086985
0.00855048779205
0.00947925359543
0.0105019027134
0.0116229055189
0.0128198900993
0.0140133190297
0.0151620452477
0.0162671699512
0.0173276843982
0.0183432727982
0.0193142475885
0.0202415517687
0.0211264944199
0.0219705633002
0.022775106547
0.0235412062064
0.0242697173794
0.0249613268596
0.025616561898
0.0262358208872
0.0268194195449
0.0273676229803
0.0278806691773
0.028358856954
0.0288026147446
0.0292124703538
0.0295890026401
0.0299328241484
0.0302445816797
0.0305249661862
0.0307747208219
0.030994644958
0.0311855932741
0.0313484705018
0.0314842230175
0.0315938286342
0.0316782851923
0.0317385988678
0.0317757726631
0.0317907965055
0.0317846407836
0.0317582570975
0.0317125814068
0.0316485366916
0.0315669817101
0.0314686808094
0.0313543756185
0.0312248380415
0.0310808445324
0.0309231429692
0.0307524313282
0.0305693523748
0.0303744062217
0.0301679297914
0.0299502190455
0.0297215972828
0.0294824022165
0.0292329609198
0.0289735344982
0.0287042505498
0.0284250447544
0.0281356821126
0.0278356463871
0.027523940334
0.0271987073184
0.0268563548012
0.0264911860891
0.0260915541961
0.0257373417278
0.0256188254134
0.0258073543172
0.0262654024396
0.0269444155545
0.027797308838
0.0287807088956
0.0298447543161
0.0309309506238
0.0319967418671
0.0330264930681
0.0340265462563
0.0350085616543
0.0359912685257
0.0370064996271
0.0380992513015
0.0393273475056
0.0407581726426
0.0424327383832
0.0442965559445
0.0462271341574
0.0480322636412
0.0494016370433
0.0498571005784
0.0489891884748
0.0471696423933
0.044951490008
0.0428209176737
0.0416079240454
0.039963314504
0.0382343155778
0.0360005174775
0.0327173099304
0.0281665080616
0.0229969536334
0.0174071809642
0.0110567973293
0.0058099236382
0.00344303387976
0.00284864948441
0.00280188312383
0.0029476069928
0.0032025576678
0.00352806664504
0.00390459272694
0.00432345309898
0.00478571750032
0.00529650794292
0.00586345926421
0.0064962502593
0.00720414523387
0.00799231862808
0.00886456345872
0.00982615173185
0.0108827547795
0.0120375865691
0.0132678314348
0.0144969995526
0.0156846005855
0.0168300348272
0.0179311971974
0.0189869539241
0.0199970593212
0.0209620903838
0.0218831588259
0.022761668442
0.0235989412403
0.0243960526318
0.025153864527
0.0258730827102
0.0265542543127
0.0271977954417
0.0278040418016
0.0283732826875
0.0289057806666
0.0294018649211
0.029862005589
0.0302867790806
0.0306768131611
0.0310327690124
0.0313553423069
0.0316452739737
0.0319033586305
0.0321304486357
0.0323274530234
0.0324953319149
0.032635087657
0.0327477541829
0.0328343850682
0.032896041312
0.0329337790901
0.0329486389708
0.0329416384909
0.0329137728735
0.0328660200356
0.0327993487422
0.0327146637721
0.0326127711183
0.0324944532337
0.0323605226774
0.0322117925827
0.0320490414463
0.0318729962156
0.0316843355984
0.0314835964847
0.0312711488443
0.0310473259036
0.0308124956507
0.0305670444127
0.0303113545808
0.0300457546101
0.0297704511643
0.0294854736262
0.0291907044445
0.0288857712223
0.028569854306
0.0282412929921
0.0278967701395
0.0275308844316
0.0271325964791
0.0267797237804
0.026657483942
0.0268374675482
0.0272853248365
0.0279540683892
0.0287962766511
0.0297666120923
0.0308135986709
0.0318803993489
0.0329293359145
0.0339543754468
0.0349749121643
0.0359946001409
0.0370214873964
0.0380838883633
0.0392247948769
0.0404969294506
0.0419580794395
0.0436367626535
0.0454691020053
0.0473248815878
0.0490098625711
0.0502231618357
0.0505201068425
0.0495374189798
0.0476979202071
0.045518816662
0.0434361898809
0.042200328105
0.0405879124401
0.0389185446923
0.0368133414258
0.0337484557631
0.0294979891875
0.0245696278067
0.0193342967122
0.0133572238946
0.00752476072004
0.00428230768354
0.0032375168311
0.00305656315955
0.00314733553265
0.00338138222255
0.00369969300233
0.00407586146142
0.00449916701532
0.00496971607367
0.00549231579846
0.00607463693651
0.00672644249887
0.00745702077157
0.00827149916148
0.00917336792523
0.010167173802
0.0112574767711
0.0124463460551
0.0137106062488
0.0149765603015
0.0162042132438
0.0173912654358
0.018534462569
0.0196318057164
0.0206824549127
0.0216865923482
0.0226451127536
0.0235593230931
0.0244305105478
0.0252597378096
0.0260478701775
0.0267956307572
0.0275035849283
0.0281721644065
0.028801723798
0.0293925779481
0.0299450181661
0.0304594107243
0.0309362743528
0.0313762403749
0.03177999071
0.032148240063
0.0324817379083
0.0327812802352
0.0330477182986
0.0332819625811
0.0334849814812
0.0336577953271
0.0338014669993
0.0339170908773
0.0340057803357
0.0340686550506
0.0341068279814
0.034121393648
0.0341134194537
0.0340839460077
0.0340339937268
0.033964577576
0.0338766489604
0.0337710581219
0.0336486318855
0.033510227418
0.0333566966096
0.0331888484589
0.0330074372671
0.0328131766082
0.0326066394633
0.0323882297903
0.0321583204776
0.0319173265923
0.0316656835319
0.0314038276396
0.0311321525579
0.0308509410932
0.030560312882
0.0302602643292
0.0299505626306
0.0296305605938
0.0292987866686
0.0289521912424
0.0285856511542
0.0281886829628
0.0278371333265
0.0277111692363
0.0278821343418
0.0283185177871
0.0289748047394
0.0298032983114
0.0307568317334
0.0317828115882
0.0328270049689
0.0338593061736
0.0348939149773
0.035944894244
0.037002115453
0.0380696459445
0.0391740743713
0.0403554070993
0.0416605828075
0.043137958276
0.0448042342585
0.0465872056884
0.0483507189391
0.0499010960737
0.0509489032922
0.0510879066982
0.0500071335131
0.0481583494139
0.046022775651
0.0439903038935
0.0427353668214
0.0411578729839
0.0395472933196
0.0375676284513
0.0347119416371
0.0307628682545
0.0260712425953
0.0211602650964
0.015668857159
0.00961841067529
0.00546914121658
0.00379474795285
0.00337509222256
0.00338357227573
0.00357806667428
0.00388132155732
0.00425302944018
0.00467828672823
0.00515539852401
0.00568844004162
0.0062849294057
0.00695462637165
0.00770682187117
0.0085466296378
0.00947731178876
0.0105027952814
0.0116266621004
0.0128499425444
0.0141491443302
0.0154530773011
0.0167220791181
0.0179521536101
0.0191388493656
0.0202792596751
0.0213719181715
0.0224165866019
0.0234139239967
0.0243651267915
0.0252714369969
0.0261338982962
0.0269533762314
0.0277306100928
0.0284661820969
0.0291605373141
0.0298140477674
0.0304270548973
0.0309998837846
0.0315329468126
0.0320268198296
0.0324821964051
0.0328998185387
0.0332804599908
0.0336249296794
0.0339340844902
0.0342088382394
0.0344501653699
0.0346590992842
0.0348367258846
0.0349841736051
0.0351026019865
0.0351931885719
0.0352571158371
0.0352955573673
0.035309665195
0.0353005595348
0.0352693282933
0.0352170347441
0.0351447401369
0.0350534418909
0.0349440370526
0.0348174017803
0.0346744420704
0.0345160506607
0.0343430665465
0.034156269038
0.0339564046575
0.0337440808723
0.033519736834
0.0332837881015
0.0330366994393
0.0327789553046
0.032511043675
0.032233420122
0.0319464396437
0.0316503080427
0.0313451317206
0.031030812802
0.0307068709059
0.0303720167971
0.0300234606453
0.0296563411986
0.0292606835537
0.0289104265821
0.0287806732114
0.0289420818305
0.0293656545126
0.0300072410409
0.0308189131789
0.0317518546611
0.0327530748674
0.0337722428705
0.0347977827251
0.035854150387
0.0369363459395
0.0380280699007
0.0391315650151
0.0402713736905
0.0414839374894
0.042810201672
0.0442892279223
0.0459265858221
0.0476429234555
0.0492980994462
0.0507015454097
0.0515771442235
0.0515602916418
0.0503982383105
0.0485513276997
0.0464643678117
0.0444846335774
0.0432139700486
0.0416739271289
0.0401216148889
0.0382634512286
0.0356102803327
0.0319558120683
0.027506943566
0.0228842437511
0.0178984129609
0.01201463063
0.00707395611292
0.00460826613381
0.00380002894717
0.00367313019539
0.00380424435549
0.0040789661458
0.00443961457162
0.0048631084547
0.00534438952884
0.00588609465816
0.00649528443164
0.00718157799429
0.00795422000268
0.00881832946527
0.00977701341548
0.0108336891413
0.0119910985365
0.0132493378754
0.014584595853
0.0159278577262
0.017239623997
0.0185142098736
0.0197459265443
0.0209309235868
0.0220670824482
0.0231537238988
0.024191254242
0.0251807445726
0.026123378977
0.0270201758618
0.0278719986828
0.028679602551
0.0294435854828
0.0301644036288
0.030842444528
0.0314780766475
0.0320716648848
0.0326236799404
0.0331347652695
0.0336056851023
0.034037248145
0.0344302934657
0.0347856958904
0.0351043799051
0.0353873286664
0.0356355871898
0.0358502602029
0.0360325051324
0.0361835214414
0.0363045389286
0.0363968039416
0.03646156611
0.0365000636657
0.0365135099371
0.0365030811069
0.0364699145286
0.0364151168067
0.0363397938236
0.0362449878171
0.0361316454356
0.0360006981066
0.0358531054033
0.0356898028921
0.0355116585693
0.0353194735664
0.0351140243422
0.0348959499037
0.0346657263571
0.0344238158588
0.0341707357564
0.0339070189483
0.0336332015667
0.033349796532
0.0330572259165
0.0327557771167
0.0324456622895
0.0321269135036
0.0317992110242
0.0314614411208
0.0311110662709
0.0307434719646
0.03034914817
0.0300001578762
0.0298665008083
0.0300177558252
0.030427129973
0.0310517228214
0.031843405784
0.0327519892357
0.0337252053021
0.0347217594858
0.035755483654
0.0368361091576
0.0379470467528
0.039068768325
0.040202061635
0.0413691358472
0.0426025850153
0.0439372115498
0.0454030017427
0.0469951797741
0.0486285134866
0.0501609164375
0.0514073237749
0.0521066857818
0.0519379200992
0.0507108956113
0.0488770229014
0.046844146418
0.0449200664826
0.0436366812326
0.0421364775103
0.0406422457915
0.0389008690528
0.0364449865871
0.0330735612083
0.0288853615154
0.0245148671018
0.0199909139991
0.0145678880224
0.00912846244629
0.00578301406146
0.00440727772014
0.00403976706623
0.00408008614389
0.00430292292485
0.00464126897611
0.00505716100987
0.00553913310052
0.00608709688261
0.00670712908483
0.00740847951656
0.00820024881255
0.00908755272381
0.0100734072707
0.0111608336123
0.0123518782765
0.013645812224
0.0150184505975
0.0164025590812
0.0177586190148
0.0190792726037
0.0203575646493
0.0215886745239
0.02276981488
0.0238998525691
0.0249789267103
0.0260079665446
0.0269880817559
0.02792025969
0.0288053609769
0.0296441572384
0.0304372618128
0.0311851398893
0.0318881922941
0.0325468138963
0.0331614166007
0.0337325460806
0.034260926178
0.0347474012478
0.0351928540306
0.0355981959633
0.0359643752016
0.0362923915389
0.0365833052247
0.0368382393136
0.0370583769078
0.0372449535134
0.0373992455319
0.0375225584776
0.037616212337
0.0376815284207
0.03771981372
0.0377323468116
0.0377203635948
0.0376850524965
0.0376275636765
0.0375490459067
0.037450582701
0.0373331733417
0.0371978120047
0.0370455170512
0.0368772685434
0.0366939618854
0.0364964159252
0.036285432651
0.0360616776804
0.0358256668918
0.0355779143033
0.0353189929907
0.0350494828659
0.0347699633286
0.0344809984593
0.0341830709424
0.0338765449729
0.0335617341928
0.0332387953735
0.0329075626771
0.0325670911139
0.0322150883851
0.0318471727674
0.0314542589262
0.0311065347352
0.030968828553
0.0311092844409
0.0315030306462
0.0321083006487
0.0328767933962
0.0337574164375
0.0347001361596
0.0356853972952
0.0367346779446
0.0378384193092
0.0389737968707
0.0401194971588
0.0412749760229
0.0424599460732
0.0437029399971
0.0450325871989
0.0464701564799
0.0480013884775
0.0495365026662
0.0509335383259
0.0520150663185
0.0525367777346
0.0522220945754
0.0509455029542
0.0491354410601
0.0471622951571
0.0452970651804
0.0440036933591
0.0425456256236
0.0411095992129
0.0394799686861
0.0372166048116
0.0341151518272
0.0302038801365
0.0260578732865
0.0219207486132
0.0171184207875
0.0116104894167
0.00741940696218
0.00529693627638
0.00453875576087
0.00442358287352
0.00457095138255
0.00486748888413
0.00526605671347
0.0057433915512
0.00629420593093
0.00692262442108
0.00763712606877
0.00844648350853
0.00935575268359
0.0103679009159
0.0114856663466
0.0127105526014
0.0140411225607
0.015452699072
0.0168793476064
0.0182813317792
0.0196496488426
0.0209760650893
0.022254776081
0.0234823216196
0.024657112398
0.0257790093233
0.0268487805044
0.0278674388621
0.0288359362469
0.0297551324469
0.0306258176088
0.0314486206703
0.0322240144902
0.03295241091
0.0336342288775
0.0342699357248
0.0348601749881
0.035405766216
0.0359076442313
0.0363667738059
0.0367841467315
0.0371607930438
0.0374977967091
0.0377963039263
0.0380575241793
0.0382827267532
0.0384732324012
0.0386304007479
0.0387556188023
0.0388502851131
0.0389157972831
0.0389535355135
0.038964847108
0.0389510311576
0.0389133299005
0.0388529371303
0.0387710415378
0.0386687614444
0.0385471522127
0.0384072803477
0.0382502284766
0.03807702218
0.0378885819862
0.0376857394586
0.0374693159726
0.0372399958655
0.0369983395106
0.0367449199312
0.0364803692236
0.0362053117939
0.0359203637467
0.035626132165
0.0353231523011
0.035011860568
0.0346926681283
0.0343658509592
0.0340313896169
0.0336885010597
0.0333351316138
0.0329671198258
0.0325757684068
0.0322293596253
0.0320874503649
0.0322164294068
0.0325930922018
0.0331766917225
0.033918806883
0.0347683189066
0.0356822333815
0.0366693468929
0.037735261794
0.0388584435037
0.0400123316376
0.0411745468342
0.0423432828846
0.0435356409598
0.0447759916967
0.0460869125727
0.0474814148454
0.0489366781707
0.0503597557343
0.0516108420032
0.0525219245302
0.0528670764062
0.0524146329949
0.0511026675415
0.0493264791747
0.047418696345
0.045615722466
0.0443148830374
0.0429011966059
0.041523769142
0.0400008513596
0.0379249044792
0.0350812051967
0.0314572280732
0.0275125005411
0.0236866668238
0.0195297925592
0.0143935271146
0.00956918634841
0.00658996732824
0.0052594800706
0.00486973032514
0.00490379539619
0.00513446742252
0.00549907171191
0.00596311321344
0.00651167812166
0.00714506723926
0.0078702440118
0.0086953112197
0.00962512627725
0.0106626054567
0.0118103077074
0.0130693521571
0.0144377239656
0.0158900531257
0.0173611113461
0.0188107264779
0.0202282979588
0.0216043267266
0.0229320280619
0.0242072812264
0.0254280529716
0.0265939190151
0.0277054626272
0.0287635679546
0.0297691502031
0.0307230745603
0.0316261531736
0.0324790317842
0.0332821909399
0.0340360518225
0.0347410525486
0.0353977255172
0.0360068437319
0.0365693403262
0.0370862514117
0.0375586324047
0.0379875645327
0.0383741696036
0.0387196259559
0.0390251758358
0.0392921245153
0.0395218360346
0.0397157241534
0.0398752382652
0.0400018529122
0.0400970504885
0.0401623088226
0.0401990851471
0.0402087995685
0.0401928180505
0.0401524394674
0.0400889015839
0.0400034287949
0.039897163485
0.0397712212858
0.0396267534509
0.0394649121579
0.0392867683762
0.0390932647375
0.038885239834
0.0386635262048
0.0384288145458
0.0381817177792
0.0379228776011
0.0376529882387
0.0373727146036
0.0370827010124
0.036783586981
0.0364759503764
0.0361602961867
0.0358371298595
0.0355068407125
0.0351695471219
0.034824620992
0.0344702412254
0.0341024559559
0.0337129231751
0.033367957436
0.0332217096533
0.0333385240436
0.0336966431544
0.0342562241654
0.0349688799147
0.0357847943002
0.0366797367323
0.0376749989773
0.038755369739
0.0398923621541
0.0410573340477
0.0422272355714
0.043399065509
0.0445872965347
0.0458121742925
0.0470904587569
0.0484274347107
0.0497926979644
0.0510915438966
0.052188242311
0.0529255648887
0.0530976207502
0.0525177664821
0.0511831718688
0.049449966919
0.0476129925382
0.0458758126615
0.044569844064
0.043202762611
0.0418845435287
0.0404635861096
0.0385691466804
0.0359727979944
0.0326392182193
0.0288902889839
0.0253092786117
0.0217176454223
0.017261114625
0.012220493935
0.00840369897186
0.00632112212695
0.00549796633088
0.00532873883961
0.00546636980363
0.00577203949426
0.00620803114165
0.00674622309382
0.0073795477203
0.00811199471161
0.00895034778794
0.00989898410022
0.0109606790422
0.0121378887701
0.0134315051433
0.0148390827871
0.0163342513178
0.0178517493507
0.0193507309542
0.0208190728453
0.022246061946
0.0236239589708
0.0249480152097
0.0262157844115
0.0274265540765
0.0285806919857
0.0296789059812
0.0307220802552
0.0317110979782
0.0326467980321
0.0335298451675
0.0343607301451
0.0351398836547
0.0358677543719
0.0365449504703
0.0371724180498
0.0377512237592
0.0382825155745
0.0387674487533
0.0392072044002
0.0396030075985
0.0399561427735
0.0402679597019
0.0405398697612
0.0407733410352
0.0409698885892
0.0411310588712
0.0412584189116
0.0413535399756
0.0414179843721
0.0414532899295
0.0414609530106
0.0414424100419
0.0413990197232
0.0413320648101
0.041242800018
0.0411323749139
0.0410019709091
0.040852840141
0.0406862084936
0.0405031903101
0.0403047466369
0.0400917172664
0.0398649353303
0.0396250787235
0.0393728266726
0.0391089023658
0.0388340643747
0.0385490121785
0.038254407732
0.0379509094723
0.0376391255516
0.0373196280072
0.0369930145552
0.0366597813035
0.0363201742973
0.0359737128647
0.0356188030076
0.0352516942482
0.0348643717616
0.0345210878444
0.0343704167708
0.0344743968787
0.0348125313637
0.035345764504
0.0360261972255
0.0368084955932
0.0376978041738
0.0387016255624
0.0397916323922
0.0409351785864
0.0421023881641
0.0432698332958
0.0444334717514
0.0456052506319
0.0468014342215
0.0480332718367
0.0492989066405
0.0505613718176
0.051725609986
0.0526617165024
0.053224172953
0.0532288080502
0.0525340031181
0.0511879266319
0.0495057011483
0.0477446442915
0.0460768409503
0.0447679217458
0.0434496659755
0.0421914249954
0.0408681479514
0.0391483460531
0.0367906760925
0.0337438319009
0.0302112333555
0.0268171286205
0.0236506510033
0.0199918140001
0.0152652404001
0.0107967043034
0.00786218332695
0.00642086332227
0.0059095387975
0.00588755652863
0.00611112421122
0.00649471611108
0.00700875629039
0.00763407990163
0.00836880256779
0.0092170992766
0.0101823238571
0.0112668491338
0.0124730416033
0.0138017044496
0.015250125921
0.0167904860861
0.0183565673787
0.0199065953976
0.0214270380692
0.0229060778622
0.0243350744704
0.0257087071459
0.0270241705388
0.0282804631098
0.0294776956328
0.0306163291949
0.0316972342017
0.0327213337279
0.0336894984653
0.0346024152813
0.0354605918562
0.0362644726019
0.0370145032941
0.0377113793967
0.0383562798218
0.0389504251641
0.0394950844985
0.0399915227975
0.0404410332798
0.040844957742
0.0412047000969
0.0415217306441
0.0417975783212
0.042033825238
0.0422320954186
0.0423940396043
0.0425213230114
0.0426156100844
0.0426785510982
0.042711767312
0.0427168340773
0.0426952614778
0.0426484715817
0.0425777944818
0.04248450915
0.0423697469033
0.0422347627492
0.0420809303793
0.0419095506598
0.041721776444
0.0415185831314
0.0413008068265
0.0410692683456
0.0408246032675
0.0405675804495
0.0402990208144
0.0400197472256
0.0397304853292
0.0394319021822
0.0391246580886
0.038809376089
0.038486697761
0.0381573127592
0.0378218160888
0.0374805689995
0.0371332297588
0.0367784264962
0.0364126054072
0.0360280567705
0.0356868420342
0.0355317512892
0.0356222800017
0.0359390295024
0.0364436430952
0.0370896848655
0.0378461084855
0.0387370131594
0.0397464855382
0.0408393327235
0.0419806483548
0.0431398486618
0.0442934712064
0.0454367001956
0.0465791507737
0.0477333126143
0.0489052730153
0.0500866584219
0.051234990333
0.0522562278107
0.0530278227298
0.0534164669085
0.0532613527368
0.0524661831366
0.05111789908
0.0494934769543
0.0478129863128
0.0462180923152
0.0449082491793
0.0436410434728
0.0424436574268
0.0412143560348
0.0396614721678
0.0375348678659
0.0347667032693
0.0314745149668
0.0282233617397
0.0253429677883
0.0224208159623
0.0184246193765
0.0137406556762
0.0100044222524
0.00778369793387
0.00675387140122
0.00644976672566
0.00654143424745
0.00685091144426
0.00731775809074
0.00792167040876
0.00865078630586
0.00950405345493
0.0104827478137
0.0115882277696
0.012822648733
0.0141868073816
0.0156778958109
0.0172660082202
0.0188828237599
0.0204853767864
0.0220588907981
0.0235906428704
0.0250711786459
0.0264946851091
0.0278580774593
0.0291600614434
0.0304004337282
0.0315793043495
0.0326975680483
0.0337562219359
0.0347561716704
0.0356981299408
0.0365826346732
0.037410155862
0.0381811174304
0.038896314274
0.0395572380968
0.0401652810112
0.0407218397028
0.0412282998446
0.0416860815127
0.0420966590692
0.0424615717879
0.0427824234429
0.0430608732192
0.0432986275063
0.0434974277129
0.043659035307
0.0437852187368
0.043877739121
0.043938337141
0.0439687191515
0.0439705410208
0.0439453887849
0.0438947515999
0.0438200114312
0.0437224660125
0.0436031915602
0.0434635283683
0.0433049971506
0.043128969106
0.0429366268167
0.0427289562865
0.0425067878478
0.0422709154222
0.0420218871626
0.0417606006148
0.0414879931721
0.0412049473248
0.0409122036602
0.0406104205371
0.0403002389218
0.0399822772464
0.0396572561301
0.0393259587021
0.0389890684407
0.0386470460702
0.0382996787946
0.0379458121535
0.0375820892339
0.0372010915418
0.0368625239986
0.0367031495378
0.0367797010502
0.0370737211231
0.0375476507546
0.0381584390715
0.0389034947909
0.0397958139914
0.0408051326842
0.0418923037258
0.043021082759
0.0441606847913
0.0452880764002
0.0463980175019
0.0474980256614
0.0485970457912
0.0496963704677
0.0507817633679
0.0518062993439
0.0526782538593
0.0532837127837
0.0535017381892
0.0531962529672
0.052316895726
0.0509739970045
0.0494131273981
0.0478172832552
0.0462986811685
0.0449897865965
0.0437758529942
0.0426402570701
0.04150182321
0.04010756739
0.0382046179729
0.0357054690351
0.0326727423011
0.0295389929548
0.026840318244
0.0244725548946
0.0213937200469
0.0170868410784
0.0127987705042
0.00973993467482
0.00800764213004
0.00725733241744
0.00710838237007
0.00730375975226
0.007703348918
0.00826425342324
0.00897439644253
0.00982457625547
0.0108119940505
0.0119356292294
0.0131970224967
0.014596910728
0.0161325239212
0.0177709936541
0.019440489236
0.0210965967702
0.0227235190279
0.0243079646809
0.0258397897729
0.0273127867709
0.0287236946843
0.030070908851
0.0313538337935
0.0325720779357
0.033726634072
0.0348186211977
0.035848976735
0.0368184431572
0.0377276120107
0.0385770039489
0.0393669979803
0.0400985011264
0.0407734198987
0.0413933269991
0.0419597497367
0.0424742079142
0.0429382657394
0.0433535492297
0.0437217503084
0.0440446215101
0.0443239648227
0.0445616210762
0.0447594569435
0.044919350217
0.0450431764531
0.0451327955993
0.0451900396182
0.0452166998863
0.0452145124564
0.0451851399179
0.0451301418882
0.0450509598929
0.0449489083302
0.0448249572501
0.0446805493636
0.0445173812203
0.0443368792259
0.0441402423062
0.0439284649171
0.0437023752053
0.0434627259151
0.0432099097464
0.0429450171463
0.0426691194038
0.0423831457494
0.0420878379038
0.0417838322206
0.041471724526
0.0411521035324
0.0408257899868
0.0404936631523
0.040156480094
0.0398147809724
0.0394684698319
0.0391166045258
0.0387560321345
0.0383796232308
0.0380445181591
0.0378811794212
0.0379433551651
0.0382133771082
0.0386551299564
0.0392378789537
0.039980094237
0.0408701606566
0.0418713938799
0.042942661944
0.0440470993152
0.0451543428808
0.0462423462452
0.0473058125988
0.0483503848473
0.0493816841628
0.0503965799316
0.0513756489107
0.0522685825589
0.0529871711449
0.0534271410693
0.0534799107463
0.0530348208245
0.0520868819842
0.0507571153811
0.0492645765728
0.0477567829597
0.0463176023788
0.0450113647227
0.0438529039499
0.042780047275
0.0417299243733
0.0404857850583
0.0387985451334
0.0365588857163
0.0337958681571
0.0308050951839
0.0282003380253
0.0261565321846
0.0239481697857
0.020498553888
0.0161729431347
0.0123893676463
0.00984023917914
0.00845567127019
0.00791297851731
0.00789794756168
0.00819513740443
0.00869434643035
0.00936734106102
0.0102004226536
0.0111886371997
0.0123257974019
0.0136118303368
0.0150470556074
0.0166287108028
0.0183198053953
0.0200433152425
0.0217531395745
0.023432743223
0.0250688137778
0.0266506790295
0.0281718332806
0.0296289516665
0.0310200680227
0.032344085232
0.0335999111809
0.0347887635325
0.0359119413935
0.0369703974206
0.0379649083918
0.0388961569423
0.0397647611857
0.0405710378822
0.0413160196704
0.0420021390768
0.0426311442481
0.0432046940054
0.0437244605437
0.0441921751484
0.0446096372967
0.0449787106105
0.0453013122821
0.0455793994892
0.0458149568371
0.0460099828507
0.0461664756731
0.0462864199705
0.0463717746378
0.0464244615546
0.046446354606
0.0464392670095
0.0464049356392
0.0463449923697
0.046260949227
0.0461541455309
0.046025381051
0.0458762207149
0.0457085616544
0.0455238551624
0.0453232998953
0.0451079002823
0.0448784954231
0.0446357877128
0.0443799139604
0.0441122591714
0.0438340354339
0.0435461931808
0.0432494606176
0.0429444427569
0.0426316599117
0.0423116382495
0.0419853379906
0.0416537353741
0.0413176389041
0.0409776430989
0.040633754262
0.0402852357167
0.0399291549199
0.0395586867371
0.0392281477633
0.0390614056272
0.0391089585227
0.0393539390447
0.0397641537013
0.0403344489704
0.0410728525021
0.0419537662007
0.0429370084989
0.0439804343215
0.0450473857613
0.0461086630975
0.0471437799987
0.0481476960072
0.0491243479189
0.0500762267522
0.0509961502188
0.051860202071
0.052615736282
0.0531791268709
0.0534564714149
0.0533515288504
0.0527789797671
0.0517764856445
0.0504682422599
0.0490478561526
0.0476307646236
0.0462737844992
0.0449717327831
0.0438708925694
0.0428616965883
0.0418977869981
0.0407953660143
0.0393149183834
0.0373258904851
0.034833899079
0.0320275009317
0.0294623436214
0.0275575747875
0.025989649561
0.0236031815615
0.019862884171
0.0157298387853
0.0123911798435
0.0102245594518
0.00910226698855
0.0087346543334
0.00884134260671
0.00924500917088
0.00986296438026
0.0106665698171
0.0116431066882
0.0127853869055
0.0140913836458
0.015560036938
0.0171880365168
0.018932862987
0.0207103523944
0.022472482091
0.0242023023437
0.0258873361286
0.0275165713102
0.0290832505356
0.0305840621828
0.0320165555051
0.0333790009242
0.0346693692224
0.0358892948973
0.0370403082006
0.0381233412586
0.0391392135794
0.0400887503984
0.0409727486536
0.0417914945729
0.042546157602
0.0432397694477
0.0438742208578
0.044451313129
0.0449728992183
0.0454409068026
0.0458573336945
0.0462242352563
0.046543708846
0.0468178779871
0.0470488785199
0.0472388451133
0.0473898977614
0.0475041294988
0.0475835954321
0.0476303030091
0.0476462029418
0.0476331790658
0.0475930359483
0.0475274753161
0.0474380884114
0.0473262732615
0.0471926129527
0.0470387976523
0.0468669132983
0.0466783897877
0.0464744133965
0.046256006286
0.0460240441943
0.0457791885105
0.045521180372
0.0452518430202
0.0449725074134
0.0446841056047
0.0443873418345
0.0440827903456
0.0437708622755
0.0434519778429
0.0431273028519
0.0427979023909
0.0424646038303
0.0421280263753
0.0417882616941
0.0414447672632
0.0410948590677
0.0407320579796
0.0404075308171
0.0402382440197
0.0402711213187
0.0404906088466
0.0408795021906
0.0414457203643
0.0421754154492
0.0430377905408
0.043991109099
0.0449931876725
0.0460085407922
0.047009885413
0.0479787829476
0.0489106472409
0.0498078001962
0.0506697668369
0.0514856895347
0.0522278689551
0.0528423354286
0.0532509654626
0.0533706830608
0.0531176584439
0.0524314327585
0.0513874204884
0.0501083800751
0.0487630947795
0.0474385841562
0.0461661454123
0.0448696114194
0.0438284430618
0.0428837604547
0.0420043041045
0.0410355779304
0.0397519333169
0.0380050275627
0.0357796126347
0.0331937405291
0.0306632620326
0.0287781294118
0.0275477232653
0.0261263498839
0.0234317379806
0.0195807069502
0.0157122960539
0.0127293639157
0.0108636457637
0.009965163931
0.00974974465886
0.00997262121562
0.0105001652221
0.0112568877417
0.012211580963
0.0133527932439
0.0146736202391
0.016171177607
0.0178426591856
0.0196394609727
0.0214681306899
0.0232783793054
0.0250531628524
0.0267821068104
0.028454062863
0.0300619038238
0.0316022541745
0.0330719210571
0.0344684374602
0.035788673131
0.0370348844753
0.0382088138195
0.039311324199
0.0403433034922
0.0413057722342
0.0421998113957
0.04302641215
0.043787269259
0.0444849345115
0.0451213217296
0.0456983980577
0.0462182340576
0.0466829900904
0.0470948946437
0.0474562222619
0.0477692727279
0.0480363529739
0.0482597625278
0.0484417805143
0.0485846532707
0.0486905833769
0.0487617205123
0.0488001538399
0.048807905465
0.0487869236191
0.048739074894
0.0486661274988
0.0485697552006
0.0484514888191
0.0483124537996
0.0481542361179
0.0479785393956
0.0477867113276
0.0475799347083
0.0473592632674
0.0471256390973
0.0468797464913
0.0466207919368
0.0463511659228
0.0460722311778
0.0457848623147
0.0454897441877
0.045187439225
0.0448782190671
0.044562341136
0.0442412733444
0.043916138489
0.0435877395373
0.0432566895352
0.042923147568
0.042586744224
0.0422450839302
0.041892115961
0.0415754346002
0.0414047995584
0.0414234450093
0.0416238088936
0.0420062582003
0.0425656362312
0.0432779766593
0.0441100434402
0.0450196583713
0.0459657736993
0.0469150561746
0.0478427722327
0.0487328485832
0.0495812061361
0.0503885686283
0.0511516433099
0.051856288957
0.0524717467864
0.0529436914623
0.0532002569632
0.0531693765072
0.0527798128289
0.0519953655784
0.0509219484054
0.0496786342476
0.0484105430298
0.0471797185143
0.0459936497359
0.0447037504411
0.0437241552998
0.0428447271744
0.0420481678299
0.0412056437632
0.0401079135709
0.0385942646785
0.0366283778324
0.0342853841071
0.0318433506767
0.0299034222378
0.0287448088509
0.0279772784065
0.0264516227616
0.0234947073524
0.0196679795586
0.0160596418324
0.0133862573085
0.0117839671891
0.0110799195565
0.010997261185
0.0113524440486
0.0120177996186
0.0129330975112
0.0140644998992
0.0153955902366
0.0169202790078
0.0186356664815
0.0204810553977
0.0223536622581
0.0242030527113
0.0260131820044
0.0277774271248
0.0294847949137
0.0311272432928
0.0327008047107
0.034201025365
0.0356247546406
0.0369699423025
0.0382381772321
0.039430449726
0.0405474651182
0.0415902317704
0.0425600290307
0.0434583614141
0.0442874146584
0.0450495142985
0.0457460669385
0.0463791285508
0.0469509204172
0.0474638057866
0.047920236695
0.0483227191394
0.04867378316
0.048975957912
0.0492317523764
0.0494436414288
0.0496140543239
0.0497453641151
0.0498398787484
0.0498998345257
0.0499273913161
0.0499246291312
0.0498935450303
0.0498360500308
0.0497539567251
0.0496489926307
0.0495228044269
0.0493774019485
0.0492141136902
0.0490339837851
0.0488382635565
0.0486281438821
0.0484047208605
0.0481690180385
0.047921898056
0.0476634838487
0.0473953751334
0.0471186867155
0.0468342428686
0.0465427407061
0.0462447744537
0.0459404803037
0.0456298934877
0.0453148733615
0.0449965215122
0.0446755762671
0.0443526219011
0.0440278689023
0.0437010810557
0.0433701877506
0.0430297104597
0.0427231317166
0.0425528846393
0.0425634336263
0.0427589809198
0.0431381941741
0.0436830192792
0.0443663852129
0.0451542059094
0.0460050858754
0.0468803044075
0.0477494873774
0.0485908563861
0.0493908113621
0.0501456976121
0.0508546096455
0.0515115927932
0.0520996410718
0.0525856690408
0.0529159043764
0.0530253212427
0.0528527805506
0.0523399274242
0.0514742431205
0.0503825756753
0.0491802491573
0.0479906053464
0.0468538103882
0.0457553677485
0.0444729909573
0.0435566592886
0.0427430689627
0.0420279205992
0.0413046820946
0.0403814120848
0.0390911501931
0.0373768756922
0.0352854662929
0.0329960893574
0.03098208003
0.0297378060175
0.029238024116
0.0286685398768
0.0269355971516
0.0238178975523
0.0201140198943
0.0167916276299
0.0144042302506
0.013033331227
0.0124880949347
0.0125562527462
0.0130501307464
0.013875373999
0.0149702923256
0.016299070178
0.0178472122871
0.0196070246728
0.021497683559
0.0234089133084
0.0252882295436
0.0271185118592
0.0289043682962
0.0306385959306
0.0323107601819
0.0339120893376
0.0354362350503
0.036880025759
0.0382440444668
0.0395276226597
0.0407306800547
0.0418540141632
0.0428989314663
0.0438670974522
0.0447604749287
0.0455814279682
0.0463324040971
0.0470156366368
0.0476336693627
0.0481891812709
0.0486849505538
0.0491237943367
0.0495085354322
0.0498419741224
0.0501268654322
0.0503659031023
0.050561709662
0.0507168289927
0.0508337194692
0.0509147485579
0.0509621897855
0.0509782212093
0.0509649247563
0.0509242857777
0.0508581909033
0.0507684169009
0.0506566252082
0.0505244144566
0.0503734328689
0.0502050418669
0.0500204459112
0.0498208772782
0.0496075308989
0.0493815269236
0.0491439394918
0.0488957881879
0.0486388864218
0.0483733132629
0.0480998356178
0.0478192629062
0.0475323537413
0.0472398161926
0.0469421145638
0.0466396447221
0.0463336855182
0.0460251524825
0.0457147262438
0.0454029634081
0.045090117219
0.0447760193083
0.0444588954308
0.0441340365319
0.043842745868
0.0436806994448
0.0436952808332
0.0438927430023
0.0442618626965
0.0447805730471
0.0454210137962
0.0461493687451
0.0469263126938
0.0477164327119
0.0484928222319
0.0492367983028
0.0499371505648
0.0505904756817
0.0511942013105
0.0517398999424
0.0522081546674
0.0525642868137
0.0527559123147
0.0527252504405
0.0524217643258
0.0518003613604
0.0508716914346
0.0497719340426
0.0486146003362
0.0475038675776
0.0464607130589
0.0454505353726
0.044176331042
0.0433246762307
0.0425772989081
0.0419420205572
0.0413316752768
0.0405712199439
0.0394931293964
0.0380220342591
0.0361820786753
0.0340921412813
0.0320720217286
0.0306619395899
0.0301066601381
0.0300685158706
0.0295012857451
0.0275799665897
0.0244524611966
0.020975858158
0.0179651071609
0.0158412681098
0.0146698551147
0.0142921186815
0.0145034760311
0.0151631861819
0.0161715193617
0.0174638350229
0.0190133017771
0.0208036731146
0.0227286834621
0.0246698486372
0.0265701723585
0.0284161821061
0.0302175615839
0.0319725328062
0.0336689653979
0.0352888536066
0.0368253574665
0.0382757473995
0.0396397273454
0.0409172718035
0.0421091474382
0.043216847407
0.0442423757662
0.0451880463063
0.0460564205339
0.0468502976854
0.0475725965595
0.0482263652583
0.0488146969072
0.0493407599636
0.0498077372038
0.05021877661
0.0505769664375
0.0508853147207
0.0511467333018
0.0513640283584
0.0515398968502
0.0516769247751
0.0517775849624
0.0518442356155
0.0518791207986
0.0518843717806
0.0518620082582
0.0518139391898
0.0517419597863
0.0516477399368
0.0515328004317
0.0513985943109
0.0512465053065
0.0510778508364
0.0508938682368
0.0506957398077
0.0504846106218
0.0502615494642
0.0500275372664
0.0497835688667
0.049530823449
0.0492699716622
0.0490018162443
0.0487272001921
0.0484469603554
0.0481619314562
0.0478731303283
0.0475816839706
0.0472878204919
0.0469922803099
0.046695786457
0.0463989858817
0.0461022751579
0.0458056801466
0.0455077481347
0.0452042107567
0.0449353876587
0.0447911789425
0.0448146785121
0.0450076527982
0.0453550434517
0.045833799967
0.0464163579885
0.0470702438579
0.0477592639296
0.0484519359368
0.0491250099136
0.0497628143665
0.0503563195507
0.0509021738485
0.0513961361746
0.0518275478574
0.0521750702484
0.0524031521755
0.0524615436962
0.0522999339587
0.0518778642929
0.0511639316316
0.0501915707697
0.0490925950507
0.0479831484662
0.0469511225359
0.0460005355103
0.0450786144117
0.043812993734
0.043027085498
0.0423460343411
0.0417889181499
0.0412854738627
0.0406763143113
0.0397978477024
0.0385605474262
0.0369675329705
0.0351014611422
0.0331671680738
0.0315907411137
0.0308135044374
0.0308599712521
0.0310853038501
0.0304508642533
0.0284508860228
0.0254687738276
0.0223097504052
0.0196349010382
0.0177836776601
0.0168062834971
0.0165926229235
0.0169712275873
0.0178071478243
0.0190074424886
0.0205189069333
0.0223067347428
0.0242447537899
0.0261986403234
0.0281099321852
0.0299744788169
0.0317891452774
0.033552077612
0.035242930886
0.0368469514724
0.0383600144339
0.0397808077304
0.0411094060017
0.0423470223795
0.0434955678943
0.0445575104547
0.0455357265942
0.0464332890187
0.0472534170742
0.0479995139256
0.0486750831049
0.0492836507859
0.0498286723384
0.050313609817
0.0507418729235
0.0511167802275
0.0514415399671
0.0517192359002
0.0519528172003
0.0521450948603
0.0522987438973
0.0524163065579
0.0525001938185
0.0525526868839
0.0525759402656
0.0525719851352
0.0525427317518
0.0524899711768
0.0524153729392
0.0523204751553
0.0522066623634
0.0520752427081
0.051927487538
0.0517646248046
0.0515877830065
0.0513980213667
0.0511963605209
0.0509837456844
0.050760996474
0.0505289810376
0.0502885301032
0.0500405122263
0.0497857331166
0.0495250338413
0.0492592532902
0.0489892303343
0.0487159013056
0.0484402694717
0.0481630956125
0.0478852557823
0.0476076338773
0.0473310997418
0.0470563140935
0.0467837055486
0.0465121973498
0.046237459902
0.045995527208
0.0458690727548
0.0458955644213
0.0460733465361
0.0463860478322
0.0468109670441
0.0473217346034
0.0478881353029
0.0484778201314
0.0490635152071
0.0496255758837
0.0501511298618
0.0506330785948
0.0510679566524
0.0514499187235
0.0517663764949
0.0519945852849
0.0520988116009
0.0520315784082
0.0517500958531
0.0512233562815
0.0504340026876
0.04943814752
0.0483467833502
0.0472874009864
0.0463334034349
0.0454736876529
0.0446393518902
0.043382495944
0.0426629963327
0.0420480666292
0.0415671412263
0.0411648390451
0.0406957863735
0.0400033470137
0.0389889462291
0.0376362467176
0.0360026668088
0.0342241978146
0.032578482603
0.0315266035978
0.0313454954804
0.0318417126553
0.0321969958295
0.0315242701927
0.0296041626652
0.0269093184541
0.0241435927395
0.0218544141948
0.0203150737148
0.019574297917
0.0195411728563
0.0200890307288
0.0211152915633
0.0225275218066
0.0242679910532
0.0261926138674
0.0281290459923
0.0300163625209
0.0318507758211
0.0336388894232
0.0353582055455
0.0369853979143
0.0385181502503
0.0399559913004
0.0412993169331
0.0425494617273
0.0437086875325
0.0447797181498
0.0457657019769
0.0466700896883
0.0474964479423
0.0482484124263
0.0489297472102
0.0495442607905
0.0500956431359
0.0505874428431
0.0510231466962
0.0514061522406
0.051739741629
0.0520270666994
0.0522711372844
0.0524748130328
0.0526408023941
0.0527716679158
0.0528698320776
0.052937580403
0.0529770641795
0.0529903048597
0.0529791985295
0.0529455191316
0.0528909212057
0.0528169399434
0.052724984846
0.0526163268169
0.0524921572896
0.052353655807
0.0522019493747
0.0520380438393
0.0518628614019
0.0516772776262
0.0514821005428
0.0512780225818
0.0510657772731
0.0508461284055
0.0506198600057
0.0503876732016
0.05015030346
0.0499084923819
0.049662986032
0.0494146173291
0.0491642811967
0.0489129306324
0.0486615291291
0.0484110691576
0.0481625631556
0.0479168627877
0.0476746897359
0.0474352715873
0.0471945554739
0.0469832253665
0.04687308609
0.0468956993571
0.0470483935395
0.0473152246314
0.0476748992602
0.0481030747265
0.0485724771778
0.0490550138117
0.049527669721
0.0499742415803
0.0503844214331
0.0507528246801
0.0510757802437
0.0513459809002
0.0515492632906
0.0516620017883
0.0516489196443
0.0514658281827
0.0510773611231
0.0504613875685
0.0496144782139
0.0486130393985
0.0475360244614
0.0465289729571
0.0456520336247
0.0448809240346
0.0441328371784
0.0428847167349
0.0422318226354
0.04168243676
0.041275386497
0.0409685196504
0.0406287863984
0.0401081344505
0.0393039410161
0.038183271706
0.0367822843938
0.0351972639339
0.033598545864
0.0323296511382
0.0318023654277
0.0321209998253
0.0329219317814
0.0333542097201
0.0327452961946
0.0310525326869
0.0287586732151
0.0264663990087
0.0246377398411
0.0234814268663
0.0230382684664
0.0232445663369
0.0240139639028
0.0252505707424
0.0268783303138
0.0287042167911
0.0305324584452
0.0323063840756
0.0340342496559
0.0357052196631
0.0372893836789
0.0387803343966
0.0401797149947
0.0414884118874
0.0427075830771
0.0438391770348
0.0448857741052
0.0458502578315
0.0467358247814
0.0475459121161
0.0482840587292
0.048953854777
0.049558984063
0.0501031499534
0.0505899060372
0.0510226377354
0.0514046273768
0.0517390561039
0.0520289923551
0.0522773819435
0.0524870362291
0.0526606222808
0.0528006611345
0.0529095333964
0.0529894852467
0.0530426309581
0.0530709551157
0.0530763171678
0.0530604561939
0.0530249944067
0.0529714406882
0.052901192973
0.0528155353446
0.0527156312975
0.0526025656992
0.0524774086727
0.052341180868
0.0521947878841
0.0520390418501
0.0518746990867
0.0517024566964
0.0515229246825
0.0513367346593
0.0511445990412
0.0509472021669
0.0507451395502
0.0505390142935
0.0503294415207
0.0501170533616
0.0499025856152
0.0496868634855
0.0494707576855
0.0492551575857
0.0490410057996
0.0488292985931
0.0486209363563
0.0484168028057
0.0482163885985
0.0480162939806
0.0478408843312
0.0477479096807
0.0477631417444
0.0478847280651
0.0480986507296
0.0483860333223
0.0487252789799
0.049092544538
0.0494642222472
0.0498215158611
0.0501514990304
0.0504462446752
0.0507019349293
0.0509146853957
0.0510759385574
0.0511703452549
0.0511739112008
0.0510523846223
0.0507652487534
0.0502843553152
0.0495960480962
0.0487096550241
0.0477133356975
0.046661434482
0.0457097483039
0.0449086760667
0.0442233832416
0.0435595559633
0.0423199633334
0.0417333587741
0.0412485153286
0.0409126154559
0.0406953569588
0.0404745116892
0.0401111560124
0.0395027682812
0.0386038569038
0.0374313110227
0.0360552213655
0.0345860684828
0.0332345444695
0.0323712101587
0.0322994961065
0.0330047413455
0.0340067626197
0.0345341147268
0.0340883868539
0.0327457026799
0.0309503319613
0.0292219683488
0.0279127767809
0.0272020434626
0.0271224533076
0.0276209162815
0.0286272263041
0.0300495082672
0.0316677748412
0.0332874158245
0.0348560107362
0.0363729914545
0.0378200817642
0.0391903781588
0.040482336162
0.0416960491331
0.0428317432614
0.0438901024557
0.0448725804746
0.0457812030021
0.0466182995949
0.0473864803685
0.0480885957399
0.0487276393823
0.0493066963472
0.0498289620599
0.0502976834463
0.0507160131221
0.0510869649069
0.051413450424
0.0516982913723
0.0519442188724
0.0521538681189
0.0523297648655
0.0524743116495
0.0525897831402
0.0526783301617
0.0527419840384
0.0527826567445
0.0528021412586
0.0528021153735
0.0527841460246
0.0527496923601
0.0527001094279
0.0526366518602
0.0525604734089
0.0524726231511
0.0523740742094
0.0522657747353
0.0521486322706
0.0520234616243
0.0518909882802
0.0517518782279
0.0516067445994
0.0514561354188
0.0513006056463
0.0511407877359
0.0509772953721
0.0508106614473
0.0506413989099
0.0504700270771
0.0502970874785
0.0501232190574
0.049949163245
0.0497756785007
0.0496035326174
0.0494335397392
0.0492665845103
0.0491035163266
0.0489452820147
0.0487916029793
0.048639970288
0.0485074240042
0.0484354348517
0.0484441318815
0.0485334894818
0.0486925302995
0.0489056119804
0.0491544382039
0.0494189531808
0.0496801795889
0.049923497903
0.0501391507041
0.0503214828314
0.0504681646513
0.05057515949
0.050632917735
0.0506253037482
0.0505284315567
0.0503095571094
0.04993209047
0.0493748174283
0.0486322320304
0.0477241655244
0.0467401964769
0.0457249780498
0.0448319733094
0.0441053574122
0.0435026226923
0.0429204406303
0.0416890330184
0.0411678539851
0.0407460847898
0.0404781528219
0.0403444090566
0.0402322493787
0.0400117325095
0.0395834033178
0.038893667842
0.0379425741214
0.0367792708783
0.0354818252948
0.0341748516701
0.0331066664694
0.0326153131991
0.0329104964446
0.033882410225
0.0350246074157
0.035674363528
0.035491518027
0.03459596722
0.0333763670123
0.0322407358993
0.031475687412
0.0312291427604
0.0315031531602
0.0322671653851
0.0334309414598
0.0347710882936
0.0361057485538
0.0373891474572
0.0386139106879
0.0397834534171
0.0408963715793
0.0419509577721
0.0429461487738
0.0438811414444
0.0447555833025
0.0455698222225
0.0463247962656
0.0470218160279
0.0476624999687
0.0482487426205
0.0487826478937
0.049266482944
0.0497026834121
0.0500938079391
0.0504424158279
0.0507509988509
0.051021984185
0.0512577407112
0.0514605827626
0.0516327674252
0.0517764778496
0.0518938040806
0.0519867344002
0.0520571569396
0.0521068613589
0.0521375354
0.0521507624765
0.0521480242271
0.0521307038397
0.0521000880139
0.0520573701756
0.0520036545752
0.051939957255
0.0518672040439
0.0517862495083
0.0516979155518
0.0516029909606
0.0515021963621
0.0513961774509
0.0512855235861
0.0511707772304
0.0510524300258
0.0509309712871
0.0508069485794
0.0506809137212
0.0505533627044
0.0504247624495
0.0502955782313
0.0501662946985
0.0500374752257
0.049909780682
0.0497838959401
0.0496605074646
0.0495403279604
0.0494241348094
0.0493127081388
0.0492070073591
0.0491069617609
0.0490110943843
0.0489284904781
0.048883149566
0.0488896093355
0.0489499157684
0.0490567179391
0.0491981138273
0.0493594732537
0.0495247821697
0.0496797949595
0.0498140458405
0.0499208900091
0.0499968875178
0.0500411570979
0.0500496092526
0.0500119791435
0.049911730001
0.0497255077336
0.049422466203
0.0489700798185
0.048353702527
0.0475754780524
0.0466628443441
0.0457000546741
0.0447298948553
0.0438983168277
0.0432444959507
0.0427206519062
0.0422169162291
0.0409932688579
0.0405360826372
0.0401754211218
0.0399717851987
0.0399150861092
0.0399014732768
0.0398095138439
0.0395446225227
0.0390491940756
0.0383097734947
0.0373571519492
0.0362486585241
0.0350648594237
0.0339484309021
0.0331564592529
0.0329731988602
0.0335340506719
0.034673779534
0.0359097444269
0.0367116464914
0.0368511616649
0.0364460763105
0.035809297357
0.0352531168873
0.0349975279217
0.0351377328781
0.0356874538419
0.0365881819784
0.0376268005305
0.0386457614929
0.0396148526491
0.040537455765
0.0414198801226
0.0422637990197
0.0430687261307
0.0438336394569
0.0445572683431
0.0452384498344
0.045876489276
0.0464712109348
0.047022826154
0.047531865333
0.0479991582885
0.0484257973764
0.048813107926
0.0491626535194
0.0494762007834
0.0497556137534
0.0500027730325
0.0502195512642
0.0504078073266
0.0505693904827
0.0507061383799
0.0508198552227
0.0509122860204
0.0509851037885
0.0510399091198
0.0510782291295
0.0511015097491
0.0511111101418
0.0511083039416
0.0510942813039
0.0510701493127
0.0510369343857
0.0509955862626
0.0509469794737
0.0508919124541
0.0508311196754
0.0507652996976
0.0506951230252
0.050621212471
0.0505441336545
0.0504644040887
0.0503825013991
0.0502988635849
0.0502139210393
0.050128144354
0.0500420230267
0.049956019797
0.0498705755461
0.049786128222
0.0497031321979
0.0496221033717
0.0495436439274
0.0494683971178
0.0493970164398
0.0493301718514
0.0492685852859
0.0492130006654
0.0491643839143
0.0491228702292
0.0490881076426
0.0490611430536
0.0490483479052
0.0490587190582
0.0490960582969
0.0491567053538
0.0492326821852
0.0493132016447
0.0493864424164
0.0494429338516
0.0494763270496
0.0494830398712
0.0494617962628
0.0494131211399
0.0493329783561
0.0492106592431
0.0490295792997
0.0487672757592
0.0483950978469
0.0478846139102
0.0472272643611
0.0464320025627
0.0455308257426
0.0445986987077
0.0436800841987
0.0429119487383
0.0423289527845
0.0418799658516
0.0414509408454
0.0402346071347
0.0398394073866
0.0395373714441
0.039393857033
0.0394072883564
0.0394819844313
0.0395044902015
0.0393859727772
0.039068056882
0.0385275834495
0.0377794935162
0.0368648394075
0.0358409682722
0.0347916532257
0.0338703043938
0.0333173799551
0.0333625001339
0.0340864754047
0.0352987989944
0.036583839106
0.0375492995382
0.0380274156778
0.0381020346222
0.0379921361624
0.0379250845557
0.0380612920503
0.0384715578436
0.0391428892969
0.0399028038482
0.0406344134592
0.0413184658416
0.041963469358
0.0425790107759
0.0431695883111
0.0437365461021
0.0442798317954
0.0447985030348
0.0452912090809
0.0457567127482
0.0461941038671
0.0466027617426
0.0469823229929
0.0473326975041
0.047654069571
0.0479468943254
0.0482119150447
0.0484501349472
0.0486627215781
0.0488509258179
0.0490160449184
0.0491594087866
0.0492823855338
0.0493863788123
0.049472797934
0.0495430246346
0.0495983975565
0.0496402119434
0.0496697169042
0.0496881031698
0.0496964943021
0.0496959471027
0.049687452545
0.0496719344933
0.0496502512708
0.0496231991927
0.0495915135221
0.0495558677866
0.0495168816091
0.0494751403993
0.0494312060475
0.0493856083181
0.0493388366397
0.0492913431537
0.0492435483783
0.0491958432928
0.0491486095972
0.0491022547812
0.0490572101298
0.0490139033961
0.0489727548683
0.0489341877461
0.0488986425598
0.0488666095742
0.0488386540669
0.0488153951617
0.0487974791821
0.0487855731722
0.0487803895022
0.0487826745503
0.0487934118945
0.0488129449606
0.0488420977026
0.0488742691302
0.048898972602
0.0489197873549
0.0489417234101
0.0489645099568
0.0489839939355
0.0489932324451
0.0489846243249
0.0489534161619
0.0488972691288
0.0488155631306
0.0487090923525
0.0485797087431
0.0484235199914
0.0482296248739
0.0479817033361
0.0476584760775
0.0472336958007
0.0466829486063
0.0460031265845
0.0452087918338
0.0443336814831
0.0434416114229
0.0425799236811
0.0418765605146
0.0413620728547
0.0409835745742
0.0406250389656
0.0394156140138
0.0390798320613
0.0388334236737
0.0387453602082
0.0388215392975
0.0389740793881
0.0390970752667
0.0391077273334
0.0389491394399
0.0385920757954
0.0380386532119
0.0373160189064
0.0364662682669
0.0355447004669
0.0346362332638
0.0338934913864
0.0335268917903
0.0337161268843
0.0344961081551
0.03568952506
0.0369792290686
0.0380725426046
0.0388350602962
0.0393036729354
0.0396132803095
0.039907593507
0.0402880595699
0.0407913464068
0.0413397879844
0.0418455957613
0.042303708062
0.0427245438728
0.0431202762608
0.043498305572
0.0438621149558
0.0442131398064
0.0445514161528
0.0448761151391
0.0451861561221
0.0454805084428
0.045758223899
0.0460184703577
0.0462606064951
0.046484222248
0.0466891615644
0.0468755578701
0.0470438091282
0.0471944905399
0.0473282895736
0.0474459754353
0.047548386489
0.0476364415463
0.0477111346383
0.0477734934558
0.0478245397233
0.0478652754468
0.0478966872785
0.047919743734
0.0479353776144
0.0479444741105
0.0479478717796
0.0479463632374
0.0479406923854
0.0479315553064
0.0479196030277
0.0479054407148
0.0478896262562
0.0478726763262
0.0478550803787
0.0478373104914
0.0478198186727
0.0478030309405
0.0477873473514
0.0477731453707
0.0477607823709
0.0477506078795
0.0477429862497
0.0477383043611
0.0477369607978
0.0477393616091
0.047745924964
0.047757090173
0.047773339206
0.0477952188549
0.0478233355219
0.0478583380921
0.0479009071684
0.0479517694061
0.0480116957904
0.048081693466
0.0481622995698
0.0482555050972
0.048347804763
0.0484133375732
0.0484505070742
0.0484650360074
0.0484595163007
0.0484333415379
0.0483832369916
0.0483056903802
0.0482004563004
0.0480689766048
0.0479133970646
0.0477364146312
0.0475410741569
0.0473236933063
0.047073405143
0.0467744234475
0.046406879201
0.0459470509365
0.0453743583778
0.0446903422844
0.0439136891559
0.0430775767332
0.0422344373327
0.0414342611212
0.0407963651165
0.0403477061941
0.0400350231329
0.0397423252741
0.0385395086799
0.0382600409762
0.0380657640232
0.038028012892
0.038159107132
0.0383787279752
0.0385882549078
0.0387108922031
0.0386925929383
0.0385010547201
0.0381288422033
0.0375914477572
0.0369189108357
0.036150689336
0.0353382529239
0.0345647320721
0.0339719701015
0.0337345694144
0.0339820043372
0.034723621246
0.0358212430567
0.0370426470258
0.0381728965406
0.0390968231658
0.0398088804542
0.0403684029098
0.0408491346924
0.041294931005
0.0417085486377
0.0420833234864
0.0424009019675
0.0426768601309
0.0429242295031
0.0431530587988
0.0433694199852
0.0435767712717
0.0437767128074
0.0439696231748
0.0441552832439
0.0443332087756
0.0445027352341
0.0446631287514
0.0448137177239
0.0449539539109
0.0450834563372
0.0452020660412
0.0453098282553
0.0454069220723
0.0454936299207
0.0455703251942
0.0456374653669
0.0456956126531
0.0457454230418
0.045787592154
0.0458228159697
0.0458517867621
0.0458752074645
0.0458937886443
0.0459082227724
0.0459191699127
0.0459272629276
0.045933109885
0.0459372898384
0.0459403530381
0.0459428225487
0.0459451899212
0.045947912702
0.0459514228583
0.0459561375116
0.045962464808
0.0459708023432
0.045981532981
0.045995024035
0.0460116293827
0.0460316918815
0.0460555502509
0.0460835489145
0.046116051782
0.0461534450923
0.0461961357582
0.0462445520585
0.0462991478768
0.0463604158148
0.0464289045407
0.0465052223321
0.0465900292713
0.0466840277524
0.0467879701018
0.0469026612498
0.0470291305322
0.0471680767419
0.0473225728233
0.0474732475023
0.0475808979551
0.047639063052
0.0476538859555
0.047630218173
0.047570568618
0.0474749794934
0.0473437058777
0.0471806081058
0.0469905229148
0.0467780481214
0.046547532589
0.0463030247998
0.0460410969005
0.0457511210119
0.0454180738525
0.0450236619371
0.0445467288031
0.0439702369366
0.0432994207897
0.0425554675336
0.0417694677331
0.0409832907027
0.0402484443116
0.0396760838197
0.0392902079051
0.0390383970801
0.0388065157071
0.0376101700408
0.0373834213422
0.0372373180669
0.0372443227153
0.0374221079127
0.0376977428896
0.0379797792716
0.038197293388
0.0382998150789
0.0382542035636
0.0380465454999
0.037683156192
0.0371840815734
0.0365776303203
0.0358986928727
0.0351940954479
0.0345424899737
0.0340673713748
0.0339020169726
0.0341351581727
0.0347669221726
0.0356957666078
0.0367596391106
0.0378036943959
0.0387272951699
0.0394920671783
0.0401039637964
0.0405742391345
0.0409484068594
0.0412728405871
0.0415502967452
0.0417701300522
0.0419508657318
0.0421048914723
0.0422406692663
0.0423640777608
0.0424787155798
0.0425866474824
0.0426890117319
0.0427864268686
0.0428790880474
0.0429669132963
0.0430497047149
0.043127214692
0.0431992204469
0.0432655915074
0.0433263108982
0.0433814222933
0.0434310366515
0.0434753320791
0.0435145535796
0.0435490427036
0.0435792235668
0.0436055427391
0.0436284421672
0.0436483711022
0.0436658113809
0.0436812695137
0.0436952380256
0.043708183061
0.0437205623725
0.0437328312
0.0437454344469
0.0437588054989
0.0437733665073
0.0437895170345
0.0438076326385
0.0438280859892
0.0438512521454
0.0438775051012
0.0439072141276
0.0439407414595
0.0439784425503
0.0440206681746
0.044067766868
0.0441200879334
0.044177972468
0.0442417840941
0.0443119219431
0.0443888171509
0.0444729289725
0.0445647455918
0.0446647919848
0.0447736427443
0.0448919292237
0.0450203384354
0.0451596069187
0.0453105248053
0.0454739399193
0.0456509050134
0.0458422464227
0.0460519695175
0.0462561277147
0.046404603392
0.0464868635645
0.0465087769642
0.0464771374408
0.046396947676
0.0462710531282
0.046102957513
0.0459000128676
0.0456698987458
0.0454192332098
0.0451536905877
0.0448780902216
0.0445892890482
0.0442770843508
0.0439274071009
0.0435236462361
0.0430471695052
0.0424840961656
0.0418422946725
0.0411438802536
0.0404172971796
0.0396949595748
0.039028337087
0.0385209143394
0.0381944165702
0.0379983105055
0.0378219226983
0.0366321242378
0.0364540655831
0.0363517712528
0.0363976291325
0.0366135841036
0.0369339253826
0.0372743682809
0.0375697399181
0.0377734791601
0.0378531104631
0.0377908128865
0.0375862119769
0.0372513470366
0.0368057063421
0.0362738353513
0.035685472009
0.0350831172699
0.0345379027912
0.034147533384
0.0340077201214
0.0341770341935
0.0346501467164
0.0353561829786
0.0361863936333
0.0370298333742
0.0377996635433
0.0384443499047
0.0389293804924
0.0392991814928
0.0396176127829
0.0398983482808
0.0401326710732
0.0403148216226
0.04045647571
0.0405709020764
0.0406655877377
0.0407453637034
0.0408139610799
0.0408742865462
0.0409283523326
0.0409774183958
0.0410222866085
0.0410634708969
0.0411012710604
0.0411358830056
0.0411674676284
0.0411962321921
0.0412223477418
0.0412459813375
0.0412673043092
0.0412865138397
0.0413038581281
0.0413196499055
0.0413341998157
0.0413478024456
0.0413607637466
0.041373431572
0.0413861796712
0.0413993488616
0.0414132512949
0.0414282181867
0.0414446025083
0.0414627591696
0.0414830424948
0.0415058065244
0.0415313755873
0.0415600579478
0.0415922088182
0.0416281986504
0.0416683940934
0.0417131565847
0.0417628452722
0.0418178201188
0.0418784446487
0.0419450884325
0.0420181269274
0.0420978843467
0.0421847491153
0.0422791663212
0.0423816168596
0.0424926103403
0.0426126866647
0.0427424225004
0.0428824410966
0.0430334200498
0.0431960938915
0.0433712511547
0.0435597368226
0.0437624561197
0.0439804957712
0.0442147845673
0.0444700799654
0.0447193530413
0.0449042219211
0.0450115605651
0.0450462456854
0.0450161743173
0.0449283075309
0.0447876974169
0.0446004039138
0.044376462329
0.0441256954262
0.0438562090487
0.04357461931
0.0432862563857
0.0429882841156
0.0426710926997
0.0423217211534
0.0419252919325
0.0414655836842
0.0409314180623
0.0403322141174
0.0396897219744
0.0390302529095
0.0383769762171
0.0377802678425
0.037336470763
0.0370656121527
0.0369198754179
0.0367934321186
0.0356105105959
0.0354767507451
0.0354135651577
0.0354921199859
0.0357375524845
0.0360911740141
0.0364758993635
0.0368322310559
0.0371176450345
0.0373012792235
0.037363371987
0.0372990779752
0.0371144146418
0.0368218812969
0.0364383309525
0.0359839482904
0.035484019586
0.0349768804221
0.034520796236
0.0341879578919
0.0340437342866
0.0341236317667
0.0344197111499
0.0348843977654
0.0354451010654
0.0360226918498
0.0365494681748
0.0369658565054
0.0372937451188
0.0375841096015
0.0378517110375
0.0380911182874
0.038292739984
0.0384572302026
0.038585227668
0.0386842933269
0.0387610993174
0.0388212038909
0.0388695256694
0.0389086950139
0.0389404010143
0.0389661407969
0.0389870797764
0.0390041291519
0.0390180526765
0.039029629552
0.0390393906156
0.0390476894883
0.0390548268645
0.0390610669135
0.0390666721848
0.0390719119427
0.0390771262743
0.0390826145535
0.039088627101
0.0390954145168
0.0391032591928
0.0391124676251
0.0391232535766
0.0391358090246
0.039150412144
0.039167378886
0.0391870191708
0.0392096432604
0.0392355670401
0.0392650303594
0.039298284554
0.0393357575471
0.0393778409857
0.0394248987277
0.0394772887565
0.0395353736736
0.039599525268
0.0396701268544
0.0397475753902
0.039832280046
0.0399244541773
0.0400245907997
0.0401332194329
0.0402508816256
0.040378142277
0.0405155990262
0.0406638894995
0.0408236990467
0.0409957676417
0.0411808938427
0.0413799340769
0.0415938044706
0.0418234834221
0.0420701083699
0.042334685606
0.0426225481294
0.0429052280235
0.0431196238172
0.0432501795722
0.043301089186
0.0432807132755
0.0431970725002
0.0430566364184
0.0428672097949
0.0426405974733
0.0423879694013
0.0421183358075
0.0418388417886
0.0415550589938
0.041264474905
0.0409582187052
0.0406245521065
0.040250330281
0.0398215722265
0.0393293229073
0.0387835638451
0.0382048668884
0.0376188999939
0.0370373985822
0.0365108777771
0.0361286993598
0.0359094573165
0.0358086523069
0.0357264600221
0.0345510242495
0.0344568927894
0.0344278664472
0.0345328178944
0.0347990158352
0.0351745462387
0.0355895499264
0.0359901624667
0.0363379346295
0.0366041946328
0.0367686576075
0.0368238009027
0.0367714358079
0.0366187773936
0.0363767396637
0.0360589480463
0.0356816309312
0.0352664317982
0.034845240474
0.0344625713214
0.0341690561422
0.0340066690209
0.0339949365853
0.0341263120491
0.0343689878888
0.034674482705
0.0349899523127
0.0352592389496
0.0354837562037
0.0356930203409
0.0358963965801
0.0360900802282
0.03626739022
0.0364240834312
0.036555423923
0.0366621562693
0.0367475935551
0.0368152533781
0.0368663313014
0.036903780931
0.0369307185644
0.0369495172535
0.0369616654001
0.0369685900766
0.0369716369578
0.0369724611846
0.036971357285
0.0369686429306
0.0369647593314
0.0369601693561
0.0369552918089
0.0369507123853
0.0369468507856
0.0369439900225
0.0369423589418
0.0369421948194
0.0369437677421
0.0369473837863
0.0369530740772
0.0369609451732
0.0369713603558
0.0369846505837
0.0370010979902
0.0370209853545
0.0370446091329
0.0370722711081
0.0371042781068
0.0371409380651
0.0371825701373
0.0372295062086
0.0372820921133
0.0373406886446
0.0374056732971
0.0374774414792
0.0375564084868
0.0376430131531
0.0377377247854
0.0378410327532
0.0379534601074
0.0380755693333
0.0382079641304
0.0383512915312
0.0385062456166
0.0386735729433
0.0388540782009
0.0390486284247
0.0392581537961
0.0394836495918
0.0397261777319
0.0399869424325
0.0402670397113
0.0405721153964
0.0408740508202
0.0411081582846
0.0412579110212
0.0413265860139
0.041322109614
0.0412525750275
0.0411251506578
0.0409485999387
0.0407355550484
0.0404977205414
0.0402444124858
0.0399828962196
0.0397187296711
0.0394497378911
0.039167908187
0.0388627982996
0.0385229503464
0.0381364180858
0.037696018386
0.0372115371291
0.0367019495158
0.0361933138253
0.0356841565431
0.0352269437532
0.0349037960443
0.034731925854
0.0346705812916
0.0346268877686
0.0334598344521
0.0334004743694
0.0334005064142
0.0335255330888
0.0338039337406
0.0341902652776
0.0346218734692
0.035050485102
0.0354417210575
0.0357694476871
0.0360138469297
0.0361660661358
0.0362252199829
0.0361947773596
0.0360812086211
0.0358932821037
0.035641435258
0.035338323217
0.0350015330655
0.0346561043953
0.0343342859361
0.0340696817431
0.0338877362357
0.0337991992671
0.0337981666572
0.0338635236703
0.0339650511562
0.0340636772763
0.034151332986
0.0342420034408
0.0343405243182
0.034444754726
0.0345499132079
0.0346514544638
0.0347446839728
0.0348264683889
0.0348961017434
0.0349539244615
0.0349992440371
0.0350329518617
0.035056846028
0.0350726853772
0.0350820187149
0.0350860683579
0.0350856143796
0.0350803203702
0.0350714786509
0.0350600379647
0.0350468087815
0.0350325519364
0.0350178395158
0.0350040065483
0.0349910925901
0.0349791903252
0.0349685516894
0.034959517702
0.0349525580181
0.0349479946543
0.0349459279404
0.034946418137
0.034949774535
0.0349562610328
0.0349661023583
0.034979549034
0.0349968781676
0.0350184275461
0.0350445376179
0.0350754221037
0.0351113348461
0.0351525707317
0.0351994526555
0.0352523254939
0.0353115558173
0.0353775319098
0.0354506657733
0.0355314000363
0.0356203871483
0.0357181000177
0.035825041122
0.0359417718244
0.0360689079558
0.0362071166431
0.0363571177741
0.0365196883967
0.0366956678004
0.0368859618955
0.0370915453638
0.0373134645792
0.0375528397153
0.0378109240136
0.0380889271697
0.0383924902052
0.0386974455194
0.0389409078504
0.0391052814633
0.0391922517758
0.0392073403695
0.039158530241
0.0390535616468
0.0389014136676
0.0387145944603
0.0385045778684
0.0382804364474
0.0380491949347
0.0378161811123
0.0375795686788
0.0373322877827
0.0370652213358
0.0367685161567
0.0364320408436
0.0360500007128
0.0356315339546
0.0351936117688
0.034761186875
0.034324681974
0.0339353091025
0.0336681287403
0.0335392133796
0.0335118921816
0.0335009746647
0.0323434784618
0.0323139456287
0.0323378900399
0.0324767806189
0.0327591492444
0.0331456673808
0.0335807955347
0.0340217786905
0.034438267702
0.0348068714632
0.0351089229153
0.035335202423
0.0354832872469
0.0355541864217
0.0355512313742
0.0354796431211
0.0353457881967
0.0351566668569
0.0349218427754
0.0346550413728
0.0343748682031
0.03410338106
0.0338619114601
0.033666019096
0.0335220666983
0.0334260110078
0.0333652501044
0.0333180492133
0.0332764785377
0.0332472399775
0.0332330058152
0.0332328026191
0.0332436668954
0.0332624265847
0.0332857416636
0.0333105426806
0.0333344075523
0.0333555296797
0.0333724131456
0.0333842733207
0.0333910148972
0.0333929772425
0.0333909736834
0.0333854809366
0.0333768419443
0.0333644624801
0.0333490609705
0.0333315001125
0.0333125226506
0.0332927321924
0.0332725164756
0.0332510847737
0.0332291840042
0.0332075368773
0.0331867222865
0.0331673720741
0.0331504296036
0.0331358845164
0.0331239710588
0.0331150407003
0.0331092392286
0.0331066109693
0.0331073518351
0.0331117082333
0.033119947491
0.0331323346158
0.0331491491814
0.033170656261
0.0331971155929
0.0332288034192
0.0332660169201
0.0333090757163
0.0333583237183
0.0334141280242
0.0334768813457
0.0335470059828
0.0336249965736
0.0337113607138
0.0338066240422
0.0339113472592
0.0340261350032
0.0341516402174
0.0342885686625
0.0344376843069
0.0345998144213
0.0347758539459
0.0349667685594
0.0351735986373
0.0353974630813
0.0356396032771
0.0359012997796
0.0361877593286
0.0364778685404
0.0367150710701
0.0368826208635
0.0369800581636
0.037012666655
0.0369871596316
0.036909951255
0.0367892062249
0.0366365162463
0.0364625370436
0.0362756893769
0.0360824813027
0.0358878440139
0.0356902999987
0.0354837612551
0.0352604161201
0.0350119033874
0.0347296834666
0.0344090522035
0.0340582832233
0.0336918200971
0.0333316505068
0.032966700115
0.0326428697241
0.0324281200007
0.0323376209801
0.032338992475
0.032355248132
0.0312087318197
0.0312040985944
0.031246874719
0.0313936613595
0.0316722698789
0.0320490873
0.0324755227626
0.0329142148217
0.0333387600257
0.0337286109844
0.0340667181534
0.0343441595817
0.0345578113042
0.0347072209514
0.0347936603894
0.0348198873904
0.0347894049348
0.0347053691564
0.0345723006829
0.0343972151481
0.0341901222712
0.0339637902103
0.0337327575899
0.0335107255931
0.0333075944077
0.0331273805251
0.0329681267461
0.0328204409544
0.0326817197978
0.0325574409848
0.032449772219
0.0323581443591
0.032281034349
0.0322167357063
0.0321633371887
0.0321188942708
0.0320814956744
0.032049061953
0.0320198219209
0.031992403478
0.0319658219909
0.0319394495026
0.0319129904182
0.0318863287988
0.0318593654416
0.031831807352
0.0318036336988
0.0317751215737
0.0317465782739
0.0317182545668
0.031690380027
0.0316619698117
0.0316333586028
0.0316051160117
0.0315777315048
0.0315513589885
0.0315255439603
0.0315008652752
0.0314780171182
0.0314579577318
0.0314412615856
0.031427901343
0.0314177503597
0.0314111323443
0.0314083282503
0.0314095687903
0.0314150962835
0.0314251581602
0.0314399951948
0.0314598615783
0.0314850271242
0.0315157826248
0.0315524431998
0.0315953453879
0.0316448516847
0.0317013542866
0.0317652934679
0.0318371385946
0.0319173883565
0.0320065767178
0.0321052771451
0.0322141069482
0.0323337333579
0.0324648800329
0.0326083321336
0.0327649403117
0.0329356242445
0.0331213773442
0.0333232726999
0.0335425030255
0.0337803004686
0.0340413090327
0.0343056480533
0.0345243266535
0.0346822454605
0.0347797619326
0.0348224942863
0.0348159567662
0.0347649212658
0.0346761071373
0.0345594492447
0.0344241549314
0.0342775321109
0.0341252693611
0.0339717348499
0.0338157608569
0.0336522194637
0.0334745297414
0.0332756813965
0.0330485052355
0.0327891793215
0.0325049568918
0.0322072696154
0.0319151542276
0.0316182869574
0.0313564522666
0.0311900982605
0.0311334164119
0.031158334457
0.0311963722702
0.0300624569697
0.030077916851
0.0301346200248
0.0302837078077
0.0305515036447
0.0309096826085
0.0313163645983
0.0317393988452
0.0321561916699
0.0325490531823
0.0329028524748
0.0332094052
0.0334654563755
0.0336698162932
0.0338225313866
0.033924766588
0.033978100087
0.0339830962513
0.0339409346755
0.0338543595813
0.0337279525359
0.0335680639644
0.0333832735899
0.0331833493988
0.0329771682721
0.0327710408437
0.0325679826573
0.0323656528398
0.032168000172
0.0319825073922
0.0318117111064
0.0316556254837
0.0315135593342
0.0313847164273
0.0312681709507
0.0311628430866
0.0310675349167
0.0309809604813
0.0309018633344
0.0308290906852
0.030761620279
0.0306985870585
0.0306393022488
0.0305833320485
0.0305302039636
0.0304794827627
0.030430854282
0.0303841333812
0.0303392356836
0.0302961162596
0.030254846242
0.0302151503679
0.030176917187
0.0301401913318
0.030105093367
0.0300714891339
0.0300386025731
0.0300067803873
0.0299765512576
0.0299479914882
0.0299211914852
0.0298967903484
0.029875351061
0.029857572168
0.0298434681161
0.0298331537549
0.0298268987127
0.0298249424945
0.0298275048855
0.0298348220579
0.0298471404001
0.0298647225057
0.0298878532819
0.0299168342956
0.0299519930368
0.0299936856483
0.0300422982523
0.0300982482029
0.0301619882042
0.0302340070656
0.0303148290242
0.0304050166389
0.0305051777219
0.0306159725502
0.0307381182257
0.0308723915777
0.0310196326034
0.0311807495222
0.0313567267824
0.031548665418
0.0317577040405
0.0319878525446
0.0322218570149
0.032417764092
0.0325619852054
0.0326555490907
0.0327028628972
0.032709050926
0.0326786248573
0.0326172919651
0.0325332958922
0.032434195857
0.0323259464094
0.0322131825778
0.0320995407885
0.0319840433083
0.0318624118711
0.0317291630805
0.0315784718274
0.0314043293902
0.0312036554908
0.0309824128484
0.0307489925796
0.0305202292293
0.0302868210303
0.0300825153801
0.0299601244712
0.0299326792357
0.0299762645204
0.0300309970416
0.0289114335516
0.0289424033662
0.0290084111442
0.0291546972174
0.0294054526148
0.0297372003652
0.0301144725411
0.0305100925645
0.0309050899402
0.0312845680402
0.0316354797108
0.0319506444533
0.0322270365547
0.0324632158116
0.0326586013715
0.0328134203659
0.0329280609874
0.0330014713452
0.0330326894116
0.0330217204263
0.0329696508154
0.0328785231836
0.0327525039387
0.0325975775094
0.032420062113
0.0322256571537
0.0320186342828
0.0317998603658
0.0315788181909
0.0313651131384
0.0311620578098
0.0309703297507
0.0307899148906
0.0306206666057
0.0304623261382
0.0303144929003
0.0301766367046
0.0300481266747
0.0299282793567
0.0298163961996
0.0297117832992
0.0296137747034
0.0295217582781
0.0294352039562
0.0293536434809
0.0292766663674
0.0292039147485
0.0291350784126
0.0290698993242
0.0290081591509
0.0289497046828
0.0288943741402
0.0288420151099
0.0287924914468
0.0287456927275
0.0287013846204
0.0286592648595
0.0286193339661
0.0285816772448
0.0285459991539
0.0285120218648
0.0284801318235
0.0284507338724
0.0284236364956
0.0283992408361
0.0283781106754
0.0283608872481
0.028347645433
0.0283385634126
0.0283338871957
0.0283338502336
0.0283386955794
0.0283486855693
0.0283640891291
0.0283851991346
0.0284123347848
0.0284458341402
0.0284860619442
0.0285334188596
0.0285883394359
0.0286512879523
0.0287227607791
0.0288032945729
0.0288934736754
0.0289939324435
0.0291053560727
0.0292284833899
0.0293641117817
0.0295131091846
0.029676437546
0.0298551007738
0.0300524493406
0.0302523337315
0.0304218290135
0.030550152849
0.0306369307354
0.0306857582418
0.0307010643286
0.0306867844844
0.0306479213589
0.0305914097278
0.0305234487915
0.0304488500309
0.0303712903022
0.0302937073428
0.0302151750796
0.0301320893624
0.0300399073746
0.0299338105972
0.0298087718987
0.0296622972675
0.0294985987821
0.0293242730819
0.0291538308339
0.0289786237876
0.0288268332731
0.0287437784448
0.028741128318
0.0287988591261
0.0288655921667
0.0277621750248
0.027804390567
0.0278754598774
0.028014436127
0.0282428688756
0.0285416923704
0.0288815062201
0.0292398296822
0.0296010875877
0.0299530465132
0.030284792736
0.0305902752292
0.0308668914167
0.0311132364784
0.0313284911766
0.031512389698
0.0316646853507
0.0317834616137
0.0318665635909
0.0319124728825
0.0319201488676
0.0318888445456
0.0318199031959
0.0317163031257
0.0315816040838
0.0314201738561
0.0312354974015
0.0310289927325
0.0308121913718
0.0305968241302
0.0303872782853
0.0301848820032
0.029990163885
0.0298034529695
0.0296249511366
0.0294547297544
0.0292927432965
0.029138847819
0.0289928235753
0.0288543941498
0.0287232385827
0.0285990055561
0.0284813316134
0.0283698593525
0.0282642510509
0.0281641977658
0.0280694152763
0.0279796362412
0.0278946113788
0.0278141099185
0.0277379333881
0.0276659143614
0.0275978998972
0.0275337345586
0.0274732623173
0.0274163570113
0.0273629432769
0.0273127110573
0.0272655282357
0.0272212834304
0.0271798378485
0.0271411838863
0.0271052110462
0.0270714824317
0.0270402643162
0.0270117157532
0.0269857717976
0.0269628193853
0.026943577967
0.026928409479
0.0269174443581
0.0269109268421
0.0269091052176
0.026912221512
0.0269205439056
0.0269343628075
0.0269539738628
0.0269796931246
0.0270118721769
0.0270508921974
0.0270971560507
0.0271510917486
0.0272131631371
0.0272838769338
0.027363781421
0.0274534648004
0.0275535574735
0.0276647365854
0.0277877368358
0.0279233576046
0.0280724528081
0.0282378076784
0.0284064373016
0.0285492068445
0.0286583880729
0.028734407897
0.0287817908587
0.0288033198752
0.0288016751679
0.0287811867899
0.0287475951296
0.0287058370102
0.0286598485443
0.0286126230037
0.0285663511452
0.028520259971
0.0284713175323
0.0284157858441
0.0283496808092
0.0282688139482
0.0281709558223
0.0280583033816
0.0279394102898
0.027821511353
0.0276987368659
0.027594243335
0.0275459584484
0.0275639493481
0.0276317555451
0.0277062714364
0.0266207375284
0.026670337983
0.0267426883857
0.0268705218523
0.0270723794928
0.0273331878765
0.0276292392269
0.0279424429761
0.028260364077
0.0285732528319
0.0288722819985
0.0291525336647
0.0294118883498
0.0296490761392
0.0298632620488
0.0300539112951
0.030220608448
0.0303611037246
0.0304728898953
0.0305543279966
0.0306031257669
0.0306167445494
0.0305961089961
0.030541167405
0.0304525174081
0.030332060909
0.0301820000219
0.0300032085449
0.0298075113421
0.0296086107514
0.029411384321
0.0292174135275
0.0290274898257
0.0288422122055
0.0286620647019
0.0284874183937
0.0283185434983
0.0281556220563
0.0279987598951
0.0278479970961
0.0277033156184
0.0275646476293
0.0274318864524
0.0273048984812
0.0271835356621
0.0270676461485
0.0269570770946
0.0268516727627
0.0267512756119
0.0266557289949
0.0265648854019
0.0264786140955
0.0263967954773
0.0263193088955
0.02624603164
0.0261769607047
0.0261120702573
0.0260511706557
0.0259940874208
0.0259406245356
0.0258906047344
0.0258439350339
0.0258005346878
0.0257602539857
0.0257230470246
0.0256887186692
0.0256568857662
0.0256277867452
0.0256014056908
0.0255779213512
0.0255578008652
0.0255417462312
0.0255299073773
0.0255224609727
0.0255196926386
0.0255218803724
0.0255292831389
0.0255421738168
0.0255608651888
0.0255856965429
0.0256170165474
0.0256551895265
0.0257006111589
0.0257537167377
0.0258149746642
0.0258848821464
0.0259639677548
0.0260527956109
0.0261519722659
0.0262621570419
0.026384050427
0.0265199322665
0.0266609862169
0.0267821277018
0.0268772529388
0.026946578762
0.0269921686292
0.0270168322711
0.0270233303396
0.0270175974238
0.0270031117718
0.0269830392183
0.0269610515034
0.0269396175068
0.0269202141801
0.0269021660989
0.0268829566602
0.0268595522687
0.0268286317443
0.0267866823785
0.0267312209056
0.0266633224302
0.0265978005777
0.0265266182615
0.0264506579344
0.0263885080257
0.0263707470158
0.0264056470158
0.026479988655
0.0265586146541
0.0254925279332
0.0255461239792
0.0256165022561
0.0257300882014
0.0259021893306
0.0261213352864
0.0263691208601
0.026631526916
0.0268989893494
0.0271640311198
0.0274197837536
0.027662342737
0.0278900485504
0.0281017279873
0.0282967288895
0.0284745711582
0.0286350017951
0.0287761164605
0.028895823977
0.0289937541557
0.0290664036554
0.0291100825999
0.0291228196454
0.0291037913508
0.029052743377
0.0289692947104
0.0288542963963
0.0287078837107
0.0285424736948
0.0283711834933
0.0281985651746
0.0280260776403
0.0278545731352
0.0276847526129
0.0275172246074
0.027352507772
0.0271910402737
0.0270331885128
0.0268792541083
0.0267294790716
0.0265840499988
0.026443102743
0.0263067286291
0.0261749817033
0.0260478867497
0.0259254468414
0.0258076475855
0.0256944586757
0.0255858360344
0.0254817249367
0.0253820653451
0.0252867979134
0.0251958641945
0.0251092021723
0.025026745445
0.0249484454776
0.0248742682797
0.024804306982
0.0247384691575
0.0246765999332
0.0246185697882
0.0245642692323
0.0245136041022
0.0244664733092
0.0244227897248
0.0243824531686
0.024345323838
0.0243113548074
0.024280134103
0.0242515699444
0.0242258289578
0.0242028704793
0.0241830215291
0.0241668107077
0.0241548200209
0.0241472157639
0.0241441621389
0.0241459276256
0.0241528449973
0.0241652360072
0.0241834047602
0.0242076595911
0.0242383364501
0.0242758165061
0.0243205105336
0.0243728451976
0.0244332642015
0.0245022336615
0.0245802490456
0.0246678478507
0.0247655906471
0.0248752769066
0.0249902288105
0.0250931119749
0.025178425708
0.0252454067
0.0252935960417
0.0253254898107
0.0253436885042
0.0253510734372
0.025351532869
0.025348586159
0.0253466410214
0.0253472461151
0.0253510515655
0.0253572396631
0.0253639028331
0.0253685490797
0.0253683022592
0.0253600881852
0.0253411817062
0.0253146651821
0.0252971710255
0.0252697003891
0.0252364416876
0.0252123702397
0.0252213608356
0.0252699311019
0.0253478422296
0.0254274948657
0.0243821185873
0.0244368391251
0.024502560955
0.0245995447337
0.0247397732714
0.0249150277149
0.0251118137573
0.0253198643479
0.0255322144128
0.0257434395667
0.0259484550922
0.0261442012841
0.0263295820935
0.0265039476521
0.0266665492924
0.026817622808
0.0269589224226
0.0270882174497
0.0272026540687
0.0272995562031
0.0273765165902
0.0274306161079
0.0274575538264
0.0274567472287
0.0274282985817
0.0273718195907
0.0272871380419
0.027173522127
0.0270415299256
0.0269025015189
0.0267603366287
0.0266163144417
0.0264711690496
0.0263255310795
0.0261799828776
0.0260350552364
0.0258912271156
0.025748929904
0.0256085513504
0.0254704320259
0.0253348668364
0.025202107612
0.0250723664987
0.0249458199993
0.0248226134859
0.0247028656364
0.0245866716738
0.0244741054719
0.0243652217812
0.0242600589772
0.0241586426604
0.024060989568
0.0239671092935
0.0238770037482
0.0237906675277
0.0237080933588
0.023629276528
0.0235542301736
0.0234829530198
0.0234154568081
0.0233517349809
0.0232917240038
0.0232353625206
0.0231825963881
0.0231333752562
0.0230876484962
0.023045351205
0.0230064276073
0.0229707637205
0.0229382677448
0.0229087919414
0.0228819081075
0.0228577684338
0.0228364978757
0.0228181305412
0.0228029579406
0.0227912921748
0.0227837458434
0.0227807547186
0.0227824952239
0.0227891661369
0.0228010188203
0.02281840188
0.0228417104428
0.0228713299702
0.0229076383028
0.022951016425
0.0230018596764
0.0230605906294
0.0231276719212
0.0232035860107
0.0232897455086
0.0233813525202
0.0234659719994
0.0235397166056
0.0236022086067
0.0236538976293
0.0236957986383
0.0237291365148
0.0237534038915
0.0237723045437
0.0237893821876
0.023806777814
0.0238264443048
0.0238497875247
0.0238771524344
0.0239067406487
0.0239360683748
0.0239626641577
0.0239839184281
0.0239989054213
0.0240171505566
0.0240391020824
0.0240516094349
0.0240574288865
0.0240676807441
0.0241001132453
0.0241596222259
0.0242387180257
0.0243169178632
0.023293076068
0.023346589394
0.0234055554776
0.0234843216333
0.0235915732041
0.0237220322682
0.0238667340609
0.0240188579892
0.0241737911684
0.0243279814557
0.0244780100188
0.0246217009697
0.0247588956103
0.0248902375183
0.0250151460183
0.025133304682
0.0252446718916
0.0253481043637
0.0254412275819
0.0255198238728
0.0255825584983
0.025627669438
0.0256531525284
0.0256578093926
0.0256408974121
0.0256018372344
0.0255402846942
0.0254554246591
0.0253551622207
0.0252481161947
0.0251372437799
0.0250235597488
0.0249075940677
0.0247898197833
0.0246707035483
0.0245506969087
0.0244302310972
0.0243097139511
0.0241895265954
0.0240700208999
0.0239515188093
0.02383431225
0.0237186638793
0.0236048084938
0.0234929549061
0.0233832879846
0.0232759704049
0.0231711440815
0.0230689317362
0.0229694388123
0.0228727557781
0.0227789605603
0.0226881202029
0.0226002916189
0.0225155225383
0.0224338537736
0.0223553218847
0.0222799621949
0.0222078065774
0.0221388861279
0.0220732291918
0.0220108533024
0.0219517682497
0.0218959804717
0.0218434936153
0.0217943093886
0.0217484247247
0.0217058340738
0.0216665196685
0.0216304510572
0.0215975819007
0.0215678087339
0.0215410865835
0.0215172088638
0.0214958876747
0.0214772804071
0.0214616362652
0.0214490035146
0.0214394920205
0.0214333764615
0.0214309546389
0.0214325257209
0.0214387569541
0.0214501022759
0.0214667718775
0.0214890056355
0.0215171010139
0.0215513948378
0.021592300608
0.0216402884858
0.0216958127264
0.0217599371361
0.0218295254715
0.0218963815435
0.021958073184
0.0220144739179
0.022066023031
0.02211338158
0.022157255598
0.0221982927638
0.0222379198928
0.0222777254391
0.022317519716
0.0223589259501
0.0224035983791
0.022451750849
0.0225024555792
0.0225542456609
0.0226056345676
0.02265582826
0.0227085489029
0.022769594423
0.0228260190324
0.0228737225651
0.0229145241198
0.0229554637519
0.0230083858848
0.0230765733208
0.0231550234596
0.0232298792742
0.0222278102254
0.0222783172343
0.0223290052088
0.0223886358547
0.022462719774
0.0225486464244
0.0226416226343
0.0227380037689
0.0228353672694
0.0229319588764
0.023026061097
0.0231168796437
0.0232040870365
0.0232878345751
0.0233683539415
0.023445065557
0.0235154972905
0.0235793950134
0.023636028766
0.0236839132415
0.0237216701508
0.0237478558149
0.023761159854
0.0237607033523
0.0237458439011
0.0237160696798
0.0236710392596
0.0236101571381
0.0235382201212
0.0234605681844
0.0233790586811
0.0232943335592
0.0232067769639
0.0231167422426
0.0230245825803
0.022930647577
0.0228352833131
0.0227388277727
0.0226416042764
0.02254392324
0.0224460802815
0.0223483543668
0.0222510066578
0.022154280062
0.0220583993152
0.0219635713861
0.0218699859782
0.021777816079
0.0216872187036
0.0215983359126
0.0215112960825
0.0214262152827
0.0213431984334
0.0212623401657
0.0211837257539
0.0211074324657
0.0210335311191
0.0209620874041
0.0208931624828
0.0208268140984
0.0207630972646
0.020702063371
0.0206437601801
0.0205882327967
0.0205355238806
0.0204856742602
0.0204387228432
0.0203947067256
0.0203536599483
0.0203156106637
0.0202805813011
0.0202485781927
0.0202195986807
0.0201936116434
0.0201705574193
0.0201504290471
0.0201332649689
0.0201187916154
0.020106897822
0.0200977866282
0.0200917062241
0.0200889126464
0.02008943867
0.0200934110102
0.0201011110604
0.0201128469629
0.0201289333582
0.0201496918493
0.0201757478382
0.0202077392214
0.0202459030158
0.0202908289546
0.0203407904929
0.0203912871258
0.0204411182549
0.0204904690914
0.0205398663185
0.0205898650028
0.0206409328148
0.0206935477884
0.0207484230093
0.0208062180564
0.0208671497226
0.0209314248232
0.0209993582826
0.0210700922357
0.021143529433
0.0212198151341
0.021298859377
0.0213839507462
0.0214756987052
0.0215689431242
0.0216560631995
0.0217353935503
0.0218074891399
0.0218757407965
0.0219465487234
0.0220215925131
0.0220980777448
0.0221682432681
0.021187446051
0.0212336507661
0.021275096592
0.0213153048296
0.0213568092006
0.0213994045524
0.0214421631275
0.0214844079806
0.0215257572248
0.021565864081
0.0216044285952
0.0216416268437
0.0216768920633
0.0217094404447
0.0217393852366
0.0217666629952
0.0217906994887
0.021810999364
0.0218270868796
0.0218383729871
0.021844278535
0.0218442172676
0.021837682984
0.0218243240697
0.0218038789913
0.0217761556805
0.0217410539227
0.0216982961184
0.0216495057863
0.021596549894
0.0215401324889
0.0214805673044
0.0214180899003
0.0213529396722
0.0212853664961
0.021215624948
0.0211439721464
0.021070665901
0.0209959618057
0.0209201109599
0.0208433580981
0.0207659401492
0.0206880849532
0.0206100102922
0.0205319232369
0.0204540197396
0.0203764843934
0.0202994903364
0.0202231993483
0.0201477621658
0.0200733189924
0.0200000001271
0.019927926586
0.0198572106798
0.0197879566647
0.019720261572
0.0196542161434
0.0195899056787
0.0195274107438
0.0194668079798
0.0194081708788
0.0193515701837
0.0192970742842
0.0192447497828
0.0191946618229
0.0191468745236
0.0191014513256
0.0190584552095
0.0190179488481
0.018979993773
0.0189446502964
0.0189119753382
0.0188820206265
0.0188548312865
0.0188304424017
0.0188088810981
0.0187901770962
0.0187743223841
0.0187613078963
0.0187511707396
0.0187439884488
0.0187398646363
0.0187385269583
0.0187399003897
0.0187442014444
0.0187516949458
0.0187626399861
0.0187772996151
0.0187956688773
0.0188176884555
0.0188436828112
0.0188741376679
0.0189087208132
0.0189462505397
0.0189866854323
0.0190308179331
0.0190791929938
0.0191320347166
0.0191895319249
0.0192519093529
0.0193194429929
0.019392323634
0.0194705941455
0.0195541999598
0.0196430676701
0.019736830901
0.0198360449929
0.0199421627095
0.0200550456489
0.0201732319361
0.0202940715543
0.0204126333932
0.0205267184649
0.020634446129
0.0207346225099
0.0208272676174
0.0209138137688
0.0209943453116
0.0210680254643
0.0211326360669
0.0201722841643
0.0202138809757
0.0202488741319
0.0202783770466
0.0203035161521
0.0203251127235
0.0203438815541
0.0203604292821
0.0203752377018
0.0203885086839
0.0204004306655
0.0204112059659
0.0204207626144
0.0204287938361
0.0204351126763
0.0204395611955
0.0204418595533
0.0204417118437
0.0204388838866
0.0204331573928
0.0204243419743
0.0204122832522
0.0203968708275
0.020378036299
0.0203557463172
0.0203300005102
0.020300834269
0.0202682236147
0.0202322982388
0.0201932188145
0.0201511141794
0.0201061372246
0.0200584493448
0.0200082256181
0.0199556520905
0.0199009212036
0.0198442299696
0.0197857787049
0.0197257691552
0.0196644026147
0.0196018783144
0.019538392061
0.0194741350579
0.0194092929242
0.0193440449145
0.0192785633138
0.0192130129746
0.0191475509881
0.0190823265124
0.0190174807742
0.0189531472266
0.0188894518211
0.018826513329
0.0187644436889
0.0187033484253
0.0186433271874
0.0185844743697
0.0185268797207
0.0184706289123
0.0184158041576
0.0183624848393
0.0183107480072
0.018260668837
0.0182123211337
0.0181657777262
0.0181211108789
0.0180783926875
0.0180376954063
0.0179990917794
0.0179626549125
0.0179284583321
0.0178965754323
0.0178670781556
0.0178400365136
0.0178155172128
0.0177935806669
0.0177742840499
0.0177576764095
0.0177438010553
0.0177327053428
0.0177244447064
0.0177190898811
0.0177166279743
0.0177170468043
0.0177204108868
0.017726844161
0.017736502354
0.017749552554
0.0177658107217
0.0177850807145
0.0178076500419
0.0178338566925
0.0178639454682
0.0178981334694
0.0179367432731
0.0179797058601
0.0180272093611
0.0180796606313
0.0181374120723
0.0182007563938
0.0182699347348
0.0183451300683
0.018426465621
0.0185140166024
0.0186078347649
0.0187078897252
0.0188137571729
0.0189251025355
0.0190425492262
0.0191629343546
0.0192842275816
0.0194044330637
0.0195214153803
0.0196330854353
0.0197376231713
0.0198336414156
0.0199203783428
0.0199974269093
0.0200648436469
0.0201229004497
0.0192161847406
0.0192534387681
0.0192848385937
0.0193113074878
0.0193337798249
0.0193530688224
0.0193698354837
0.0193846074102
0.0193977994481
0.019409673034
0.0194203951016
0.0194300864018
0.0194387599215
0.0194462951159
0.0194525385045
0.0194573344005
0.0194604893015
0.0194617826486
0.0194610009531
0.019457942492
0.0194524231112
0.0194442810528
0.0194333825094
0.0194196258869
0.0194029415268
0.0193832886151
0.0193606571075
0.0193350293215
0.0193064418156
0.019274993124
0.0192407966903
0.0192039672032
0.0191646258046
0.0191229070251
0.019078956997
0.0190329296798
0.0189849849238
0.0189352871812
0.0188840039767
0.0188313043481
0.0187773574462
0.0187223312972
0.0186663917098
0.0186097013337
0.0185524188684
0.0184946984075
0.018436688903
0.0183785337465
0.0183203704829
0.018262330667
0.0182045398535
0.0181471176917
0.0180901780873
0.0180338294121
0.0179781747863
0.0179233124558
0.0178693362433
0.0178163360153
0.017764398146
0.0177136060178
0.0176640405453
0.0176157806432
0.0175689036708
0.0175234858929
0.0174796028818
0.0174373299139
0.0173967423664
0.0173579160739
0.0173209276941
0.0172858548282
0.0172527761845
0.01722177149
0.0171929207372
0.0171663039022
0.01714200031
0.0171200858962
0.0171006335098
0.0170837136069
0.0170693937205
0.0170577386884
0.0170488115128
0.0170426814247
0.0170393972784
0.0170389962022
0.01704153164
0.0170470858834
0.017055765013
0.0170676889052
0.0170828630756
0.017101228875
0.0171228651146
0.0171479469913
0.0171766739427
0.0172092256839
0.0172457846584
0.0172859730668
0.0173298262302
0.0173777585282
0.0174301413291
0.0174872794832
0.0175494280383
0.0176167959126
0.0176895480004
0.0177678126686
0.0178516968338
0.0179412742346
0.0180356666264
0.0181333447716
0.0182345875154
0.0183382734584
0.0184428154783
0.0185464949997
0.0186475175771
0.0187441428554
0.0188348435042
0.0189184200047
0.0189941153979
0.019061587126
0.0191208611095
0.0191722213737
0.0183416804356
0.0183748660965
0.0184028448513
0.0184263687268
0.0184462142249
0.0184631084453
0.0184776668928
0.0184903820845
0.0185016385785
0.0185117092587
0.0185207714565
0.018528934735
0.0185362387297
0.018542642307
0.0185480508681
0.0185523430837
0.018555373013
0.0185569729228
0.0185569667657
0.0185551792525
0.0185514432948
0.0185456050126
0.018537528232
0.018527099283
0.0185142295827
0.0184988546572
0.0184809356102
0.0184604439196
0.0184373787832
0.0184117868541
0.0183837437385
0.018353332837
0.0183206441031
0.0182857787943
0.0182488490817
0.0182099755433
0.0181692854593
0.0181269115549
0.0180829906758
0.0180376624755
0.0179910682128
0.0179433496618
0.017894648131
0.0178451035957
0.0177948539465
0.0177440343407
0.0176927766529
0.0176412090231
0.0175894555121
0.017537635875
0.0174858654444
0.0174342551072
0.0173829113506
0.0173319363655
0.0172814282188
0.017231481106
0.0171821856697
0.0171336293477
0.0170858967377
0.0170390699954
0.0169932292601
0.0169484530617
0.0169048187208
0.0168624027589
0.016821281278
0.0167815303334
0.0167432263107
0.0167064462801
0.0166712683595
0.0166377719478
0.0166060379548
0.0165761489143
0.016548188652
0.0165222421524
0.0164983952676
0.0164767328369
0.0164573381182
0.0164402940756
0.0164256829845
0.0164135843798
0.0164040737394
0.0163972275982
0.0163931194623
0.0163918169222
0.0163933867521
0.0163979038814
0.0164054537941
0.0164161312078
0.0164299992763
0.0164470829428
0.0164674302529
0.0164911355249
0.0165183315973
0.016549149422
0.0165837045654
0.0166218966317
0.0166636669007
0.0167091259789
0.0167584522052
0.0168118237982
0.0168693926519
0.0169312741727
0.0169975424793
0.0170682312182
0.0171433368164
0.0172228143874
0.0173062237983
0.0173926295396
0.0174815184587
0.0175721076068
0.0176632610905
0.0177536108722
0.0178416834454
0.0179260335772
0.0180053760166
0.0180786790805
0.0181452417887
0.0182047223491
0.0182571013288
0.0183026130253
0.0175369879123
0.0175666290096
0.0175915763699
0.0176124556424
0.0176299199491
0.0176446025955
0.0176570641426
0.0176677678348
0.0176770816017
0.0176852807178
0.0176925551706
0.0176990249026
0.0177047495045
0.0177097296576
0.0177139169629
0.0177172290856
0.0177195587676
0.0177207787427
0.0177207491495
0.0177193243986
0.0177163600462
0.0177117179347
0.0177052704043
0.0176969046767
0.0176865262242
0.0176740594909
0.0176594494932
0.0176426562037
0.0176236595067
0.0176024728309
0.0175791375455
0.0175537081491
0.0175262480438
0.0174968311499
0.0174655415168
0.0174324715929
0.0173977208403
0.0173613946031
0.0173236029569
0.0172844595884
0.0172440807629
0.0172025843781
0.0171600891016
0.0171167135951
0.0170725758274
0.0170277924682
0.0169824783615
0.0169367460777
0.0168907055533
0.0168444638247
0.0167981248516
0.0167517894211
0.0167055551173
0.0166595163474
0.0166137644322
0.0165683877644
0.0165234720256
0.0164791004395
0.0164353540497
0.0163923120313
0.0163500520294
0.0163086505003
0.0162681830556
0.0162287248172
0.0161903507607
0.016153136054
0.0161171564034
0.0160824883879
0.0160492098008
0.0160173999237
0.0159871397862
0.0159585123655
0.0159316025111
0.0159064969255
0.0158832840574
0.0158620529622
0.0158428926487
0.0158258929561
0.0158111443983
0.0157987361647
0.0157887542164
0.0157812837814
0.0157764109767
0.0157742205231
0.0157747936887
0.0157782110808
0.0157845550764
0.0157939114963
0.0158063597219
0.0158219634454
0.0158407814387
0.0158628835547
0.0158883614136
0.0159173078955
0.0159497996843
0.0159858272995
0.0160253512813
0.0160683740582
0.0161149410029
0.0161651144954
0.0162189489558
0.0162764743997
0.0163376862491
0.016402540637
0.0164709510027
0.0165427795697
0.0166177087148
0.0166951340976
0.0167744345203
0.0168548790489
0.0169355540884
0.0170153671795
0.0170931213701
0.0171676234531
0.0172377938932
0.0173027484629
0.0173618584265
0.0174147872905
0.0174614748399
0.0175020933086
0.0167922524645
0.0168189730383
0.0168413966573
0.0168600551155
0.0168755069686
0.0168883037099
0.0168989498872
0.0169078774001
0.0169154392425
0.0169219100081
0.0169274898633
0.0169323134667
0.01693645979
0.0169399581897
0.016942794944
0.0169449223665
0.016946267052
0.0169467355856
0.0169462203274
0.0169446046113
0.0169417683405
0.0169375927024
0.0169319641204
0.0169247781536
0.016915942866
0.0169053804639
0.0168930291132
0.0168788414378
0.0168627863824
0.0168448571769
0.0168250701726
0.0168034561769
0.0167800564221
0.0167549224274
0.0167281152632
0.0166997041587
0.0166697653397
0.0166383810335
0.0166056384762
0.0165716289535
0.0165364469149
0.0165001891578
0.0164629540781
0.016424840991
0.0163859495189
0.0163463790458
0.016306228233
0.0162655946003
0.0162245741764
0.0161832612236
0.0161417480362
0.0161001248056
0.0160584795432
0.0160168980567
0.0159754639829
0.015934258878
0.01589336236
0.0158528522876
0.015812804968
0.0157732953957
0.0157343975195
0.0156961845206
0.0156587291016
0.0156221037873
0.015586381225
0.0155516344857
0.0155179373723
0.0154853647251
0.0154539927337
0.0154238992137
0.0153951638708
0.0153678685315
0.0153420972084
0.0153179361615
0.0152954739011
0.0152748005583
0.0152560073834
0.0152391872246
0.0152244344675
0.0152118435714
0.0152015073508
0.0151935179058
0.0151879688171
0.0151849542894
0.0151845660455
0.0151868928006
0.0151920210548
0.0152000367522
0.0152110251103
0.0152250664284
0.0152422330486
0.015262593565
0.0152862222689
0.0153131905984
0.0153435542438
0.0153773290546
0.0154144982743
0.0154550371005
0.015498927078
0.0155461549428
0.0155967013381
0.0156505282578
0.0157075685914
0.0157677190273
0.0158308338931
0.0158967144517
0.0159650595771
0.0160354052037
0.0161071812332
0.016179711958
0.0162522072707
0.0163237588279
0.0163933791047
0.016460076881
0.0165229426487
0.01658121786
0.0166343452728
0.0166820032569
0.0167241027895
0.0167607603745
0.0160993753148
0.0161238049464
0.0161442458633
0.0161611559838
0.0161750196458
0.0161863207283
0.0161955124101
0.0162029944211
0.0162091033094
0.0162141100238
0.0162182213751
0.0162215852958
0.0162242984682
0.0162264130298
0.0162279424786
0.0162288682337
0.0162291462383
0.016228712309
0.0162274871839
0.0162253808588
0.0162222970849
0.0162181374534
0.0162128049729
0.0162062075079
0.0161982608897
0.0161888909279
0.0161780353401
0.0161656440547
0.0161516804744
0.016136126119
0.0161189807833
0.0161002577499
0.0160799808548
0.0160581837857
0.0160349092007
0.0160102075343
0.0159841359868
0.0159567576508
0.0159281406571
0.0158983573556
0.015867483557
0.0158355978327
0.015802780871
0.0157691148891
0.0157346830999
0.0156995692313
0.0156638570963
0.0156276302145
0.01559097149
0.015553962948
0.0155166855301
0.0154792189447
0.0154416415667
0.0154040303849
0.0153664609969
0.0153290076543
0.0152917433509
0.0152547399472
0.0152180683223
0.0151817985561
0.0151460001366
0.0151107421849
0.0150760936926
0.0150421237741
0.0150089019234
0.0149764982764
0.0149449838812
0.0149144309701
0.0148849132386
0.0148565061071
0.0148292869732
0.0148033354466
0.014778733483
0.0147555654966
0.0147339184291
0.0147138814394
0.0146955455854
0.0146790040701
0.0146643522096
0.0146516864577
0.0146411030918
0.0146326983777
0.0146265701335
0.0146228175661
0.014621538765
0.0146228290533
0.0146267805271
0.0146334828426
0.0146430251515
0.0146554952772
0.0146709749379
0.0146895379714
0.0147112547426
0.0147361881486
0.0147643851123
0.0147958684164
0.0148306348034
0.0148686583456
0.0149098977682
0.0149543011206
0.0150018033497
0.0150523196768
0.0151057379068
0.0151619116605
0.0152206539104
0.015281726869
0.0153448205826
0.0154095242136
0.0154753253746
0.0155416108938
0.0156076787809
0.0156727460489
0.0157359758117
0.0157965300686
0.0158536337769
0.0159066312455
0.0159550284525
0.015998522856
0.0160370069439
0.0160705520325
0.0154517751181
0.015474494559
0.0154934702138
0.0155090985099
0.0155218030406
0.0155320115595
0.0155401319286
0.0155465327355
0.0155515326874
0.0155553962708
0.015558333297
0.015560501735
0.0155620130822
0.015562938186
0.0155633126021
0.0155631419406
0.0155624072203
0.0155610695472
0.0155590745321
0.0155563561319
0.0155528403545
0.015548448745
0.0155431015441
0.0155367206974
0.0155292326354
0.0155205703548
0.0155106753394
0.0154994986285
0.0154870020472
0.0154731611188
0.0154579655784
0.0154414167872
0.0154235258294
0.015404312817
0.0153838060901
0.0153620412245
0.0153390601668
0.0153149104774
0.0152896446019
0.0152633191762
0.0152359943816
0.01520773335
0.0151786016142
0.0151486666054
0.0151179971958
0.0150866632838
0.0150547354199
0.0150222844754
0.0149893813561
0.014956096762
0.0149225009947
0.0148886638088
0.0148546543053
0.0148205408649
0.0147863911222
0.0147522719811
0.0147182496678
0.0146843898149
0.0146507575725
0.0146174177454
0.0145844349551
0.0145518738187
0.0145197991438
0.0144882761371
0.014457370622
0.0144271492635
0.014397679802
0.014369031292
0.0143412743477
0.0143144813818
0.0142887268385
0.0142640874177
0.0142406422378
0.0142184729754
0.0141976639719
0.0141783021144
0.0141604766671
0.0141442794085
0.0141298046139
0.0141171484318
0.0141064079578
0.0140976810915
0.0140910674326
0.0140866683002
0.0140845849711
0.0140849169362
0.0140877608524
0.0140932105301
0.0141013585834
0.014112296872
0.0141261128517
0.0141428859978
0.0141626884384
0.0141855820623
0.0142116126064
0.0142408066161
0.0142731691096
0.0143086801184
0.0143472951554
0.0143889481217
0.0144335516887
0.0144809945074
0.0145311364964
0.0145838036261
0.014638782408
0.0146958116158
0.0147545713421
0.0148146706324
0.0148756371284
0.0149369120579
0.0149978628297
0.0150577970374
0.0151159862291
0.0151717056583
0.0152242829404
0.0152731432348
0.0153178444812
0.015358102669
0.0153937982451
0.0154249666977
0.0148441393075
0.0148656532059
0.0148836247916
0.0148983973185
0.0149103426014
0.0149198405808
0.0149272591962
0.0149329377232
0.0149371763432
0.0149402308044
0.0149423106419
0.0149435803195
0.0149441627466
0.0149441438291
0.0149435770581
0.0149424880369
0.0149408789459
0.0149387325791
0.0149360161637
0.0149326848344
0.0149286847659
0.0149239561647
0.0149184360295
0.0149120607737
0.0149047686752
0.0148965018702
0.0148872081817
0.0148768424653
0.014865367868
0.0148527578528
0.0148389968078
0.0148240786985
0.0148080059198
0.0147907887881
0.0147724449319
0.0147529985236
0.0147324795745
0.014710923302
0.0146883695206
0.0146648620616
0.0146404482323
0.0146151783152
0.0145891051052
0.0145622834855
0.0145347700404
0.0145066227029
0.0144779004368
0.0144486629523
0.014418970459
0.0143888834553
0.0143584625555
0.014327768353
0.0142968613175
0.0142658017255
0.0142346496253
0.014203464836
0.014172306977
0.0141412355257
0.0141103098983
0.0140795895539
0.0140491341204
0.0140190035385
0.0139892582197
0.013959959219
0.0139311684175
0.0139029487141
0.0138753642256
0.013848480494
0.0138223647003
0.0137970858784
0.0137727151256
0.0137493258087
0.0137269937349
0.0137057973009
0.0136858176196
0.0136671385102
0.0136498464366
0.0136340306022
0.0136197829488
0.0136071977698
0.0135963710889
0.0135874004332
0.0135803852709
0.0135754270101
0.0135726277866
0.0135720889707
0.0135739099776
0.013578187757
0.0135850176753
0.0135944940765
0.013606707845
0.013621742857
0.013639674645
0.0136605675702
0.0136844702045
0.013711413541
0.01374140924
0.0137744449614
0.0138104813282
0.0138494518802
0.0138912631097
0.0139357930847
0.0139828886395
0.0140323617035
0.0140839850868
0.0141374862568
0.0141925408884
0.0142487680367
0.0143057221571
0.0143628871632
0.0144196856625
0.0144754937455
0.0145296628175
0.0145815516996
0.0146305649393
0.0146761893202
0.0147180232021
0.0147557978274
0.0147893846912
0.0148187902738
0.0142721927573
0.0142929196029
0.0143102769361
0.0143245609629
0.0143360979807
0.0143452259961
0.014352277248
0.0143575635645
0.0143613664156
0.0143639311208
0.0143654642067
0.0143661333582
0.0143660695123
0.0143653701852
0.0143641031968
0.0143623104739
0.0143600118181
0.0143572083879
0.0143538859777
0.0143500181659
0.0143455690145
0.0143404956615
0.014334750735
0.0143282846387
0.0143210476984
0.0143129920002
0.0143040730798
0.0142942513147
0.0142834931674
0.0142717727314
0.0142590723713
0.0142453820892
0.0142306988878
0.0142150264666
0.0141983748166
0.0141807596733
0.0141622019792
0.0141427273799
0.0141223657338
0.014101150639
0.0140791189891
0.0140563105594
0.0140327676232
0.0140085345993
0.0139836577294
0.0139581847842
0.0139321647972
0.013905647827
0.0138786847481
0.0138513270734
0.0138236268047
0.0137956363129
0.0137674082457
0.0137389954627
0.0137104509994
0.0136818280577
0.013653180023
0.0136245605044
0.0135960233943
0.0135676229482
0.0135394138843
0.0135114514993
0.0134837917973
0.0134564916332
0.0134296088653
0.0134032025178
0.013377332952
0.0133520620442
0.0133274533717
0.0133035724009
0.0132804866757
0.013258266004
0.0132369826229
0.0132167113494
0.0131975297132
0.013179518008
0.0131627592993
0.0131473395079
0.0131333474269
0.0131208744923
0.0131100143812
0.013100862796
0.013093517638
0.0130880789445
0.0130846480334
0.0130833263114
0.0130842141613
0.0130874101961
0.0130930114862
0.0131011138223
0.0131118100361
0.0131251870034
0.0131413235482
0.0131602875775
0.013182132126
0.0132068935561
0.0132345900039
0.0132652171128
0.0132987438129
0.0133351101793
0.0133742262262
0.0134159705043
0.0134601880565
0.0135066877508
0.0135552391612
0.0136055681117
0.0136573525592
0.0137102210639
0.0137637486774
0.013817452901
0.0138708005154
0.0139232210572
0.0139741264924
0.0140229381911
0.0140691182426
0.0141121996065
0.0141518108439
0.0141876942392
0.0142197132869
0.0142478499877
0.0137324958895
0.0137527684153
0.0137698262308
0.0137839233376
0.0137953451852
0.0138043921141
0.013811363845
0.0138165463542
0.0138202024464
0.013822565784
0.0138238376874
0.0138241862409
0.0138237473151
0.013822626852
0.0138209037517
0.0138186329945
0.0138158488072
0.0138125676612
0.0138087910759
0.0138045084571
0.0137996994491
0.0137943362026
0.0137883854939
0.0137818107243
0.0137745737998
0.0137666367935
0.0137579634763
0.0137485206511
0.0137382793336
0.013727216015
0.0137153133096
0.0137025597467
0.0136889494715
0.01367448211
0.0136591625405
0.0136430005395
0.0136260104019
0.0136082105657
0.0135896232336
0.0135702740021
0.013550191507
0.0135294070897
0.013507954486
0.0134858695388
0.0134631899346
0.0134399549629
0.0134162052982
0.0133919828041
0.0133673303629
0.013342291728
0.0133169114007
0.0132912345294
0.0132653068312
0.0132391745362
0.0132128843542
0.0131864834653
0.0131600195296
0.0131335407167
0.013107095752
0.0130807339793
0.0130545054404
0.0130284609697
0.0130026523005
0.0129771321845
0.0129519545198
0.0129271744885
0.0129028487027
0.0128790353576
0.0128557943917
0.012833187652
0.0128112790611
0.0127901347838
0.0127698233821
0.0127504159602
0.0127319862973
0.0127146109302
0.0126983692037
0.0126833433538
0.0126696185436
0.0126572827364
0.0126464264471
0.0126371425702
0.0126295264183
0.0126236756149
0.0126196894672
0.0126176680348
0.0126177111681
0.0126199176955
0.0126243852264
0.0126312100595
0.0126404858892
0.0126523013706
0.0126667378758
0.0126838667129
0.0127037455942
0.0127264165466
0.0127519042242
0.0127802122299
0.0128113187988
0.0128451735745
0.0128816953005
0.0129207698556
0.012962248247
0.0130059443792
0.0130516326323
0.0130990446942
0.0131478668424
0.0131977398196
0.0132482576062
0.0132989658621
0.0133493677339
0.0133989357738
0.013447129387
0.0134934179434
0.0135373071262
0.0135783644427
0.0136162404713
0.013650684562
0.0136815521468
0.013708803697
0.0132222758369
0.0132423473857
0.0132593485235
0.0132734950591
0.0132850353071
0.0132942352046
0.0133013643918
0.0133066842912
0.013310439173
0.0133128501408
0.0133141115647
0.0133143895756
0.013313822279
0.013312521191
0.0133105733781
0.0133080439481
0.0133049786768
0.0133014065687
0.0132973422454
0.013292788484
0.0132877382781
0.0132821768333
0.0132760834372
0.0132694332167
0.0132621987888
0.0132543517495
0.0132458640472
0.0132367092144
0.0132268634604
0.0132163067438
0.0132050234135
0.0131930022558
0.0131802364194
0.0131667234054
0.0131524649766
0.0131374669578
0.0131217389936
0.0131052942883
0.0130881493327
0.0130703236255
0.0130518394019
0.0130327213729
0.0130129964798
0.0129926936665
0.0129718436695
0.012950478825
0.0129286328945
0.0129063409082
0.012883639028
0.0128605644307
0.0128371552087
0.0128134502891
0.0127894893707
0.012765312879
0.0127409619401
0.0127164783728
0.0126919046971
0.0126672841579
0.0126426607623
0.0126180793308
0.0125935855622
0.0125692261124
0.0125450486833
0.0125211021231
0.0124974365346
0.0124741033922
0.0124511556664
0.0124286479552
0.0124066366231
0.0123851799447
0.0123643382531
0.0123441740875
0.012324752337
0.0123061403756
0.0122884081908
0.0122716284818
0.0122558767334
0.0122412313021
0.0122277734671
0.0122155873727
0.0122047598831
0.0121953804597
0.0121875411407
0.0121813364156
0.0121768627518
0.0121742178668
0.0121734999235
0.0121748067435
0.0121782353797
0.0121838817475
0.0121918395121
0.0122021980871
0.0122150404982
0.0122304407896
0.0122484608375
0.0122691480251
0.0122925333133
0.0123186279868
0.0123474196092
0.0123788683973
0.0124129042134
0.012449424013
0.0124882895583
0.0125293252353
0.0125723159573
0.0126170048079
0.0126630911905
0.0127102312705
0.0127580384814
0.0128060840101
0.0128539023613
0.0129010020357
0.0129468809834
0.0129910466492
0.0130330386051
0.0130724505981
0.0131089491769
0.0131422876018
0.0131723129431
0.0131989662
0.0127392896567
0.0127593435487
0.0127764658908
0.012790837733
0.012802673367
0.0128122069752
0.012819680076
0.0128253306148
0.0128293844952
0.012832049597
0.0128335119639
0.0128339338444
0.0128334532875
0.012832184897
0.0128302213289
0.0128276352184
0.0128244813172
0.0128207986552
0.0128166125635
0.0128119369226
0.0128067759712
0.0128011260672
0.0127949773429
0.0127883152575
0.0127811220533
0.0127733780837
0.0127650630408
0.0127561570709
0.01274664177
0.0127365011155
0.012725722087
0.0127142948664
0.0127022129084
0.0126894730207
0.0126760753736
0.0126620234163
0.0126473237465
0.0126319859486
0.0126160224116
0.0125994481335
0.0125822805227
0.0125645392038
0.0125462458308
0.0125274239123
0.0125080986497
0.0124882967873
0.0124680464762
0.0124473771523
0.012426319431
0.0124049050166
0.0123831666262
0.0123611379282
0.0123388534937
0.0123163487632
0.0122936600287
0.0122708244302
0.0122478799647
0.0122248655082
0.0122018208473
0.0121787867222
0.0121558048822
0.0121329181517
0.0121101705066
0.012087607159
0.0120652746499
0.0120432209492
0.0120214955627
0.012000149645
0.0119792361196
0.0119588098051
0.011938927546
0.0119196483445
0.0119010334908
0.0118831466889
0.0118660541785
0.0118498248384
0.0118345302728
0.0118202449006
0.0118070460167
0.0117950137814
0.0117842311451
0.0117747837691
0.0117667599879
0.0117602506862
0.0117553489351
0.0117521494197
0.0117507477727
0.011751239861
0.0117537212501
0.0117582866686
0.0117650289836
0.0117740375119
0.0117853960699
0.0117991806107
0.0118154563539
0.0118342753536
0.0118556743599
0.0118796718245
0.0119062641862
0.0119354221999
0.0119670875889
0.0120011700691
0.0120375447318
0.0120760497181
0.0121164841916
0.0121586064092
0.012202132373
0.0122467364476
0.012292052757
0.0123376770291
0.0123831721669
0.0124280780027
0.0124719250901
0.0125142522824
0.0125546264781
0.0125926620021
0.0126280372295
0.0126605071797
0.0126899104535
0.0127161702402
0.0122817162622
0.0123018762322
0.0123192413008
0.0123339607796
0.0123462176531
0.0123562166226
0.0123641727552
0.0123703014666
0.0123748105023
0.012377894042
0.012379728727
0.0123804713605
0.0123802580234
0.0123792042805
0.0123774061366
0.0123749414686
0.0123718717246
0.0123682437203
0.0123640913385
0.0123594375002
0.0123542957475
0.0123486717983
0.0123425650144
0.0123359697775
0.0123288767794
0.0123212742066
0.0123131488358
0.0123044870369
0.0122952756711
0.0122855029116
0.0122751588347
0.0122642357077
0.0122527281526
0.0122406332884
0.0122279508097
0.0122146829892
0.0122008346298
0.0121864129845
0.0121714276483
0.0121558904336
0.0121398152352
0.0121232178928
0.0121061160563
0.012088529058
0.0120704777921
0.0120519846033
0.0120330731841
0.0120137684834
0.0119940966285
0.0119740848579
0.011953761467
0.0119331557627
0.0119122980291
0.0118912195058
0.0118699523773
0.0118485297754
0.0118269857908
0.0118053554942
0.0117836749653
0.0117619813303
0.01174031281
0.0117187087774
0.0116972098235
0.0116758578308
0.0116546960528
0.0116337692008
0.0116131235359
0.0115928069668
0.0115728691538
0.0115533616204
0.0115343378688
0.0115158534974
0.011497966319
0.0114807364774
0.0114642265614
0.0114485017085
0.0114336296968
0.0114196810356
0.0114067290345
0.0113948498241
0.0113841223274
0.0113746282176
0.0113664518823
0.0113596803157
0.0113544028383
0.0113507106441
0.0113486962468
0.0113484528606
0.01135007383
0.0113536520144
0.0113592788261
0.0113670427674
0.0113770276751
0.0113893105911
0.0114039591834
0.0114210293218
0.011440562815
0.0114625845808
0.0114870992231
0.0115140874725
0.0115435027376
0.0115752678962
0.0116092724147
0.0116453698347
0.0116833756756
0.0117230656742
0.0117641746772
0.0118063972315
0.0118493893337
0.011892771026
0.0119361319416
0.011979040317
0.0120210554146
0.0120617431027
0.0121006932988
0.0121375372362
0.012171962515
0.0122037247117
0.0122326542197
0.0122586579813
0.011848072814
0.0118684133061
0.0118860951856
0.0119012387485
0.0119139981191
0.011924550556
0.0119330861815
0.011939798772
0.0119448781829
0.0119485045825
0.0119508443865
0.0119520477035
0.0119522470743
0.0119515572341
0.0119500756168
0.011947883357
0.0119450466021
0.0119416179752
0.0119376379886
0.011933136751
0.0119281353467
0.011922647205
0.0119166794018
0.011910233882
0.0119033086065
0.0118958986099
0.01188799698
0.0118795957566
0.0118706867393
0.0118612622165
0.0118513155221
0.0118408413688
0.0118298360697
0.0118182977215
0.0118062263293
0.0117936238688
0.0117804942994
0.0117668435458
0.0117526794492
0.0117380117001
0.0117228517562
0.0117072127533
0.0116911094142
0.0116745579613
0.0116575760323
0.0116401826011
0.0116223979045
0.0116042433766
0.011585741594
0.01156691623
0.0115477920177
0.0115283947198
0.0115087511074
0.0114888889467
0.0114688369976
0.0114486250205
0.0114282837913
0.0114078451232
0.0113873418942
0.0113668080807
0.0113462788
0.0113257903623
0.011305380328
0.0112850875719
0.0112649523535
0.0112450163916
0.0112253229451
0.011205916898
0.0111868448499
0.0111681552147
0.0111498983237
0.011132126531
0.0111148943205
0.0110982584134
0.0110822778752
0.0110670142172
0.011052531489
0.0110388963702
0.0110261782444
0.0110144492407
0.0110037842376
0.0109942608496
0.0109859594025
0.010978962847
0.0109733565442
0.0109692279082
0.0109666659398
0.0109657607086
0.0109666027881
0.0109692826219
0.0109738896221
0.0109805108807
0.0109892295934
0.0110001231474
0.0110132608069
0.0110287013722
0.0110464908806
0.0110666599043
0.0110892203681
0.0111141621569
0.0111414497045
0.0111710187001
0.0112027730503
0.0112365822041
0.0112722789389
0.0113096576154
0.0113484731365
0.0113884413971
0.0114292410643
0.0114705164741
0.01151188302
0.0115529354934
0.0115932593446
0.0116324446167
0.0116701015137
0.0117058759443
0.0117394632986
0.0117706192965
0.0117991667761
0.0118249980402
0.0114371512019
0.0114577068058
0.0114757405803
0.0114913463128
0.0115046515251
0.0115158079209
0.0115249820943
0.011532347064
0.0115380751381
0.0115423323152
0.0115452741821
0.0115470431738
0.0115477670165
0.0115475581313
0.0115465137587
0.0115447165919
0.0115422357483
0.0115391279313
0.0115354385895
0.0115312033774
0.0115264493473
0.0115211961516
0.0115154571932
0.0115092407128
0.0115025508096
0.0114953883886
0.0114877520374
0.0114796388317
0.0114710450622
0.0114619668871
0.011452400851
0.0114423442392
0.0114317953311
0.0114207536091
0.0114092199137
0.0113971965447
0.0113846873184
0.0113716975922
0.0113582342628
0.0113443057427
0.0113299219205
0.0113150941112
0.0112998350012
0.0112841585942
0.0112680801571
0.0112516161684
0.0112347842695
0.01121760322
0.0112000928635
0.0111822740986
0.0111641688573
0.0111458000879
0.011127191744
0.0111083687795
0.0110893571537
0.0110701838436
0.0110508768612
0.0110314652768
0.0110119792455
0.0109924500382
0.0109729100797
0.010953392996
0.0109339336658
0.0109145682769
0.0108953343885
0.0108762709971
0.0108574186077
0.0108388193074
0.0108205168457
0.0108025567219
0.010784986278
0.0107678547931
0.0107512135816
0.0107351160922
0.0107196180081
0.0107047773451
0.0106906545439
0.0106773125605
0.0106648169447
0.0106532358943
0.0106426402832
0.0106331036696
0.0106247022859
0.0106175149762
0.0106116230346
0.0106071099256
0.0106040608864
0.0106025625085
0.0106027021999
0.0106045675692
0.0106082455909
0.0106138214601
0.0106213771784
0.0106309898355
0.0106427295309
0.0106566571607
0.0106728221524
0.010691259883
0.0107119887011
0.0107350067157
0.0107602884909
0.0107877817707
0.0108174043764
0.0108490414282
0.0108825430209
0.0109177224197
0.0109543549799
0.0109921783971
0.0110308943324
0.0110701713105
0.0111096498147
0.0111489499671
0.0111876817598
0.0112254575981
0.011261906305
0.0112966872254
0.0113295029379
0.0113601094851
0.0113883231314
0.0114140232349
0.0110479705737
0.0110687442311
0.0110871334879
0.0111032079695
0.0111170707138
0.0111288496569
0.0111386892335
0.0111467426036
0.0111531649546
0.0111581080998
0.0111617163884
0.0111641238381
0.0111654523487
0.0111658108144
0.0111652949315
0.0111639875159
0.0111619591768
0.0111592692076
0.0111559665216
0.0111520908811
0.0111476739202
0.0111427401918
0.0111373081818
0.011131391274
0.0111249986602
0.011118136188
0.0111108071479
0.011103012997
0.0110947540139
0.0110860298853
0.0110768401896
0.0110671847536
0.0110570639228
0.0110464787841
0.0110354313395
0.0110239246317
0.0110119628308
0.0109995512898
0.0109866965758
0.010973406479
0.0109596900066
0.0109455573627
0.0109310199225
0.0109160902048
0.010900781842
0.0108851095515
0.0108690891061
0.0108527373075
0.0108360719672
0.0108191118924
0.0108018768763
0.0107843876921
0.0107666660894
0.0107487347966
0.010730617531
0.0107123390154
0.0106939249974
0.0106754022742
0.0106567987185
0.010638143307
0.0106194661555
0.0106007985615
0.0105821730514
0.0105636234312
0.0105451848415
0.0105268938165
0.0105087883475
0.0104909079471
0.0104732937206
0.0104559884444
0.0104390366495
0.0104224847079
0.0104063809221
0.0103907756175
0.0103757212363
0.0103612724321
0.0103474861605
0.0103344217691
0.0103221410779
0.0103107084435
0.0103001908037
0.010290657703
0.0102821812986
0.0102748363203
0.0102686999538
0.0102638516249
0.0102603726559
0.0102583459431
0.0102578554548
0.0102589856548
0.01026182074
0.0102664436197
0.010272934647
0.0102813700739
0.0102918201819
0.010304347217
0.0103190032063
0.0103358275018
0.0103548439862
0.0103760580396
0.0103994533748
0.0104249888395
0.0104525953217
0.0104821729283
0.0105135885794
0.0105466741225
0.0105812251607
0.0106170010757
0.0106537264032
0.0106910935455
0.0107287674709
0.0107663927242
0.0108036027134
0.0108400310407
0.01087532417
0.0109091542992
0.0109412311516
0.0109713116802
0.0109992067933
0.0110247846723
0.0106797423772
0.0107007122139
0.0107194354036
0.0107359596295
0.0107503654583
0.0107627587722
0.0107732631897
0.0107820129413
0.0107891466037
0.010794801922
0.0107991117731
0.0108022012207
0.0108041855563
0.0108051691767
0.0108052451278
0.0108044951531
0.0108029901075
0.0108007906062
0.0107979477636
0.0107945042091
0.0107904949532
0.0107859482933
0.010780886702
0.0107753276813
0.0107692845721
0.0107627673147
0.0107557831551
0.0107483372969
0.0107404334926
0.0107320745743
0.0107232629026
0.0107140007167
0.0107042904109
0.0106941347622
0.0106835371144
0.0106725015185
0.0106610328378
0.0106491368239
0.0106368201695
0.0106240905424
0.0106109566023
0.0105974280038
0.010583515392
0.010569230395
0.010554585614
0.0105395946118
0.010524271898
0.0105086329169
0.0104926940402
0.0104764725639
0.010459986709
0.0104432556227
0.010426299382
0.010409139
0.0103917964409
0.0103742946383
0.0103566575175
0.0103389100203
0.0103210781311
0.0103031889019
0.0102852704853
0.0102673521738
0.0102494644421
0.0102316389932
0.010213908808
0.0101963081987
0.0101788728645
0.01016163995
0.0101446481075
0.010127937568
0.0101115502179
0.0100955296774
0.0100799213839
0.0100647726775
0.0100501328909
0.0100360534393
0.0100225879106
0.0100097921536
0.00999772436086
0.00998644513965
0.00997601756911
0.00996650724006
0.00995798227593
0.00995051331505
0.0099441734313
0.00993903797259
0.00993518425971
0.00993269135781
0.00993163960942
0.00993211011039
0.00993418402124
0.00993794165963
0.00994346136331
0.00995081810087
0.00996008178739
0.00997131537419
0.00998457277599
0.00999989654837
0.0100173152647
0.0100368406561
0.0100584645997
0.0100821560327
0.0101078579142
0.0101354844109
0.0101649184466
0.0101960097402
0.0102285735232
0.0102623903341
0.0102972071015
0.0103327395674
0.0103686765288
0.010404686172
0.010440424474
0.0104755454493
0.010509712645
0.0105426109322
0.0105739574805
0.0106035109898
0.0106310783694
0.0106565184237
0.0103318449382
0.0103529697174
0.0103719853135
0.010388919578
0.0104038325294
0.0104168096526
0.0104279550781
0.0104373850682
0.0104452221783
0.0104515903228
0.0104566108263
0.0104603994453
0.0104630642843
0.0104647044869
0.0104654095626
0.0104652592055
0.0104643234824
0.0104626632683
0.0104603308107
0.0104573705495
0.0104538198411
0.010449709732
0.0104450657327
0.010439908569
0.0104342549012
0.010428118004
0.0104215084019
0.0104144344567
0.0104069029026
0.0103989193284
0.0103904885936
0.0103816151671
0.0103723034019
0.0103625577628
0.0103523830142
0.0103417843686
0.0103307676027
0.0103193391446
0.0103075061421
0.0102952765117
0.0102826589725
0.0102696630647
0.0102562991605
0.0102425784717
0.0102285130536
0.0102141158066
0.0101994004734
0.0101843816358
0.0101690747171
0.0101534959865
0.0101376625672
0.0101215924444
0.0101053044718
0.0100888183822
0.0100721548037
0.0100553352812
0.010038382298
0.0100213193024
0.010004170732
0.00998696203698
0.0099697197096
0.00995247132031
0.00993524555648
0.00991807226424
0.00990098249326
0.00988400854487
0.00986718402302
0.00985054388571
0.00983412450077
0.00981796371051
0.00980210090165
0.00978657707859
0.00977143494042
0.00975671896193
0.00974247547865
0.0097287527745
0.00971560117
0.00970307311013
0.00969122324878
0.00968010852562
0.00966978823266
0.00966032406667
0.00965178016428
0.00964422310501
0.00963772186455
0.00963234769975
0.00962817388215
0.00962527556062
0.00962372932676
0.00962361274815
0.00962500375452
0.00962797983322
0.0096326170131
0.00963898861572
0.00964716373638
0.00965720548655
0.00966916904704
0.00968309948443
0.00969902929146
0.00971697569465
0.00973693779919
0.00975889363167
0.0097827971897
0.00980857567063
0.00983612701118
0.00986531786528
0.00989598221397
0.00992792094355
0.00996090262872
0.00999466561664
0.0100289217824
0.0100633621958
0.0100976646839
0.0101315030903
0.0101645577196
0.0101965261604
0.0102271335151
0.0102561411908
0.0102833535071
0.0103086216757
0.0100038050991
0.0100250283782
0.0100442788694
0.0100615666022
0.01007693289
0.0100904444266
0.0101021871698
0.0101122604056
0.0101207713288
0.0101278303679
0.0101335473537
0.0101380285449
0.0101413744598
0.0101436784252
0.0101450257241
0.0101454932217
0.0101451493581
0.0101440543943
0.0101422608242
0.0101398140157
0.0101367528037
0.0101331101428
0.0101289137747
0.010124186885
0.0101189487388
0.0101132152872
0.010106999738
0.0101003130854
0.0100931645957
0.0100855622457
0.010077513109
0.0100690236801
0.0100601001422
0.0100507485921
0.0100409752266
0.0100307864953
0.0100201892204
0.0100091906916
0.00999779874124
0.00998602180418
0.00997386896135
0.00996134996907
0.0099484752797
0.00993525605897
0.00992170419954
0.0099078323319
0.00989365382965
0.00987918281246
0.00986443415409
0.00984942349293
0.00983416724399
0.00981868261169
0.0098029875991
0.00978710101906
0.00977104251183
0.00975483256686
0.00973849254494
0.00972204470375
0.00970551222212
0.00968891922001
0.0096722907847
0.00965565300379
0.00963903300043
0.00962245897124
0.00960596022688
0.00958956723571
0.00957331167043
0.00955722645403
0.0095413458094
0.00952570531839
0.00951034198662
0.00949529431185
0.00948060235636
0.00946630782375
0.00945245414053
0.00943908654139
0.00942625215635
0.00941400009845
0.00940238155017
0.00939144984519
0.00938126054331
0.00937187149399
0.009363342885
0.00935573726492
0.00934911952576
0.00934355682752
0.00933911836287
0.00933587530797
0.00933390041517
0.00933326760589
0.00933405143054
0.00933632635926
0.00934016587712
0.00934564136351
0.00935282072194
0.00936176676933
0.00937253542149
0.00938517365012
0.0093997171806
0.00941618796205
0.00943459146775
0.00945491387327
0.00947711921186
0.00950114667214
0.00952690815345
0.00955428620418
0.00958313253648
0.00961326740967
0.0096444801242
0.0096765307525
0.00970915340641
0.00974206125631
0.00977495330212
0.00980752272111
0.00983946635724
0.00987049465982
0.00990034122282
0.00992877115039
0.00995558756432
0.00998063580847
0.00969528485629
0.00971653796849
0.00973595277084
0.00975352338184
0.00976927417583
0.00978325461374
0.00979553378349
0.0098061950116
0.00981533085561
0.00982303869814
0.00982941705737
0.00983456264709
0.00983856816138
0.00984152071681
0.00984350085724
0.0098445820177
0.0098448303499
0.00984430480012
0.00984305738993
0.00984113369294
0.00983857330873
0.00983541040427
0.00983167428151
0.0098273899473
0.00982257867135
0.00981725852418
0.00981144488868
0.00980515093805
0.00979838807532
0.00979116633382
0.00978349473485
0.00977538159587
0.00976683478889
0.00975786195873
0.00974847070668
0.0097386687425
0.00972846400614
0.00971786476413
0.00970687968853
0.00969551792131
0.00968378912461
0.00967170351559
0.00965927189238
0.00964650565695
0.00963341683464
0.00962001809098
0.00960632274218
0.00959234476101
0.00957809878795
0.00956360014475
0.0095488648492
0.00953390963054
0.00951875193981
0.0095034099603
0.00948790262465
0.00947224963639
0.00945647149103
0.00944058950075
0.00942462581791
0.00940860345162
0.00939254629008
0.00937647913024
0.00936042770968
0.00934441874075
0.00932847994733
0.00931264010437
0.00929692908087
0.00928137788123
0.00926601868901
0.00925088492109
0.00923601128818
0.00922143385924
0.00920719013009
0.00919331909688
0.00917986133471
0.00916685908114
0.00915435632272
0.00914239888323
0.00913103451234
0.00912031297218
0.00911028612018
0.00910100798279
0.00909253481757
0.0090849251538
0.00907823980276
0.00907254181451
0.00906789627668
0.00906437034692
0.00906203286754
0.00906095402003
0.00906120485694
0.00906285668087
0.00906598024284
0.00907064473926
0.00907691657696
0.00908485790195
0.00909452491772
0.00910596598118
0.00911921945212
0.0091343113202
0.00915125265721
0.00917003693133
0.00919063727853
0.00921300388526
0.00923706157747
0.00926270773769
0.00928981074105
0.00931820916819
0.00934771203139
0.00937810015892
0.00940912899016
0.00944053297824
0.00947203161681
0.00950333694433
0.00953416215489
0.0095642307206
0.00959328528059
0.0096210955901
0.00964746489698
0.00967223430681
0.00940607124494
0.00942727524654
0.00944677264555
0.0094645434615
0.0094805968199
0.00949496645981
0.00950770588703
0.00951888350556
0.0095285780123
0.00953687426786
0.00954385976717
0.00954962176111
0.00955424502447
0.00955781022378
0.00956039281024
0.00956206234945
0.00956288220356
0.0095629094626
0.00956219511099
0.00956078435464
0.00955871698669
0.00955602782569
0.00955274719115
0.00954890139197
0.00954451321186
0.00953960238343
0.00953418604446
0.00952827916844
0.00952189496205
0.00951504523006
0.00950774070649
0.00949999134623
0.00949180657208
0.00948319548463
0.00947416704048
0.00946473020196
0.00945489405775
0.00944466791807
0.00943406139343
0.00942308446059
0.00941174751591
0.00940006141251
0.00938803748767
0.00937568758801
0.00936302409153
0.00935005992794
0.00933680859192
0.00932328414929
0.0093095012487
0.00929547513624
0.00928122167098
0.00926675734198
0.00925209927839
0.0092372652577
0.0092222737209
0.00920714379283
0.0091918953013
0.00917654880041
0.00916112559324
0.00914564774471
0.0091301380993
0.00911462030712
0.00909911885239
0.00908365908401
0.00906826724853
0.00905297052574
0.00903779706857
0.00902277604049
0.00900793765364
0.00899331321843
0.00897893520057
0.00896483728233
0.00895105442821
0.00893762295552
0.00892458061067
0.00891196665129
0.00889982193275
0.00888818899762
0.00887711216734
0.00886663763388
0.00885681355041
0.00884769011528
0.00883931964709
0.00883175664284
0.00882505781504
0.00881928207117
0.00881449036243
0.0088107457771
0.00880811317847
0.00880665892395
0.00880645046566
0.00880755581147
0.00881004281932
0.00881397830304
0.00881942692127
0.00882644983801
0.00883510317107
0.00884543622288
0.00885748947548
0.00887129236874
0.00888686089896
0.00890419506627
0.00892327626748
0.00894406477294
0.0089664973597
0.00899048522125
0.00901591234141
0.00904263456042
0.00907047955849
0.00909924791221
0.00912871544308
0.00915863704189
0.00918875200102
0.00921879073717
0.00924848259054
0.00927756418826
0.00930578771634
0.00933292845742
0.00935879100788
0.00938321374535
0.0091360679176
0.00915713464352
0.00917662288673
0.00919450028133
0.0092107623194
0.00922542848164
0.00923853796252
0.0092501452956
0.00926031613973
0.00926912343066
0.00927664402625
0.0092829559114
0.00928813597547
0.00929225833366
0.00929539313531
0.00929760578423
0.00929895649903
0.00929950011709
0.00929928616265
0.00929835903775
0.00929675828967
0.00929451895383
0.0092916719436
0.00928824446271
0.00928426042245
0.00927974085524
0.00927470431916
0.00926916728448
0.00926314449209
0.00925664928471
0.00924969391282
0.00924228980974
0.0092344478261
0.00922617842966
0.00921749187653
0.00920839835723
0.00919890811473
0.00918903153612
0.00917877922853
0.00916816208422
0.00915719133476
0.00914587858822
0.00913423585503
0.00912227557256
0.00911001062733
0.00909745437668
0.00908462066321
0.00907152381903
0.00905817867564
0.00904460057782
0.00903080539861
0.00901680955682
0.00900263002609
0.00898828433954
0.00897379060154
0.0089591675061
0.00894443435325
0.00892961107043
0.00891471823449
0.00889977708046
0.00888480951383
0.00886983813261
0.00885488625255
0.00883997793397
0.00882513801095
0.00881039212292
0.00879576675187
0.00878128925636
0.00876698790422
0.00875289191769
0.00873903152774
0.00872543803289
0.00871214386256
0.00869918264509
0.00868658928196
0.00867440002895
0.00866265258341
0.00865138617579
0.00864064166529
0.00863046163725
0.00862089050212
0.00861197459002
0.00860376223874
0.00859630386885
0.00858965204795
0.00858386147847
0.00857898893651
0.00857509336817
0.00857223557938
0.00857047801803
0.00856988443775
0.00857051943573
0.00857244783748
0.00857573390394
0.00858044033487
0.00858662705397
0.00859434978311
0.00860365840236
0.00861459508385
0.00862719221557
0.00864147013908
0.00865743472469
0.00867507488866
0.0086943601687
0.00871523840492
0.00873763365174
0.00876144450381
0.00878654303642
0.00881277457206
0.00883995843199
0.00886788986957
0.00889634335775
0.0089250772779
0.00895383992009
0.0089823765316
0.00901043697249
0.00903778340059
0.00906419740235
0.00908948602577
0.00911348629894
0.00888528696492
0.00890611933199
0.00892549699568
0.00894337682206
0.00895974221242
0.00897459980615
0.00898797573929
0.00899991173836
0.00901046128663
0.00901968605727
0.0090276527439
0.00903443036619
0.00904008807874
0.00904469346987
0.00904831130934
0.00905100268119
0.00905282444095
0.00905382891048
0.009054063861
0.00905357258077
0.00905239405352
0.00905056321303
0.00904811125322
0.00904506596948
0.00904145211134
0.00903729173821
0.0090326045751
0.00902740835796
0.0090217191553
0.00901555166685
0.00900891950513
0.00900183545433
0.00899431169138
0.00898635997427
0.00897799180502
0.00896921857128
0.00896005166092
0.00895050254856
0.00894058286672
0.00893030446815
0.00891967947967
0.00890872033783
0.00889743981097
0.00888585102095
0.00887396746352
0.00886180303018
0.00884937202258
0.00883668915304
0.00882376955071
0.00881062877332
0.00879728282028
0.00878374815028
0.00877004168879
0.00875618082761
0.00874218343207
0.00872806785694
0.00871385295915
0.00869955811676
0.00868520325063
0.0086708088288
0.00865639587218
0.00864198597249
0.00862760131392
0.00861326469642
0.00859899956076
0.00858483001565
0.00857078087268
0.00855687767764
0.00854314673778
0.00852961516267
0.00851631091643
0.00850326287478
0.0084905008863
0.0084780558381
0.008465959728
0.00845424574528
0.00844294835946
0.00843210341522
0.00842174823322
0.00841192171422
0.00840266444715
0.00839401881483
0.00838602909496
0.00837874155176
0.00837220452818
0.00836646842021
0.00836158579064
0.00835761132252
0.00835460167527
0.00835261529249
0.00835171212605
0.00835195324811
0.00835340032216
0.00835611490522
0.00836015755749
0.00836558674583
0.00837245753844
0.00838082008757
0.00839071789552
0.00840218587822
0.00841524823346
0.00842991613672
0.00844618538475
0.00846403407064
0.00848342031069
0.00850428016378
0.00852652592017
0.00855004493404
0.00857469919577
0.00860032580355
0.00862673851356
0.00865373053335
0.00868107861814
0.00870854840578
0.00873590077208
0.00876289882628
0.00878931503817
0.00881493796774
0.00883957809369
0.00886307233858
0.008653839551
0.00867433124503
0.00869348700013
0.00871125444106
0.00872760635247
0.00874253790557
0.00875606341346
0.00876821286863
0.00877902847667
0.00878856136941
0.00879686862772
0.00880401070147
0.00881004926781
0.00881504552788
0.00881905891475
0.00882214615807
0.0088243606543
0.00882575206986
0.0088263662497
0.00882624517459
0.0088254270589
0.0088239465232
0.00882183483018
0.00881912015943
0.00881582789894
0.00881198094505
0.00880760001162
0.00880270393708
0.00879730997051
0.0087914340385
0.0087850910028
0.00877829490367
0.00877105916689
0.00876339677928
0.00875532044236
0.00874684270902
0.00873797609445
0.00872873315634
0.00871912655954
0.00870916913456
0.00869887393053
0.00868825424862
0.00867732365837
0.00866609601505
0.00865458547668
0.00864280652534
0.00863077398119
0.00861850299764
0.00860600906232
0.0085933080054
0.00858041600996
0.00856734962948
0.00855412579361
0.00854076180135
0.0085272753225
0.00851368441069
0.00850000751167
0.00848626347924
0.00847247159723
0.00845865157911
0.00844482356609
0.0084310081405
0.00841722634414
0.00840349969764
0.0083898502209
0.00837630045509
0.0083628734956
0.00834959302167
0.00833648331831
0.00832356931298
0.00831087662631
0.00829843162776
0.00828626149471
0.00827439427558
0.00826285896007
0.00825168556014
0.00824090520157
0.0082305502239
0.00822065428802
0.00821125248812
0.00820238147
0.00819407954852
0.00818638682184
0.00817934527942
0.00817299892157
0.00816739373223
0.00816257791762
0.00815860180695
0.00815551779434
0.0081533802027
0.00815224506592
0.0081521698113
0.00815321281329
0.00815543278527
0.00815888798861
0.00816363524914
0.00816972876694
0.00817721871439
0.00818614962776
0.00819655860511
0.00820847329508
0.00822190970455
0.00823686997098
0.00825334013563
0.00827128790968
0.00829066060249
0.00831138338101
0.00833335800789
0.00835646223897
0.00838055003799
0.00840545277538
0.00843098156952
0.00845693084072
0.00848308303654
0.00850921434893
0.00853510109557
0.00856052631789
0.00858528611768
0.00860919526536
0.00863209169436
0.0084419239054
0.00846195858876
0.00848077049677
0.00849829945739
0.00851450905093
0.00852938431439
0.00854292895831
0.00855516232379
0.00856611626977
0.00857583216251
0.00858435809441
0.00859174642834
0.0085980517199
0.00860332902908
0.00860763260659
0.00861101490695
0.00861352588556
0.00861521252689
0.00861611868622
0.00861628494976
0.00861574865925
0.0086145440083
0.00861270220921
0.00861025170564
0.0086072184056
0.00860362592742
0.00859949586433
0.00859484805552
0.00858970083814
0.00858407128227
0.00857797542495
0.0085714284988
0.00856444512465
0.00855703947292
0.00854922540695
0.00854101661471
0.00853242671622
0.00852346933656
0.00851415816273
0.00850450699741
0.00849452981139
0.00848424077446
0.00847365426486
0.00846278488082
0.00845164745335
0.00844025706673
0.00842862907251
0.00841677907811
0.00840472294104
0.00839247677326
0.00838005694779
0.00836748011651
0.00835476321425
0.00834192344442
0.00832897827359
0.0083159454415
0.00830284296414
0.00828968914583
0.00827650260227
0.00826330225537
0.00825010732251
0.00823693732521
0.00822381210421
0.00821075183442
0.00819777703985
0.00818490860941
0.00817216782842
0.00815957640816
0.00814715650268
0.00813493074134
0.00812292227849
0.00811115484743
0.0080996528168
0.00808844125084
0.00807754597794
0.00806699367291
0.00805681195344
0.00804702948688
0.00803767610668
0.0080287829333
0.00802038250382
0.00801250890205
0.00800519788571
0.00799848701122
0.00799241577944
0.00798702561589
0.00798236021169
0.00797846540304
0.00797538917861
0.00797318160427
0.00797189466376
0.00797158200997
0.00797229859905
0.0079741001671
0.00797704253254
0.00798118072139
0.00798656788687
0.00799325401497
0.00800128443541
0.00801069814909
0.00802152592597
0.00803378821438
0.00804749304534
0.0080626339012
0.0080791875098
0.00809711177993
0.00811634403607
0.00813679967111
0.00815837138443
0.00818092916069
0.00820432114746
0.00822837558534
0.00825290386898
0.00827770471674
0.00830256930259
0.00832728706763
0.00835165181788
0.00837546767771
0.00839855446672
0.00842075213216
0.00824980917626
0.00826925936134
0.00828759384301
0.00830474602622
0.00832067164649
0.00833534690807
0.00834876612849
0.00836093909138
0.00837188827282
0.00838164610132
0.00839025237368
0.00839775193048
0.00840419265367
0.00840962380717
0.0084140947172
0.00841765374811
0.00842034753744
0.00842222046619
0.00842331443703
0.00842366865203
0.00842331957047
0.00842230093396
0.0084206438689
0.0084183770412
0.00841552683328
0.00841211753722
0.00840817157648
0.00840370974361
0.00839875141911
0.00839331477401
0.0083874169805
0.00838107442697
0.00837430289606
0.00836711771055
0.0083595338654
0.00835156615468
0.00834322927627
0.00833453789686
0.0083255066999
0.00831615043406
0.008306483966
0.00829652230921
0.00828628062541
0.00827577422954
0.0082650185976
0.0082540293865
0.00824282244917
0.00823141381541
0.00821981967831
0.00820805639411
0.00819614048446
0.00818408865495
0.00817191779797
0.00815964496987
0.00814728737743
0.00813486238515
0.00812238751209
0.00810988043871
0.00809735903252
0.00808484133802
0.00807234555614
0.00805989004823
0.00804749334757
0.00803517416903
0.00802295141706
0.00801084419413
0.00799887183179
0.00798705392278
0.00797541033331
0.00796396123116
0.00795272713416
0.00794172896124
0.00793098808513
0.00792052638954
0.00791036633692
0.00790053105429
0.00789104443706
0.00788193126546
0.0078732173315
0.0078649295701
0.00785709620081
0.00784974687134
0.00784291279747
0.00783662690506
0.0078309240003
0.00782584076715
0.00782141619693
0.00781769145807
0.00781470996721
0.0078125173757
0.00781116146861
0.00781069198417
0.00781116032725
0.00781261912684
0.00781512162608
0.00781872091348
0.00782346894698
0.00782941535903
0.00783660608104
0.00784508179656
0.00785487613524
0.00786601367187
0.00787850796792
0.00789235953134
0.00790755362395
0.0079240581997
0.00794182211617
0.00796077370691
0.00798081987173
0.00800184583856
0.00802371574966
0.0080462742211
0.00806934895932
0.0080927544272
0.00811629644127
0.00813977745531
0.00816300218608
0.00818578319455
0.00820794602399
0.00822933354458
0.00807781365564
0.00809653940694
0.00811425004759
0.00813087387619
0.00814636010119
0.00816067737139
0.00817381181591
0.0081857647695
0.00819655032297
0.00820619284609
0.00821472459881
0.00822218354205
0.00822861141871
0.00823405213454
0.00823855044582
0.00824215090979
0.00824489706668
0.00824683086917
0.00824799239578
0.00824841956308
0.00824814802231
0.00824721111743
0.00824563992766
0.00824346336817
0.00824070831341
0.0082373997383
0.00823356089872
0.00822921353855
0.00822437807642
0.00821907377495
0.00821331892819
0.00820713106459
0.00820052711054
0.00819352351932
0.00818613639088
0.00817838159473
0.00817027487274
0.0081618318959
0.00815306830206
0.00814399973891
0.0081346419184
0.00812501064458
0.00811512180613
0.00810499137422
0.00809463540485
0.00808407005899
0.00807331162012
0.00806237646661
0.00805128104938
0.00804004188715
0.00802867556349
0.00801719874673
0.00800562819273
0.00799398071224
0.00798227314879
0.00797052238334
0.00795874532332
0.00794695890276
0.00793518011197
0.0079234259836
0.00791171356147
0.00790005989971
0.00788848206993
0.00787699716361
0.00786562229166
0.00785437458437
0.00784327122436
0.00783232948507
0.00782156673939
0.00781100048236
0.00780064837655
0.00779052829804
0.00778065838415
0.00777105708819
0.00776174324893
0.0077527361834
0.00774405580175
0.00773572273581
0.00772775847839
0.00772018552496
0.00771302752823
0.00770630945565
0.00770005774164
0.00769430044778
0.00768906745469
0.00768439049061
0.0076803036341
0.00767684318264
0.00767404779052
0.0076719585187
0.00767061879167
0.0076700742848
0.00767037271706
0.00767156348532
0.00767369713704
0.00767682470508
0.00768099683159
0.00768626266342
0.00769266858527
0.00770025679591
0.00770906358318
0.00771911739895
0.0077304370452
0.00774302972039
0.00775688882135
0.00777199187752
0.00778829873734
0.00780575006135
0.00782426627373
0.00784374712661
0.00786407202571
0.00788510126078
0.00790667822513
0.00792863262777
0.00795078460251
0.00797294950194
0.00799494307694
0.00801658669724
0.00803771224542
0.00805816635309
0.007926276017
0.007944123672
0.00796105005717
0.00797697963882
0.00799185638636
0.00800564265571
0.00801831759402
0.00802987521509
0.00804032225807
0.00804967596433
0.00805796188023
0.00806521180421
0.00807146195713
0.0080767514117
0.00808112079896
0.00808461124311
0.00808726349688
0.00808911734833
0.00809021126184
0.0080905820459
0.00809026469273
0.00808929227244
0.00808769591957
0.00808550488392
0.00808274660224
0.00807944678801
0.00807562957247
0.00807131768398
0.00806653260357
0.00806129469991
0.00805562339358
0.00804953735006
0.008043054629
0.00803619279487
0.00802896902368
0.00802140022246
0.00801350313198
0.00800529437479
0.00799679048172
0.00798800792933
0.00797896319783
0.00796967279941
0.0079601532612
0.00795042111575
0.00794049289761
0.00793038516464
0.00792011452003
0.00790969757576
0.00789915092065
0.0078884911112
0.00787773466205
0.00786689806818
0.00785599780903
0.00784505030558
0.00783407188873
0.00782307880163
0.00781208717843
0.00780111303533
0.00779017230715
0.00777928083156
0.00776845430683
0.00775770828537
0.00774705817409
0.00773651922691
0.00772610653425
0.00771583501469
0.00770571945384
0.00769577455494
0.0076860149444
0.00767645518588
0.00766710981851
0.00765799339419
0.00764912052004
0.00764050591356
0.00763216447886
0.0076241114114
0.00761636232782
0.00760893340877
0.00760184155129
0.00759510452079
0.00758874111836
0.00758277135313
0.00757721660626
0.00757209981079
0.00756744566111
0.00756328069282
0.00755963383519
0.0075565362909
0.00755402174526
0.00755212648211
0.00755088939741
0.00755035195445
0.00755055805623
0.00755155375259
0.0075533867901
0.00755610604963
0.00755976076498
0.00756439949893
0.00757006898086
0.00757681280509
0.00758466976912
0.0075936720079
0.00760384333474
0.00761519736978
0.00762773531394
0.00764144386942
0.00765629339497
0.00767223631822
0.00768920595812
0.00770711591495
0.00772586017076
0.00774531403416
0.00776533600899
0.00778577059751
0.00780645196195
0.00782720826158
0.00784786640831
0.00786825693687
0.0078882186515
0.0079076027371
0.00779551854227
0.00781231967617
0.00782828648798
0.00784334085774
0.00785742278608
0.00787048959355
0.00788251466103
0.00789348583348
0.0079034035708
0.00791227896847
0.00792013174573
0.00792698832771
0.00793288010807
0.00793784193342
0.00794191083777
0.00794512496943
0.00794752268481
0.00794914195019
0.00795001989631
0.00795019246967
0.00794969421646
0.00794855811501
0.00794681550979
0.00794449611682
0.00794162804595
0.00793823783943
0.00793435057531
0.00792999002274
0.00792517876737
0.00791993831088
0.00791428921224
0.00790825127343
0.00790184367509
0.00789508506734
0.00788799366272
0.00788058735349
0.00787288381633
0.00786490055148
0.00785665489711
0.00784816406113
0.00783944518503
0.00783051537454
0.0078213916727
0.00781209104279
0.0078026303589
0.00779302642916
0.00778329602519
0.00777345583623
0.00776352242739
0.0077535122257
0.00774344150206
0.00773332639668
0.00772318292703
0.00771302693473
0.00770287404363
0.00769273965886
0.0076826389317
0.00767258673888
0.00766259773078
0.00765268631821
0.00764286661813
0.00763315243894
0.00762355726922
0.00761409425677
0.00760477618816
0.00759561547465
0.00758662420386
0.00757781420972
0.00756919707353
0.00756078412216
0.00755258645169
0.00754461495226
0.00753688034769
0.00752939325872
0.00752216429364
0.00751520417137
0.00750852386929
0.00750213478081
0.00749604888026
0.00749027888343
0.00748483842768
0.00747974225989
0.00747500641209
0.00747064840335
0.00746668746082
0.00746314468057
0.00746004359197
0.00745741006973
0.00745527261998
0.00745366256455
0.00745261410925
0.00745216436692
0.00745235330962
0.00745322354452
0.00745481993494
0.0074571891405
0.00746037892547
0.0074644372045
0.00746941098148
0.00747534517088
0.00748228097771
0.00749025407028
0.00749929309006
0.00750941785951
0.00752063710141
0.00753294633074
0.00754632596854
0.00756073967178
0.00757613304302
0.00759243287887
0.00760954708821
0.00762736539638
0.00764576090499
0.00766459252317
0.00768370821337
0.00770294889657
0.00772215280124
0.00774115999223
0.00775981676824
0.0077779796349
0.0076858019467
0.00770137284333
0.00771618948684
0.00773017240146
0.00774325888234
0.00775540247589
0.00776657202829
0.00777675039645
0.00778593287475
0.00779412544782
0.00780134295587
0.00780760730847
0.00781294583999
0.00781738985289
0.00782097338837
0.00782373215004
0.00782570256198
0.00782692117822
0.00782742413438
0.00782724681899
0.00782642359696
0.00782498758171
0.00782297052076
0.00782040276033
0.00781731322054
0.00781372938301
0.00780967735854
0.00780518202269
0.00780026711242
0.00779495528878
0.0077892682557
0.0077832269417
0.00777685162293
0.00777016199292
0.00776317724091
0.00775591616856
0.00774839729942
0.00774063890911
0.0077326590268
0.00772447546128
0.00771610587344
0.00770756781171
0.00769887867499
0.00769005568836
0.00768111588657
0.00767207614007
0.00766295319531
0.00765376362035
0.00764452375272
0.00763524967973
0.00762595720864
0.00761666189655
0.00760737906705
0.00759812374767
0.00758891061559
0.00757975399076
0.00757066778143
0.00756166544986
0.00755276008111
0.00754396437891
0.00753529059683
0.00752675050793
0.00751835537399
0.00751011590854
0.00750204225073
0.0074941439521
0.00748643005094
0.00747890916924
0.00747158950291
0.00746447878978
0.00745758430793
0.00745091288721
0.00744447095558
0.00743826462409
0.00743229980274
0.00742658234707
0.00742111822446
0.0074159136842
0.00741097543188
0.0074063107964
0.00740192792276
0.00739783597729
0.0073940453356
0.00739056780935
0.00738741687182
0.00738460794064
0.0073821588944
0.00738009005415
0.0073784245518
0.00737718858261
0.0073764115248
0.00737612602949
0.00737636805349
0.00737717669826
0.00737859389556
0.0073806640505
0.0073834334343
0.00738694928717
0.00739125885652
0.00739640834403
0.00740244129989
0.00740939680696
0.00741730818066
0.0074262012567
0.0074360920223
0.00744698445605
0.00745886858597
0.00747171874238
0.00748549218734
0.00750012827097
0.00751554821847
0.00753165563696
0.00754833779858
0.00756546772415
0.00758290703309
0.00760050943287
0.00761812467394
0.0076356027448
0.00765279802042
0.00766957308817
0.00759727239965
0.0076114143237
0.00762487538447
0.00763757597479
0.00764945194876
0.00766045435011
0.00767054874252
0.00767971420744
0.00768794202961
0.00769523416926
0.00770160159445
0.00770706262041
0.00771164135623
0.00771536630918
0.00771826919792
0.00772038387558
0.007721745364
0.00772238925487
0.00772235108053
0.00772166601936
0.00772036855564
0.00771849219386
0.00771606930011
0.00771313103109
0.00770970726455
0.00770582653615
0.00770151607392
0.00769680191897
0.00769170899541
0.00768626113467
0.00768048117274
0.00767439113168
0.00766801233174
0.00766136543881
0.00765447052758
0.0076473471995
0.00764001470021
0.00763249194159
0.00762479748927
0.00761694958287
0.00760896621993
0.00760086519922
0.00759266407407
0.0075843801207
0.0075760303126
0.0075676313499
0.00755919971575
0.0075507516149
0.00754230291034
0.00753386909466
0.00752546524361
0.00751710605356
0.00750880587485
0.00750057864127
0.00749243779781
0.00748439628186
0.00747646644314
0.00746865999728
0.00746098813056
0.00745346151354
0.00744609020896
0.00743888361063
0.00743185038297
0.00742499841063
0.00741833477908
0.0074118657738
0.00740559698956
0.00739953345849
0.00739367961332
0.00738803920064
0.00738261524336
0.00737741004707
0.00737242527488
0.00736766207473
0.00736312123118
0.0073588033363
0.00735470896942
0.00735083887369
0.00734719413558
0.00734377635591
0.00734058785648
0.00733763190592
0.00733491292188
0.007332436725
0.00733021076384
0.00732824457023
0.0073265501376
0.00732514204021
0.00732403788081
0.00732325860799
0.00732282868166
0.00732277622838
0.0073231331553
0.00732393504502
0.00732522089786
0.00732703287894
0.00732941578933
0.00733241621166
0.00733608164768
0.00734045959547
0.00734559591961
0.00735153301283
0.00735830871944
0.0073659547087
0.00737449397037
0.00738393856506
0.00739428761305
0.00740552549806
0.00741762047903
0.00743052382439
0.00744416952256
0.00745847462318
0.00747334025703
0.0074886533787
0.00750428922694
0.00752011440615
0.00753599045642
0.00755177772283
0.0075673392579
0.00758254449582
0.00752990267922
0.00754240326064
0.00755429010965
0.00756548471034
0.00757592274546
0.00758555404069
0.00759434215187
0.00760226362927
0.00760930694433
0.00761547116705
0.0076207644528
0.00762520249937
0.00762880708118
0.00763160471486
0.00763362552017
0.00763490214339
0.00763546878755
0.00763536054676
0.00763461278885
0.00763326085366
0.00763133966307
0.00762888337949
0.00762592520714
0.00762249729105
0.00761863060558
0.00761435484107
0.0076096984076
0.00760468854713
0.00759935137891
0.00759371188431
0.00758779398324
0.00758162072064
0.00757521436944
0.00756859645515
0.0075617878032
0.00755480866004
0.00754767882271
0.00754041765423
0.00753304405615
0.00752557648193
0.00751803303533
0.00751043152615
0.00750278941489
0.00749512377283
0.00748745124305
0.00747978807382
0.00747215019943
0.00746455317443
0.00745701209565
0.00744954155801
0.00744215558506
0.00743486768223
0.00742769089998
0.00742063775457
0.00741372012483
0.00740694921181
0.00740033542862
0.0073938883514
0.00738761688468
0.00738152929924
0.00737563309398
0.00736993487869
0.00736444027635
0.00735915387539
0.00735407924107
0.00734921894247
0.00734457470767
0.00734014757764
0.00733593780781
0.0073319446925
0.00732816648958
0.00732460045044
0.00732124296109
0.00731808973572
0.00731513600872
0.00731237672063
0.00730980669907
0.0073074208322
0.00730521424937
0.00730318249509
0.00730132175311
0.00729962909839
0.00729810271723
0.00729674218879
0.00729554871206
0.00729452578397
0.00729367931423
0.00729301800649
0.00729255384988
0.00729230249853
0.00729228347661
0.00729252039657
0.00729304115377
0.00729387786835
0.00729506667422
0.00729664757254
0.00729866397367
0.00730116186944
0.00730418907298
0.00730779442972
0.00731202610661
0.00731692969329
0.00732254740634
0.00732891655655
0.00733606683125
0.00734401789911
0.00735277733547
0.00736233885257
0.00737268100048
0.00738376636609
0.00739554124964
0.00740793584408
0.00742086497726
0.00743422949885
0.00744791834556
0.00746181121805
0.00747578177554
0.00748970119078
0.00750344181417
0.00751688069701
0.00748343098424
0.00749406701376
0.0075041508593
0.0075136063158
0.00752237016809
0.00753039231998
0.0075376356137
0.00754407534028
0.0075496983887
0.00755450211252
0.00755849295648
0.00756168502144
0.00756409868069
0.0075657593052
0.00756669617606
0.00756694140927
0.00756652899236
0.00756549401574
0.00756387212334
0.00756169919462
0.00755901090572
0.00755584233398
0.00755222772418
0.0075482003641
0.00754379243482
0.00753903484761
0.00753395722047
0.00752858798848
0.00752295442817
0.00751708260172
0.00751099741338
0.00750472280679
0.00749828186174
0.00749169679556
0.00748498899379
0.00747817913622
0.00747128734414
0.00746433319172
0.00745733566201
0.00745031315079
0.00744328358278
0.00743626448719
0.0074292729349
0.00742232548653
0.00741543813301
0.00740862633522
0.00740190514363
0.00739528913054
0.00738879228811
0.00738242795648
0.0073762087269
0.00737014652882
0.00736425274183
0.00735853809777
0.00735301252084
0.00734768505498
0.00734256372749
0.00733765552199
0.00733296663882
0.00732850254999
0.00732426776692
0.00732026563344
0.00731649819942
0.00731296621596
0.00730966921427
0.00730660557359
0.00730377272507
0.00730116730536
0.00729878493498
0.00729661991767
0.00729466515357
0.00729291225531
0.00729135180711
0.00728997364115
0.00728876705623
0.00728772099495
0.00728682420676
0.00728606540847
0.00728543346484
0.00728491756874
0.00728450748955
0.00728419385908
0.00728396841512
0.00728382430775
0.00728375637733
0.00728376193148
0.00728384074457
0.00728399562026
0.00728423294797
0.00728456314224
0.00728500087677
0.00728556536
0.00728628060892
0.00728717542722
0.00728828322926
0.00728964200335
0.00729129391537
0.00729328449011
0.00729566196077
0.00729847660985
0.0073017788907
0.00730561743994
0.00731003866134
0.00731508528014
0.007320793277
0.00732718928016
0.00733428849356
0.0073420931132
0.00735059127203
0.00735975638341
0.00736954678384
0.0073799057062
0.00739076169435
0.00740202960141
0.00741361224996
0.00742540271023
0.0074372871347
0.00744914801714
0.00746086763232
0.00747233141479
0.00745730251958
0.00746584440211
0.00747389103074
0.00748136971963
0.00748821962546
0.00749439203021
0.00749985036815
0.00750456996113
0.00750853736958
0.00751174943059
0.00751421200758
0.00751593865151
0.00751694929234
0.00751726902113
0.00751692705579
0.0075159556704
0.00751438923805
0.00751226333872
0.00750961431987
0.00750647895988
0.00750289397965
0.00749889559493
0.00749451925296
0.00748979949228
0.00748476975962
0.00747946219786
0.0074739075991
0.00746813552108
0.00746217429533
0.00745605092951
0.00744979114467
0.00744341958938
0.00743695993566
0.00743043485703
0.00742386604032
0.0074172743183
0.00741067984291
0.00740410209682
0.00739755982912
0.00739107104355
0.00738465313898
0.0073783230162
0.00737209700711
0.00736599080166
0.00736001935676
0.00735419695191
0.00734853736989
0.00734305382456
0.00733775881299
0.00733266399916
0.00732778009495
0.00732311701669
0.00731868406519
0.00731448977731
0.00731054166648
0.00730684611648
0.00730340824224
0.00730023193293
0.00729732024373
0.00729467542377
0.0072922985054
0.00729018898089
0.00728834469634
0.00728676196513
0.00728543575407
0.00728435978957
0.00728352679631
0.00728292858559
0.00728255561715
0.00728239656008
0.007282438282
0.00728266615449
0.00728306448007
0.00728361683837
0.00728430628865
0.00728511549933
0.00728602687239
0.00728702268724
0.00728808528721
0.00728919727443
0.00729034179344
0.00729150286148
0.00729266564087
0.00729381676643
0.00729494473744
0.00729604061195
0.00729709811766
0.00729811426507
0.00729908999438
0.0073000306713
0.00730094633526
0.00730185202506
0.00730276812944
0.00730372038927
0.0073047397424
0.00730586240246
0.0073071295114
0.0073085863146
0.00731028163103
0.00731226729713
0.00731459599228
0.00731731918256
0.00732048724169
0.00732414801813
0.00732834319159
0.00733310542034
0.00733845647553
0.00734440612075
0.00735095147547
0.00735807652154
0.00736575162799
0.00737393321044
0.00738256373719
0.0073915723018
0.00740087587673
0.0074103812118
0.00741998733612
0.00742958854914
0.00743907765767
0.00744834922196
0.0074506202087
0.0074568382232
0.00746261456567
0.00746788125215
0.00747258106329
0.0074766679495
0.00748010723996
0.00748287557977
0.00748496046026
0.00748635940845
0.00748707884141
0.00748713281119
0.00748654176295
0.0074853313694
0.0074835315503
0.00748117541336
0.00747829828707
0.00747493670651
0.00747112811354
0.00746691049938
0.00746232186748
0.00745739973614
0.00745218085116
0.00744670103929
0.00744099499777
0.0074350960347
0.00742903600164
0.00742284542602
0.00741655350953
0.00741018798707
0.00740377514406
0.00739734005552
0.00739090668888
0.00738449785871
0.00737813521408
0.00737183938053
0.00736563017234
0.00735952660966
0.00735354682385
0.00734770802106
0.00734202666047
0.0073365186091
0.00733119905642
0.00732608239993
0.00732118211143
0.00731651083463
0.00731208065773
0.00730790301669
0.00730398846079
0.00730034647708
0.00729698537965
0.00729391259575
0.00729113491558
0.00728865821856
0.00728648705873
0.00728462455765
0.00728307231883
0.00728183061737
0.00728089893666
0.00728027584957
0.00727995830931
0.00727994123349
0.00728021754162
0.00728077849335
0.0072816139977
0.00728271271994
0.00728406231548
0.00728564932301
0.00728745839497
0.00728947178737
0.00729166961157
0.0072940304584
0.00729653199927
0.00729915133159
0.00730186508861
0.00730464947748
0.00730748035453
0.00731033336206
0.00731318413786
0.00731600853865
0.00731878297296
0.00732148478724
0.00732409257039
0.00732658650271
0.00732894889843
0.00733116469867
0.00733322181487
0.00733511174596
0.00733683030537
0.00733837816545
0.00733976110189
0.00734099036129
0.00734208308674
0.00734306232955
0.00734395690002
0.00734480156969
0.00734563675491
0.00734650767862
0.00734746397115
0.00734855913618
0.00734984790756
0.00735138428033
0.00735322237078
0.00735541473752
0.00735800782566
0.00736103899759
0.0073645353242
0.00736851331312
0.00737297879523
0.0073779264652
0.00738333908214
0.00738918664864
0.00739542592202
0.00740200054432
0.00740884191462
0.00741587074891
0.00742299929335
0.00743013408622
0.00743717902031
0.00744403847238
0.0074621113654
0.00746578373747
0.00746906624476
0.00747189674174
0.00747422284855
0.00747600244526
0.00747720403585
0.00747780686178
0.00747780058594
0.00747718461205
0.00747596702425
0.00747416340284
0.00747179563904
0.0074688908155
0.00746548027818
0.00746159860482
0.00745728258112
0.00745257011079
0.00744750005697
0.00744211186323
0.00743644497286
0.00743053828446
0.00742442984704
0.00741815671811
0.00741175473392
0.0074052582031
0.00739869982076
0.00739211082947
0.00738552101716
0.00737895852906
0.00737244986153
0.00736602013852
0.00735969323321
0.0073534916962
0.00734743670788
0.00734154823636
0.00733584531065
0.00733034604567
0.00732506749531
0.00732002558219
0.00731523534299
0.00731071115181
0.00730646659552
0.007302514284
0.00729886567331
0.00729553126285
0.00729252098986
0.00728984404655
0.00728750849821
0.0072855210564
0.00728388705616
0.00728261095282
0.0072816965838
0.00728114662882
0.00728096200257
0.00728114185711
0.0072816836431
0.00728258354615
0.00728383710224
0.00728543868624
0.00728738039188
0.00728965167791
0.00729223977316
0.00729513033925
0.00729830784305
0.00730175557918
0.0073054558272
0.00730938931613
0.00731353404135
0.00731786493367
0.00732235467679
0.00732697473868
0.00733169604256
0.00733648916456
0.00734132425704
0.00734617097008
0.00735099849372
0.00735577571681
0.00736047148635
0.00736505487801
0.00736949559155
0.00737376440404
0.00737783350405
0.00738167687443
0.00738527097759
0.00738859498332
0.0073916314202
0.00739436675846
0.00739679220192
0.00739890426763
0.00740070500554
0.00740220239983
0.00740341086908
0.00740435127201
0.00740505074782
0.00740554305418
0.0074058682545
0.00740607188184
0.00740620465737
0.00740632179294
0.00740647970047
0.00740673456089
0.00740714404671
0.00740776475279
0.0074086463863
0.00740982922796
0.00741134437005
0.00741321466464
0.00741545499369
0.00741807147304
0.0074210599999
0.00742440477282
0.00742807726361
0.0074320359403
0.00743622682596
0.00744058478874
0.00744503552676
0.00744949814878
0.00745388809409
0.00745812016261
0.00749011653288
0.0074910391511
0.00749162378242
0.00749181518713
0.00749156698088
0.00749084218266
0.00748961370339
0.00748786460708
0.00748558792015
0.00748278605833
0.00747946983329
0.00747565732519
0.00747137274291
0.00746664534113
0.00746150854289
0.00745599896711
0.00745015524241
0.00744401698846
0.00743762471995
0.00743101946691
0.00742424216115
0.00741733304671
0.00741033136354
0.00740327522409
0.00739620137584
0.00738914484465
0.00738213883235
0.00737521492322
0.00736840309508
0.00736173147297
0.00735522629398
0.0073489122428
0.00734281260872
0.0073369491748
0.00733134211714
0.00732601019956
0.00732097113987
0.0073162416324
0.00731183710685
0.00730777162693
0.0073040582618
0.00730070938897
0.00729773646835
0.00729514973412
0.0072929580102
0.00729116911331
0.00728979036458
0.00728882818203
0.00728828749071
0.007288171518
0.00728848201435
0.00728922002969
0.00729038599248
0.00729197869667
0.00729399456175
0.00729642798643
0.00729927165851
0.00730251734095
0.00730615630964
0.00731017804228
0.00731456871572
0.00731931131594
0.00732438670539
0.00732977460665
0.00733545383801
0.00734140213606
0.00734759612359
0.00735400995679
0.00736061382988
0.00736737439467
0.00737425649579
0.00738122451035
0.00738824280825
0.00739527559934
0.00740228660937
0.00740923891193
0.00741609499181
0.00742281697353
0.00742936696144
0.00743570737434
0.00744180141363
0.00744761359057
0.00745311008099
0.00745825917672
0.00746303201594
0.00746740259423
0.00747134873038
0.00747485256938
0.00747790142627
0.00748048838643
0.00748261247789
0.00748427910034
0.00748550060194
0.00748629626241
0.00748669210644
0.00748672139489
0.0074864242742
0.00748584700539
0.00748504170479
0.00748406512892
0.00748297469044
0.00748182854045
0.0074806878042
0.00747961185833
0.00747865130936
0.00747784724129
0.00747723395968
0.00747684119233
0.00747669412654
0.00747681163118
0.0074772037819
0.00747786962591
0.00747879567332
0.00747995532732
0.00748130924407
0.00748280644633
0.00748438615073
0.00748598021811
0.00748751596276
0.00748891909802
0.00753260484064
0.00753060226194
0.00752831569685
0.00752569778723
0.00752270921785
0.00751931927904
0.00751550644527
0.00751125875077
0.00750657369417
0.0075014577527
0.00749592543875
0.00748999821607
0.00748370338963
0.00747707304665
0.0074701432323
0.00746295307527
0.00745554328865
0.00744795546673
0.00744023187079
0.00743241511683
0.00742454753986
0.00741667055685
0.00740882434487
0.00740104775705
0.0073933780901
0.00738585066666
0.00737849871822
0.00737135366543
0.0073644451569
0.00735780073828
0.0073514457847
0.00734540393662
0.00733969730761
0.00733434630102
0.00732936943458
0.0073247836247
0.00732060468354
0.00731684729464
0.00731352461138
0.00731064817004
0.0073082284884
0.00730627541146
0.00730479766194
0.00730380238973
0.00730329509526
0.00730328039996
0.00730376255216
0.00730474454822
0.00730622734743
0.00730820989201
0.00731068981051
0.00731366443551
0.00731713025777
0.00732108124139
0.00732550826238
0.00733040021037
0.00733574456021
0.00734152858356
0.00734773897104
0.00735435921156
0.0073613681623
0.00736874135414
0.00737645292786
0.00738447667113
0.00739278574509
0.00740135224042
0.00741014676677
0.00741913568796
0.00742827993746
0.00743753717204
0.00744686456612
0.00745621996529
0.00746556168242
0.00747484783801
0.0074840358355
0.007493082209
0.00750194279471
0.00751057308122
0.00751892865659
0.00752696561419
0.00753464109747
0.00754191390205
0.0075487448339
0.00755509730637
0.00756093782704
0.00756623613578
0.0075709662621
0.00757510694569
0.00757864252729
0.00758156355456
0.00758386688419
0.00758555613826
0.00758664236244
0.00758714396945
0.00758708650954
0.00758650333769
0.00758543516583
0.00758392950332
0.00758204010842
0.00757982469831
0.00757734069069
0.00757464851713
0.00757181261771
0.00756889268783
0.00756593681454
0.00756298501425
0.00756007532033
0.00755724637334
0.00755453596905
0.00755197751478
0.00754959631641
0.00754740669808
0.00754541022023
0.00754359501123
0.00754193607697
0.00754039634158
0.00753892838753
0.00753747682173
0.00753598099946
0.00753437789495
0.00758721731709
0.00758215453668
0.00757686605589
0.0075713132644
0.00756546488735
0.00755929751853
0.00755279624823
0.00754595511583
0.00753877708152
0.00753127361237
0.00752346377567
0.00751537318272
0.00750703288582
0.00749847832696
0.00748974858328
0.00748088556905
0.00747193229754
0.00746293236149
0.0074539297119
0.00744496839734
0.00743609191532
0.00742734252058
0.00741876090985
0.00741038620765
0.00740225574978
0.00739440457845
0.00738686531983
0.00737966858623
0.00737284304891
0.00736641496705
0.00736040810482
0.00735484434009
0.00734974391917
0.00734512512923
0.00734100404291
0.00733739500628
0.00733431128286
0.00733176486811
0.00732976585263
0.00732832249897
0.00732744220075
0.00732713170484
0.00732739625096
0.00732823904956
0.00732966156659
0.00733166483776
0.00733424957173
0.00733741446779
0.00734115548959
0.00734546649221
0.00735034067882
0.00735577152272
0.00736175079865
0.00736826629149
0.00737530218148
0.00738284134524
0.00739086592042
0.00739935898349
0.0074083020334
0.00741767077155
0.00742743508275
0.00743756247365
0.00744802062635
0.00745877780486
0.00746980161274
0.00748105842266
0.0074925121944
0.00750411951756
0.00751583051289
0.00752759392276
0.00753936034265
0.00755108216452
0.00756271227331
0.00757420295093
0.00758550536673
0.00759656960984
0.00760734505779
0.00761778088357
0.00762782661699
0.00763743261629
0.00764655068329
0.00765513473275
0.00766314113814
0.00767052954827
0.0076772627635
0.00768330749467
0.00768863512896
0.0076932221134
0.00769705089221
0.00770011050302
0.00770239659206
0.00770391190583
0.00770466703879
0.00770468031847
0.00770397752051
0.00770259273798
0.00770056775906
0.00769795198997
0.00769480083162
0.00769117167696
0.00768712087409
0.00768271265673
0.00767801397518
0.00767308019366
0.00766795271442
0.00766267018018
0.00765727731826
0.00765182556542
0.00764636839833
0.00764095549893
0.00763562800724
0.00763041539868
0.0076253337752
0.00762038533568
0.00761555878647
0.00761083040111
0.00760616573002
0.00760152191444
0.00759685033885
0.00759209942729
0.00765133610798
0.00764313044563
0.0076347638102
0.00762620708623
0.00761743789538
0.00760844104643
0.00759920916429
0.00758974318111
0.00758005235333
0.00757015391491
0.00756007219623
0.00754983757154
0.00753948532972
0.00752905461498
0.00751858778273
0.00750812963214
0.00749772551878
0.00748742089166
0.00747726113555
0.00746729139672
0.00745755591709
0.00744809726649
0.00743895606016
0.00743017105983
0.0074217789708
0.0074138137956
0.00740630674923
0.00739928685372
0.00739278101939
0.00738681333586
0.00738140505415
0.00737657547923
0.00737234220027
0.00736872049848
0.00736572307534
0.00736336095176
0.00736164417483
0.00736058124874
0.00736017824595
0.00736043939472
0.00736136848335
0.00736296852559
0.00736524030865
0.00736818211112
0.00737179077319
0.00737606360443
0.0073809971709
0.00738658459745
0.00739281566846
0.00739967856892
0.00740716223654
0.00741525623642
0.00742394623713
0.00743321200763
0.00744303009335
0.0074533774493
0.00746423120242
0.00747557088192
0.00748737131205
0.00749959762336
0.00751220932551
0.00752516636646
0.00753843105363
0.00755196678544
0.00756573558024
0.00757969790623
0.00759380982111
0.00760801513991
0.00762225228755
0.00763646276579
0.00765059269828
0.00766459027595
0.00767840338428
0.00769197853465
0.0077052607201
0.00771819379005
0.00773072105896
0.00774278596593
0.00775433273264
0.00776530688096
0.00777565590258
0.00778532997771
0.00779428231382
0.00780247011359
0.00780985385219
0.00781639855467
0.00782207431035
0.00782685653759
0.00783072697164
0.00783367424478
0.00783569381212
0.00783678849793
0.00783696934175
0.00783625540308
0.00783467341528
0.00783225888498
0.00782905520584
0.00782511447502
0.00782049313302
0.00781524605646
0.00780942814301
0.00780311098455
0.00779636080602
0.00778922081892
0.00778172241335
0.00777390630029
0.00776583023589
0.00775756378611
0.00774917903961
0.00774074282288
0.00773231173186
0.00772392942288
0.00771562536996
0.00770741468518
0.00769929874256
0.00769126631644
0.00768329529046
0.00767535493108
0.00766740846629
0.0076594157999
0.0077221741562
0.00771080655688
0.00769935117686
0.0076877890264
0.00767610735977
0.00766429997421
0.00765236778569
0.0076403193254
0.00762817079656
0.00761594580508
0.00760367448731
0.00759139242028
0.00757913941945
0.00756695846957
0.00755489526858
0.00754299739357
0.00753131238979
0.00751988720525
0.00750876818585
0.00749800104447
0.0074876301506
0.00747769764895
0.00746824327485
0.00745930462719
0.00745091693624
0.00744311219011
0.00743591921316
0.00742936453485
0.00742347237028
0.00741826353563
0.00741375573207
0.00740996483559
0.0074069048745
0.00740458703185
0.00740301959648
0.00740220957721
0.0074021631128
0.00740288420129
0.00740437375997
0.00740663136671
0.0074096569035
0.00741344880505
0.00741800210364
0.00742330913376
0.00742936189999
0.00743615418819
0.00744367734196
0.00745191705854
0.00746085587921
0.00747047633382
0.00748076391985
0.00749170396271
0.00750327347734
0.00751544212212
0.00752817874422
0.00754145540123
0.00755524491135
0.0075695240041
0.00758425745746
0.00759939623957
0.00761488949935
0.00763069175831
0.00764676163904
0.00766305807827
0.00767953703212
0.00769615263826
0.00771285073566
0.00772955849065
0.0077462040293
0.0077627254834
0.00777906701711
0.00779517331038
0.00781098713106
0.00782644907858
0.00784149809946
0.00785607224134
0.00787010946023
0.00788354838354
0.0078963290252
0.00790839331933
0.00791968582035
0.00793015444396
0.00793975084776
0.00794843133868
0.00795615571489
0.00796288885895
0.00796860099939
0.00797326785008
0.00797687165498
0.0079794017501
0.00798085441802
0.00798123351822
0.0079805514379
0.00797882878527
0.007976093994
0.00797238467724
0.00796774639135
0.00796223482289
0.00795590571002
0.00794880855826
0.00794099866939
0.00793256088874
0.00792355147538
0.00791399077388
0.00790390144328
0.00789333589852
0.00788237430329
0.00787110948989
0.00785963343676
0.0078480292174
0.00783636712265
0.00782470304919
0.00781307800923
0.00780151840917
0.00779003693005
0.00777863375704
0.00776729828374
0.00775601133177
0.00774474763832
0.00773347847548
0.00779687726272
0.00778240234027
0.00776792307507
0.00775343113441
0.00773892402196
0.00772440514097
0.0077098842625
0.00769537801021
0.00768090998201
0.00766651058164
0.00765221611691
0.00763806760159
0.00762410942518
0.00761038831317
0.00759695318781
0.00758385403348
0.00757114023921
0.00755885961744
0.00754705877111
0.00753578324787
0.00752507670019
0.00751497985405
0.00750553056958
0.00749676432474
0.00748871382552
0.0074814078083
0.00747487158172
0.00746912819134
0.00746419802707
0.00746009724738
0.00745683891359
0.00745443463821
0.00745289380496
0.00745222214238
0.00745242247551
0.00745349734246
0.00745544817318
0.00745827309231
0.00746196662668
0.00746652353837
0.007471939689
0.00747820755986
0.00748531475601
0.00749324697637
0.00750199193038
0.00751154031815
0.00752187604375
0.00753297500519
0.00754481222322
0.00755736562698
0.00757061871748
0.00758455109467
0.00759912691433
0.00761430433245
0.00763004624337
0.00764632173891
0.00766309994614
0.00768035503257
0.00769803520565
0.00771607431642
0.00773441435928
0.00775300817317
0.00777181199276
0.00779077968842
0.00780986003411
0.00782900010875
0.0078481317857
0.00786716207035
0.00788601479655
0.00790463008871
0.00792295141778
0.00794091928393
0.00795847065468
0.00797554011037
0.00799206099142
0.00800796638614
0.00802319001979
0.00803766704384
0.00805133476033
0.00806413313924
0.00807600551809
0.00808689933718
0.00809676669309
0.00810556467762
0.00811325428431
0.00811980187094
0.00812517923133
0.00812936365919
0.00813233906218
0.00813409651589
0.00813463409033
0.0081339576009
0.00813208166433
0.00812902922069
0.00812483115137
0.00811952789717
0.00811316779053
0.00810581090783
0.00809750895563
0.00808830393059
0.00807825763642
0.00806747476762
0.00805598112107
0.00804376481858
0.00803085168107
0.0080173223659
0.0080032889891
0.0079888696694
0.00797417429394
0.00795929897991
0.00794432454267
0.00792931634816
0.00791432461357
0.00789938511132
0.00788452027178
0.00786974046812
0.00785504567661
0.00784042760452
0.00782587206032
0.00781136146584
0.00787262902657
0.00785518329652
0.0078378283676
0.00782056702099
0.00780340750827
0.00778636327554
0.00776945328529
0.00775270250961
0.00773614218567
0.00771980977103
0.00770374792033
0.0076880030684
0.00767262392984
0.00765766062204
0.00764316488962
0.00762918872054
0.00761578253442
0.00760299408228
0.0075908693108
0.00757945266809
0.00756878596642
0.00755890722646
0.00754985127258
0.00754165035475
0.00753433333641
0.00752792414917
0.00752244341151
0.00751790963145
0.00751433794014
0.00751173812683
0.00751011767611
0.00750948317256
0.00750983792438
0.00751118056191
0.00751350765375
0.00751681722284
0.00752110479814
0.00752636077335
0.0075325722697
0.00753972997484
0.0075478255247
0.00755684303101
0.00756676090383
0.00757755849475
0.00758922082085
0.00760173558252
0.00761507496122
0.00762920295162
0.00764408864772
0.00765970761618
0.00767604278465
0.00769306399288
0.00771071690785
0.00772894958154
0.00774772309608
0.00776700546593
0.00778676178355
0.00780696242497
0.00782752870738
0.00784837871227
0.00786945490051
0.00789071191134
0.00791210276824
0.00793357416142
0.00795506616153
0.00797651778189
0.00799784227146
0.0080189265228
0.00803970191599
0.00806011382293
0.00808010301291
0.00809960383931
0.00811854686517
0.00813686108946
0.0081544752997
0.00817131904047
0.00818732344977
0.0082024220009
0.00821655119648
0.00822965104025
0.00824166570091
0.00825254423676
0.00826224155626
0.00827071716735
0.00827793527691
0.00828386521474
0.00828848163493
0.00829176455044
0.00829370053354
0.0082942832945
0.00829351354418
0.00829139991921
0.00828796012848
0.00828322015666
0.00827721412427
0.00826998610921
0.00826158787916
0.00825208412575
0.00824151831715
0.00822992671006
0.0082173884357
0.00820402997459
0.00818981105165
0.00817469125774
0.00815872723938
0.00814204684651
0.00812479795968
0.00810711979804
0.00808913422533
0.00807094519596
0.0080526399567
0.00803429015777
0.00801595270846
0.00799767075498
0.00797947491493
0.00796138454284
0.00794340927483
0.00792555101264
0.00790780615214
0.00789016798931
0.00794674909548
0.00792655703767
0.00790656374113
0.00788678351007
0.00786723571071
0.00784794404648
0.00782893673974
0.00781024711842
0.0077919141263
0.00777398238231
0.00775650084203
0.0077395210235
0.0077230953596
0.00770727677682
0.00769211923602
0.00767767602934
0.00766399739811
0.00765112976524
0.00763911732821
0.00762800227318
0.00761782308056
0.00760861346205
0.00760040396946
0.00759322235097
0.00758709191518
0.00758202990014
0.00757805122828
0.00757516871184
0.00757339028322
0.0075727173761
0.00757315152483
0.00757469349115
0.00757733842856
0.00758107609804
0.00758589678896
0.00759179444036
0.00759875648133
0.00760676331104
0.00761579457457
0.00762583896772
0.00763688272084
0.00764889762532
0.00766185202412
0.00767572105523
0.00769048953135
0.00770614054468
0.00772262753451
0.0077399029596
0.00775793441119
0.00777669766987
0.00779617499924
0.00781631861055
0.00783705084622
0.0078583166488
0.00788008055818
0.00790230915137
0.00792496130116
0.00794799995481
0.00797130791436
0.00799479843343
0.00801842391484
0.00804213983385
0.00806589186256
0.00808961650912
0.00811324399578
0.00813670415941
0.00815988966645
0.00818267576059
0.00820501354481
0.0082268487187
0.00824811445139
0.00826873753389
0.00828864275845
0.00830775505206
0.00832600054578
0.0083433073314
0.00835960615938
0.00837483108972
0.008388920137
0.00840181566938
0.00841346500818
0.00842382121583
0.00843284425758
0.00844049809996
0.00844675157169
0.00845157840401
0.00845495720372
0.0084568715808
0.00845731155474
0.00845627418159
0.00845376351738
0.00844979186454
0.00844438091333
0.00843756025428
0.00842936823521
0.00841985358927
0.00840907195702
0.0083970917138
0.00838394792129
0.00836968063161
0.00835439525869
0.00833822913114
0.00832103223785
0.00830277065323
0.00828357076472
0.00826361670837
0.0082430836526
0.00822212069003
0.00820085301712
0.0081793865171
0.00815781076321
0.00813620068888
0.00811461761243
0.00809311029627
0.00807171620395
0.00805046264427
0.00802936810752
0.00800844405462
0.00798769700257
0.00796713085092
0.00801677625401
0.00799415408982
0.00797185224551
0.00794989692076
0.00792831878472
0.00790715172073
0.00788643297367
0.00786620400186
0.00784651140625
0.00782740694229
0.00780894551848
0.00779118296108
0.00777417440556
0.00775797485254
0.00774263963442
0.00772822222447
0.00771477095667
0.00770232937059
0.0076909387211
0.00768063745242
0.00767145871174
0.00766343002698
0.00765657653691
0.00765091993054
0.0076464756612
0.0076432521584
0.00764125820201
0.00764049937901
0.0076409737022
0.00764267232847
0.00764559167159
0.00764972532395
0.00765505721436
0.00766156695212
0.00766924001759
0.00767806677246
0.0076880223848
0.00769907539058
0.00771119998178
0.00772438617221
0.00773861090295
0.00775382844302
0.00776999913976
0.00778709828391
0.00780511251426
0.00782401511901
0.00784373206349
0.0078642108662
0.0078854239815
0.00790734782329
0.00792996042103
0.00795318573644
0.0079769239932
0.00800113011584
0.00802577351532
0.00805081435211
0.0080762013006
0.00810188411287
0.00812770487184
0.00815359216486
0.00817950934809
0.0082054040092
0.008231208958
0.00825684879133
0.00828224397992
0.00830731489869
0.00833194755761
0.00835602449215
0.00837950276705
0.00840231660416
0.00842438917553
0.00844564128452
0.00846599450556
0.00848537245346
0.00850370142677
0.00852091091456
0.00853693413995
0.00855170860792
0.00856517669695
0.00857728594024
0.00858798957699
0.00859724756041
0.00860502707618
0.00861129831926
0.00861603632779
0.00861922049755
0.00862083414755
0.00862086505497
0.00861930734693
0.00861616195321
0.00861143681425
0.00860514894012
0.00859732500823
0.00858799843107
0.00857721354713
0.00856502507311
0.00855149180283
0.00853668527297
0.00852064529053
0.00850342476676
0.00848514642287
0.0084659372532
0.00844552216869
0.00842394338274
0.00840142168697
0.00837818158776
0.00835440388809
0.00833023310031
0.00830578961201
0.00828117648004
0.00825648250502
0.0082317836981
0.00820714414123
0.0081826169848
0.00815824563252
0.00813406464391
0.00811010076203
0.00808637448933
0.00806290207723
0.00803969783485
0.00808052968176
0.00805588701048
0.00803170033388
0.00800800805058
0.00798485203622
0.00796227588801
0.00794032531134
0.0079190495
0.00789850264111
0.00787874343836
0.00785983192721
0.00784182687618
0.00782478470885
0.00780876167936
0.00779381349226
0.00777999189728
0.00776734094353
0.00775589964951
0.00774570513046
0.00773679005905
0.00772917957931
0.0077228931118
0.00771794958272
0.00771436242975
0.00771213616664
0.00771126849452
0.00771176269647
0.00771361446712
0.00771680826772
0.00772132404026
0.00772715578244
0.007734286678
0.0077426854422
0.00775232213087
0.00776318091591
0.00777524781961
0.00778847881691
0.00780283133219
0.00781827918766
0.00783481664143
0.00785240274438
0.00787097029462
0.00789047914602
0.00791090963992
0.0079322489226
0.00795445109254
0.00797740935097
0.00800108152889
0.00802544773395
0.00805047987587
0.00807614417496
0.00810233126776
0.00812893203839
0.00815592109346
0.00818326317421
0.00821090367667
0.00823877705164
0.00826681617635
0.00829485175901
0.00832282857313
0.00835070326151
0.00837840596609
0.00840585525706
0.00843296537968
0.00845964898492
0.00848581870881
0.00851139835205
0.00853630905358
0.00856044740337
0.00858372418579
0.00860605582699
0.0086273615628
0.00864756375812
0.00866658848796
0.00868436586902
0.00870083037797
0.00871592127397
0.0087295830442
0.00874176593477
0.00875242601798
0.0087615258525
0.00876903585553
0.00877493134822
0.00877919171791
0.0087817997328
0.00878274138541
0.00878200494674
0.0087795827656
0.00877547401489
0.00876968393637
0.00876222511742
0.00875312127905
0.00874240525125
0.00873011423302
0.00871630273703
0.00870103214033
0.00868436235869
0.00866637117669
0.00864714900448
0.00862676786853
0.00860531472166
0.00858288198356
0.0085591138129
0.00853419940869
0.00850843674237
0.00848204960556
0.00845520063078
0.00842801986971
0.00840061882886
0.00837309564721
0.00834553701325
0.00831801906688
0.00829060795941
0.0082633607582
0.00823632649278
0.00820954667498
0.00818305593852
0.00815688346127
0.00813105498096
0.00810559517692
0.0081361436332
0.00810998330581
0.0080844290938
0.0080595317125
0.00803534367268
0.00801191732621
0.00798930599003
0.00796756616184
0.00794675963268
0.00792695154172
0.00790820543424
0.00789058091941
0.00787413404872
0.00785892161953
0.00784499821059
0.00783241088379
0.00782119634596
0.00781138780305
0.00780301701171
0.00779610782291
0.00779067400742
0.00778672545341
0.00778427460675
0.00778332305667
0.00778386058019
0.00778587338994
0.00778936140842
0.00779430505265
0.00780067135395
0.00780843078043
0.00781757948454
0.00782808275164
0.00783989077506
0.00785296859437
0.00786730387324
0.00788287385944
0.00789960655239
0.00791745538362
0.00793640077039
0.00795643990339
0.00797750141141
0.00799949969462
0.00802240634241
0.0080462065326
0.00807088031884
0.00809635478693
0.00812249886707
0.00814929500776
0.00817672065593
0.00820473260828
0.00823327838053
0.00826222699999
0.00829147320859
0.00832099919746
0.00835075141918
0.00838065686867
0.00841063537657
0.00844060415994
0.00847050045331
0.00850022007441
0.00852966113062
0.00855873054214
0.00858733625808
0.00861538604691
0.00864278801817
0.00866945271303
0.00869529067616
0.00872020746092
0.00874411277556
0.00876692488924
0.00878856772623
0.00880896907964
0.00882806062292
0.008845778344
0.00886206281787
0.00887685948086
0.00889011901696
0.00890179774868
0.00891185816194
0.00892026869642
0.00892700478698
0.00893204949293
0.00893538859282
0.00893701093528
0.00893690620198
0.00893506542717
0.00893147896195
0.00892614229616
0.00891905853725
0.00891023481752
0.00889968859538
0.00888745219015
0.00887356269653
0.00885806075313
0.00884101935155
0.00882250057633
0.00880256348718
0.00878130596556
0.00875880808842
0.00873512777422
0.00871038824412
0.00868466645327
0.00865770926588
0.00862971833459
0.00860101322514
0.00857179035507
0.00854218873072
0.00851232494904
0.00848230315998
0.00845221763611
0.00842215365396
0.00839218798876
0.00836238925849
0.00833281884159
0.00830353172065
0.008274576446
0.00824599538227
0.0082178261765
0.0081901040053
0.00816286411714
0.0081820721698
0.00815498893697
0.00812867656886
0.0081031977677
0.00807861435346
0.00805498592675
0.00803237243182
0.00801083741153
0.00799045042727
0.00797128179429
0.00795339570452
0.00793684977695
0.00792169816928
0.00790799771958
0.00789579928472
0.00788514080377
0.00787604825975
0.00786854883124
0.00786266725061
0.00785841375423
0.00785578711209
0.00785478771906
0.00785542157687
0.00785767215686
0.00786151096202
0.0078669146717
0.00787388298414
0.0078823706409
0.0078923258426
0.00790371592369
0.0079165435024
0.0079307420327
0.00794624519698
0.00796302245263
0.00798106740604
0.00800033889023
0.00802073189923
0.00804221120228
0.00806476605869
0.00808838683342
0.00811296655973
0.00813841546739
0.00816472153737
0.00819186239142
0.00821979986619
0.00824843343346
0.00827761996515
0.00830736252529
0.00833762166099
0.00836833354434
0.00839942633961
0.00843083500168
0.00846247517048
0.0084942442034
0.00852605239453
0.00855781076337
0.00858942765731
0.00862081443843
0.00865186791513
0.00868248068653
0.0087125540267
0.0087419960437
0.0087707173602
0.0087986298362
0.00882564628598
0.00885168355141
0.00887665443175
0.00890045986072
0.00892301433467
0.00894424663934
0.00896409435476
0.00898250043608
0.00899941230996
0.00901478190689
0.00902856577127
0.00904072527609
0.00905122699072
0.00906004303459
0.00906715163955
0.00907253648333
0.00907618874345
0.00907810491788
0.00907828286968
0.00907671793937
0.0090734034215
0.00906833165237
0.00906149033136
0.0090528788626
0.00904250338436
0.00903037114488
0.0090165100101
0.00900096495528
0.00898377403903
0.00896498763064
0.00894470881531
0.0089229867847
0.00889988884025
0.00887554377965
0.00885002302286
0.008823379527
0.00879575673185
0.00876720025557
0.00873753854902
0.00870702254497
0.0086758876568
0.00864430607498
0.00861241167076
0.00858031889062
0.00854813065368
0.00851594107814
0.00848383655311
0.00845189633075
0.00842019290781
0.00838879319023
0.00835775898829
0.00832714620925
0.00829700488458
0.00826738108914
0.00823831967106
0.00820986696796
0.00821706069498
0.00818973920013
0.00816336791008
0.00813802025545
0.00811376496508
0.00809066695465
0.00806879199471
0.00804821083742
0.00802900099523
0.00801123509839
0.00799497341237
0.0079802684442
0.00796717145819
0.00795573931833
0.0079460140808
0.00793801843835
0.00793176507728
0.00792727687185
0.00792456810713
0.00792362823389
0.00792443862968
0.00792699281674
0.00793128939791
0.00793728351836
0.00794492799034
0.00795419599565
0.00796508852507
0.00797751807226
0.00799142097973
0.00800677184571
0.00802357815976
0.00804172458132
0.00806114208834
0.00808181361344
0.00810373219384
0.00812682981199
0.0081509787426
0.00817616550848
0.00820237471913
0.00822957623032
0.00825762162869
0.00828642377152
0.00831598405347
0.00834626197946
0.00837719712394
0.00840872620872
0.00844077317843
0.00847323824761
0.00850603837657
0.00853909048912
0.0085723116065
0.00860560560795
0.00863886178884
0.00867197783602
0.00870486078807
0.00873742058951
0.0087695649163
0.00880120891495
0.00883223804427
0.00886253649137
0.00889200540808
0.0089205589349
0.00894811754348
0.00897460498041
0.00899994691878
0.0090240731731
0.0090469130547
0.00906838528613
0.00908841371331
0.00910693566141
0.00912390070175
0.00913926702795
0.00915299918959
0.00916506705698
0.00917544532629
0.00918411345709
0.00919105593047
0.00919626251715
0.00919972884048
0.00920145493059
0.00920144938413
0.00919972135497
0.0091962786515
0.00919111566881
0.00918422502276
0.00917559551262
0.00916520925415
0.0091530778697
0.00913921020439
0.00912361775701
0.00910635317157
0.00908747796798
0.0090670296097
0.00904508392106
0.00902177619845
0.00899713291809
0.00897124762937
0.00894427183935
0.00891626927679
0.00888730615728
0.00885751780087
0.00882686960994
0.00879537508195
0.00876308533529
0.00873018324986
0.00869685495723
0.00866325228213
0.00862950086076
0.00859571043527
0.0085619802193
0.00852840141061
0.00849505848316
0.008462029953
0.00842939010058
0.00839720871665
0.00836554932128
0.0083344695084
0.00830402395243
0.00827426779524
0.0082452593635
0.00824007902094
0.00821329155477
0.00818764765705
0.00816322853917
0.00814010617495
0.00811834890916
0.00809802820445
0.00807922276419
0.00806201766684
0.00804648197603
0.00803266571957
0.00802061408562
0.00801037518841
0.00800200611656
0.00799553057226
0.00799094908914
0.00798826140317
0.00798748994256
0.00798863078
0.00799164364751
0.00799649435219
0.00800317481203
0.00801167145232
0.00802189774994
0.00803379555891
0.00804734311849
0.00806253739316
0.00807923230165
0.00809737303965
0.00811694709862
0.00813795284485
0.00816022847349
0.00818372040692
0.00820841680286
0.00823429353589
0.00826123855363
0.00828909551212
0.00831788465225
0.00834757585605
0.00837811443118
0.00840943360366
0.00844144297683
0.00847405285184
0.00850718554425
0.00854076408114
0.00857470118146
0.00860888223864
0.00864320416017
0.00867757765123
0.00871191564219
0.00874613487516
0.00878013244828
0.00881378350692
0.00884697790996
0.00887962197493
0.00891163070693
0.00894291968967
0.00897341235772
0.00900301370839
0.00903161860277
0.00905913091805
0.00908546916422
0.00911056311627
0.00913434982926
0.00915677089163
0.00917777246865
0.00919730406518
0.00921531117392
0.00923173842635
0.00924653735365
0.0092596700626
0.00927110858375
0.0092808330649
0.00928883016766
0.00929509194996
0.00929961543001
0.00930240266117
0.00930346082584
0.00930280264165
0.00930044394185
0.00929641090466
0.00929072218896
0.00928338659547
0.00927438609088
0.00926371256333
0.00925134851734
0.00923727679016
0.0092215387911
0.00920414660518
0.00918513082831
0.00916458412156
0.00914258356189
0.00911917096371
0.00909445693927
0.00906858855467
0.00904157477171
0.00901353407689
0.00898461621187
0.00895481642838
0.00892421385975
0.00889297881222
0.00886117963598
0.00882863639713
0.00879532141562
0.00876138272226
0.00872701361503
0.00869238702027
0.00865764711244
0.00862291711628
0.00858830642763
0.00855391491324
0.00851983525999
0.00848615444049
0.00845295627197
0.00842031947967
0.00838831498137
0.00835700771728
0.00832646149848
0.00829674289891
0.0082679234987
0.00825020521641
0.00822480921808
0.00820076236307
0.00817814800878
0.00815703677912
0.00813749962046
0.00811961469261
0.00810346973253
0.00808915507104
0.00807672548759
0.00806621411843
0.00805765881699
0.00805110589865
0.00804661103227
0.0080441632473
0.0080437369575
0.00804532468207
0.00804895221553
0.00805458244986
0.0080621388283
0.00807158083402
0.00808290307368
0.00809606870447
0.00811094077887
0.00812746832061
0.00814563636387
0.00816542307117
0.00818663523248
0.00820924226583
0.00823322721572
0.00825856194489
0.00828499350854
0.00831250819466
0.00834110103036
0.00837072520179
0.00840131113368
0.00843276138537
0.0084649807517
0.0084978927284
0.00853142630472
0.00856548031244
0.00859993626038
0.00863469574656
0.00866967366982
0.0087047901353
0.00873995500768
0.00877503997244
0.00880992959292
0.00884452922173
0.00887875352697
0.00891252401802
0.00894575234478
0.00897832888167
0.00901014518593
0.00904110672526
0.00907113235969
0.00910014727153
0.00912808468966
0.00915487417961
0.00918043641128
0.00920469156199
0.00922756843136
0.00924900700859
0.00926895703624
0.0092873755492
0.009304225431
0.00931947511412
0.00933309493709
0.00934505474498
0.00935532664841
0.00936388907482
0.0093707285983
0.00937583983226
0.0093792243536
0.00938088956026
0.00938084813641
0.00937911801503
0.009375722191
0.00937068879498
0.00936404807077
0.00935584297416
0.00934609029486
0.00933478717601
0.0093218945065
0.00930741528109
0.00929133090605
0.00927364583194
0.00925444723145
0.0092337566649
0.00921164014664
0.00918822533566
0.00916359412488
0.00913779466707
0.00911095462901
0.00908321227816
0.00905445059394
0.00902487531164
0.00899464448436
0.00896379176562
0.00893235673196
0.00890044521475
0.00886806585566
0.00883508999601
0.00880144593157
0.00876721487196
0.00873256366198
0.00869767016635
0.00866269372599
0.00862777279618
0.00859302989368
0.00855857643008
0.00852451579998
0.00849094568485
0.00845796149813
0.00842565092593
0.00839409118276
0.00836335437913
0.00833351465733
0.00830465174702
0.00827685192882
0.00824643822761
0.00822337267943
0.00820186967227
0.00818200552484
0.00816384551376
0.00814746488782
0.00813295057403
0.00812039966198
0.00810990113899
0.00810147884594
0.00809514599616
0.00809093607031
0.0080888959672
0.00808907299118
0.00809139880147
0.00809582819806
0.00810235700917
0.00811101162574
0.00812170258284
0.00813432160156
0.00814883515316
0.00816523424978
0.00818344919828
0.0082033081597
0.00822477281455
0.0082478150309
0.00827237031628
0.0082981273789
0.00832513454875
0.00835336888895
0.0083827746502
0.008413238099
0.00844464435297
0.00847690857777
0.00850995658504
0.00854369465865
0.00857798721998
0.00861272612663
0.00864782412071
0.00868320813532
0.0087187740927
0.0087543914401
0.00878994867412
0.00882535523707
0.00886053242961
0.00889540115686
0.00892985406982
0.00896377883874
0.00899707717252
0.00902966459337
0.00906146724539
0.00909241315712
0.00912241967465
0.00915139741585
0.00917926151115
0.0092059378833
0.0092313616124
0.00925547647947
0.0092782313329
0.00929957339024
0.00931944747007
0.00933780117421
0.00935458943237
0.00936977603734
0.00938333296804
0.00939523904742
0.00940547962868
0.00941404515797
0.00942092822712
0.00942612287363
0.00942962645741
0.00943144168494
0.00943157761086
0.00943004949662
0.00942687825879
0.00942209028732
0.00941571739902
0.00940779625514
0.00939836827608
0.00938747564014
0.00937517704996
0.00936146405437
0.00934631619522
0.00932968309346
0.00931160247393
0.00929207285551
0.00927114171033
0.00924893577832
0.00922548910758
0.00920089330073
0.00917528728362
0.00914867892082
0.00912107813664
0.0090926965401
0.00906366845803
0.00903394112503
0.00900360021681
0.00897278173124
0.00894150434857
0.00890977566302
0.00887770133878
0.00884530749884
0.00881250603443
0.00877920640683
0.00874542507247
0.00871127896941
0.00867692815022
0.00864253473924
0.00860824795403
0.00857420283614
0.00854052325387
0.0085073246277
0.0084747169729
0.00844280871346
0.00841169457158
0.00838145591419
0.00835217245865
0.00832393088416
0.00829682621528
0.00827096059096
0.00822739591623
0.00820767435232
0.00818972757602
0.00817361255947
0.00815938925975
0.00814714244011
0.00813696929181
0.00812897336108
0.00812322884182
0.00811970891146
0.00811841214123
0.00811937440061
0.00812264087127
0.00812823537298
0.00813601485646
0.00814593665455
0.00815800399369
0.00817222620616
0.00818846542893
0.00820659739264
0.00822658646302
0.00824839744568
0.00827187539133
0.00829675135603
0.00832306325865
0.00835077422055
0.00837981132367
0.0084100108073
0.00844125192052
0.00847344820583
0.00850652896793
0.00854034072445
0.00857474252973
0.00860963215137
0.00864492927734
0.00868054268349
0.00871633204508
0.00875217368885
0.00878797085272
0.00882364917574
0.00885912384352
0.00889428456405
0.00892902145509
0.00896324057732
0.00899686344526
0.00902982084947
0.00906203380224
0.00909341248597
0.00912386889822
0.00915332453399
0.00918171158035
0.00920897042319
0.00923504173883
0.00925986174787
0.00928336570751
0.00930549409993
0.00932619497087
0.00934542452218
0.00936314697382
0.00937933074316
0.00939394480038
0.00940695930391
0.00941834841699
0.00942809263422
0.00943617956996
0.00944260353164
0.00944736541596
0.00945047219521
0.0094519348334
0.00945176661348
0.00944998320128
0.00944660362155
0.00944165122468
0.00943515415679
0.00942714562553
0.00941766429356
0.00940675407398
0.00939446326855
0.00938084481577
0.00936594939222
0.00934984595569
0.00933247658797
0.00931382276962
0.00929385848094
0.00927266842682
0.00925027654706
0.00922676164679
0.00920227111065
0.00917669386427
0.0091501992584
0.0091229809815
0.0090950781892
0.00906648028616
0.00903730843569
0.00900770951022
0.00897760729474
0.00894704951773
0.00891617242997
0.00888502450561
0.00885360372405
0.00882198500548
0.00879021208773
0.00875823882811
0.00872598000381
0.00869340691981
0.00866058172278
0.00862762968535
0.00859470068865
0.00856194574615
0.00852950820837
0.00849752285961
0.00846611680902
0.00843541305174
0.00840553302567
0.00837657335981
0.00834861701663
0.00832175344509
0.00829608514486
0.0082717242791
0.00824878885151
0.00819081554882
0.00817551124253
0.00816217741636
0.0081508404504
0.00814156360315
0.00813444756843
0.00812959642075
0.00812711048649
0.0081270305743
0.00812926786528
0.00813382191951
0.0081407315116
0.00815002580497
0.00816169068332
0.0081755351814
0.00819152214378
0.00820963705488
0.00822985156059
0.0082518586842
0.00827551982853
0.00830085592738
0.00832781323511
0.00835627192286
0.00838603259673
0.00841696872246
0.00844898504715
0.00848199404619
0.00851579169694
0.00855022623257
0.00858519042514
0.00862061251423
0.00865635038818
0.00869225123322
0.00872819635353
0.00876409921859
0.00879988263173
0.00883543787606
0.00887064909855
0.00890541623915
0.00893966196424
0.00897331758958
0.00900630372625
0.00903853239832
0.00906991961585
0.00910039216012
0.00912988857234
0.00915835080478
0.00918571574442
0.00921191697802
0.00923689101808
0.00926058131084
0.00928293991686
0.00930392485572
0.00932349505008
0.00934160882759
0.00935822658858
0.00937331338243
0.0093868406126
0.00939878743143
0.00940913943244
0.00941788574225
0.00942501777023
0.00943052983494
0.00943442059789
0.00943669411352
0.00943736005818
0.00943643402805
0.00943393741834
0.00942989605691
0.00942433874634
0.00941729668966
0.00940880348412
0.00939889551844
0.00938761277944
0.00937499989612
0.00936110680028
0.00934598796983
0.00932970215051
0.00931231021003
0.00929386976461
0.00927444761319
0.00925394257196
0.00923237636468
0.00920976479697
0.00918622065146
0.00916161374135
0.00913610266236
0.00910991571578
0.00908300565845
0.00905544308099
0.00902738775563
0.00899888657067
0.00896989959636
0.00894052212306
0.00891091549431
0.00888105077408
0.0088509339368
0.0088206675902
0.00879032213391
0.00875990700153
0.00872946918707
0.00869905555583
0.00866865463375
0.00863820179734
0.00860764693915
0.0085770067766
0.00854636553069
0.00851584901406
0.00848559982759
0.00845576292772
0.00842648014768
0.00839788809786
0.00837012212897
0.00834331415546
0.00831755340539
0.00829292368603
0.00826952908354
0.00824749126661
0.00822693952741
0.00820800539251
0.0081327007432
0.00812291712356
0.00811526419126
0.00810973819108
0.00810642119212
0.00810542725487
0.00810685302375
0.00811077760812
0.00811720651465
0.00812600907849
0.00813717960991
0.00815073279641
0.00816665891387
0.00818484890318
0.00820488966899
0.00822688926055
0.00825084344869
0.00827669095362
0.00830422893046
0.00833325138296
0.00836363456585
0.00839527703988
0.00842803991414
0.00846168472775
0.00849604280375
0.00853099616367
0.0085664598022
0.00860225185241
0.00863820166125
0.00867418299341
0.00871011737899
0.00874590336341
0.00878141475732
0.00881653480483
0.00885117304093
0.00888526086209
0.00891872365289
0.00895147513273
0.00898343021626
0.00901451695106
0.00904467730051
0.00907385613875
0.00910199331457
0.00912902630582
0.00915489618431
0.00917955227364
0.0092029514339
0.00922505209918
0.00924581111318
0.0092651853684
0.00928313492793
0.00929962612341
0.00931463205254
0.00932812994514
0.00934009887747
0.00935051990172
0.00935937708642
0.00936665910227
0.00937236103714
0.00937648423683
0.00937903473097
0.00938002206371
0.00937945890004
0.00937736139392
0.00937374974124
0.00936864847537
0.00936208700173
0.00935409964284
0.00934472464211
0.00933400311581
0.00932197857905
0.00930869635426
0.00929420358233
0.00927855067804
0.00926179296289
0.00924399068224
0.00922520788223
0.00920551320584
0.0091849681871
0.00916363636063
0.00914157491336
0.00911867868402
0.00909496303667
0.00907031930547
0.00904502113969
0.00901902360546
0.00899239746009
0.00896534580096
0.00893782359029
0.00890986043973
0.0088816106309
0.00885316294574
0.00882449277397
0.00879564916609
0.00876677358672
0.008737889187
0.00870899092841
0.00868014152909
0.00865141216131
0.00862282749294
0.00859441890355
0.00856622790109
0.00853826574052
0.00851049299446
0.00848285732059
0.00845534571948
0.00842800459389
0.00840092982868
0.00837424701899
0.00834809513969
0.00832261742873
0.0082979560156
0.00827425629359
0.00825165425745
0.00823021938468
0.00821004144193
0.00819124590612
0.00817397384746
0.00815836753644
0.00814456620746
0.00804582603367
0.00804264562448
0.00804172372411
0.00804304638486
0.00804670140216
0.00805278983047
0.00806137577152
0.00807250429192
0.00808602303989
0.00810159722384
0.00811937445669
0.00813938455024
0.00816158425606
0.00818587757582
0.00821196921606
0.00823974038692
0.00826911099513
0.00829999696224
0.00833217109677
0.00836536640346
0.00839940040553
0.00843414703539
0.00846947906415
0.008505181396
0.00854106166263
0.00857698025525
0.00861284949743
0.0086485450834
0.00868392226099
0.00871885433947
0.00875325495318
0.0087870517247
0.00882016100314
0.00885249342305
0.00888397031814
0.00891453048759
0.00894412172216
0.00897268942743
0.0090001754877
0.00902652508228
0.00905169273016
0.00907564031451
0.00909833061987
0.00911972459309
0.00913978307941
0.00915847088773
0.00917575904965
0.00919162273072
0.00920603851412
0.00921898359875
0.00923043688786
0.00924038149665
0.00924880606023
0.00925570388374
0.00926107170985
0.00926490926318
0.00926721908727
0.00926800743677
0.00926728579268
0.00926507081605
0.0092613835711
0.00925624896945
0.00924969530822
0.00924175410611
0.00923246010617
0.00922185132409
0.00920996957409
0.00919686048417
0.00918257264729
0.00916715688974
0.00915066615988
0.00913315441414
0.00911467693794
0.00909529334159
0.0090750690336
0.00905407364748
0.00903238121673
0.0090100639401
0.00898718096047
0.00896379689921
0.00893994925473
0.00891530719065
0.00889016263585
0.00886444143423
0.00883830178513
0.00881171791429
0.00878473003995
0.00875753746975
0.00873016218018
0.00870261188084
0.00867500160318
0.00864744097149
0.00861994022055
0.00859252103075
0.00856528761235
0.00853829236458
0.00851153884978
0.00848506119102
0.00845891763681
0.00843314139629
0.00840775725027
0.00838279946133
0.0083582911376
0.00833421505613
0.00831052788633
0.00828720223344
0.0082642552959
0.00824175279028
0.00821979765988
0.0081985156614
0.00817804459616
0.00815852645527
0.00814011176963
0.00812293101729
0.00810702672906
0.00809250670562
0.00807951898948
0.00806821598637
0.00805874297155
0.00805123734371
0.00791708230431
0.00792150690019
0.00792803229422
0.00793656849835
0.00794735295986
0.00796050532508
0.00797606054341
0.00799401560721
0.0080142461144
0.00803646542891
0.00806060186157
0.00808661985279
0.00811445336623
0.0081439980145
0.00817493131629
0.00820704400938
0.00824020111111
0.00827429369757
0.00830911885178
0.00834440659224
0.00837993375076
0.00841554755707
0.00845113520805
0.00848654613986
0.00852161488698
0.00855620094863
0.00859021118087
0.008623563801
0.00865616375619
0.00868791337837
0.00871873477114
0.00874857239787
0.00877737636809
0.008805092673
0.00883166824088
0.00885705610069
0.0088812205477
0.008904130631
0.00892575424432
0.00894605877642
0.00896501551717
0.00898260126959
0.00899879602589
0.00901358038532
0.00902693486165
0.0090388419696
0.0090492882043
0.00905826371399
0.00906576147432
0.00907177646598
0.00907630569553
0.00907934965799
0.00908091309042
0.00908100464691
0.00907963670056
0.00907682525475
0.00907258938844
0.00906695168364
0.00905993919254
0.00905158296691
0.00904191759288
0.00903098111848
0.00901881481398
0.00900546289392
0.0089909722048
0.00897539204234
0.00895877457215
0.00894117465343
0.00892264901476
0.00890325578582
0.00888305482015
0.00886210566639
0.00884046961925
0.00881821521932
0.00879541753293
0.00877215594941
0.00874851302547
0.00872455274549
0.00870033163653
0.00867591295243
0.00865127584567
0.00862597046746
0.00860036825171
0.00857443110307
0.00854829117887
0.00852199581586
0.00849557522394
0.00846918657029
0.00844290386836
0.0084167458034
0.00839079119868
0.00836514532844
0.00833984801859
0.00831491422779
0.00829041258486
0.0082664015312
0.0082428966265
0.00821991691033
0.00819750394612
0.00817569085722
0.00815449897303
0.00813395601341
0.00811408897502
0.00809489594617
0.00807634605657
0.00805840830334
0.00804108010162
0.00802440002405
0.00800844529218
0.00799332189878
0.00797915439996
0.00796607711495
0.00795423697135
0.00794375965307
0.0079346836602
0.00792712320328
0.007921230395
0.00791715143544
0.00791502033809
0.00791496049889
0.00771634264313
0.00772809104851
0.00774191992925
0.00775769793924
0.00777550610772
0.0077954181093
0.00781743311246
0.00784148759318
0.0078674472268
0.00789499515118
0.00792394879258
0.00795421483704
0.00798570867274
0.00801833684489
0.00805183441622
0.00808595052848
0.00812048229502
0.0081552690149
0.00819013836106
0.0082248790429
0.00825928717958
0.00829320612169
0.00832653099238
0.00835916565315
0.00839100068522
0.00842192740119
0.00845186309101
0.00848075006751
0.00850853509662
0.00853516082173
0.0085605749127
0.00858473933464
0.00860762644357
0.00862921043709
0.00864946525432
0.00866836579221
0.00868589233599
0.00870203010314
0.00871676604934
0.00873008747025
0.00874198347354
0.00875244587563
0.00876146899564
0.00876904903491
0.00877518338546
0.00877987159639
0.00878311600514
0.00878492136776
0.0087852953208
0.00878424828848
0.00878179347629
0.00877794770537
0.00877273123126
0.00876616726631
0.00875828237187
0.00874910676857
0.00873867375725
0.00872702009421
0.00871418647269
0.00870021644535
0.00868515612816
0.00866905444768
0.00865196305705
0.00863393605719
0.00861502954977
0.00859530136846
0.00857481144161
0.00855362133391
0.00853179339195
0.00850939058146
0.00848647724534
0.00846311544023
0.00843937164844
0.00841532460388
0.0083910593513
0.00836666828081
0.00834222484894
0.00831778480575
0.00829339881098
0.00826912455773
0.00824497963337
0.00822053188091
0.00819595275095
0.00817111266109
0.00814611578646
0.00812120755004
0.00809647077851
0.00807203217619
0.00804799277464
0.00802439604307
0.00800130135696
0.00797879758526
0.00795693941019
0.00793574500961
0.00791525731064
0.00789552680011
0.00787657542023
0.00785841547693
0.00784107361446
0.00782457633585
0.00780894027638
0.00779418681405
0.00778034094855
0.0077674073283
0.00775536443011
0.00774418192556
0.00773384392931
0.00772436505316
0.00771579468467
0.00770821255205
0.00770172086317
0.00769643569011
0.00769249245707
0.00768990782716
0.00768852514492
0.00768860822479
0.00769034761572
0.00769388204113
0.0076993275825
0.00770678675875
0.00738628592858
0.00740469238277
0.00742490686803
0.00744675322838
0.00747020607791
0.00749525962159
0.00752181312724
0.0075497840533
0.00757907181976
0.00760942828718
0.00764061512615
0.00767246985403
0.00770487389075
0.00773773688891
0.00777088302669
0.00780411027549
0.00783716998268
0.00786984372706
0.00790197300603
0.00793342124416
0.00796405364277
0.0079937504051
0.0080224248604
0.00805001438782
0.00807645871151
0.00810169401043
0.00812566553748
0.00814833606303
0.00816967898033
0.00818966934423
0.00820828382061
0.00822550508993
0.00824132215702
0.00825572773576
0.00826871618208
0.00828028261706
0.00829042351823
0.00829913731126
0.00830642457335
0.00831228789064
0.00831673208054
0.00831976325478
0.00832138884631
0.00832161837086
0.00832046352892
0.00831793907012
0.0083140622023
0.00830885161491
0.00830232860621
0.00829451741799
0.00828544551093
0.00827514417778
0.0082636474883
0.0082509915893
0.0082372154942
0.00822236153261
0.00820647470372
0.00818960325629
0.00817179879499
0.00815311457975
0.00813360550592
0.00811332862063
0.00809234305998
0.00807070973863
0.00804849084286
0.00802574960659
0.00800255070745
0.00797895948478
0.00795504105579
0.00793086057562
0.007906484281
0.00788197341488
0.00785740122277
0.00783285959107
0.00780844684942
0.00778425779409
0.00776034246104
0.00773674919974
0.00771352289395
0.00769071445074
0.0076683708341
0.00764615669838
0.00762406586829
0.0076019890933
0.0075799464242
0.00755815745546
0.00753676870113
0.00751591595274
0.00749572009924
0.00747625303469
0.00745757100895
0.00743974502262
0.00742283173386
0.00740685485648
0.00739184120882
0.00737782681049
0.00736483217826
0.00735286534011
0.00734193956473
0.00733206920217
0.00732326168688
0.00731552899517
0.00730888693056
0.00730333624918
0.00729885710585
0.00729541744479
0.00729298818139
0.00729155801853
0.00729114192022
0.00729178218964
0.00729354465239
0.0072965108642
0.00730078644536
0.00730640480043
0.00731322659775
0.00732136570751
0.00733097569273
0.00734218408895
0.00735509012899
0.00736977397437
0.00681970031953
0.00684261937561
0.00686686778421
0.00689231957091
0.00691889407796
0.00694634991928
0.00697452045522
0.00700333009041
0.00703273849187
0.00706261855308
0.00709277539763
0.00712302456363
0.00715321968037
0.00718326249339
0.00721303725391
0.0072424349638
0.00727117981229
0.00729902931612
0.00732585277056
0.0073515826167
0.00737616025663
0.00739952280772
0.00742161638048
0.00744240277687
0.00746185249223
0.0074799376273
0.00749663442108
0.00751192684666
0.00752580537165
0.00753826475531
0.00754930329102
0.00755892211441
0.00756712369088
0.00757391284065
0.00757929721734
0.00758328689876
0.00758589214576
0.0075871228858
0.0075869906265
0.00758550992421
0.00758269855812
0.00757857519905
0.00757315929032
0.00756647242369
0.00755853888038
0.0075493867205
0.00753904621793
0.00752754841632
0.00751492682354
0.00750121770634
0.00748646053217
0.00747069850936
0.00745397674167
0.00743634149559
0.00741784142336
0.00739852793201
0.00737845433682
0.00735767679644
0.00733625408891
0.00731424530289
0.00729171029831
0.00726871047125
0.00724530860962
0.00722156854221
0.00719755462203
0.00717333163753
0.00714896531771
0.00712452119191
0.00710006371011
0.00707565708919
0.00705136617193
0.00702724763516
0.00700338710739
0.00697989453935
0.00695688301957
0.00693440669392
0.00691250660296
0.00689122269887
0.00687059507044
0.0068506670073
0.00683150510701
0.00681292237341
0.00679481738692
0.00677705388847
0.00675956473243
0.00674248790022
0.00672599117991
0.00671023059455
0.0066953442369
0.0066814265872
0.00666854026952
0.00665674488113
0.00664609100547
0.00663660356361
0.00662830057477
0.00662120381987
0.00661532530842
0.0066106668912
0.0066072300483
0.00660501393478
0.00660401166245
0.00660422237437
0.00660564693881
0.00660827142439
0.00661206658517
0.00661699181459
0.00662300230763
0.00663005960354
0.0066381410104
0.0066472446064
0.00665738975483
0.00666861110376
0.00668096906855
0.00669448690689
0.00670901714771
0.00672454083284
0.00674113129265
0.00675887877996
0.0067778576066
0.0067981253196
0.00583430722526
0.00585850310376
0.0058833982475
0.00590898932948
0.00593510446703
0.00596128948089
0.00598735152956
0.00601329458604
0.00603916444218
0.00606494660751
0.00609054202195
0.00611581265151
0.00614062598622
0.0061648891518
0.00618851829142
0.00621149321091
0.00623344356215
0.00625414906112
0.00627356577739
0.00629170150483
0.00630855721952
0.00632411810707
0.00633836436416
0.00635127907865
0.00636285021844
0.00637307042316
0.00638193767695
0.00638945263997
0.00639561653682
0.00640043412151
0.00640391565981
0.00640607406164
0.00640692081548
0.00640646853495
0.00640473308719
0.00640173427301
0.00639749215426
0.00639202566947
0.00638535525031
0.00637750499532
0.00636850286037
0.00635837736852
0.00634715771897
0.00633487547946
0.00632156505136
0.00630726493898
0.00629201525708
0.00627585607219
0.00625882981029
0.00624098117804
0.00622235767589
0.00620301011632
0.00618298999163
0.0061623489171
0.00614114034834
0.00611941972829
0.00609724340201
0.00607467006302
0.00605176018815
0.00602857312148
0.00600516822456
0.00598160581629
0.00595794688114
0.0059342527384
0.00591058458188
0.00588700358568
0.00586357156678
0.00584034943888
0.00581739638465
0.00579477148488
0.00577253332178
0.0057507297993
0.00572947280411
0.00570889338009
0.00568906237289
0.0056700083187
0.00565176037464
0.00563435339658
0.00561782398254
0.0056022084375
0.00558757465565
0.00557385342683
0.00556094227718
0.00554870919194
0.00553703974732
0.00552596624115
0.00551561296122
0.00550613142086
0.00549766563557
0.00549032175567
0.00548416956771
0.0054792633844
0.00547564522748
0.00547333619445
0.00547234873535
0.00547269295905
0.00547436847782
0.00547736776121
0.00548168051863
0.00548728882011
0.00549416712508
0.00550229808405
0.00551166229512
0.00552222129142
0.0055339249141
0.00554671427136
0.0055605224162
0.00557527979364
0.00559092229141
0.0056073980929
0.005624671661
0.00564272072527
0.00566154524087
0.0056811445101
0.00570139950643
0.00572219894826
0.00574350733214
0.00576534299792
0.0057877391865
0.00581073043732
0.00419051306198
0.00421274328512
0.00423504537794
0.0042574028701
0.0042795023684
0.00430027561462
0.0043201007004
0.00433928428206
0.00435798456773
0.00437626217795
0.00439410096317
0.00441143634591
0.00442818619046
0.00444428740161
0.00445968090366
0.00447444044059
0.00448742211187
0.00449884509628
0.00450893420911
0.00451779017971
0.00452545201694
0.00453193485463
0.00453724566607
0.00454138700141
0.00454436075557
0.00454617275861
0.00454683442862
0.00454635709134
0.00454474907909
0.00454202118739
0.00453818990502
0.00453327387637
0.00452728942109
0.00452025415818
0.0045121890859
0.00450311953597
0.0044930711586
0.00448206886386
0.00447013963927
0.00445731429468
0.0044436273216
0.00442911337144
0.00441380802242
0.00439774933389
0.00438097784199
0.00436353780022
0.004345474147
0.00432683118552
0.00430765534271
0.00428799439802
0.00426789805588
0.00424741839419
0.004226606888
0.00420551431363
0.00418419257712
0.00416269442364
0.00414107235567
0.00411938047589
0.00409767358146
0.00407600421301
0.00405442443567
0.00403298655951
0.00401174269325
0.00399074457921
0.0039700432879
0.00394968950343
0.00392973422653
0.0039102270721
0.00389121570898
0.00387274821382
0.00385486870588
0.00383761344226
0.0038211637606
0.00380563611307
0.00379103192693
0.00377733559264
0.00376456209971
0.00375274142824
0.00374190499766
0.00373208197776
0.00372332877962
0.0037156349548
0.00370893511539
0.00370313089126
0.00369811497319
0.00369386342588
0.00369044103955
0.0036879639643
0.00368655586258
0.00368631159109
0.00368729566741
0.00368955506085
0.00369312100657
0.00369800658903
0.00370421939883
0.00371176115264
0.00372061999765
0.00373077941141
0.00374221944817
0.00375490758144
0.00376880165339
0.00378386943146
0.00380007095386
0.00381734109077
0.00383560583154
0.0038547845939
0.00387478642993
0.00389551194292
0.00391685916954
0.00393873017382
0.0039610364155
0.00398369855209
0.00400665347097
0.0040298531087
0.00405318602267
0.00407650438148
0.00409969673077
0.00412270850981
0.00414552105172
0.00416813932184
0.00182823034939
0.00184001423033
0.00185170562525
0.00186320477387
0.00187429227769
0.00188445360548
0.00189375980157
0.00190239962496
0.00191050917352
0.00191816283381
0.00192538939554
0.00193218799409
0.00193854143526
0.0019444360924
0.00194985660704
0.00195486166743
0.00195895815275
0.00196214287673
0.00196454271931
0.00196624276729
0.00196728180094
0.00196767734754
0.00196743997061
0.00196657597972
0.00196508960134
0.00196298656019
0.00196027607104
0.00195696740537
0.00195306769135
0.00194858531795
0.00194353225995
0.00193792226082
0.00193176793381
0.00192508296868
0.00191788319068
0.00191018739932
0.00190201492383
0.00189338484698
0.00188431756583
0.00187483571047
0.00186496413985
0.00185472767116
0.00184415147819
0.00183326193041
0.00182208647836
0.00181065451183
0.0017989954356
0.00178713774725
0.0017751106986
0.00176294371427
0.00175066679588
0.00173831087168
0.00172590593359
0.00171348096436
0.00170106500585
0.00168868699782
0.0016763751699
0.00166415824104
0.00165206492759
0.0016401221574
0.00162835618302
0.00161679298667
0.00160545807378
0.0015943764653
0.00158357257799
0.0015730704324
0.00156289413893
0.00155306692754
0.00154361082559
0.00153454838943
0.0015258962397
0.00151767610486
0.00151007518053
0.00150311747924
0.00149674475433
0.00149093790854
0.00148570273748
0.00148105424622
0.00147700826251
0.00147357926515
0.00147079654514
0.00146866466926
0.00146715925506
0.00146623780151
0.00146584766568
0.0014659673584
0.00146661701449
0.00146785039837
0.0014697311212
0.00147230932913
0.00147562119481
0.00147969405717
0.00148454492026
0.00149018006543
0.00149660452822
0.00150381903327
0.00151181398869
0.0015205777167
0.00153009626617
0.00154034550001
0.00155129380799
0.00156291690664
0.0015751823823
0.00158803747837
0.00160142418951
0.0016152803738
0.00162953596876
0.00164411334232
0.00165893019694
0.00167390342413
0.00168895287528
0.00170400251017
0.00171898478456
0.00173384508917
0.00174850861244
0.00176287757715
0.00177686520967
0.00179041617477
0.00180350335004
0.00181612539318
0.00030950380643
0.000310558425543
0.000312356427539
0.000314122541783
0.000315782799908
0.000317253542336
0.0003185423542
0.000319686846393
0.000320717416039
0.000321652486324
0.000322501357866
0.000323267590786
0.00032395114622
0.000324552102992
0.000325069711479
0.000325515155989
0.000325810933952
0.000325949002657
0.000325951665147
0.000325835478324
0.000325607945332
0.000325272350328
0.000324830828101
0.000324284583
0.000323634180586
0.000322880496291
0.000322025378678
0.000321070731047
0.000320017836115
0.000318868287079
0.000317624617662
0.00031628980387
0.000314866424682
0.000313357312092
0.000311765802149
0.000310095935496
0.000308351775827
0.000306537213031
0.000304656412559
0.000302714019394
0.000300715129136
0.000298664662528
0.000296567500157
0.000294428743795
0.000292253659393
0.000290047895684
0.000287816984567
0.000285566111938
0.000283300598914
0.000281025747796
0.000278746929041
0.000276469681587
0.000274199240013
0.000271940546362
0.000269698545419
0.000267478147901
0.00026528406691
0.00026312112581
0.000260994146774
0.000258907502909
0.000256865432055
0.000254872144562
0.000252931760672
0.000251048309705
0.000249225712146
0.00024746783132
0.000245778596878
0.000244161766691
0.00024262086124
0.000241159555659
0.000239780518403
0.000238486762431
0.000237306096198
0.000236245553066
0.000235296784809
0.000234456305672
0.000233725128481
0.00023310599935
0.000232601866717
0.000232215420446
0.000231952118126
0.000231813646042
0.000231796814908
0.000231895437566
0.000232101285419
0.000232410850255
0.0002328272012
0.000233359430285
0.000234018761126
0.000234814165497
0.000235752358295
0.000236838696134
0.000238076618077
0.000239467421581
0.000241012265313
0.000242711470104
0.000244563056665
0.000246564503407
0.000248712758189
0.00025100246549
0.000253426352077
0.00025597855045
0.000258651304237
0.000261432034741
0.000264306716376
0.000267260301106
0.000270275901332
0.000273334802936
0.000276417025696
0.000279502105137
0.000282569921137
0.000285601098593
0.000288577986369
0.0002914859906
0.000294308253326
0.000297024469605
0.000299616665783
0.000302073207871
0.000304388725722
0.00030656389269
8.21715456125e-05
8.20966248733e-05
8.19390395948e-05
8.16907756708e-05
8.13594309265e-05
8.09487249585e-05
8.0467779883e-05
7.99285147495e-05
7.93432210912e-05
7.87228504148e-05
7.80760286923e-05
7.7409601e-05
7.6728976279e-05
7.6038656693e-05
7.53422719944e-05
7.46435325094e-05
7.39383559185e-05
7.32260244017e-05
7.25084969748e-05
7.17878492289e-05
7.10650087854e-05
7.03401244557e-05
6.96133054705e-05
6.88845610131e-05
6.81534336771e-05
6.74192468579e-05
6.66817535592e-05
6.59410916629e-05
6.51971528585e-05
6.44496993708e-05
6.36989236553e-05
6.2945495867e-05
6.21899930888e-05
6.14329131248e-05
6.06749586096e-05
5.99172010439e-05
5.9160874683e-05
5.84070569905e-05
5.76567996482e-05
5.691132809e-05
5.61721110253e-05
5.54405868772e-05
5.47180058259e-05
5.40056132655e-05
5.33046845677e-05
5.26166137569e-05
5.19428264169e-05
5.12845064363e-05
5.06427463258e-05
5.00186485754e-05
4.94132864845e-05
4.88278098761e-05
4.82633117251e-05
4.7720681604e-05
4.72007363532e-05
4.67043200626e-05
4.62322088568e-05
4.57851775755e-05
4.53641002932e-05
4.49697312679e-05
4.46026913679e-05
4.4263620029e-05
4.39531763844e-05
4.36720188151e-05
4.34208064923e-05
4.32002029573e-05
4.3010953354e-05
4.28538427787e-05
4.27295840391e-05
4.26389156303e-05
4.25822952375e-05
4.25604723353e-05
4.25761470474e-05
4.26305594662e-05
4.27241463045e-05
4.28575017186e-05
4.30315012696e-05
4.32472243047e-05
4.35058713894e-05
4.38084817936e-05
4.41567053355e-05
4.45522891948e-05
4.4996258319e-05
4.54893604239e-05
4.60318895131e-05
4.66241838921e-05
4.72667795865e-05
4.79606751746e-05
4.87076663411e-05
4.9509368009e-05
5.03669045601e-05
5.12814127287e-05
5.2253739926e-05
5.32837228681e-05
5.43707542355e-05
5.55141050239e-05
5.67118730882e-05
5.79611592994e-05
5.92587103106e-05
6.06002419248e-05
6.19797597886e-05
6.33911145456e-05
6.48279535725e-05
6.62813282138e-05
6.77403397787e-05
6.91935661906e-05
7.06288721709e-05
7.2033280198e-05
7.3393235142e-05
7.46949362526e-05
7.59247350612e-05
7.70695193931e-05
7.81171337371e-05
7.90572898461e-05
7.98815126312e-05
8.05825867418e-05
8.11552273724e-05
8.1596869766e-05
8.19077992963e-05
8.20912188402e-05
)
;

boundaryField
{
    bottomWall
    {
        type            fixedValue;
        value           uniform 1e-15;
    }
    topWall
    {
        type            fixedValue;
        value           uniform 1e-15;
    }
    inlet_half0
    {
        type            cyclic;
    }
    inlet_half1
    {
        type            cyclic;
    }
    outlet_half0
    {
        type            cyclic;
    }
    outlet_half1
    {
        type            cyclic;
    }
    sideRight_half0
    {
        type            empty;
    }
    sideRight_half1
    {
        type            empty;
    }
    sideLeft_half0
    {
        type            empty;
    }
    sideLeft_half1
    {
        type            empty;
    }
}


// ************************************************************************* //
