/*--------------------------------*- C++ -*----------------------------------*\
| =========                 |                                                 |
| \\      /  F ield         | OpenFOAM: The Open Source CFD Toolbox           |
|  \\    /   O peration     | Version:  2306                                  |
|   \\  /    A nd           | Website:  www.openfoam.com                      |
|    \\/     M anipulation  |                                                 |
\*---------------------------------------------------------------------------*/
FoamFile
{
    version     2.0;
    format      ascii;
    arch        "LSB;label=32;scalar=64";
    class       volScalarField;
    location    "5000";
    object      nut;
}
// * * * * * * * * * * * * * * * * * * * * * * * * * * * * * * * * * * * * * //

dimensions      [0 2 -1 0 0 0 0];

internalField   nonuniform List<scalar> 
15600
(
3.09444490958e-08
3.54375586601e-08
1.42234278673e-08
2.66711516986e-09
4.0642781419e-09
1.8118697786e-09
7.01940818649e-10
4.01383036093e-10
2.47139056628e-10
1.71594709233e-10
1.26648815169e-10
1.15490523615e-10
1.22438264394e-10
1.55246720861e-10
2.33336109197e-10
3.85495431499e-10
6.37112835089e-10
1.00112196034e-09
1.49344114386e-09
2.08946287997e-09
2.71981771082e-09
3.3528961719e-09
4.00301450904e-09
4.57717725173e-09
4.97673339523e-09
5.13149357274e-09
4.91960552055e-09
5.70715508347e-09
1.03034783703e-08
1.76619992214e-08
2.51964772614e-08
3.299200559e-08
4.05976433521e-08
4.79732543248e-08
5.50317800866e-08
6.17662439061e-08
6.81554711607e-08
7.41921639239e-08
7.98629410005e-08
8.51561360852e-08
9.00585904894e-08
9.45581966309e-08
9.86447664929e-08
1.02313159088e-07
1.05566320856e-07
1.08412401376e-07
1.1084781786e-07
1.12808833255e-07
1.142913121e-07
1.15335705974e-07
1.15956377584e-07
1.16172364438e-07
1.16005390227e-07
1.15479612466e-07
1.14621201418e-07
1.13457838629e-07
1.12018215632e-07
1.10331509866e-07
1.08426902337e-07
1.06333132484e-07
1.04078115207e-07
1.01688611163e-07
9.91899386497e-08
9.66057123374e-08
9.39575673434e-08
9.12649218051e-08
8.85447513175e-08
8.58117423125e-08
8.30786276164e-08
8.03571849606e-08
7.76586918174e-08
7.49934481332e-08
7.23702429683e-08
6.9795854801e-08
6.72745706502e-08
6.48084207143e-08
6.23972531173e-08
6.0040236859e-08
5.77363793496e-08
5.54839126621e-08
5.32802491617e-08
5.11203634613e-08
4.89974466422e-08
4.69003535824e-08
4.48172505835e-08
4.27288442802e-08
4.06187322135e-08
3.84528059695e-08
3.62131292199e-08
3.38365315066e-08
3.12836774002e-08
2.8355210088e-08
2.67212355355e-08
2.749206382e-08
2.80499236856e-08
2.84166914278e-08
2.78857273954e-08
2.67841284147e-08
2.52440514295e-08
2.36702450554e-08
2.39901219241e-08
2.51592046828e-08
2.66349646598e-08
2.84233522696e-08
2.98955010752e-08
3.08005641479e-08
3.14977613503e-08
3.22854822832e-08
3.35864244178e-08
3.60185452376e-08
4.18648402028e-08
5.27735301433e-08
7.04826783004e-08
1.01977306713e-07
1.55689636658e-07
2.36350125296e-07
2.28868350212e-07
1.19373931321e-07
4.13135323501e-08
2.60596098444e-08
2.41473024667e-06
2.04256061036e-06
1.01178474937e-06
3.17133076471e-07
4.51772638971e-08
8.78470954244e-09
4.99581975379e-09
3.19139657449e-09
2.84617225807e-09
2.64863702953e-09
2.78568477569e-09
3.3355300842e-09
4.40489082435e-09
6.24206462625e-09
9.47583056611e-09
1.5000944672e-08
2.40675056156e-08
3.82899458046e-08
5.99957976397e-08
9.1918951237e-08
1.36732016943e-07
1.96404667202e-07
2.72674501653e-07
3.63515507238e-07
4.58537967721e-07
5.43696702545e-07
6.08313688569e-07
6.52300435034e-07
8.58030298589e-07
1.21340427392e-06
1.57328702575e-06
1.93542609804e-06
2.2972760651e-06
2.65757060949e-06
3.01565302952e-06
3.37156857326e-06
3.72495486965e-06
4.07552049618e-06
4.42270575236e-06
4.7658826903e-06
5.10432852879e-06
5.43731801783e-06
5.76421791673e-06
6.08472760876e-06
6.39921838884e-06
6.70829146281e-06
7.00970499853e-06
7.2956838865e-06
7.56466353288e-06
7.81788949178e-06
8.05440622128e-06
8.27355843028e-06
8.4748074992e-06
8.65774724394e-06
8.82211041802e-06
8.96776732222e-06
9.09472267898e-06
9.20310719897e-06
9.29316795769e-06
9.3652570188e-06
9.41981973337e-06
9.45738327859e-06
9.4785418721e-06
9.48394101627e-06
9.474247557e-06
9.45012198651e-06
9.41216895615e-06
9.36093532794e-06
9.29691643761e-06
9.22065152509e-06
9.13280737938e-06
9.03414374582e-06
8.92543599165e-06
8.80740343054e-06
8.68058250107e-06
8.54532118733e-06
8.40171896992e-06
8.24978164952e-06
8.08954980797e-06
7.92095463879e-06
7.74388262098e-06
7.55774847554e-06
7.36177055825e-06
7.15405882792e-06
6.93283458039e-06
6.69400939994e-06
6.43482843056e-06
6.14702469746e-06
5.82744981856e-06
5.46047389614e-06
5.0398479946e-06
4.53290349277e-06
4.19936805746e-06
4.33760952207e-06
4.48492938212e-06
4.64289779519e-06
4.6923874455e-06
4.67252423298e-06
4.5971066914e-06
4.52837794171e-06
4.4430240504e-06
4.33993850772e-06
4.19748723738e-06
4.01381694814e-06
3.73551138554e-06
3.40278215566e-06
3.06126167804e-06
2.73634432314e-06
2.4514791962e-06
2.23018470366e-06
2.1354704129e-06
2.14959132234e-06
2.31754916492e-06
2.73490594794e-06
3.46636371536e-06
4.28797154019e-06
3.79848900461e-06
2.87542438215e-06
2.19951734576e-06
2.33520403447e-06
3.50435947095e-05
3.18600026256e-05
2.02195788112e-05
7.38568256685e-06
9.88803240361e-07
1.52530689028e-07
9.09683231883e-08
5.94537425423e-08
5.63111921976e-08
5.43020713947e-08
5.85743618848e-08
7.08741678349e-08
9.42408208514e-08
1.33973034161e-07
2.0330109992e-07
3.21222485001e-07
5.14233770764e-07
8.1719655849e-07
1.27886429869e-06
1.95481018692e-06
2.89554255321e-06
4.13563386149e-06
5.68636428374e-06
7.47293064258e-06
9.31975448794e-06
1.08736678748e-05
1.20113428264e-05
1.37394851898e-05
1.81209633071e-05
2.42295459214e-05
3.00098465789e-05
3.55339555095e-05
4.08504813361e-05
4.59775694788e-05
5.09432812156e-05
5.57657926203e-05
6.04573998092e-05
6.50257849391e-05
6.94746325272e-05
7.38052008939e-05
7.80171105072e-05
8.21093209171e-05
8.60811122398e-05
8.99334382277e-05
9.36727428221e-05
9.73374122409e-05
0.00010101554079
0.000104519561451
0.000107826625894
0.000110945058702
0.000113868405646
0.000116592747872
0.000119114884915
0.000121432532535
0.000123544403453
0.000125450216952
0.000127150692354
0.000128647494515
0.000129943170198
0.000131041069983
0.000131945269406
0.000132660492692
0.000133192006506
0.000133545498466
0.000133726817084
0.000133741706543
0.000133595321841
0.000133292170666
0.000132836176409
0.000132231687334
0.000131484404387
0.000130601091136
0.000129588807848
0.000128454139257
0.000127201857963
0.00012583472995
0.000124352797682
0.00012275495022
0.000121040281704
0.000119206632564
0.00011725105875
0.000115165297965
0.000112938026125
0.000110545134549
0.000107961354501
0.000105134474684
0.000102021749266
9.85148276427e-05
9.45517298364e-05
8.99149866943e-05
8.44862465433e-05
7.78749257701e-05
7.33804050017e-05
7.48190549388e-05
7.68565815264e-05
7.89714042969e-05
7.96719010549e-05
7.94297682503e-05
7.84454786175e-05
7.74853657517e-05
7.62255156125e-05
7.46276179697e-05
7.24079627987e-05
6.95009918774e-05
6.51958243168e-05
6.00029139816e-05
5.45551664988e-05
4.92405237203e-05
4.44301877121e-05
4.05410171622e-05
3.85230069091e-05
3.80451027076e-05
3.96635297879e-05
4.43333582624e-05
5.22141365269e-05
5.94841372934e-05
5.46857521375e-05
4.48401856623e-05
3.63098291978e-05
3.45396532789e-05
0.000124232619798
0.000119897319385
8.57807354104e-05
4.06585038234e-05
8.35895994058e-06
1.40157876826e-06
7.59853301632e-07
4.92026914807e-07
4.64722764048e-07
4.48516324896e-07
4.81269090083e-07
5.77548521056e-07
7.61888777979e-07
1.07239697908e-06
1.60760175251e-06
2.50576537706e-06
3.95574779364e-06
6.19018415948e-06
9.51311046991e-06
1.42229968546e-05
2.04900568347e-05
2.82596837847e-05
3.72837353446e-05
4.68141925703e-05
5.55081445086e-05
6.19110835629e-05
6.6585529882e-05
7.44256206677e-05
9.39378214642e-05
0.000119166229342
0.000141980413182
0.000163069045488
0.000182783420611
0.000201322588291
0.00021888811097
0.000235619392739
0.000251619344421
0.000266962031026
0.000281699098153
0.000295867140037
0.000309492126567
0.000322593421662
0.000335188184149
0.000347306680948
0.00035908204635
0.000370609426501
0.000381803836306
0.0003923806226
0.000402328990945
0.000411665922109
0.0004203858566
0.000428488102212
0.000435973069785
0.000442842844326
0.000449101424834
0.000454754779236
0.000459810843849
0.000464279398432
0.000468171916439
0.000471501382763
0.000474282114188
0.000476529591704
0.000478260229759
0.000479491106069
0.000480239356808
0.000480521509092
0.000480352248245
0.000479744148788
0.000478707793194
0.000477254453046
0.00047539868923
0.000473157768232
0.00047054975206
0.000467591445425
0.000464294951542
0.000460666903542
0.000456706439449
0.000452409191021
0.000447770881351
0.000442783865346
0.000437437797907
0.000431708382704
0.000425561319323
0.000418928616185
0.000411733698684
0.000403829666494
0.000395080857103
0.00038517934605
0.000373907521848
0.000360626345182
0.000344938733493
0.000325320161647
0.000311185935423
0.000314919199322
0.00032122517985
0.000327639781256
0.000330141176533
0.000329818225729
0.000327370646853
0.000324846351353
0.000321292866041
0.00031641059161
0.000309324282787
0.00029968285184
0.000285274036237
0.000267530608432
0.000248445020463
0.000229307559302
0.000211406485751
0.000196473659877
0.000188233233419
0.00018568990137
0.00019075332831
0.000206529253649
0.000232889085966
0.000256297998472
0.00023225031376
0.000182913557446
0.000136443290762
0.000122216962515
0.000262327794446
0.000256658354851
0.000188073859986
9.52412741276e-05
3.32392354377e-05
7.76665153344e-06
3.78656542774e-06
2.40257561461e-06
2.25559550773e-06
2.17326878267e-06
2.30995418007e-06
2.73498611034e-06
3.55217868276e-06
4.90018535999e-06
7.16543058861e-06
1.08580186273e-05
1.66255481871e-05
2.51283063586e-05
3.7079887904e-05
5.28768593727e-05
7.2206419891e-05
9.40150719033e-05
0.000117037446817
0.000138990565967
0.000156697150524
0.000168534561057
0.000178288288514
0.00019745298453
0.000244016648822
0.000301643240823
0.000351872917264
0.000397114364362
0.000438433369593
0.000476544344965
0.00051206130166
0.000545412851322
0.000576913778893
0.000606793720785
0.000635219127717
0.000662313339745
0.000688169678806
0.000712864367515
0.000736480604631
0.000759193023044
0.000781151768629
0.000802309939494
0.000822517360581
0.000841514432027
0.000859320921623
0.000875964074782
0.000891449268359
0.000905787077903
0.000918988844786
0.000931067721966
0.000942039177842
0.000951921184621
0.000960734279112
0.000968501408781
0.000975247721542
0.000981000299743
0.000985787896158
0.000989640686885
0.000992589932443
0.000994667559586
0.000995905219125
0.000996333157092
0.00099597818342
0.000994863040734
0.000993006579682
0.000990428332594
0.000987153104563
0.00098321022139
0.000978630407658
0.000973442209191
0.000967666292587
0.000961313745369
0.000954382579112
0.000946864310401
0.000938750019032
0.000930025229157
0.000920670024035
0.000910641573379
0.000899877458852
0.000888260178924
0.000875649950474
0.000861794578235
0.00084644080421
0.00082906192346
0.000809234681457
0.000785855414157
0.000758159427424
0.000722843996066
0.000696483240018
0.000702513018956
0.000714692368502
0.000727111992998
0.00073330994377
0.000734611773299
0.000732423649121
0.000729981796016
0.000725520349834
0.000718171227556
0.000706353958915
0.000689229777172
0.000662862194692
0.000629707260295
0.000593531823278
0.000556825635647
0.000522035191003
0.000492908722207
0.000477270217109
0.000473656791281
0.000485625555254
0.000519087002554
0.000573422753831
0.000622315697259
0.000570595466028
0.000452478441807
0.000322058763203
0.000268411054586
0.000459794293644
0.000444362890027
0.000328686129483
0.000166289273269
7.56737836289e-05
2.86987961419e-05
1.37251188389e-05
8.39710429903e-06
7.81573706533e-06
7.49869738915e-06
7.85355686317e-06
9.10974986357e-06
1.15313680765e-05
1.54196514264e-05
2.17441927415e-05
3.16721405142e-05
4.64968142187e-05
6.71419209848e-05
9.42960237289e-05
0.000127618154125
0.000165314069606
0.000204711424665
0.000243459983109
0.000277910887965
0.000304085404207
0.000322301639774
0.00034129913801
0.000379554110606
0.000462257072835
0.00055893191511
0.000641029498274
0.000713949973795
0.000779796802464
0.000839988330019
0.000895662280186
0.000947601925649
0.000996380952741
0.00104241724434
0.00108601698687
0.00112740967944
0.00116677377793
0.0012042652857
0.00124006494827
0.00127442527826
0.00130736485855
0.00133881598454
0.00136861105225
0.00139655722562
0.00142270114567
0.00144708066324
0.00146971556664
0.00149063001236
0.00150984847835
0.0015273972432
0.00154330519376
0.00155760418306
0.00157032916705
0.00158151803409
0.00159121133567
0.00159945193611
0.00160628465941
0.00161175595279
0.00161591343267
0.00161880530033
0.0016204790659
0.00162097992633
0.00162034795397
0.00161861701433
0.00161581499893
0.00161197029814
0.00160711849484
0.00160130157894
0.00159456361656
0.0015869455119
0.00157847706539
0.00156917407279
0.0015590333509
0.00154804180999
0.00153618498268
0.00152344068697
0.00150977788258
0.00149513386533
0.00147941483838
0.00146245145599
0.00144403335618
0.00142379990824
0.00140136443031
0.0013759799714
0.00134698245558
0.0013128052877
0.00127220264616
0.00121967457126
0.0011794878693
0.00118726926892
0.00120675878255
0.00122697433953
0.00123918469479
0.00124451424405
0.00124515438193
0.00124529001961
0.00124224275832
0.0012342855925
0.00121910180416
0.00119525066488
0.00115719689113
0.00110839585626
0.00105464039118
0.000999860944383
0.000947763608578
0.000904471338888
0.000882312516903
0.000879796243847
0.000901809890802
0.000956699999249
0.00104322595253
0.0011221918574
0.00104380475713
0.000848367878886
0.000611916929182
0.000491799961304
0.000724693039294
0.000688031643637
0.000518859860596
0.000262158290361
0.000124417020626
7.04453601796e-05
3.93027651862e-05
2.31189272989e-05
2.12219310724e-05
2.02105514864e-05
2.07356523532e-05
2.33904369115e-05
2.86246294952e-05
3.68868318132e-05
5.00103456901e-05
6.99754998188e-05
9.85624188102e-05
0.000136307937761
0.000183071534868
0.000236988658462
0.000294453200469
0.000351477441884
0.000405172816592
0.000451356777305
0.000486669443629
0.000514534825128
0.000548568371037
0.000612775918611
0.000735533214972
0.000872333541799
0.000987377532059
0.00108918016655
0.0011808027775
0.00126431792585
0.0013413597778
0.00141304957834
0.00148021495335
0.00154346062135
0.00160323439442
0.00165987543739
0.00171365270574
0.00176480586063
0.00181361761972
0.00186026817834
0.00190475387176
0.00194699995139
0.00198685418812
0.00202419380756
0.00205908654093
0.00209158237345
0.00212171714896
0.00214952974929
0.00217505895928
0.00219834531025
0.00221943220465
0.00223836645714
0.00225519850884
0.002269982243
0.00228277465325
0.00229363540315
0.0023026263749
0.00230981122907
0.00231525482186
0.00231902243671
0.00232117818154
0.00232178287674
0.00232089051915
0.00231854671881
0.00231478896841
0.00230965490684
0.00230319113315
0.00229545252065
0.00228649671075
0.0022763771614
0.00226513303255
0.00225278491511
0.00223932840862
0.00222474545474
0.00220901528521
0.00219210724285
0.00217397786965
0.00215454352728
0.00213367668546
0.00211115472424
0.00208669169507
0.00205981727524
0.00203000023599
0.00199627595684
0.00195771190115
0.00191228976468
0.00185818443139
0.001787565927
0.00173235132426
0.00174087347394
0.00176873218039
0.00179841619401
0.00181886035937
0.00183061005979
0.00183660208043
0.00184172571811
0.00184233917719
0.00183562171936
0.00181850210114
0.00178888222307
0.00173985137921
0.00167578533681
0.00160461792205
0.00153190900171
0.00146270476973
0.00140567895634
0.00137762762512
0.00137747182724
0.00141103426065
0.00148852031664
0.00160814500133
0.00171895412562
0.00161876183128
0.0013449595807
0.000999427869041
0.000798434600376
0.00105645367756
0.000988232508496
0.00076687524925
0.000382661649681
0.00017452887319
0.000122012794603
8.87936048047e-05
5.27070566478e-05
4.74284618136e-05
4.47507675984e-05
4.48472628596e-05
4.90418743031e-05
5.79603350137e-05
7.21724512135e-05
9.45797238128e-05
0.000127880295322
0.000173753808802
0.000231499779824
0.000299562232366
0.000374399107163
0.000450951867829
0.000524553506324
0.000592357791176
0.000650463281876
0.000697032139305
0.000738699010423
0.000793003573939
0.000887670159248
0.00105133639126
0.00122757391835
0.00137575577407
0.00150699880142
0.00162514282964
0.00173281495881
0.00183208744868
0.00192438703852
0.00201077874993
0.00209204536468
0.00216877279207
0.00224140922491
0.00231031559992
0.00237581245459
0.00243822330308
0.00249767447218
0.0025541696305
0.00260764090886
0.00265796970839
0.00270509601747
0.00274910547913
0.00279006243421
0.00282802012328
0.00286303328844
0.00289515613139
0.00292444447234
0.00295095719869
0.00297475699891
0.00299591065788
0.00301448886359
0.00303056581293
0.00304421867908
0.00305552705559
0.0030645724008
0.00307143731508
0.00307620457739
0.00307895523296
0.00307976602365
0.00307870520982
0.00307583053471
0.00307118948551
0.00306482916483
0.00305680718117
0.00304719119004
0.00303605227558
0.00302345630152
0.00300945173636
0.00299406392546
0.00297728725957
0.00295909846401
0.00293946987678
0.00291836174159
0.00289571720139
0.00287143098011
0.00284534039896
0.00281716909479
0.00278655280872
0.00275291218933
0.00271556435176
0.00267333354544
0.00262500097338
0.00256811125809
0.00250018719475
0.00241115699532
0.00234011683178
0.00234811178801
0.00238492775859
0.00242548816738
0.00245614037568
0.00247651561332
0.00249016146556
0.0025024290902
0.00250868555369
0.00250484605659
0.00248707326783
0.00245259896588
0.00239338712598
0.00231463255174
0.00222640481378
0.00213600143865
0.00204986550887
0.00197927473692
0.0019452457831
0.00194749500302
0.00199252546905
0.00209201848144
0.00224401713539
0.00238746990906
0.00227173998275
0.00192200133219
0.00146897771559
0.00118174286306
0.00145010466705
0.00134244776416
0.00107444294388
0.000534805124077
0.000234946533689
0.000154931444995
0.000154721503229
0.000102229120442
9.02882752287e-05
8.44768819439e-05
8.28739970163e-05
8.80921294093e-05
0.000101048922781
0.000122424746937
0.000156139199782
0.000205147555311
0.000270238771941
0.00034893282158
0.000438182810735
0.000533054105538
0.000627551212913
0.000716864464005
0.00079862752377
0.000869786437831
0.000930367752407
0.000989781044671
0.00106841068232
0.00119623812641
0.00140049273086
0.0016151498284
0.00179641241212
0.00195739430724
0.00210255459413
0.00223498036777
0.00235712173356
0.00247067850287
0.00257693485401
0.00267684183793
0.00277111864979
0.00286032003279
0.00294489605345
0.00302523891187
0.00310167038144
0.00317430719726
0.00324316762381
0.00330820285967
0.00336933685169
0.00342656372461
0.00347998620822
0.00352968538103
0.00357573320935
0.00361820153698
0.00365716113008
0.00369268412589
0.00372484580894
0.00375372554751
0.00377940717671
0.00380197880493
0.00382153236171
0.00383816297567
0.00385196831138
0.00386304789193
0.00387150222902
0.00387743166188
0.00388093416232
0.00388210236102
0.00388101882738
0.00387775359509
0.00387236435322
0.00386490769594
0.00385545200086
0.00384407731338
0.00383086770411
0.00381590099368
0.00379923466661
0.00378089866661
0.00376088619668
0.00373916862283
0.00371571096312
0.00369046391624
0.0036633565848
0.00363426176684
0.00360298114227
0.00356918516253
0.0035324306657
0.00349203138391
0.00344715134652
0.00339641192349
0.00333830019213
0.0032699424968
0.00318816493356
0.00308087856469
0.00299362841076
0.00299976080255
0.00304567098624
0.00309819512962
0.00314074045352
0.00317171165105
0.00319506003236
0.00321635344736
0.00322994949853
0.00323039033435
0.00321307143469
0.00317457525355
0.00310599377841
0.00301323292911
0.00290839862404
0.00280055030369
0.0026975460827
0.00261321059248
0.00257240060203
0.00257596524826
0.00263103928458
0.00275074510483
0.00293369461432
0.0031107104793
0.00298555201226
0.00256511007472
0.00200779087761
0.00163242356733
0.00189990537285
0.00174730544716
0.00143748233029
0.000731620527566
0.000309556696693
0.000189919079249
0.000213403309339
0.000170595861485
0.000150940789879
0.000140512835437
0.000135726823538
0.000141089786097
0.000158135991595
0.000187593976962
0.000234036294541
0.000300042833279
0.000384920052889
0.000484315589919
0.000593891176143
0.000707680353702
0.000819184777143
0.000923840630955
0.00102006117814
0.00110594817224
0.00118336601755
0.00126390036091
0.00136985832185
0.0015324284006
0.00177651166606
0.00202853609184
0.00224268913837
0.00243352982708
0.00260600677179
0.00276358465348
0.00290903546909
0.00304430275956
0.00317087240117
0.00328985443155
0.0034020963221
0.00350825580483
0.0036088654118
0.0037043794295
0.0037951079645
0.0038811833872
0.00396264586046
0.00403947528954
0.00411164179688
0.00417918641074
0.00424222966928
0.00430087172321
0.00435520464352
0.00440531869857
0.00445130238966
0.00449324517926
0.0045312395963
0.00456538238494
0.00459577498582
0.0046225233535
0.00464573745629
0.00466553057085
0.00468201851468
0.00469531884481
0.00470554983921
0.00471282914367
0.00471727132837
0.00471898457817
0.00471806554039
0.0047145964627
0.00470864524326
0.00470027780487
0.00468957283662
0.0046766221234
0.0046615219841
0.00464436148436
0.00462520661941
0.00460409166576
0.00458100865524
0.00455592354373
0.00452879376791
0.0044995602295
0.00446813769217
0.00443437717342
0.00439804508124
0.00435876025925
0.00431600158741
0.00426898075821
0.00421671079313
0.00415762089748
0.00408990518524
0.00401029466118
0.00391490255652
0.00378992371771
0.00368648077455
0.00368947797498
0.00374422873721
0.00380946324897
0.00386528018619
0.0039085588083
0.00394339332825
0.00397531851078
0.00399766671246
0.00400355247433
0.00398761642881
0.00394583879453
0.00386868402926
0.00376266054015
0.00364173980053
0.0035166882173
0.0033967440075
0.00329810922239
0.00324900758101
0.00325176037421
0.00331434058302
0.00345170808597
0.00366418554309
0.00387652230105
0.00374767517871
0.00326326932994
0.0026063502442
0.0021424953484
0.00240067077796
0.00219959287093
0.0018490096818
0.000984659955267
0.000403676328156
0.000233762871908
0.000257499289415
0.000245496958207
0.000227397291216
0.00021193360544
0.000202913044145
0.00020761403111
0.000228691993317
0.000266845902315
0.000326789175489
0.000410186639013
0.000514587239923
0.000633920675898
0.000762799686778
0.000894540252991
0.00102247845395
0.00114256952386
0.00125418688638
0.00135669227634
0.00145356931539
0.00155799641306
0.00169348031887
0.00189166131261
0.00217460888833
0.00246294527886
0.0027096763094
0.00293033112322
0.00313024189654
0.00331317998856
0.00348218882236
0.00363942958328
0.00378657372207
0.00392488176287
0.0040553245312
0.00417865903375
0.0042954947677
0.00440633523716
0.00451149080945
0.00461112201124
0.00470529799775
0.00479403461041
0.00487734906671
0.00495532404305
0.00502809952662
0.00509579697252
0.00515852999115
0.00521640864313
0.00526954033279
0.0053180328163
0.00536199663486
0.00540154648687
0.0054368018191
0.00546788667081
0.00549492913795
0.00551806059606
0.00553741483487
0.00555312713676
0.00556533311379
0.00557416717448
0.00557975987276
0.00558223433708
0.00558170080192
0.0055782534199
0.00557197010005
0.0055629257431
0.00555120869678
0.00553692161125
0.00552017207501
0.00550105946026
0.00547965758144
0.00545600467818
0.00543009161068
0.00540187895387
0.005371316463
0.00533833519217
0.00530283560447
0.00526464751456
0.00522350321828
0.00517897217039
0.00513045880905
0.00507707859895
0.00501769967796
0.00495057202617
0.00487360587288
0.00478316401241
0.00467465755705
0.00453290093618
0.0044136610027
0.00441240048401
0.00447542158443
0.00455377039849
0.00462392029791
0.00468093990645
0.00472876799946
0.00477265237598
0.00480488383198
0.00481714125824
0.00480333721662
0.00475891627365
0.00467394305862
0.00455542050177
0.00441896095421
0.00427690920826
0.00413978121648
0.00402586846882
0.00396623602665
0.00396509301265
0.00403176950943
0.00418394281851
0.0044251658285
0.00467596373159
0.00454858540374
0.00400751916356
0.00325705061496
0.00270556670066
0.00294793504888
0.00269641964468
0.00230200136144
0.00130351437055
0.00052463286883
0.000287422092669
0.000297689823376
0.000307298979204
0.000314072720152
0.000296564362451
0.000283159115012
0.000286739756201
0.000311761158902
0.000358915958643
0.000432592589634
0.000533193231624
0.000656456503161
0.0007948181509
0.000942056658669
0.00109103168385
0.00123517345522
0.00137113835001
0.00149934028448
0.00162036585416
0.0017390225679
0.00186957524403
0.00203617019301
0.00227033565215
0.0025910528211
0.00291462045189
0.00319348343011
0.00344374053303
0.00367101899162
0.00387933558179
0.00407195998052
0.00425124771706
0.00441904104114
0.00457674320992
0.00472544369496
0.00486599525077
0.00499908052663
0.00512524135761
0.00524480809088
0.00535797581169
0.00546484924862
0.0055654854781
0.00565994855282
0.00574835940578
0.00583087961919
0.00590765407727
0.00597881940399
0.00604450682799
0.00610484379607
0.00615995726568
0.00620997646482
0.00625503449782
0.0062952690614
0.00633082233267
0.00636184041482
0.00638847250279
0.00641086993174
0.00642918514382
0.00644357039079
0.00645417603876
0.00646114775349
0.00646462274701
0.00646472410747
0.00646155735719
0.00645521001239
0.00644576542249
0.0064333207689
0.00641798850498
0.00639988630958
0.0063791227325
0.00635577855456
0.0063298955124
0.00630146326775
0.00627043711485
0.00623675918377
0.00620035083637
0.00616109859927
0.00611881208487
0.00607319114011
0.00602375941421
0.00596985167791
0.00591049451461
0.00584442066598
0.00576971598329
0.00568402273142
0.00558336682089
0.00546249214731
0.00530517487107
0.00517088328367
0.00516445031106
0.00523493142384
0.00532646609139
0.00541168646767
0.00548358594192
0.00554562674542
0.00560251398294
0.00564547912763
0.00566479580317
0.00565368878703
0.00560714645341
0.00551503922825
0.0053847569747
0.00523328728563
0.00507435470304
0.00491956785126
0.00478889651456
0.00471572242087
0.00470673282687
0.0047735096626
0.00493783317552
0.00520828949653
0.00550248932053
0.0053807660455
0.00479025215416
0.00395335810893
0.00331631352243
0.0035377732436
0.003235086154
0.00279101944159
0.00169442532815
0.000683118655788
0.000352292386929
0.000300402194567
0.000345236284375
0.000400346811527
0.00039136862576
0.000374860069165
0.000377350558563
0.000406231304217
0.000462422425402
0.000549680079819
0.000666969732759
0.000808280880263
0.000964776060182
0.00112958278469
0.00129532160436
0.00145571238459
0.00160821977207
0.00175429913315
0.00189564231614
0.00203807266447
0.00219652043604
0.00239533038795
0.00266548159164
0.00302276541081
0.00338042810095
0.00369082959491
0.00397030438755
0.00422469880029
0.00445822166764
0.00467432853675
0.00487554825646
0.00506388033901
0.00524086369094
0.00540770203521
0.00556534057288
0.0057145317034
0.00585585429622
0.00598967280784
0.00611622290848
0.0062356507698
0.00634805858967
0.00645355667964
0.00655230238444
0.00664448126767
0.00673026366333
0.00680981069272
0.00688327609972
0.00695080845667
0.00701255474754
0.00706866345248
0.00711928639826
0.00716457961512
0.00720470328867
0.00723982120676
0.00727009988656
0.00729570755264
0.00731681300563
0.00733358420567
0.00734618643792
0.00735477938004
0.00735951324372
0.00736052301429
0.00735792483139
0.00735181521554
0.00734228526859
0.00732944003406
0.00731340055411
0.00729429325763
0.0072722345873
0.00724731130182
0.00721956808107
0.00718899333062
0.0071555372274
0.00711913448461
0.007079697134
0.00703709844214
0.00699112908082
0.00694145905253
0.00688757040894
0.00682873442498
0.00676389756092
0.00669166947343
0.0066099890411
0.0065162522925
0.00640618369564
0.00627391542156
0.00610251457106
0.00595423371475
0.00594195731518
0.00601892182999
0.00612340145102
0.00622410328769
0.00631171237093
0.00638888441029
0.00645952775224
0.00651379564971
0.00654061724293
0.00653258070171
0.00648430421984
0.00638564436697
0.00624427002289
0.00607824633856
0.00590240910457
0.00572917514299
0.00557965922936
0.00548911287041
0.00546759613416
0.00553040632889
0.00570522324686
0.00600711877862
0.00635154381513
0.00623804245901
0.00560479126039
0.00468935702956
0.00397001444126
0.00416658423708
0.00381292124843
0.00331264207381
0.00215843364605
0.000890288918628
0.000429703891329
0.000320867561355
0.000377537006622
0.000471398378954
0.000491925722692
0.000476209162129
0.000478290489864
0.000511005580651
0.000576063154407
0.000676492973419
0.00080978363842
0.000968289068069
0.00114209710375
0.00132384193019
0.00150608330816
0.00168297053667
0.00185282205039
0.00201807700339
0.00218136855394
0.00234924592081
0.00253695869002
0.00276869368047
0.0030745322957
0.00346707530663
0.00385761472148
0.00419880247471
0.00450693262538
0.00478800374213
0.00504636988908
0.00528563639552
0.00550848628088
0.00571706390949
0.00591303736067
0.00609772061043
0.00627214851579
0.00643714172714
0.00659331936102
0.00674109062269
0.00688073738827
0.00701245237135
0.00713638580507
0.00725269381542
0.00736156951098
0.00746322489264
0.00755785765603
0.00764565487439
0.00772679408776
0.0078014459904
0.00786977831185
0.00793195922421
0.00798815944764
0.00803855326582
0.00808331856287
0.00812263629459
0.00815668959809
0.0081856627196
0.00820973980301
0.00822910337388
0.00824393239271
0.00825439924974
0.00826066587552
0.00826287799367
0.00826116140578
0.00825562084375
0.00824635431423
0.00823347363104
0.00821710709352
0.00819738841829
0.00817444053507
0.00814835508216
0.008119179052
0.00808689950433
0.00805146171935
0.00801279334876
0.00797079766149
0.00792533555513
0.00787618051602
0.00782297589993
0.00776516697737
0.00770196895067
0.00763225817622
0.00755453587359
0.00746661301975
0.00736566595439
0.00724715703387
0.00710467874971
0.00692089440344
0.00675997032029
0.0067414398989
0.00682381304271
0.00694071188133
0.0070569815397
0.0071608094535
0.00725371924331
0.00733857452661
0.00740443123067
0.00743895720899
0.0074341620259
0.00738438056079
0.00727960941031
0.00712768755732
0.00694743299313
0.00675445013053
0.00656156197511
0.0063903858189
0.0062778032569
0.00623904038016
0.00612396165515
0.00607944833447
0.00659804918531
0.0072201122647
0.00711504987396
0.00644512521635
0.00545949864482
0.00466224256729
0.00483091388897
0.00442716746001
0.00386514756551
0.0026905076434
0.00111868468834
0.000521755664123
0.000357452184818
0.000410566501616
0.00051395112127
0.000591055037887
0.000584972190579
0.000588364354665
0.000625065440636
0.000698693929986
0.000811719813768
0.000960230850165
0.00113508659762
0.00132547491843
0.00152367197805
0.00172231854094
0.00191608441537
0.00210413795915
0.00228980424346
0.0024764761291
0.00267116890753
0.00288916563143
0.00315420019923
0.00349517335204
0.00392156050984
0.00434365505012
0.00471470973435
0.00505075173976
0.00535787194608
0.00564052830775
0.00590244373215
0.00614643785213
0.00637478850729
0.00658928704011
0.00679135416337
0.00698211224071
0.00716245088865
0.00733303436467
0.00749432501572
0.00764665606647
0.00779027111925
0.00792537071093
0.0080521566624
0.0081708580715
0.0082817157861
0.00838495664977
0.00848079506844
0.00856943355221
0.00865106579481
0.00872588085886
0.00879406690412
0.00885581355897
0.00891131311227
0.00896076065876
0.00900435361874
0.00904229085559
0.00907477157568
0.00910199405934
0.00912415406918
0.00914144282008
0.00915404394593
0.00916212964537
0.00916585504318
0.00916535446088
0.00916073987336
0.0091521152106
0.00913959787172
0.00912332200053
0.0091034270548
0.00908004095903
0.00905325904903
0.00902312993537
0.00898963921156
0.00895272753532
0.00891231599274
0.00886829981422
0.00882052872769
0.00876876119659
0.00871261754205
0.00865151171785
0.00858461127612
0.00851073360468
0.0084282880104
0.00833497835425
0.00822779170962
0.00810197114456
0.00795065382718
0.00775637299201
0.0075843972126
0.00755947093684
0.0076461405748
0.00777468157458
0.00790628782265
0.00802651572582
0.0081354482871
0.0082346675636
0.00831211391913
0.00835429144556
0.00835269071705
0.00830144646467
0.00819082356436
0.00802872046803
0.00783435700567
0.0076236798046
0.0074093808955
0.00721288503403
0.00707344134958
0.00673648367155
0.00637396008905
0.00635024963263
0.00690983716344
0.0081055486384
0.00800709075375
0.00730575240807
0.00625845322275
0.00538867686826
0.00552732749303
0.00507492005201
0.00444788527252
0.00328016687037
0.00139869744204
0.000628157639523
0.000407380585099
0.000447639931939
0.000528527368199
0.00067741933583
0.000697848102992
0.000706192676166
0.000747441910878
0.000829327132939
0.000954273872752
0.00111717547171
0.00130756449496
0.00151388345141
0.00172816487162
0.00194323768464
0.00215434121732
0.00236145165862
0.00256865687599
0.00277992652925
0.00300251479826
0.00325149934931
0.00354991227133
0.00392524120973
0.00438394445687
0.0048361534231
0.00523598332483
0.00559901079352
0.00593136463303
0.00623757004483
0.0065214388567
0.00678591115683
0.00703338784438
0.00726577815058
0.00748460657704
0.00769108146956
0.00788616390248
0.0080705685681
0.00824481772895
0.00840930054286
0.00856431514083
0.00871011420239
0.00884694548446
0.00897507489129
0.009094774396
0.00920630162235
0.00930989956661
0.00940579673397
0.0094942105416
0.00957535181419
0.00964942883214
0.00971664997911
0.00977722512876
0.00983136592264
0.00987928536462
0.00992119697291
0.00995731367826
0.00998784652239
0.0100130030175
0.010032985064
0.01004798593
0.0100581864911
0.0100637497831
0.0100648173401
0.0100615072529
0.0100539282799
0.0100422021562
0.0100264674112
0.0100068676506
0.00998353424916
0.00995656500124
0.00992600939119
0.00989185139982
0.00985402738702
0.00981245248157
0.00976701478344
0.00971755438357
0.00966381710051
0.00960540428713
0.00954170456678
0.00947184705207
0.0093946022409
0.00930830548916
0.00921057578492
0.00909824432989
0.00896638064266
0.00880775905389
0.00860502014809
0.00842379350546
0.00839259405319
0.00848246299064
0.00862165545876
0.00876806187813
0.00890453983973
0.00902945197196
0.00914287842915
0.0092316274477
0.00928114284928
0.00928245148264
0.00922956468231
0.0091131210711
0.00894096491748
0.00873233630718
0.00850299883522
0.0082648475325
0.00803898497958
0.00759466213256
0.00697653096908
0.00665227522003
0.00666210748428
0.0072294601182
0.0090032782761
0.00891048275053
0.00818156041341
0.00708101488215
0.00614499272925
0.00625232367126
0.00575310564146
0.00506061735296
0.00391380469461
0.00174844224429
0.000760762764686
0.000469364929068
0.000466814365025
0.000539536625165
0.000737168242941
0.00080935239539
0.000829886072736
0.000877104886008
0.000967079707783
0.00110324457864
0.00127968746275
0.00148482433808
0.00170649426389
0.00193658133876
0.00216817778987
0.00239710602842
0.00262407959483
0.0028538121506
0.00309067518499
0.00334196529016
0.00362235243257
0.00395395400022
0.00436265240991
0.00485202470182
0.00533277688459
0.00576011514938
0.00614901886524
0.00650560511885
0.00683443377635
0.00713938018266
0.00742348999128
0.00768927764302
0.00793876537491
0.00817357918749
0.00839501367992
0.00860410081344
0.00880161512427
0.00898814281181
0.00916413292188
0.00932994108871
0.00948587366087
0.00963222487522
0.00976929861082
0.0098974000437
0.0100168190179
0.0101278282027
0.0102306829309
0.0103256248783
0.0104128868746
0.0104926972718
0.0105652828769
0.0106308705522
0.0106896876496
0.0107419617078
0.0107879196662
0.01082778679
0.0108617853635
0.0108901330296
0.0109130406872
0.0109307095196
0.0109433273776
0.0109510635936
0.0109540654648
0.0109524559326
0.0109463473991
0.0109358646505
0.0109211491318
0.0109023469939
0.010879591498
0.0108529816286
0.0108225669647
0.0107883297078
0.0107502022822
0.0107080945786
0.0106618887193
0.0106114168466
0.0105564147928
0.010496469345
0.0104309501993
0.0103589578213
0.0102792286401
0.0101900430399
0.0100889585237
0.00997268592223
0.00983616911987
0.00967191632174
0.0094628761943
0.00927437092036
0.00923727187307
0.00932930107795
0.00947798084237
0.00963836358651
0.00979061258633
0.00993112957558
0.0100582942426
0.0101577679154
0.0102140347689
0.0102177026799
0.0101627299547
0.0100402163597
0.00985783246846
0.00963441647054
0.00938491655439
0.00911996582528
0.00869421554465
0.0078190539989
0.00724277665283
0.00695931073679
0.00699287136516
0.00757410895949
0.0095880401761
0.0098227663087
0.00906759840742
0.00792204251963
0.00692680506286
0.00700228006999
0.00645848398383
0.00570298056569
0.00457777305774
0.00218005420255
0.000932233689708
0.000544233686507
0.000471973184988
0.000555756915262
0.000759370315096
0.000910324747664
0.000956441728411
0.00101275062879
0.00111107597797
0.00125783292712
0.001446982722
0.00166611687552
0.00190261355661
0.00214828865086
0.00239654479835
0.00264377222983
0.00289133136987
0.00314441898658
0.00340764598316
0.0036881820897
0.00400011601248
0.00436446671122
0.00480535221595
0.00532362177181
0.00583120765177
0.00628461180665
0.00669810165218
0.00707773717518
0.00742808383488
0.00775305806293
0.00805579735976
0.00833892102839
0.0086045598658
0.00885443951289
0.00908994111722
0.00931216902576
0.00952196479492
0.00971998205323
0.00990673299649
0.0100826330924
0.0102480436087
0.0104033059958
0.0105487634229
0.010684756085
0.0108116072488
0.010929620111
0.0110390774294
0.0111402454485
0.0112333790332
0.0113187263574
0.0113965321305
0.0114670394284
0.0115304903096
0.0115871256413
0.0116371844056
0.0116809026797
0.011718512354
0.0117502394807
0.0117763021816
0.0117969077585
0.0118122492563
0.0118225005959
0.0118278132727
0.0118283136984
0.0118241166687
0.0118153487309
0.0118021527994
0.0117846759933
0.0117630519109
0.0117373794543
0.0117077074995
0.0116740162823
0.0116362346871
0.0115942682624
0.0115479944022
0.0114972391999
0.0114417313697
0.0113810477768
0.0113145458939
0.0112413077071
0.0111600489189
0.0110690145339
0.0109657247403
0.0108468067736
0.0107071281061
0.0105390282591
0.0103259295047
0.0101322507984
0.0100898561485
0.0101830987364
0.0103399691645
0.010513239772
0.0106804590628
0.01083587535
0.0109759958701
0.0110853209682
0.0111474634564
0.0111526409289
0.0110948265385
0.0109656566704
0.0107724972641
0.0105333104181
0.0102616028063
0.0099158304841
0.00889941872972
0.00806248119759
0.0075278061719
0.00727043688459
0.00733769587442
0.00794379995074
0.0100148590181
0.0107416037282
0.00995897846335
0.00877644862326
0.00772964544453
0.00777342339902
0.00718766016383
0.00637412087682
0.00526088512607
0.00270292193842
0.00115670214295
0.000634567486651
0.000500314954751
0.000582780923403
0.00075140768536
0.000987244472526
0.0010807214577
0.00115242590133
0.00126028691957
0.00141726425946
0.00161836029784
0.00185078769321
0.00210163116503
0.00236271272022
0.00262777071124
0.00289372584089
0.00316248202976
0.00343957645898
0.00372971142844
0.00403978400688
0.00438315122233
0.00477957427241
0.00525127530837
0.00579654042228
0.00632910733995
0.00680696095493
0.00724356984087
0.00764489540665
0.00801548261126
0.00835926921042
0.00867947191739
0.0089788069896
0.00925950968752
0.00952340370141
0.00977195717718
0.0100063491722
0.0102274936369
0.0104361144871
0.010632789574
0.0108179958787
0.0109921505355
0.011155642988
0.0113088569841
0.0114521692347
0.0115859373436
0.0117104956104
0.0118261545363
0.0119332049861
0.012031923652
0.0121225780625
0.0122054301106
0.012280738132
0.012348757726
0.0124097417384
0.0124639396888
0.0125115968352
0.0125529529466
0.0125882406906
0.0126176835797
0.0126414931915
0.0126598659381
0.0126729785582
0.0126809850944
0.0126840139583
0.0126821810506
0.0126756134162
0.0126644540501
0.0126488495225
0.0126289322658
0.0126047998492
0.0125764996377
0.0125440096989
0.0125072558784
0.0124661403222
0.0124205371053
0.0123702683249
0.0123150585957
0.0122544796493
0.0121878836121
0.0121143443308
0.0120325704029
0.0119407912671
0.0118365143472
0.0117163205398
0.0115750504764
0.0114049701653
0.0111901084611
0.0109934557477
0.0109465739342
0.0110402000747
0.0112038724819
0.0113887052117
0.0115697851789
0.0117390693419
0.0118910508607
0.0120090528892
0.0120758826318
0.0120813762321
0.0120195961711
0.0118827859183
0.0116778581693
0.0114214244298
0.0111183591023
0.010109649458
0.00910794692853
0.00832403560671
0.00781594627655
0.00759127347836
0.00770119625804
0.00834844259421
0.0104826341081
0.0116626908876
0.0108508893265
0.00963921817153
0.00854896047885
0.00856181867451
0.00793709933968
0.00707249225335
0.00595571516797
0.00332115760881
0.00145160456939
0.000745005304633
0.000551003692913
0.000622475881335
0.000742998120762
0.00102535214746
0.00119398031526
0.00129287433418
0.00141326010113
0.0015806577948
0.00179312474601
0.00203822125742
0.00230297414235
0.00257929759053
0.00286127897809
0.00314631743176
0.00343675016098
0.00373831595101
0.00405567522053
0.0043953267445
0.00476976464911
0.00519735403362
0.0056983135253
0.00626853808521
0.00682408794172
0.0073246044366
0.00778269447571
0.00820418294574
0.00859357061002
0.00895479909019
0.0092911526651
0.00960543733155
0.00989998896122
0.0101767278067
0.0104372095187
0.0106826901945
0.0109141600203
0.0111324153138
0.011338101268
0.0115317573729
0.0117138572008
0.0118848388583
0.0120451277838
0.0121951383273
0.0123352630061
0.0124658674686
0.0125872899603
0.0126998457286
0.0128038328237
0.0128995374303
0.0129872377026
0.0130672061048
0.0131397104587
0.0132050141106
0.0132633755055
0.0133150473681
0.0133602755562
0.0133992975168
0.0134323402976
0.013459617896
0.0134813282512
0.0134976491211
0.0135087353877
0.0135147159283
0.0135157064507
0.013511833292
0.0135032382292
0.0134900658597
0.013472446023
0.0134504737455
0.0134241940667
0.0133935827578
0.0133585631027
0.0133190349012
0.0132748704377
0.0132258899731
0.0131718171289
0.0131122233341
0.0130464622836
0.0129736099957
0.01289238161
0.0128010106596
0.0126970163018
0.012576970073
0.0124357346895
0.0122655930848
0.0120512844469
0.0118539125679
0.0118035262839
0.0118968394434
0.0120658716025
0.0122607345629
0.0124542750065
0.0126360792164
0.0127985171593
0.0129237111328
0.0129936951668
0.012997912561
0.0129306125421
0.0127847245978
0.012566657979
0.012250967516
0.0113119024627
0.0102856904292
0.0093406404149
0.00858819371635
0.00811224587373
0.0079250934336
0.00808242689504
0.00878790058391
0.0110071682816
0.0125796596839
0.011738480163
0.010505407808
0.00938012239188
0.00936337362346
0.0087031404225
0.00779578631357
0.00665870419837
0.00403080644422
0.0017963260973
0.000881987745113
0.000621569327874
0.000663114792702
0.000742967575702
0.00102000031578
0.00128259235255
0.00142844625676
0.00156765614644
0.00174681454403
0.00197047342885
0.00222777128406
0.00250605665908
0.00279746575799
0.00309645242137
0.0034008365977
0.0037132775759
0.0040395836815
0.00438425464819
0.00475328289253
0.00515818493716
0.00561581004688
0.00614428686381
0.00673729666482
0.00731368592365
0.00783491468774
0.00831268596983
0.00875265320873
0.00915925097819
0.00953640915422
0.0098874687979
0.0102153190374
0.0105223926331
0.0108107048293
0.0110818991572
0.0113373105312
0.0115780078453
0.0118048610794
0.012018583572
0.0122197775769
0.0124089731936
0.0125866575922
0.01275329871
0.0129093492335
0.0130552367833
0.013191358229
0.0133180792095
0.0134357388002
0.0135446556621
0.0136451336962
0.0137374661895
0.0138219384318
0.0138988290083
0.0139684101759
0.0140309476112
0.014086699734
0.0141359166699
0.0141788388
0.0142156948599
0.0142466994323
0.0142720501644
0.0142919240397
0.0143064750464
0.0143158309557
0.0143201060058
0.0143194247101
0.0143139264519
0.0143037525562
0.0142890289452
0.014269846935
0.01424624851
0.0142182069918
0.0141856436192
0.0141484569932
0.0141065192316
0.0140596509767
0.0140075779804
0.0139498761391
0.0138859075266
0.0138147604179
0.0137351699085
0.0136453927689
0.0135429838884
0.0134245414298
0.0132849974889
0.0131167357075
0.012905283717
0.012709464326
0.0126566972151
0.0127491423578
0.0129220740298
0.0131252632178
0.0133295967624
0.0135222706492
0.0136934547981
0.0138240308506
0.0138952478647
0.0138961308205
0.0138212748242
0.0136646334874
0.0133044918254
0.0124488151855
0.0114696133776
0.010489668154
0.00957471525555
0.008858942723
0.00841884767244
0.00827052030889
0.00847917611835
0.00925787569984
0.0115829329326
0.0134850226334
0.0126167509797
0.011370126258
0.0102184456532
0.010173855089
0.00948200805884
0.00854095825097
0.0073693862305
0.00481866022432
0.00219100684141
0.00105479552279
0.000710213641946
0.000663116006675
0.000759584067644
0.000994501939533
0.0013295818735
0.00154949232496
0.00171945402305
0.00191385742369
0.00214931520888
0.00241865896693
0.00271021503888
0.00301657160813
0.00333259775847
0.00365648417113
0.00399110668155
0.00434222051115
0.00471406020181
0.00511201960302
0.00554653781935
0.00603284556365
0.00658691448723
0.00720039446156
0.00779533645901
0.00833517165059
0.00883067414341
0.00928729323974
0.00970937614154
0.0101008266277
0.0104650324639
0.0108049598257
0.011123134662
0.0114216653401
0.0117022833263
0.0119664031831
0.0122151737038
0.0124495388331
0.0126702799101
0.0128780613923
0.0130734693908
0.0132570401151
0.0134292843996
0.0135906934942
0.0137417298818
0.0138828211161
0.0140143594983
0.014136707042
0.0142502019813
0.0143551647471
0.0144519024292
0.0145407116763
0.0146218802531
0.0146956876477
0.014762405016
0.0148222946747
0.0148756091954
0.0149225900721
0.0149634659244
0.0149984501408
0.0150277383117
0.0150515048933
0.0150699012491
0.0150830524618
0.015091070074
0.0150940757831
0.0150922055565
0.015085596304
0.0150743688081
0.0150586096207
0.0150383570009
0.0150135816465
0.0149842033132
0.0149501206342
0.0149112072502
0.0148672864098
0.0148180890604
0.0147632001675
0.0147019967471
0.0146335889974
0.0145567448914
0.0144697627183
0.0143702561498
0.0142548843018
0.0141186933843
0.0139542434691
0.013747906654
0.0135558901462
0.0135019713998
0.0135931359249
0.0137685205617
0.0139781958221
0.0141914159334
0.0143930245297
0.014570943324
0.0147047443358
0.0147748266043
0.0147697911497
0.0146851820093
0.0142935552581
0.0135079360414
0.0126005023276
0.0116519427347
0.0106926998494
0.00981314233255
0.00913853362251
0.00873458928939
0.00862667242978
0.00889029279185
0.00975511589272
0.0122101004159
0.0143709427816
0.013480563416
0.01222852103
0.011059207584
0.010988915346
0.0102698242055
0.00930431965637
0.00808916976631
0.00566393621171
0.00268217407283
0.00127697298191
0.000817789640583
0.000698082106184
0.000796859619968
0.000972088134637
0.001324556827
0.00164078520194
0.00186164020336
0.00207861296461
0.00232796436861
0.00260980897695
0.00291461074514
0.00323583710811
0.00356889909378
0.00391233639907
0.00426915100943
0.0046449353905
0.00504356926447
0.00546977095383
0.00593281653951
0.00644623166387
0.00702378250758
0.00765527513424
0.00826634501226
0.00882253768254
0.00933368702301
0.00980500657686
0.0102407346371
0.0106447350409
0.0110204326952
0.0113708652046
0.0116986479543
0.012005980029
0.0122946804336
0.0125662429623
0.0128218962724
0.013062657522
0.0132893748944
0.0135027735946
0.0137034944934
0.0138921222476
0.0140692104931
0.0142352887613
0.0143908536929
0.014536362552
0.0146722331736
0.0147988492737
0.0149165673267
0.0150257228647
0.0151266352553
0.0152196108914
0.0153049450282
0.0153829226394
0.015453818579
0.0155178972657
0.0155754119287
0.0156266034118
0.0156716984921
0.0157109076747
0.0157444228174
0.0157724141677
0.015795028765
0.0158123874318
0.0158245978726
0.0158317781328
0.0158340599357
0.0158315747741
0.0158244372451
0.0158127282142
0.0157964815696
0.0157756652037
0.0157501980042
0.015719979941
0.015684887903
0.0156447499218
0.0155993050686
0.0155481517044
0.0154906879575
0.0154260550173
0.0153530659116
0.015270077543
0.015174784029
0.0150639375001
0.0149327396156
0.014773993596
0.0145749532738
0.0143889316296
0.0143351594211
0.0144247677279
0.0146011997204
0.0148154215613
0.0150354144228
0.0152437595249
0.0154261028892
0.0155605910456
0.0156266670249
0.0156129092795
0.0152467559419
0.0145055996362
0.0136614591939
0.0127681995688
0.0118299228516
0.0108969855505
0.0100594791569
0.00942594751061
0.00905871316614
0.00899337274339
0.0093150637525
0.010277281931
0.012887501296
0.0152298316101
0.0143247400153
0.0130757856778
0.011897674195
0.0118041271317
0.0110626215889
0.0100816730386
0.00882007845547
0.00654261551689
0.00328420604295
0.00156919709559
0.000948069408286
0.000767779401428
0.000853865776971
0.000962726034682
0.00128828245814
0.00168278533865
0.00198229762339
0.00223556166795
0.0025036160379
0.00279957300903
0.00311807323706
0.00345425277834
0.00380434912172
0.00416729297967
0.00454615272148
0.00494626748284
0.00537108960007
0.00582460105083
0.00631484386144
0.0068535682894
0.00745230491278
0.00809921036591
0.00872385337594
0.00929402796245
0.0098186262504
0.0103025937744
0.0107500364863
0.0111647639953
0.0115502290934
0.0119095356608
0.0122453847261
0.0125600634252
0.0128554757917
0.0131331945973
0.0133945265877
0.01364056025
0.013872208389
0.0140902545255
0.0142953921758
0.0144882531598
0.0146694332627
0.0148394994844
0.0149989814352
0.0151483646655
0.0152880910137
0.0154185643159
0.0155401576662
0.015653220036
0.0157580813675
0.0158550560564
0.015944445077
0.0160265371077
0.0161016089189
0.0161699252743
0.0162317383395
0.016287286639
0.0163367934938
0.0163804649608
0.0164184876115
0.0164510259082
0.0164782209198
0.0165001876655
0.016517028985
0.0165288586397
0.0165358034468
0.0165379887184
0.0165355220112
0.016528477684
0.0165168846496
0.0165007077952
0.0164798658175
0.0164542613948
0.0164237763934
0.0163882457008
0.0163474192231
0.0163009126594
0.0162481508867
0.0161883143863
0.0161202724375
0.0160424561637
0.0159526599925
0.0158477583231
0.0157231454849
0.0155719250212
0.0153822540069
0.0152043249833
0.0151520296015
0.0152399322403
0.015416069301
0.0156328354631
0.015857314729
0.0160699586274
0.0162541172043
0.0163863359249
0.0164452095645
0.0161966371805
0.0154747279271
0.0146650935702
0.0138189303838
0.0129274828423
0.0120053856805
0.0111074496308
0.0103129518975
0.00972025370623
0.00939093625063
0.00937042070247
0.00975288788845
0.0108224076915
0.0136126840217
0.0160548081501
0.0151442115882
0.0139071927889
0.0127291336393
0.0126150267669
0.0118563616842
0.0108684657288
0.00956372666471
0.00743247380217
0.00400600794281
0.00195919477081
0.00110753274812
0.000866317211545
0.000887269986871
0.000977390455552
0.00124978735497
0.00166439726288
0.00206290812259
0.00237514605214
0.00267145127869
0.00298525698266
0.00331883585293
0.00367041617598
0.0040376402023
0.00441999652027
0.00482061781728
0.00524452961825
0.00569470641574
0.0061743523148
0.00669022054282
0.00725223289526
0.00786967320567
0.00852925233302
0.00916479691148
0.00974647373918
0.0102822369425
0.0107767288165
0.0112338956327
0.0116574768775
0.0120509441005
0.0124174628959
0.0127598161479
0.0130803757334
0.0133811270778
0.0136637206455
0.0139295381375
0.0141797363086
0.0144152892589
0.0146370353553
0.0148457176701
0.0150420131083
0.0152265583647
0.0153999565594
0.0155627685971
0.0157155064452
0.0158586340211
0.015992573368
0.0161177123078
0.016234411377
0.016343009236
0.0164438264407
0.0165371678639
0.0166233241018
0.0167025720958
0.01677517527
0.0168413831076
0.0169014302744
0.0169555351701
0.0170038979997
0.0170466986505
0.0170840943552
0.0171162186356
0.0171431792053
0.017165073166
0.0171820095574
0.0171941099022
0.0172014927954
0.0172042580867
0.0172024729332
0.0171961606951
0.0171852830131
0.0171697591459
0.0171494959173
0.0171243818716
0.0170942606653
0.0170588954539
0.0170179227267
0.0169707990761
0.0169167516579
0.0168547160056
0.01678321131
0.0167001499997
0.0166025547231
0.0164860450095
0.0163440721524
0.016165704811
0.0159978379609
0.0159483454448
0.0160345038355
0.0162090842803
0.0164263649298
0.0166529081354
0.0168671982725
0.0170502589158
0.0171768592113
0.017144535962
0.0164532703736
0.0156407648864
0.0148144996058
0.01396343924
0.0130803080344
0.0121838490583
0.0113237859683
0.0105724213337
0.0100209724474
0.00973094882871
0.00975756662564
0.010203329914
0.0113889279976
0.014383745843
0.0168400109862
0.0159341845812
0.0147181523174
0.0135489393963
0.0134171649912
0.0126469596241
0.0116599442753
0.0103206448249
0.00831687012038
0.0048467384285
0.0024211139376
0.00130687695624
0.000987957508037
0.00091400584669
0.00102109853763
0.00121997732958
0.00161097681954
0.00208036978567
0.0024814142317
0.00282314682275
0.0031623140804
0.00351408665083
0.00388226186399
0.00426698624437
0.00466870358455
0.00509071453867
0.00553772182619
0.00601220368582
0.00651657089575
0.00705625310862
0.00763931029756
0.00827278908777
0.00894217122958
0.00958584923761
0.0101764755368
0.010721069818
0.0112239297722
0.0116888081625
0.0121193554692
0.0125190529443
0.0128911242711
0.0132384306304
0.0135634245898
0.013868168789
0.0141543884505
0.0144235359833
0.0146768321669
0.0149153079625
0.0151398520379
0.0153512528697
0.0155502295053
0.0157374577272
0.0159135749126
0.0160791711189
0.0162347824401
0.0163808925836
0.0165179395839
0.016646323859
0.0167664154566
0.0168785597789
0.0169830816356
0.0170802879616
0.0171704695186
0.0172539017448
0.0173308451503
0.0174015450566
0.0174662308976
0.0175251148702
0.017578390121
0.0176262286442
0.017668779157
0.0177061661246
0.0177384885298
0.0177658369952
0.0177883156821
0.0178060407084
0.0178191236638
0.0178276562344
0.0178316978103
0.0178312656237
0.0178263177429
0.017816774841
0.0178025493936
0.0177835382627
0.017759595575
0.0177304997757
0.0176959110007
0.0176553217261
0.0176080121207
0.0175529925934
0.0174888822516
0.0174137267109
0.0173247191955
0.0172177318452
0.0170866014514
0.0169213056265
0.0167653106525
0.0167199076595
0.0168043753335
0.0169762301603
0.0171920005495
0.0174180857006
0.0176311785568
0.017809920968
0.0179273484239
0.0174514625995
0.0166254372559
0.0157819006723
0.0149458304353
0.0140975725547
0.0132319844226
0.0123655802979
0.0115448928776
0.0108372842059
0.0103276504976
0.0100784049
0.0101545943877
0.0106661247421
0.0119756257757
0.015199539506
0.0175807759773
0.016690306592
0.0155042909537
0.014352564283
0.0142061650672
0.0134303178367
0.012451295287
0.0110899455326
0.00918633583989
0.00579217212463
0.00293936073695
0.00156354058345
0.0011228039397
0.000982410067555
0.00109305031905
0.00121498502961
0.00155410199359
0.00203036358572
0.00253078641923
0.00294458570231
0.0033229892574
0.00369920602271
0.00408660688691
0.00448982780271
0.00491107531462
0.00535411195553
0.00582339747875
0.00632094563517
0.00684839737922
0.00740985075157
0.00801149495314
0.00865817282675
0.00933437201354
0.00998335004815
0.0105803432599
0.0111314334951
0.0116405222901
0.0121111253612
0.0125467807712
0.0129509707166
0.0133269750103
0.0136777303201
0.0140057653714
0.0143132152811
0.0146018757176
0.0148732644597
0.0151286609345
0.0153691474633
0.0155956573985
0.0158090193498
0.0160099906705
0.0161992838787
0.0163775682845
0.016545460538
0.0167035181963
0.0168522421518
0.0169920839603
0.017123454311
0.0172467305725
0.0173622628385
0.0174703782456
0.0175713839831
0.0176655693027
0.0177532065769
0.0178345519778
0.0179098453615
0.0179793097597
0.0180431501044
0.0181015515089
0.0181546770884
0.0182026659041
0.0182456320622
0.0182836642997
0.0183168462027
0.0183452772582
0.0183690683695
0.0183883240998
0.0184031277433
0.0184135304877
0.018419542822
0.0184211187594
0.0184181813781
0.0184106503904
0.0183984325273
0.0183813938262
0.0183593296183
0.018331925841
0.0182987141038
0.0182590327868
0.018211974261
0.0181562672003
0.0180901028145
0.0180108632813
0.0179146953675
0.0177958497067
0.0176452010733
0.0175026990273
0.0174625995856
0.0175455008319
0.0177135605552
0.0179258299318
0.0181488706039
0.018357756451
0.018528766788
0.0184303645963
0.0176390359595
0.0167562888152
0.015899096347
0.0150626375192
0.0142259245406
0.0133832093725
0.0125498306118
0.0117702240519
0.011107015739
0.010639804995
0.0104329827098
0.0105613047043
0.0111411519053
0.0125814483724
0.0160593730139
0.0182737060013
0.0174088140931
0.0162615456597
0.01513566497
0.0149777873667
0.0142023693376
0.0132377644029
0.0118692651211
0.0100379925224
0.00681479077684
0.00358662026415
0.00190594413753
0.00128072985985
0.00108682819051
0.00113773928859
0.00124600799694
0.00150713660168
0.00195212566684
0.00249810620663
0.00301310351293
0.00345413267022
0.00386648777694
0.00427838834071
0.0047023431185
0.00514383611673
0.0056077221857
0.00609845491588
0.00661769701582
0.00716640537778
0.00774737689795
0.00836495370649
0.00902183780344
0.00970178336333
0.0103532113221
0.0109540202463
0.011509335276
0.0120225951091
0.0124970212951
0.0129360099794
0.0133430366376
0.0137214382607
0.0140742258826
0.0144039997495
0.0147129624639
0.0150029747515
0.0152756134493
0.0155322102442
0.0157738923571
0.0160016311955
0.0162162890957
0.0164186570012
0.016609481398
0.0167894608413
0.0169592356748
0.0171193819602
0.0172704149243
0.0174127969874
0.0175469466547
0.0176732463487
0.0177920487867
0.0179036815397
0.0180084503216
0.0181066413263
0.0181985224516
0.0182843443012
0.0183643401739
0.0184387257669
0.0185076979395
0.0185714330263
0.0186300846004
0.0186837811799
0.0187326252085
0.0187766935995
0.0188160625721
0.0188508275652
0.0188810947869
0.0189069620425
0.0189285042511
0.0189457640916
0.0189587445913
0.0189673949534
0.0189716418515
0.0189714139219
0.0189666291999
0.0189571667776
0.0189428399601
0.0189233618357
0.0188983053621
0.0188670711293
0.01882883891
0.0187824542329
0.0187262633153
0.0186578515144
0.0185736567137
0.0184683627685
0.0183337221405
0.0182061199473
0.0181724346377
0.0182539412956
0.0184172374662
0.0186240728866
0.0188414496159
0.0190429700258
0.0192026054695
0.0186652242601
0.0177620582147
0.0168552479989
0.0159969172653
0.015168669648
0.0143494389328
0.0135337234529
0.0127363317928
0.011999332183
0.0113810470013
0.010956977516
0.0107943770405
0.0109774868307
0.0116284566116
0.0132053877585
0.0169624242218
0.0189166600587
0.0180866525437
0.0169862632101
0.0158941551257
0.0157279991201
0.0149591306123
0.0140147506397
0.0126549065509
0.0108735394819
0.00787917569509
0.00437825946788
0.00237532264862
0.00147778166751
0.00121860759625
0.00117881652718
0.00131649515213
0.00148924939054
0.0018737441882
0.00240185678281
0.00299850747301
0.00353412621229
0.00400305320229
0.00444939900786
0.00489864220945
0.00536221874071
0.00584728880578
0.0063588127887
0.00689835006482
0.00746636263564
0.00806443510385
0.00869513290804
0.00935911930741
0.0100397108848
0.0106907973106
0.0112929890849
0.0118504098223
0.0123659479635
0.0128424557821
0.0132831506289
0.0136914965209
0.0140708939852
0.0144244305088
0.0147547736487
0.0150641889474
0.01535459607
0.0156276238645
0.0158846491041
0.0161268366865
0.0163551885565
0.0165705932568
0.0167738697987
0.0169657956522
0.0171470957119
0.0173184308971
0.0174803926264
0.017633507461
0.0177782459299
0.0179150318503
0.0180442504265
0.0181662549857
0.0182813717402
0.0183899033346
0.0184921315407
0.018588318573
0.0186787084716
0.018763527138
0.0188429822352
0.0189172620825
0.0189865338357
0.0190509410859
0.0191106011915
0.0191656037095
0.0192160119324
0.0192618946353
0.0193033443573
0.0193404634971
0.0193733436797
0.019402051734
0.019426621649
0.0194470480818
0.0194632742149
0.0194752318068
0.0194828602434
0.0194860901673
0.0194848145496
0.0194788651984
0.0194679827811
0.0194517826697
0.019429730452
0.0194010970203
0.0193648495685
0.0193194955862
0.0192628335705
0.0191916034829
0.0191009333744
0.0189834274352
0.0188718961431
0.0188456041075
0.0189259110426
0.0190835722381
0.0192831157443
0.0194922032836
0.0196831410791
0.0196387064743
0.0187891884301
0.0178364033023
0.016928384985
0.0160785992021
0.0152650324226
0.0144683627636
0.0136836711478
0.0129249094506
0.012231703345
0.0116588229373
0.0112787401271
0.0111622809578
0.0114029049685
0.0121283233292
0.0138464063122
0.0179052691646
0.0195086881576
0.0187215640804
0.0176752971145
0.0166242838452
0.0164530473783
0.015696763038
0.0147778779095
0.0134421166856
0.0116967933142
0.008950345276
0.00531734516771
0.00296447788207
0.00173499354742
0.00137606539791
0.00127521574288
0.00141689860876
0.00151599591173
0.00181173177659
0.00229705079754
0.00289707152843
0.00353173519685
0.00408777293922
0.00458624271158
0.00506945598007
0.00555906991467
0.00606673311626
0.00659890608834
0.00715751076456
0.00774287839575
0.00835556139526
0.00899648895351
0.00966444348532
0.0103426466434
0.010990775113
0.0115921591518
0.012149837461
0.012666034549
0.0131431356988
0.0135841347234
0.0139924860136
0.0143716690347
0.0147248552535
0.0150547766025
0.01536375848
0.0156537730837
0.01592649388
0.0161833351225
0.0164254917122
0.0166539879367
0.0168697299656
0.017073558676
0.0172662796367
0.0174486411703
0.0176213215942
0.017784924484
0.017939984705
0.0180869781471
0.0182263314879
0.0183584305243
0.018483627318
0.0186022451055
0.0187145820694
0.0188209144399
0.0189214977938
0.0190165688386
0.0191063456055
0.0191910273777
0.0192707936869
0.0193458024296
0.0194161871542
0.0194820537523
0.0195434777239
0.0196005065163
0.0196532016603
0.0197016546134
0.0197459652582
0.0197862199487
0.019822477999
0.0198547646544
0.0198830649892
0.0199073142032
0.0199274510952
0.0199434278219
0.0199551887966
0.0199626413752
0.0199656357979
0.01996393969
0.0199572106258
0.0199449808166
0.0199266142442
0.0199012020233
0.0198674159419
0.0198232732992
0.0197658216784
0.0196906365441
0.0195911423565
0.0194965993798
0.0194785233587
0.019557822859
0.0197090646345
0.0198995417098
0.0200977236669
0.020274760006
0.019799597678
0.0188404561759
0.0178767577114
0.016979744869
0.0161454642032
0.0153524493702
0.0145833101791
0.0138332992295
0.0131153090838
0.0124668154806
0.0119398190511
0.0116046832677
0.0115363755282
0.0118372824045
0.0126413784015
0.0145029660766
0.0188809533094
0.0200499360315
0.0193121419266
0.0183260933244
0.0173227148159
0.0171495326076
0.0164116408673
0.0155230485771
0.0142254386012
0.0125115625839
0.010001020287
0.00638959518189
0.00359757177111
0.0020846145789
0.00156354957
0.00141581331168
0.00145057348285
0.00159369630121
0.00178888120611
0.0021982693986
0.00276276109703
0.00342480663294
0.00408866556927
0.00466725912691
0.00520005735169
0.00572343247672
0.00625712770762
0.00681091115662
0.00738787687832
0.00798888715948
0.00861378657878
0.00926211665903
0.00993102182489
0.0106040296647
0.0112469368157
0.0118457405055
0.012402258394
0.012917907323
0.0133944810909
0.0138346985869
0.01424201962
0.0146200328535
0.0149720093036
0.0153007461795
0.0156086270416
0.0158976709222
0.0161695887352
0.0164258246851
0.0166675960091
0.0168959407792
0.0171117732214
0.0173159493679
0.0175093005854
0.017692595993
0.0178665282686
0.0180317100555
0.0181886816015
0.0183379215455
0.0184798571424
0.018614872778
0.0187433176106
0.0188655105465
0.0189817441948
0.0190922883346
0.0191973914489
0.0192972824628
0.0193921712791
0.019482248763
0.0195676857919
0.0196486312808
0.0197252090695
0.0197975136546
0.0198656053664
0.0199295128209
0.0199892908033
0.0200450324009
0.0200968367363
0.0201447861507
0.0201889333262
0.0202292948508
0.0202658445622
0.0202985064919
0.0203272291731
0.0203519798402
0.0203727177142
0.0203893647485
0.0204017889183
0.020409782972
0.0204130450332
0.0204111745305
0.0204036287742
0.02038962247
0.02036799146
0.0203369732471
0.0202939233553
0.0202348608473
0.0201539943299
0.0200770897477
0.0200678740746
0.0201463289982
0.0202904368328
0.0204701541488
0.0206548507255
0.0207082388008
0.0198405602295
0.0188408251004
0.0178888503224
0.0170109914307
0.0161986225133
0.0154320266344
0.014695049207
0.01398279739
0.0133072416194
0.0127041621647
0.0122235295159
0.0119344070501
0.0119163206265
0.0122802737954
0.0131687938585
0.0151723934749
0.0198931663379
0.0205415467502
0.0198578518376
0.0189367561961
0.0179866009388
0.0178144798212
0.0171004229951
0.0162464852978
0.0149990865206
0.013320226956
0.0110152248987
0.00756091004803
0.00439401646091
0.00258225638794
0.0017946740839
0.00158822839066
0.00155331091812
0.00171539111762
0.00182358141294
0.00212902299552
0.00263123536373
0.00325972624185
0.00397213592695
0.00465915022813
0.00526715563331
0.00583836305785
0.00640511822874
0.00698357504221
0.00757931753428
0.0081949049588
0.00883002507996
0.00948324814972
0.0101504607972
0.0108159602164
0.0114520035943
0.0120471180202
0.012601697261
0.0131161778807
0.0135916082572
0.0140303787116
0.0144359942011
0.0148122064805
0.0151624131058
0.0154894835926
0.0157958601261
0.0160836044455
0.0163544587106
0.0166098902993
0.0168511317429
0.0170792264237
0.0172950861105
0.0174995749454
0.0176935491167
0.0178777965579
0.018053021636
0.0182198432612
0.018378804401
0.0185303841081
0.0186750082309
0.0188130580509
0.0189448784866
0.0190707831034
0.0191910583756
0.0193059670912
0.0194157503534
0.0195206292797
0.0196208057746
0.0197164625937
0.0198077624406
0.0198948458982
0.019977827868
0.0200567920045
0.0201317824648
0.0202028047528
0.0202699077308
0.0203331900802
0.0203927524521
0.020448674773
0.0205010042857
0.0205497491772
0.0205948698168
0.0206362738873
0.0206739235509
0.0207078038522
0.0207378897718
0.020764117835
0.0207863724101
0.020804468097
0.020818140238
0.020827055285
0.0208307624546
0.0208285971409
0.0208195557476
0.020802093208
0.0207738683182
0.0207313336698
0.0206694419879
0.0206105486697
0.0206106397987
0.0206883547513
0.0208246583159
0.0209919861643
0.0211606596767
0.0207807653695
0.0198016608613
0.0188042960846
0.0178749454084
0.0170234294593
0.0162396622407
0.0155051553359
0.0148043716756
0.0141323156501
0.0135004021843
0.012943240631
0.0125094558652
0.0122675128575
0.0123017503906
0.0127314400685
0.0137127321045
0.0158531017083
0.0209314991821
0.0209856120078
0.0203590103565
0.0195060864247
0.0186136492045
0.0184454037262
0.0177601250703
0.016944767149
0.0157573000196
0.0141230487974
0.0119877478574
0.00878362223319
0.0053681013523
0.00329231038195
0.00209666538334
0.00178949939197
0.0017156290889
0.00176996269029
0.00192175470359
0.00211672881907
0.00252042070475
0.00309678875292
0.00377668723523
0.0045231499203
0.00523533249005
0.00587778178345
0.00649058601007
0.0071005024508
0.00771754898422
0.00834798795804
0.00899224891464
0.00964860252509
0.0103122918171
0.01096889016
0.0115974411782
0.0121887565171
0.0127415264828
0.0132550179562
0.013729350801
0.0141665406487
0.0145702210098
0.0149443968731
0.0152926340042
0.0156178899723
0.0159226687429
0.016209073152
0.0164788722873
0.016733551488
0.016974352949
0.0172023176016
0.0174183432748
0.0176232949215
0.0178180550631
0.0180034295464
0.0181801323422
0.0183487862811
0.0185099348047
0.0186640554523
0.0188115709877
0.0189528586622
0.0190882581809
0.0192180772311
0.019342595859
0.0194620698834
0.0195767331905
0.0196867994667
0.0197924631339
0.0198938995036
0.0199912639297
0.0200846896744
0.0201742839356
0.0202601206966
0.0203422272118
0.0204205794417
0.0204952215288
0.0205662635657
0.0206338106274
0.0206979420917
0.0207587012126
0.0208160882645
0.0208700472637
0.0209204610866
0.0209673114202
0.021010604504
0.0210503320235
0.021086444874
0.0211188418103
0.0211473542618
0.0211717494032
0.0211917601534
0.0212070246736
0.0212169936346
0.0212208173262
0.0212171612596
0.0212039780706
0.0211781383818
0.0211352958902
0.0210945028211
0.0211041314968
0.0211811205876
0.0213089569177
0.021462295211
0.0215695519064
0.0207131604242
0.0197065219573
0.0187344383055
0.0178366727123
0.0170191729406
0.0162707395616
0.0155734146368
0.014912066282
0.0142819560552
0.0136944512919
0.0131835368816
0.0127970966728
0.0126035938052
0.0126922860372
0.0131902474142
0.0142760018044
0.0165538830808
0.0216863091901
0.0213851896886
0.0208166946398
0.0200335867614
0.0192021716302
0.0190403639811
0.0183881880524
0.0176148645836
0.0164946458611
0.014918082775
0.0129207927511
0.0100091497294
0.00651051753658
0.00399084599683
0.00251656655262
0.00202498167723
0.00189572852775
0.00188900488872
0.00202920663248
0.00217953186275
0.00246195063213
0.0029484676036
0.00358104237404
0.00429702450079
0.00506529415223
0.0058032000266
0.00648346075891
0.00713779023777
0.0077823233892
0.00843034632481
0.00908443432958
0.00974359755761
0.0104034664434
0.0110513525163
0.011673351406
0.012262196703
0.0128145193919
0.0133282434862
0.0138023525851
0.0142384675213
0.0146405077416
0.0150128745857
0.0153593604045
0.0156830373906
0.0159864766739
0.0162718242215
0.0165408746369
0.016795128434
0.0170358341451
0.0172640241
0.0174805695635
0.017686328547
0.0178822157798
0.0180690556288
0.0182475702581
0.0184183846044
0.0185820411135
0.0187390143749
0.0188897231107
0.019034539861
0.0191737989052
0.0193078020961
0.019436823331
0.0195611119901
0.0196808954072
0.0197963806548
0.0199077555918
0.020015189106
0.0201188303423
0.0202188065726
0.0203152189778
0.0204081338292
0.0204975614196
0.0205834381795
0.0206658052622
0.0207447929058
0.0208205141402
0.0208930496904
0.0209624403693
0.0210286793732
0.0210916909524
0.021151319258
0.0212075748475
0.021260489579
0.0213100728668
0.0213562896119
0.0213990502476
0.0214381958217
0.0214735172622
0.0215048137643
0.021531808127
0.021554058494
0.0215708592588
0.0215810756383
0.0215829400356
0.0215737210293
0.0215497279999
0.021526835642
0.0215459992206
0.0216221478973
0.0217408103395
0.0218785847475
0.0215240007966
0.0205598179328
0.0195701463835
0.0186337486718
0.0177768190216
0.0170013731602
0.0162944859211
0.0156384734042
0.0150188524437
0.0144317275253
0.0138889893317
0.0134245113442
0.0130859362572
0.0129422259934
0.0130875617927
0.0136561199959
0.014859067848
0.0172936404411
0.0220113043458
0.0217440875172
0.021232624471
0.0205194448366
0.019751119074
0.0195980066424
0.018982539105
0.0182541754952
0.0172062491168
0.0157015048042
0.0138198572606
0.0111996368911
0.00778598027544
0.00487678340319
0.00313293959617
0.00229907972674
0.00210353045843
0.00206876394711
0.00212854769849
0.00231394614425
0.00248481576037
0.00284755214882
0.00339900900941
0.00407059382982
0.00480588295754
0.00558421114552
0.00634147701396
0.00706119001628
0.00774518542454
0.00841767061879
0.00908536373161
0.00974951785219
0.0104079497892
0.0110498719405
0.0116685658378
0.012258248572
0.0128130784134
0.0133295492431
0.0138052841425
0.0142415471493
0.014642821635
0.0150141156655
0.0153595373276
0.0156822946601
0.0159850366127
0.0162699593667
0.016538885497
0.0167933310095
0.0170345505958
0.0172635647413
0.0174812040075
0.0176883102954
0.0178858441003
0.0180746505136
0.0182554592634
0.0184288962474
0.0185955018771
0.0187557471941
0.0189100466489
0.0190587681632
0.019202241085
0.019340762172
0.0194746001053
0.0196039989393
0.0197291806601
0.0198503470125
0.0199676806152
0.0200813452838
0.0201914853555
0.020298223657
0.020401657398
0.0205018480299
0.0205987903881
0.0206923654056
0.0207826139172
0.0208696998977
0.0209537483123
0.0210348425775
0.021113022373
0.0211882751827
0.0212605021816
0.0213294855419
0.0213952802711
0.0214579499841
0.0215175228891
0.0215739771774
0.0216272314944
0.0216771265135
0.0217234650484
0.0217661140357
0.0218048755539
0.0218394051774
0.021869128542
0.021893095626
0.0219097997919
0.0219168837486
0.0219112666247
0.0219057824008
0.0219342250704
0.0220092422621
0.0221179169331
0.0221550051015
0.021315879332
0.0203435148249
0.0193946055432
0.0185059278286
0.017699982943
0.0169741103608
0.0163137894784
0.0157019207194
0.0151252759148
0.0145814926352
0.0140835316773
0.0136655843409
0.0133754348167
0.0132829613119
0.0134872278673
0.0141285471327
0.0154586060652
0.0180792662359
0.0223029311002
0.0220660829724
0.0216090470388
0.0209645018501
0.0202600951167
0.0201175884649
0.0195416408348
0.0188605622498
0.0178879484293
0.0164681866978
0.0146903681488
0.0123334970638
0.00913707854476
0.00597062864664
0.00395988773088
0.00268931586236
0.00234276651151
0.00228589271623
0.00230035852436
0.00240155420527
0.00259965636603
0.00283121766836
0.00326111216585
0.00385956930663
0.00455327904878
0.00529353880418
0.00606467080096
0.00683104314088
0.00756761729562
0.00827754034747
0.0089676083277
0.00964292586638
0.0103067237464
0.0109493376253
0.0115711656518
0.0121675587399
0.0127297712104
0.0132529943817
0.0137332553834
0.0141716109433
0.014573576743
0.0149450605867
0.0152905947633
0.015613534968
0.0159166187552
0.0162021061098
0.0164718544034
0.0167273986032
0.01697000333
0.0172006784453
0.017420195081
0.017629365902
0.0178292254407
0.0180206450577
0.0182043618421
0.0183810021391
0.018551104147
0.0187151356366
0.0188735074327
0.0190265837915
0.0191746903942
0.0193181203468
0.0194571386675
0.0195919857168
0.0197228797832
0.0198500189194
0.0199735820868
0.0200937295374
0.0202106022457
0.0203243200504
0.0204349782131
0.0205426369085
0.0206472804153
0.0207487060762
0.0208469602629
0.0209422637696
0.021034756902
0.0211245254471
0.02121160848
0.0212959899057
0.02137754649
0.0214559585875
0.0215313531919
0.0216038346002
0.0216734503355
0.0217401901702
0.0218039767105
0.0218646367469
0.0219219673671
0.0219759088062
0.0220263364453
0.0220729911005
0.0221154135508
0.0221528192837
0.0221839385929
0.0222067614197
0.0222187727427
0.0222299035941
0.0222670912404
0.022340446052
0.0224381360194
0.0219368553055
0.0210147305847
0.0200802834109
0.0191855921433
0.0183578061624
0.0176123867596
0.0169419828152
0.0163314502734
0.0157650501804
0.0152315980634
0.0147309187689
0.0142774871889
0.0139061246877
0.0136650226685
0.0136253212866
0.0138909106379
0.0146071165357
0.0160707721478
0.0189007481821
0.0225630983436
0.0223544458348
0.0219485682211
0.0213701900436
0.0207293466409
0.0205989812138
0.0200645252088
0.0194323873609
0.0185363813072
0.017212366744
0.0155356629314
0.013404162906
0.0105000304815
0.00725525291855
0.00481654538376
0.00328597856811
0.00264166802561
0.00252755469724
0.0025307384456
0.00257341657446
0.00269179303832
0.00292008584326
0.00321007154736
0.00369263360057
0.00431958476407
0.0050212735638
0.00575497155286
0.00650330414645
0.00725416675164
0.00798745094031
0.00870057243935
0.00939621918055
0.0100788981752
0.0107343778724
0.0113698127375
0.0119818321035
0.0125583727874
0.0130938805508
0.013582521232
0.0140254932488
0.0144300995701
0.0148035170276
0.0151508091047
0.0154754532026
0.0157802820389
0.0160676437601
0.0163394433884
0.0165972416315
0.0168423202977
0.0170756856799
0.0172700631768
0.0174088553587
0.0175413673866
0.0176705637807
0.0177989479925
0.0179279120856
0.0180584286786
0.0181911733251
0.0183266478555
0.0184652448264
0.0186072808447
0.0187530089682
0.0189026304162
0.0190563058311
0.019214159945
0.0193762749288
0.0195426793788
0.0197133238211
0.0198880458181
0.0200664651
0.0202480359979
0.0204314515763
0.0206154130569
0.0207540968906
0.0208604513735
0.020964066541
0.0210650954558
0.0211636228195
0.0212596862504
0.0213532687261
0.0214442280764
0.0215320695626
0.0216170480285
0.0216993206289
0.0217789520885
0.0218559397566
0.0219302054212
0.0220015441981
0.0220697204751
0.0221347623553
0.0221966124152
0.0222550820732
0.0223098073416
0.0223601452206
0.0224050325867
0.0224427768126
0.0224713922697
0.0224980293536
0.0225431144337
0.0226139740249
0.0223452853729
0.0215390742521
0.0206458441338
0.0197766791849
0.0189535412781
0.018199031265
0.0175211032003
0.0169094505309
0.0163497659082
0.0158286454315
0.015337702281
0.014879443484
0.0144701466153
0.0141454458624
0.0139541002851
0.0139687915954
0.0142981626052
0.0150914666352
0.0166923699897
0.0197455639715
0.022794294126
0.0226122249489
0.022253989078
0.0217384347421
0.0211597284067
0.0210426540047
0.020550809031
0.0199685438974
0.0191490125537
0.0179282979989
0.0163562534346
0.0144147370931
0.0118225772323
0.00867701715932
0.0059002461559
0.00420439677513
0.00306176815048
0.00279981427599
0.00279379100167
0.00282400699162
0.00287766414586
0.00299851027589
0.00324765289808
0.00361629915582
0.00413423229562
0.00477278425032
0.00547133402255
0.00619096009666
0.00691350789121
0.00763066279684
0.00833782566775
0.00903430310448
0.009723473605
0.010395793774
0.011056916238
0.0116963967817
0.0122958567257
0.012850332893
0.0133517044759
0.0138019723729
0.0142113767585
0.0145887969799
0.0149398193414
0.0151751124076
0.0153607284208
0.015530765897
0.0156899399859
0.0158411514399
0.0159859599849
0.0161250231286
0.016257910962
0.0163859144592
0.0165131806706
0.0166407957118
0.0167701830825
0.0169020504699
0.017036946493
0.0171752676285
0.0173173282647
0.0174633968683
0.0176137112505
0.0177684792689
0.0179278828836
0.0180920843903
0.0182612263984
0.0184354211682
0.0186147366197
0.0187991728869
0.0189886265182
0.0191828180991
0.0193812979062
0.0195832480468
0.0197874353856
0.0199913848938
0.0201963570821
0.0204036472437
0.0206132338993
0.0208248255299
0.0210376271268
0.0212491871949
0.0214581732514
0.0215594161561
0.0216538902524
0.0217458644517
0.0218354107245
0.0219225263942
0.0220071281784
0.0220889565146
0.0221676996246
0.0222435094962
0.0223163889621
0.0223862014846
0.0224526534217
0.022515214129
0.0225729884392
0.0226245670591
0.0226684764602
0.0227091639078
0.0227609390175
0.0225357639273
0.021862968952
0.0210506214594
0.0202338564479
0.0194495775496
0.0187133561997
0.018040315385
0.0174328227018
0.0168800823491
0.0163701441622
0.0158928151309
0.015443039885
0.0150262660275
0.0146606879029
0.0143828133047
0.0142420448052
0.0143128164096
0.0147084235754
0.0155812676309
0.0173204509779
0.0205995187138
0.0229993365371
0.022842367037
0.022528210807
0.0220715476618
0.0215526435597
0.0214496335652
0.0210006887812
0.02046847592
0.0197241216474
0.0186107909744
0.0171500285072
0.01537206493
0.0130736020244
0.0101594051284
0.00721569956758
0.00510919880706
0.00371561605419
0.00314062486924
0.00307464540602
0.00311580381359
0.0031382142786
0.00319055965486
0.00331416220511
0.00357745593145
0.00404691031642
0.0045814446936
0.00521982720202
0.00590648946222
0.00660828012623
0.00730792098157
0.00799714664649
0.00867303808686
0.00933726982884
0.00999713051355
0.0106614692332
0.0113192671985
0.0119476691583
0.0125272530107
0.012948082587
0.0132167229734
0.0134552892068
0.0136707009235
0.0138678916134
0.0140463232921
0.0142132768631
0.0143721673678
0.0145254568562
0.0146747790497
0.014821506798
0.0149666751981
0.0151131436238
0.0152638802964
0.0154160926884
0.0155696309387
0.0157242894721
0.0158800176054
0.0160369024457
0.0161950646701
0.0163546554123
0.016515851934
0.0166788479241
0.0168438398892
0.0170110225122
0.0171805900613
0.0173527336889
0.0175276319749
0.0177054427292
0.0178862960409
0.0180702828088
0.0182574645572
0.0184479276433
0.0186423110155
0.0188407318188
0.0190473859308
0.0192622750868
0.0194829846669
0.0197087757232
0.0199386739497
0.0201716279657
0.0204059498359
0.0206397092797
0.0208678547496
0.0210945619171
0.0213182831559
0.0215385150626
0.0217532587504
0.0219593842513
0.0221281991881
0.0222170783272
0.0223031762597
0.0223865367035
0.0224670490976
0.0225444592689
0.0226183152144
0.0226878402123
0.0227518649419
0.022809450536
0.0227206890839
0.0224491102065
0.0219272240335
0.0212371746928
0.0205163348798
0.0198043649299
0.0191217683815
0.0184809801367
0.0178912392662
0.0173525673712
0.0168559091301
0.0163928408202
0.0159569216067
0.0155466361739
0.015170375391
0.0148482035783
0.0146174650913
0.0145282224611
0.0146567898832
0.0151209780087
0.0160762129789
0.0179519116322
0.0214445357996
0.023181181376
0.0230477742213
0.0227741809884
0.0223721247507
0.021909965597
0.0218214443095
0.0214149139104
0.0209321842933
0.0202607636949
0.0192556035863
0.0179130068467
0.016282417144
0.0142422285838
0.0116267754881
0.00870985790617
0.00625176523902
0.00472240099922
0.00362358119838
0.00336070086454
0.00338512382197
0.00344211931634
0.00348013009899
0.00353359109899
0.00365569177112
0.00391994306619
0.00438690024589
0.00504039630824
0.00566762179946
0.00633857676082
0.0070221273144
0.00770112355611
0.00836683015029
0.0090131523497
0.00964822698239
0.0102847365781
0.0108981849152
0.0112244308065
0.0115064592653
0.0117600646586
0.0119925377773
0.0122113846534
0.012419774395
0.0126200677738
0.0128209767493
0.0130204763486
0.0132170203005
0.0134103928921
0.0136005737542
0.0137882344869
0.0139742396901
0.0141596087777
0.0143451276471
0.01452977967
0.0147136150275
0.0148961417946
0.0150771429249
0.0152565656392
0.0154344505031
0.0156109111679
0.0157861169128
0.0159602720893
0.0161335957047
0.0163063134137
0.0164786584069
0.0166508692767
0.0168231837214
0.0169958377779
0.0171690736039
0.017343148984
0.0175183876392
0.0176952532432
0.0178748808524
0.0180581117012
0.0182466804784
0.0184405569614
0.0186392152464
0.0188423671985
0.019049367324
0.0192598074108
0.0194745708938
0.0196926049056
0.0199226907059
0.0201569148792
0.0203928610703
0.020627987791
0.0208594589236
0.0210839663035
0.0212971971324
0.0214941275873
0.0216740655668
0.0218326779813
0.021966454137
0.0220694076745
0.0221367336361
0.0221572169707
0.0221270339851
0.0220727219157
0.021951372365
0.021656469846
0.0211613832374
0.020579675748
0.0199842499979
0.0193907136982
0.0188156383431
0.0182692915201
0.0177581809928
0.0172827223641
0.016837065879
0.0164168987917
0.0160196339458
0.0156471693028
0.0153106202098
0.015031752447
0.0148486463258
0.0148120057377
0.0150000499101
0.0155349473816
0.0165762954123
0.0185842185301
0.0222721339621
0.023342784238
0.023231329246
0.0229948595106
0.0226429528753
0.0222339482254
0.0221600316868
0.0217947391382
0.0213602140756
0.020758714835
0.0198596654167
0.0186403070401
0.017149330815
0.0153306670012
0.0130250531352
0.0102924372264
0.00765167215501
0.00572346979087
0.00441575110922
0.00376144495264
0.00368278684802
0.00375760972788
0.00382433587201
0.00386655675094
0.00392088866816
0.00403567654899
0.00428468743819
0.00470964530947
0.00529532265757
0.00599937581197
0.00676633488073
0.00745275304801
0.00811161095097
0.008733163653
0.00908268674808
0.0094101285954
0.0097361791821
0.0100171456397
0.010276776156
0.0105383332853
0.0108029130397
0.0110633084528
0.0113198664943
0.0115722359168
0.0118223544228
0.0120688451866
0.0123114538972
0.0125496869237
0.0127831625936
0.0130120878736
0.0132368636467
0.0134573986429
0.0136734315474
0.0138851738843
0.0140930166856
0.0142968545651
0.0144966836334
0.0146925706506
0.0148846427894
0.0150730849439
0.0152581298077
0.0154400380282
0.0156190775781
0.0157955170714
0.0159696292923
0.0161416907656
0.01631197726
0.0164807667739
0.0166483520522
0.0168150536193
0.0169812581908
0.0171474722994
0.0173145706768
0.0174832380195
0.0176534941935
0.0178252529322
0.0179990160679
0.0181750518993
0.0183533349094
0.0185340449001
0.018718733047
0.0189072415759
0.0191021303082
0.0193003067513
0.0195011208356
0.0197024647728
0.0199025921626
0.0201000244815
0.0202940234968
0.0204850839283
0.0206634507502
0.0208235385915
0.0209598030732
0.0210655479762
0.0211358181571
0.0211606764625
0.0211399937774
0.0210994397904
0.02101402231
0.0207916768487
0.020414997135
0.0199677320865
0.0194998913534
0.0190213598335
0.0185466203743
0.0180851705659
0.017643093721
0.0172226782956
0.0168218309399
0.0164403222314
0.0160791133637
0.0157431221697
0.0154458193312
0.0152104349309
0.0150756577721
0.0150928014077
0.0153419115196
0.0159494402992
0.0170827141822
0.0192159188204
0.0230718373827
0.0234870484338
0.0233959021294
0.0231931849341
0.0228869241069
0.0225271289808
0.0224676731245
0.0221418577005
0.0217536211431
0.0212184083168
0.0204211508106
0.0193270884342
0.0179732135347
0.0163463184278
0.0143277383849
0.0118696915506
0.00924909924389
0.00699764173338
0.00550296464623
0.00441220624618
0.00405324748573
0.00407769064527
0.00418058818672
0.00425923932866
0.00431381069935
0.00437325722577
0.00448734727477
0.00470478088691
0.00506010799054
0.00554024166175
0.00611574370209
0.00673348454647
0.00731471732629
0.00775360786766
0.00806479803401
0.00836792239665
0.00868010844939
0.00899137224908
0.00930208966935
0.00961657038477
0.00992735033692
0.010233035629
0.0105343844265
0.0108305678412
0.0111204230449
0.0114032424688
0.0116794049698
0.0119488181842
0.0122113333009
0.0124670552601
0.0127161316518
0.0129582777385
0.0131931927631
0.0134213633202
0.0136433400966
0.0138593785773
0.0140697255067
0.0142746312424
0.0144743607416
0.0146692076414
0.0148594939276
0.0150455523462
0.0152277068876
0.0154062690505
0.0155815450088
0.0157538361186
0.0159234336577
0.0160906215679
0.0162556865548
0.0164189240526
0.016580650526
0.0167412333423
0.016901173708
0.017060793385
0.0172196945943
0.0173777273059
0.0175354388052
0.0176932621131
0.0178514318332
0.0180102582859
0.0181707236397
0.0183328108129
0.0184955284737
0.0186584315673
0.0188219273422
0.0189851634648
0.019147435285
0.0193082442926
0.0194662014984
0.0196200328165
0.0197653188401
0.0198985451412
0.0200153574353
0.0201108165992
0.0201815671743
0.0202200692356
0.0202288834086
0.020226573915
0.0201852550853
0.0200418338935
0.0197789902716
0.0194492128548
0.0190908276657
0.0187102641307
0.0183196287177
0.0179284675403
0.017543479185
0.0171691911581
0.0168070688304
0.016460467491
0.0161333125287
0.0158329946412
0.0155749061433
0.0153834898629
0.0152979218141
0.0153701036557
0.0156817757807
0.0163637360973
0.0175974661364
0.019846312842
0.0235990470165
0.0236168978305
0.0235443165197
0.0233720243109
0.0231069551241
0.0227922314183
0.0227468809437
0.0224583186056
0.0221139174977
0.0216408632924
0.0209394325324
0.0199693049126
0.0187520356893
0.0172963006838
0.0155295605634
0.0133724458599
0.0109316927202
0.00854248295693
0.00668068473527
0.00549563682599
0.00462404806979
0.00444556696099
0.00453308116698
0.00466154061912
0.00476427423162
0.00484142504
0.00491919710372
0.00503730399522
0.0052295843046
0.00551414130621
0.00588251637476
0.00632517596239
0.0067693231701
0.00713041039425
0.00743203947958
0.00774200104986
0.00807319762003
0.00841308329209
0.00875395181136
0.00909215896586
0.00942356210486
0.0097486594694
0.0100681875613
0.0103814805106
0.010687067717
0.0109843304333
0.011273495583
0.0115546095755
0.0118276583173
0.0120927358898
0.0123499272118
0.0125990467481
0.0128399686042
0.01307315151
0.0132991760504
0.0135184667581
0.01373141133
0.0139383773906
0.0141397225846
0.0143358174711
0.0145270492872
0.0147138025227
0.0148964382709
0.0150752930951
0.0152506897279
0.0154229371182
0.0155923224015
0.0157591119686
0.0159235583002
0.0160858990057
0.0162463543659
0.0164051452778
0.0165625371023
0.0167186309098
0.0168730507624
0.0170255928443
0.0171765670382
0.0173262916157
0.0174749313155
0.0176226419602
0.0177698039099
0.0179162085689
0.0180603883682
0.0182022246489
0.0183422239465
0.0184802112143
0.0186158991367
0.0187489616182
0.0188779345908
0.0190008916776
0.0191165662951
0.0192235077717
0.0193194557709
0.0194014896844
0.0194678129675
0.0195122479
0.0195386919795
0.019559784033
0.0195464705602
0.0194594713503
0.0192798049976
0.0190370509794
0.0187612239701
0.0184555531968
0.0181295741026
0.0177930585846
0.0174535014285
0.0171173503527
0.0167889822852
0.0164745853499
0.0161803481888
0.0159155534339
0.015697096036
0.0155504104373
0.0155150700668
0.0156435752981
0.0160192584093
0.0167771748776
0.0181181426091
0.0204720263201
0.0237102250346
0.0237352480419
0.023679255785
0.0235341098731
0.0233059119425
0.0230320692028
0.0230003012101
0.0227464317474
0.0224429965664
0.0220276055939
0.0214149538517
0.0205641947874
0.0194824965733
0.0181849531196
0.0166361474352
0.0147655470091
0.0125896424735
0.0102693458884
0.00815611986264
0.00661455511099
0.00558207359658
0.00497901015789
0.00491420558392
0.00504675944526
0.00517643658141
0.00531269371866
0.00542919771196
0.0055477538795
0.00569429602423
0.00591422754828
0.00616110425348
0.00648165035129
0.00681623765203
0.0071043892873
0.00737205051952
0.0076595474267
0.00797566928044
0.00830094976559
0.0086220979093
0.00894134548865
0.00925702318226
0.00956850390599
0.00987584583181
0.0101782616549
0.0104743329081
0.0107632074784
0.0110447109322
0.0113187255509
0.011585138704
0.0118439409431
0.012095147502
0.0123386230039
0.012574307517
0.0128025562849
0.0130238876399
0.0132387438211
0.013447533624
0.0136506403636
0.0138484311052
0.0140412870589
0.0142296074968
0.0144137840688
0.0145941764443
0.0147711136885
0.0149449087866
0.0151158569793
0.0152842238235
0.0154502454083
0.0156141344058
0.0157760759367
0.0159362217069
0.0160947042323
0.016251676358
0.0164071595072
0.0165608566846
0.0167125341788
0.0168622935934
0.0170102791316
0.0171565054513
0.0173009437316
0.0174436527661
0.0175842737383
0.0177216322408
0.017855372172
0.0179857180468
0.0181125765459
0.0182356877296
0.0183546675643
0.0184683422765
0.0185750886212
0.0186743781089
0.0187657121879
0.0188481614648
0.0189201109277
0.0189807200202
0.0190246024003
0.0190566744332
0.019085445838
0.0190831241527
0.019027997614
0.0189010671013
0.0187160659438
0.0184966585109
0.0182437940325
0.0179647188993
0.0176693667591
0.0173658378184
0.0170618931429
0.0167640125992
0.0164804201032
0.0162188946419
0.0159900929955
0.0158120658272
0.015711076924
0.0157270522281
0.015913137789
0.0163542074875
0.0171888501899
0.0186352693555
0.0210770439999
0.023812999075
0.0238445714405
0.0238031420801
0.0236819829765
0.0234865408184
0.0232494536934
0.0232306121077
0.0230086651656
0.0227430414845
0.0223805786884
0.0218490540486
0.0211104976514
0.020161218106
0.0190135688159
0.0176557841827
0.0160402756418
0.014149790683
0.0120385937477
0.00988426253647
0.00804068758479
0.00673736328361
0.0058450853468
0.00540270530012
0.00540194369657
0.0055370340619
0.00571255097366
0.00592065028429
0.00613153832852
0.00631670191044
0.00652081789763
0.0067856157539
0.00704065006509
0.00734507169683
0.00756212343897
0.00777435867558
0.00801038031814
0.00827273618672
0.00854099444863
0.00880918286192
0.00908048063273
0.00935340888376
0.0096263439128
0.00989865804508
0.0101692788368
0.0104366574636
0.0106996068553
0.0109575355601
0.0112100431503
0.0114567984652
0.0116976008156
0.0119323207146
0.0121607557348
0.0123827822079
0.0125986054395
0.012808609991
0.0130131588657
0.0132125940159
0.0134072304994
0.0135973692319
0.0137833378046
0.0139654925344
0.01414418318
0.014319723705
0.0144923979344
0.0146624794469
0.0148302269296
0.0149958673123
0.0151595968064
0.0153215886396
0.0154819876326
0.0156409043844
0.015798428226
0.0159546593566
0.0161096001253
0.0162630201281
0.0164146871122
0.0165645814445
0.0167127259802
0.0168590412644
0.0170033952358
0.0171457099092
0.0172855908367
0.0174221166566
0.0175547628651
0.0176834662234
0.0178080114548
0.0179280496275
0.018043121289
0.0181522556228
0.0182541618036
0.0183482634893
0.0184342141311
0.018511523653
0.0185791395852
0.0186366116555
0.0186791095022
0.0187124392999
0.0187421562022
0.0187416550346
0.0187017544335
0.0186056532259
0.0184565298197
0.0182734871299
0.0180565144472
0.0178111521347
0.0175474106124
0.0172737274218
0.0169985527784
0.0167297100286
0.0164767672565
0.016248546866
0.0160566831772
0.0159201355775
0.0158659022696
0.0159342585377
0.0161790500619
0.01668658385
0.0175972734913
0.0191391457548
0.0216415211332
0.0239090047418
0.0239466814815
0.0239180395719
0.0238179341323
0.0236514008981
0.0234471057108
0.0234404250223
0.0232475389045
0.0230164206827
0.0227020434947
0.0222437741029
0.0216084371761
0.0207856929267
0.0197813454643
0.0185950701051
0.0172015787945
0.0155798849656
0.013735181566
0.0117290049836
0.00975881374307
0.00814510234895
0.00701046812768
0.00626500079123
0.00592897298329
0.0059340745854
0.00604786661173
0.00624828379749
0.00649372070989
0.00677343037858
0.00709535839875
0.00746333054383
0.00778536708143
0.00810171765956
0.00827472828565
0.00841473657581
0.00858489797756
0.00877886560175
0.00898137835399
0.00918840301823
0.00940277047815
0.00962313564889
0.00984739273732
0.0100745513135
0.0103034576849
0.0105324993312
0.0107602728754
0.0109859073052
0.011208785504
0.0114283917282
0.011644350475
0.0118563751619
0.0120641389277
0.0122673914303
0.0124661660576
0.0126606781107
0.0128511614627
0.0130378441077
0.0132209241342
0.0134005890274
0.0135770712469
0.0137506460222
0.0139215834668
0.0140901148843
0.0142564467971
0.0144207888523
0.0145833439112
0.0147442845562
0.0149037570328
0.0150618922819
0.0152187985331
0.0153745549075
0.0155292235527
0.0156828715876
0.0158354948586
0.0159869151276
0.0161369230243
0.0162854432217
0.0164324397764
0.0165778042197
0.0167213779497
0.0168630326647
0.0170024067383
0.0171387529793
0.0172715064152
0.0174004293959
0.0175252111131
0.0176454371532
0.0177606014269
0.0178698341486
0.0179720192914
0.0180664411135
0.0181526196156
0.0182300648965
0.0182978710432
0.0183556317993
0.0183989234737
0.0184341582894
0.0184645827316
0.0184638581702
0.0184312559841
0.0183535276294
0.0182271157329
0.0180680259946
0.0178764911368
0.017656993813
0.0174195584229
0.0171727355017
0.0169251662313
0.0166854240337
0.0164639119074
0.0162701158694
0.0161163875909
0.0160224461591
0.0160159851108
0.0161376451091
0.0164419694761
0.0170163562888
0.0180002818146
0.0196218308222
0.0221548952736
0.0239998363466
0.0240430378242
0.0240256253859
0.0239439361098
0.0238027960799
0.0236275721145
0.0236321912555
0.0234655198752
0.0232655760214
0.0229944673246
0.0226016596644
0.0220595344211
0.0213548616005
0.020486738353
0.0194577553728
0.018258256207
0.016875021879
0.0152977118808
0.0135354524536
0.0116532161416
0.00986614541972
0.00842906281167
0.0074110300217
0.00678854055958
0.00650286708831
0.00646723925038
0.00659310739074
0.00681404485922
0.0070915532212
0.0074115808347
0.00777417518259
0.00818090248569
0.0086282541281
0.00899002924766
0.0090880657342
0.00919750030892
0.00933841994386
0.00949018921438
0.00964654770462
0.00981148448454
0.00998457776811
0.0101635812804
0.0103475012785
0.0105354594052
0.0107260084242
0.0109177397494
0.0111097281647
0.0113013260223
0.011491978704
0.0116812469855
0.0118687522204
0.0120540520933
0.0122367662877
0.0124167759863
0.0125941411158
0.012768967189
0.0129413652395
0.0131114030974
0.0132791365753
0.0134446883922
0.0136082383108
0.0137699586533
0.0139299772893
0.0140884060593
0.0142453796594
0.0144010356999
0.01455548203
0.0147088069895
0.0148610951592
0.0150124155583
0.015162813788
0.0153123244374
0.0154609844969
0.0156087795627
0.0157555679604
0.0159011681679
0.0160454828212
0.0161884520263
0.0163299699663
0.0164698890182
0.0166080714235
0.0167442120781
0.0168777116976
0.0170080424604
0.0171348983444
0.0172579452639
0.0173767650112
0.0174908548693
0.017599436624
0.0177015189337
0.0177963259072
0.0178832570871
0.0179617494786
0.0180309308294
0.0180903228871
0.0181358378236
0.0181742092549
0.0182067134337
0.0182066655326
0.0181788938672
0.0181140463618
0.0180042744029
0.0178633008352
0.0176923618417
0.0174954125704
0.0172824246006
0.0170619059171
0.016842362834
0.0166327237972
0.0164439075338
0.0162858404447
0.0161714466618
0.0161211281382
0.0161632630029
0.0163388537328
0.0167030052791
0.0173435156744
0.0183953930807
0.0200770729244
0.0226121313801
0.0240868366113
0.0241348110729
0.0241272068224
0.0240616028626
0.0239427143957
0.0237931491288
0.023808117759
0.0236649220908
0.0234929092203
0.0232604043113
0.0229255701939
0.0224663210464
0.0218693082852
0.021128683421
0.0202453994114
0.0192180082876
0.0180424217032
0.0167079097338
0.0152071490831
0.0135464037342
0.0117976796814
0.0101736480678
0.00886736399978
0.00793359584992
0.00735715787964
0.00708771247698
0.00705283339233
0.00717989550547
0.00741059544376
0.00770775167147
0.0080532112353
0.00843891300052
0.00885955438417
0.00930523725124
0.00967704078893
0.00976654565524
0.00986865524722
0.00999055324193
0.010115905718
0.0102471296847
0.0103858213165
0.0105304958952
0.0106805240852
0.0108354585722
0.0109940691029
0.0111550816515
0.011317754591
0.0114816225823
0.0116462478993
0.0118112409467
0.011976199988
0.012140579497
0.0123038915642
0.0124659298007
0.0126266665081
0.0127861296713
0.0129443469596
0.0131012617773
0.013256794323
0.0134109647746
0.0135638694465
0.0137155896501
0.0138661501794
0.0140155702642
0.0141639172678
0.014311268136
0.0144576645737
0.0146031361364
0.0147477222874
0.0148914519317
0.0150343342052
0.0151763738104
0.0153175777241
0.0154579155408
0.0155972663543
0.0157354710087
0.0158724227069
0.0160080494073
0.0161422538222
0.0162749073367
0.0164058797438
0.0165349221564
0.0166615653664
0.0167853517821
0.0169059708428
0.0170231113987
0.0171363981299
0.0172453797013
0.0173493965306
0.017447604495
0.0175392660618
0.0176237637604
0.0177005346078
0.0177687807943
0.0178279895735
0.0178744254996
0.0179150011458
0.0179492318084
0.0179500451187
0.0179262267382
0.0178721964988
0.0177771135188
0.0176525234782
0.0175009104277
0.017326013078
0.017137646031
0.0169441692419
0.0167537813331
0.0165755377412
0.0164206998679
0.0162995215552
0.0162254264467
0.0162194558745
0.0163106545281
0.0165403186817
0.0169637834215
0.0176682063454
0.0187802574351
0.0205007308078
0.0230140634736
0.0241709920443
0.0242228640803
0.0242237338762
0.0241721712135
0.024072782669
0.0239458166317
0.0239700957558
0.0238478166728
0.0237006725122
0.0235023717606
0.0232184979604
0.022832011898
0.0223311406689
0.0217074120939
0.0209587079001
0.0200861479851
0.0190918778756
0.0179696001732
0.0167102002064
0.0153053245614
0.0137562463679
0.0121422621005
0.0106576387525
0.00945672393048
0.0085846308393
0.00803212928912
0.00776003830096
0.00771127104565
0.00782450027199
0.00804806717582
0.0083461773494
0.00869656832826
0.00908508949141
0.00950044811343
0.00992281281649
0.0102737297609
0.0103691167823
0.0104716021666
0.0105827665548
0.0106971198695
0.0108158347208
0.0109390360098
0.0110670416983
0.0111997336748
0.0113359054785
0.0114745316941
0.0116153185417
0.0117581164637
0.0119026204251
0.012048493682
0.0121953125304
0.0123423988539
0.0124892225886
0.0126356227806
0.0127815932265
0.0129271534491
0.0130722861181
0.0132167978546
0.0133604662607
0.0135032424722
0.0136451886624
0.0137863332643
0.0139266169494
0.0140659827347
0.0142044551609
0.014342068694
0.0144788063523
0.0146146473534
0.0147495968076
0.0148836489653
0.0150167784273
0.0151489631206
0.0152801835096
0.0154103905182
0.0155394727241
0.0156672869915
0.0157937221751
0.0159186974107
0.0160421205482
0.016163877585
0.0162838485032
0.0164018290331
0.0165174540837
0.0166303391074
0.0167401949425
0.0168467481036
0.0169496836494
0.0170486266282
0.017143051062
0.0172322818572
0.0173156896275
0.0173927283082
0.0174629172099
0.0175256021587
0.0175803251125
0.0176237585019
0.0176629749249
0.0176959320755
0.0176954719603
0.0176738603392
0.0176289893494
0.0175477601424
0.017439270206
0.0173070069385
0.0171546109866
0.0169915962692
0.0168260864182
0.0166658950186
0.0165200755647
0.0164001361016
0.0163165960647
0.0162833299117
0.0163219693648
0.016462166787
0.0167453428111
0.0172265166278
0.0179909152849
0.0191531196523
0.0208913077061
0.0233667156577
0.0242528772338
0.0243077106606
0.0243157997426
0.0242764972631
0.0241942396316
0.0240871878544
0.0241196459256
0.024015955901
0.0238908693258
0.0237227284904
0.0234833985221
0.0231601795688
0.0227436571417
0.0222247773493
0.0215988041984
0.0208662517538
0.0200318336772
0.0190936147797
0.0180451195957
0.0168783490996
0.0155800321893
0.0141491168951
0.0126695229103
0.0113138786674
0.0102035879782
0.0093787921583
0.00883695796626
0.00855101874898
0.00847508058263
0.00855824365397
0.0087562562203
0.00903513998766
0.00937021253018
0.00974447402413
0.0101342129746
0.0105226134107
0.0108672903223
0.0109752243521
0.0110834254189
0.0111921970827
0.0113046416534
0.0114195814165
0.0115372722036
0.0116578659266
0.0117808740119
0.0119058217886
0.0120328923276
0.0121620902269
0.0122930334983
0.0124253706441
0.0125586387513
0.0126920699892
0.0128252950934
0.0129584095043
0.0130914898456
0.0132245464068
0.0133575109011
0.0134899876826
0.0136216336639
0.0137524389957
0.0138825331839
0.0140119505078
0.0141405572502
0.014268231991
0.0143949931463
0.0145208619686
0.0146457740813
0.01476967327
0.0148925497612
0.0150143735319
0.0151350908827
0.0152546613786
0.0153730446724
0.0154901747847
0.0156059471006
0.0157202335595
0.0158329236523
0.0159439302768
0.016053162177
0.0161605126822
0.0162658668147
0.0163690488746
0.0164697641933
0.0165676853661
0.0166625481267
0.0167541142239
0.0168421263012
0.0169262872715
0.0170061973448
0.0170813462165
0.017151241117
0.0172154520059
0.017273625448
0.0173252906003
0.0173701147025
0.0174052172977
0.0174378426543
0.0174646374466
0.0174586926848
0.0174356507069
0.0173973315715
0.0173283264294
0.017235112108
0.0171217688876
0.0169918434596
0.016854389747
0.0167171899961
0.0165876221734
0.016474636194
0.0163899037989
0.0163441509745
0.0163516434643
0.0164345215681
0.0166229233834
0.0169581071721
0.0174940506629
0.0183126792178
0.0195133954583
0.0212507922145
0.0236805011332
0.0243326260044
0.0243894831425
0.0244036414587
0.0243750647572
0.0243079276183
0.0242184775096
0.0242578828547
0.0241707150481
0.0240651703108
0.0239235621093
0.023723034654
0.0234544564811
0.0231109075784
0.0226841476441
0.0221680475965
0.0215614330566
0.0208688476442
0.0200908931495
0.0192241285671
0.0182635541261
0.0171995809947
0.0160140996946
0.0147080012447
0.0133695614677
0.0121396626209
0.0111154721247
0.010334598142
0.00980291039691
0.00949993186807
0.00938984351492
0.00943319187451
0.00959340340936
0.00983987162434
0.0101501531197
0.0104910196786
0.0108390968688
0.0111856655357
0.0115254336299
0.0116827867992
0.0118018074831
0.0119208869478
0.0120392235647
0.0121561056565
0.012271882381
0.0123895999397
0.0125089746712
0.0126294627116
0.0127507134363
0.0128722375331
0.0129939306392
0.013115493015
0.013236694008
0.0133574037161
0.0134779739141
0.0135983962174
0.0137185868858
0.0138383892797
0.0139571869622
0.0140746905062
0.014191177901
0.0143069546404
0.0144220582637
0.0145362121198
0.0146492373461
0.014761215664
0.0148721914285
0.0149820516408
0.0150907185696
0.0151981930624
0.0153044307503
0.0154093555605
0.0155129133655
0.0156150421131
0.0157156710592
0.0158147100609
0.0159120473309
0.0160075739075
0.016101195049
0.0161928137669
0.0162823215231
0.0163695990179
0.016454482905
0.0165366966908
0.0166159521496
0.0166920114675
0.0167646668247
0.0168337081071
0.0168989044055
0.0169599606943
0.017016507545
0.0170681853355
0.0171146885591
0.0171558005362
0.0171912379519
0.0172208253753
0.0172421309389
0.0172625452426
0.0172776672645
0.0172611093453
0.017231810698
0.0171958213748
0.0171361355334
0.0170560395252
0.0169599626167
0.0168513723147
0.0167387057174
0.0166292591705
0.016529904801
0.0164493726164
0.0163993954535
0.0163908288426
0.0164382467995
0.0165641742247
0.0167990453502
0.01718356926
0.0177698734964
0.0186353727788
0.0198627016872
0.0215867571147
0.023972352272
0.024409922846
0.0244679339149
0.0244871591783
0.0244680072738
0.0244143015203
0.0243404893519
0.0243854999646
0.0243130546518
0.0242248490315
0.0241065921251
0.0239398371648
0.0237182770104
0.0234372351347
0.0230900005267
0.0226702851489
0.0221754403456
0.0216084933695
0.0209707123348
0.0202606900177
0.0194758575304
0.0186114545139
0.0176551941226
0.0165874823749
0.0154197262439
0.0142300928618
0.0131292461522
0.0121968279204
0.0114717629062
0.0109602323818
0.0106475936302
0.0105092091574
0.0105162910051
0.0106403911331
0.0108591054964
0.0111279958515
0.0114134939794
0.0117050723831
0.0119978168353
0.0122884554957
0.0125744590416
0.0127321216665
0.0128611272222
0.012987984592
0.0131125436013
0.0132350047605
0.0133553671711
0.013473005352
0.0135876272557
0.0136993878068
0.0138090306613
0.013917009269
0.0140253873754
0.0141328257648
0.0142391100927
0.0143439153602
0.0144473490343
0.0145492812363
0.0146495927592
0.0147481927291
0.0148457784784
0.0149427847117
0.0150390870583
0.015134141072
0.0152278145151
0.0153204130935
0.0154120061669
0.0155023774365
0.0155914448851
0.015679260833
0.0157657651126
0.0158508552845
0.0159344562118
0.0160164771497
0.0160968696756
0.016175556143
0.0162524235518
0.0163273475642
0.0164002118099
0.0164708990468
0.0165392854402
0.016605237972
0.0166685911042
0.0167290145377
0.0167862757264
0.0168401724102
0.0168905187387
0.0169371351981
0.0169798380022
0.0170184096778
0.0170525896449
0.017082131171
0.0171068418461
0.0171266315349
0.0171413884366
0.0171511029201
0.0171537574837
0.01715688197
0.0171551816263
0.0171230850178
0.0170827958393
0.0170439726185
0.0169893316037
0.0169191924855
0.0168377903688
0.0167484592467
0.0166588884341
0.0165757421952
0.0165053029945
0.0164559607498
0.0164393937197
0.0164665003165
0.0165520647494
0.0167188377633
0.0169973071551
0.0174272025686
0.0180580553181
0.0189620155715
0.0202058803401
0.0219117126199
0.0242574416523
0.024484045116
0.0245424982348
0.0245659652032
0.0245551443644
0.0245134524941
0.024453622382
0.0245027743916
0.024443504204
0.0243707400528
0.024273094636
0.0241357873789
0.0239546644079
0.0237268582029
0.0234473670342
0.0231106114115
0.0227132071154
0.0222564640241
0.0217411442883
0.02116666844
0.0205318787601
0.0198347586184
0.0190697672947
0.01822339897
0.0172838456016
0.0162662727497
0.0152338547858
0.014272571128
0.0134489850294
0.0127965987416
0.0123223276915
0.0120191307704
0.0118716507569
0.0118604763555
0.0119683851795
0.0121426384968
0.0123417894273
0.0125539954423
0.0127763403134
0.0130050541641
0.0132369176357
0.0134696932166
0.0137016704289
0.0139320685949
0.0141602370411
0.0143094149665
0.0144298055087
0.0145464332422
0.0146592730805
0.0147679637233
0.0148727644842
0.0149740985977
0.0150717000477
0.0151652108675
0.0152540139152
0.0153380466935
0.0154184662259
0.0154955522416
0.0155722848913
0.0156473561434
0.0157210215841
0.0157937231151
0.0158652524559
0.0159353144323
0.0160039867257
0.016071918395
0.0161390677118
0.016205021651
0.0162697762339
0.0163335211347
0.0163961231977
0.0164574212544
0.0165173992495
0.0165759777429
0.0166330064427
0.0166883468082
0.0167418406778
0.0167933181064
0.0168426179075
0.0168895804115
0.0169340477445
0.0169758578228
0.017014826506
0.0170507415148
0.0170833689
0.0171124860291
0.0171378955663
0.0171594236
0.0171769101054
0.0171901858837
0.0171990645979
0.0172033841017
0.0172030432472
0.0171980580743
0.0171884624242
0.0171744092433
0.0171542404613
0.017135678005
0.0171126654697
0.0170607989435
0.0170045891539
0.0169586102054
0.0169052944435
0.0168418525741
0.0167721241484
0.0166993319324
0.0166303789045
0.0165711873627
0.0165273930572
0.0165069449128
0.0165213663735
0.0165815271247
0.0167023262267
0.0169065617156
0.0172245075471
0.0176945182268
0.0183629622332
0.019296551096
0.0205500853213
0.0222351873799
0.0244691907334
0.0245540360426
0.0246124159902
0.0246394486169
0.0246360253721
0.0246051431278
0.0245578936705
0.0246095891726
0.0245621659318
0.024503219813
0.0244238520902
0.0243123261709
0.0241660637565
0.0239835245917
0.0237612569713
0.023494809688
0.0231807966067
0.0228192450689
0.0224100273587
0.0219525423179
0.0214461730158
0.0208900819843
0.0202821867006
0.019616769943
0.0188855507518
0.0180825093502
0.0172230019015
0.0163558185375
0.0155463880381
0.0148466190672
0.0142833259441
0.0138677413253
0.0135992458731
0.0134682617516
0.013466179105
0.0135393492956
0.0136424333744
0.0137633855464
0.0138983978894
0.0140455252553
0.0142029850269
0.0143689515869
0.014542128951
0.0147203003302
0.0149015060313
0.0150845525628
0.015268439874
0.0154524533884
0.015636186732
0.0158193434996
0.0160017448007
0.0161696337958
0.0162589817452
0.0163414174738
0.0164186630018
0.0164902981275
0.0165567944847
0.0166189680178
0.0166767122815
0.0167299608017
0.016778557298
0.0168234379418
0.0168656509951
0.0169074653688
0.0169481050437
0.0169881986296
0.0170276352417
0.0170660336732
0.0171036006282
0.0171407341733
0.0171770771342
0.0172123931745
0.0172467884335
0.0172801403094
0.0173121636961
0.0173426546788
0.0173713887596
0.0173981310869
0.0174226602073
0.017444755576
0.0174642090232
0.0174808107816
0.0174943332473
0.0175046456136
0.0175114894869
0.0175146014516
0.0175137503721
0.0175087449574
0.0174994238833
0.0174856334553
0.0174672213132
0.0174440711926
0.0174161379219
0.0173835077659
0.0173463169006
0.0173048497098
0.0172577261425
0.0172128645889
0.0171636456325
0.0170874090687
0.0170130217961
0.0169566832562
0.0169016724964
0.0168417726672
0.0167802742346
0.0167205694613
0.0166688319797
0.0166301681225
0.0166095506915
0.0166144426741
0.0166561554832
0.0167454904917
0.0168973774021
0.017134472423
0.0174865714274
0.0179903444809
0.0186886269304
0.0196429126106
0.0209007999759
0.0225593307596
0.0245369165771
0.0246189139613
0.0246768275061
0.024706828283
0.0247099755989
0.0246888512771
0.0246529745581
0.0247054673217
0.0246687343884
0.0246222075746
0.0245591281942
0.0244702926334
0.0243542206658
0.02421024955
0.0240361541875
0.0238286686586
0.0235848847036
0.0233041517307
0.0229856034426
0.0226282709622
0.0222315207695
0.0217948522701
0.0213174371244
0.0207974673481
0.0202328785437
0.0196190490246
0.018954474322
0.0182537346075
0.0175542640711
0.0169019844203
0.016334234021
0.0158752618335
0.0155372889878
0.0153228450385
0.0152322629914
0.0152179668712
0.0152351017817
0.0152716959467
0.0153223675536
0.0153865920851
0.0154642150649
0.0155545571727
0.0156564176245
0.0157680958869
0.0158881072075
0.0160151536007
0.0161480755997
0.0162858214269
0.0164274939028
0.0165717410122
0.0167182255363
0.016866435094
0.0170159281409
0.0171661950833
0.0173168460022
0.0174676050677
0.0176182839797
0.0177688925569
0.017821812183
0.0178641624929
0.0179009450499
0.0179320271017
0.0179582078281
0.0179796979051
0.0179971085287
0.0180111064577
0.0180233939087
0.0180351955967
0.0180463021314
0.018057058409
0.0180671832357
0.0180765345496
0.0180854484163
0.0180936168327
0.0181007124305
0.0181065666231
0.0181108924579
0.0181133955084
0.0181137997662
0.0181118217561
0.0181072063326
0.0180996899191
0.0180889847894
0.018074839821
0.0180569937369
0.0180351631271
0.0180090815046
0.0179785313194
0.0179433351756
0.017903328985
0.0178583581817
0.0178083142346
0.0177531700212
0.0176930389298
0.0176281042514
0.0175587099569
0.0174836641755
0.0174109282646
0.0173334155948
0.0172288054898
0.0171317364415
0.0170600876197
0.0169972803944
0.0169359518645
0.016878288889
0.0168271792183
0.0167880104268
0.0167650792049
0.0167627607336
0.0167880624033
0.0168520692175
0.0169654953625
0.0171432170705
0.0174075478229
0.0177875614818
0.018318010332
0.0190380262532
0.0200043213018
0.0212591917717
0.02288400289
0.0245985583219
0.0246776374614
0.0247347714914
0.024767194229
0.0247761455312
0.0247638184881
0.0247382345485
0.0247896088514
0.0247625238669
0.0247271798108
0.0246786635614
0.0246098914873
0.0245201034616
0.024409136031
0.0242756276563
0.0241173330113
0.0239320107383
0.0237188221824
0.0234765222844
0.0232038115388
0.0228998239011
0.0225640005767
0.0221958043947
0.0217947238698
0.0213616241543
0.0208962772398
0.0203972472455
0.0198667472944
0.019318947283
0.018779386896
0.0182788959194
0.0178436529687
0.017492899021
0.0172387387657
0.0170906474547
0.017010870423
0.0169606368305
0.0169292222241
0.0169133315502
0.0169116429855
0.0169235103576
0.0169484240509
0.0169851653597
0.0170321770248
0.0170893305143
0.01715626206
0.0172322756241
0.0173164761628
0.0174079209609
0.0175055937379
0.0176084922306
0.0177158534147
0.0178270822764
0.0179416477115
0.0180587843671
0.0181779348632
0.0182988359066
0.0184211746601
0.018544813604
0.0186694382523
0.0187947722015
0.0189205844969
0.0190233902333
0.019039951164
0.0190487676663
0.0190523779785
0.019050862912
0.0190448028231
0.0190352833976
0.019022996061
0.0190100753365
0.0189961525802
0.018981710975
0.0189665475543
0.018950438571
0.0189333798209
0.0189150111742
0.0188950319615
0.0188731278212
0.018848954878
0.0188222392981
0.0187926721398
0.0187599113835
0.0187236709036
0.0186836649895
0.0186395623101
0.0185910533471
0.0185379026078
0.0184799238279
0.018416937021
0.0183487695811
0.0182753048672
0.0181965197558
0.0181125343096
0.0180235436122
0.0179298873537
0.0178304815435
0.0177330978937
0.0176303232595
0.0174994741319
0.017377637884
0.017285036456
0.0172084180514
0.0171390607516
0.0170785544322
0.0170294815336
0.0169964335499
0.0169829217813
0.0169927514552
0.0170324675119
0.0171128762618
0.0172445594571
0.0174422336543
0.0177276581977
0.0181289697135
0.0186787930879
0.0194126842108
0.0203828790209
0.021625387705
0.023213355999
0.0246531548468
0.0247291288837
0.024785210867
0.0248195423133
0.0248335503381
0.0248290922148
0.0248127833409
0.0248609171788
0.0248424911009
0.0248171866596
0.0247816822778
0.0247306823867
0.0246638625409
0.0245812669846
0.0244820686609
0.0243647855443
0.0242278158894
0.0240704097325
0.0238912739196
0.0236889852666
0.0234624814465
0.0232110321906
0.0229340584338
0.022631281571
0.0223041598046
0.0219544564528
0.0215833220504
0.0211920736851
0.0207859719503
0.0203757525702
0.0199778893031
0.0196119475841
0.0192965706723
0.0190455193462
0.0188735734533
0.0187554883782
0.0186615869313
0.0185837477899
0.0185199557386
0.0184693897307
0.0184315360017
0.0184059625908
0.0183921010246
0.0183891904652
0.018396641874
0.0184139800818
0.0184407270048
0.0184763412635
0.0185202209713
0.0185717226722
0.0186297589517
0.0186938341181
0.0187636086141
0.0188386646574
0.0189184640012
0.0190024404169
0.0190900901995
0.0191807278163
0.0192739568804
0.0193694945341
0.0194670735075
0.0195664208889
0.0196673339268
0.0197698817595
0.0198737940437
0.0199786735064
0.0200329604766
0.0200227488882
0.0200059865919
0.0199843832843
0.0199578836149
0.0199274679988
0.0198941240643
0.0198597322971
0.0198238992531
0.0197869166186
0.0197485142651
0.0197086054031
0.0196668735871
0.0196229324603
0.0195765639463
0.0195274070299
0.0194750672375
0.0194192854158
0.0193597775729
0.0192961590643
0.0192280869472
0.0191553381422
0.0190777440415
0.0189951159464
0.0189072594695
0.0188140529947
0.0187154885092
0.0186116993501
0.0185028872737
0.0183893613863
0.018270078631
0.0181525114598
0.0180290637464
0.0178767710195
0.0177336856093
0.0176220761996
0.0175304148578
0.0174493797332
0.0173804847908
0.0173269577166
0.0172932439506
0.0172824166258
0.0172979097895
0.0173458687164
0.0174367534844
0.0175809342682
0.0177928200504
0.0180934030027
0.018509696995
0.0190719852381
0.0198128669942
0.0207791017471
0.0219978974576
0.0235551097668
0.0246999725507
0.0247724777383
0.0248271179224
0.0248627955721
0.0248810837561
0.0248835463441
0.0248754966193
0.02491799591
0.0249072355591
0.0248908538784
0.0248668936342
0.0248315769692
0.0247848137723
0.0247266520685
0.024656539073
0.0245734957926
0.0244764197153
0.0243647373951
0.02423730594
0.0240927829326
0.023930056829
0.0237482797766
0.023546779838
0.0233251992505
0.0230846739196
0.0228270924703
0.0225545503995
0.0222692474687
0.0219746961822
0.0216758300738
0.0213800165663
0.0210980037796
0.020842215123
0.0206241754421
0.0204565571648
0.0203223576228
0.0202058832019
0.0201023337057
0.0200105411771
0.019930041466
0.01986053125
0.0198017338677
0.0197533361564
0.0197149541282
0.019686187868
0.0196666576795
0.0196559991343
0.0196538411384
0.0196597922272
0.0196734386164
0.019694260374
0.0197217695722
0.0197555474439
0.0197952074486
0.0198403540768
0.0198905754644
0.019945459309
0.020004564169
0.0200674778809
0.0201338342155
0.0202032988984
0.0202755481815
0.0203506235316
0.0204284513123
0.0205085929552
0.0205906543429
0.0206742976098
0.0207591625322
0.0208448461441
0.0209016040932
0.0208728016732
0.0208367891282
0.0207959978769
0.0207504737685
0.0207006297603
0.0206482926141
0.0205937796701
0.020537144888
0.0204783440095
0.0204171096544
0.0203535053081
0.0202870651215
0.0202173433142
0.0201442171453
0.020067425949
0.0199865029714
0.0199010950802
0.0198110534129
0.0197162759637
0.0196165776761
0.0195117381898
0.0194016451884
0.0192863393325
0.0191659996885
0.019040862863
0.0189112100758
0.0187760542316
0.0186425383169
0.0185029326259
0.0183331581554
0.0181725859499
0.018044367082
0.0179384580113
0.017845282513
0.0177662153578
0.0177050239758
0.0176663712812
0.0176533840984
0.0176695162314
0.0177207339303
0.0178171981866
0.0179690721558
0.0181903193373
0.0185009824367
0.0189267773097
0.0194954948197
0.0202378714107
0.0211914616514
0.022377966859
0.0239283275034
0.0247383426478
0.024806801349
0.0248594316897
0.0248957816736
0.024917494509
0.0249258625373
0.0249250059716
0.0249590920854
0.0249549550662
0.0249463489999
0.0249324677343
0.0249108220967
0.0248814242293
0.0248442028065
0.0247986981595
0.0247442201292
0.0246799974722
0.0246056062155
0.0245201221573
0.0244224083542
0.0243114587433
0.0241864338166
0.0240466615623
0.0238916919978
0.0237222321215
0.0235396649181
0.0233457099966
0.0231424877182
0.0229330863517
0.0227203028111
0.0225075544615
0.0223003227883
0.0221032757974
0.0219235825648
0.0217706201666
0.0216392002385
0.0215198297911
0.021409893433
0.0213088103354
0.0212164139314
0.0211326347982
0.0210574047557
0.0209906237645
0.0209321489191
0.0208818013708
0.0208393804787
0.0208046723538
0.0207774503928
0.0207574736644
0.0207444867464
0.0207382038821
0.0207383219086
0.0207445389351
0.0207565584639
0.0207740834113
0.0207968118086
0.0208244374059
0.0208566485072
0.0208931350593
0.0209335919487
0.0209777183058
0.0210252385987
0.0210758128509
0.0211288994658
0.0211847804828
0.021243328645
0.0213041799367
0.021366986346
0.0214314056769
0.0214970035282
0.021563351135
0.0216300851969
0.0216615718773
0.0216139352148
0.0215592720011
0.0214997435582
0.0214353627231
0.0213664137832
0.0212945124065
0.0212190762332
0.021140616279
0.0210587846789
0.0209732924011
0.020884422321
0.0207918832932
0.0206950166022
0.0205935329486
0.0204874856093
0.0203769042957
0.0202615914325
0.0201412700916
0.0200158588012
0.0198855051584
0.01975049384
0.0196111471166
0.0194677461539
0.0193194190078
0.0191728436064
0.0190204921029
0.0188440922865
0.018670387745
0.0185269803749
0.0184069802253
0.0183021003698
0.0182130061105
0.018143416558
0.0180983654553
0.0180811885652
0.0180954228549
0.0181469952352
0.0182458934948
0.0184020152245
0.0186289101207
0.0189455604171
0.0193761242361
0.0199459716225
0.0206845010281
0.0216142373514
0.0227755217445
0.024364053365
0.0247673367155
0.0248309690967
0.0248808828586
0.0249171100055
0.0249412834192
0.0249544421374
0.0249596269342
0.0249819597199
0.024983332509
0.0249812880075
0.0249759603153
0.024965942272
0.0249512705882
0.0249317014353
0.0249067627698
0.0248759046193
0.0248385450951
0.0247943436847
0.024742599535
0.0246824419886
0.0246131613025
0.0245340731749
0.0244448269042
0.0243448771132
0.0242348036736
0.0241154084072
0.0239865485319
0.0238496103542
0.0237074581305
0.0235573291929
0.0234023545951
0.0232476647173
0.0230982341208
0.022958072554
0.0228324124548
0.0227212004388
0.0226165547482
0.022517001344
0.0224226160342
0.0223337057074
0.0222505583599
0.0221733894425
0.0221023394804
0.0220374850825
0.0219788499139
0.0219264147036
0.0218801254167
0.0218398988988
0.0218056272677
0.0217771819943
0.0217544145761
0.0217371591834
0.0217252374757
0.0217184614332
0.0217166340789
0.0217195503685
0.0217269986594
0.0217387632176
0.0217546266429
0.0217743686143
0.0217977626994
0.0218246079641
0.0218542940547
0.0218862569396
0.0219203594572
0.0219566043448
0.0219951359712
0.0220360354188
0.0220791203926
0.0221240826445
0.0221705991364
0.0222183643327
0.0222670741835
0.0223164281436
0.0223661464388
0.0223400201257
0.0222717250897
0.0221973116234
0.0221172837954
0.0220315399817
0.0219406341718
0.0218452643851
0.0217452013843
0.0216413100607
0.0215333503868
0.0214205136808
0.0213027918581
0.0211806774309
0.0210543595885
0.0209234734864
0.020787606157
0.020646813699
0.0205014841798
0.0203520908983
0.0201990912746
0.0200427888068
0.019882441767
0.0197243315181
0.0195611467971
0.0193766673398
0.0191996463404
0.0190495365989
0.0189218643962
0.0188074457659
0.0187084975702
0.0186295845325
0.0185777818053
0.0185557823203
0.0185666401152
0.0186166902149
0.0187158254691
0.0188736007389
0.019103011791
0.0194218036219
0.0198522007815
0.0204175206841
0.0211439074035
0.0220417893504
0.023212713087
0.0247159617193
0.0247853331772
0.0248432910374
0.0248896945838
0.0249249010001
0.0249504709563
0.0249672103717
0.0249771950969
0.0249836229489
0.0249893333756
0.0249925616607
0.024994163657
0.0249936137926
0.0249909372099
0.0249857232378
0.0249774488145
0.0249656263021
0.0249497757132
0.0249296023156
0.0249047019503
0.0248745261495
0.0248389603531
0.0247973838532
0.0247494391042
0.0246947548654
0.0246330343583
0.0245637928298
0.024483151805
0.0243924694709
0.0242941088921
0.0241921028284
0.0240867362482
0.0239787231803
0.0238731197769
0.0237735102873
0.0236837984832
0.0236006612667
0.0235194409821
0.0234397743505
0.0233622421234
0.0232873305171
0.0232154685985
0.0231470207953
0.0230822836856
0.0230214919975
0.0229648252474
0.0229124125242
0.0228643382826
0.0228206480113
0.0227813535607
0.0227464382682
0.022715861251
0.0226895612301
0.0226674599167
0.0226494641878
0.0226354675091
0.0226253516737
0.0226189888904
0.0226162445561
0.0226169796955
0.0226210508869
0.0226283084474
0.0226386054026
0.0226517407938
0.0226675092537
0.0226851087463
0.0227043179597
0.0227251787865
0.022747732659
0.0227720323217
0.0227980734322
0.0228258120291
0.0228551347575
0.0228858675315
0.0229178079723
0.0229507346949
0.0229844085308
0.0230185949602
0.0230288483201
0.0229476076813
0.0228579474369
0.0227623527729
0.0226594914853
0.02254953136
0.022432914507
0.022310793007
0.0221829716142
0.0220494379777
0.0219112519036
0.0217687975555
0.0216215124121
0.0214688707092
0.0213113728843
0.0211499094817
0.0209851890877
0.0208177644041
0.0206478686014
0.0204748188972
0.0203045844959
0.0201303953586
0.0199373911292
0.0197545352115
0.0195992234844
0.0194674781515
0.0193490687809
0.019245458275
0.0191618505698
0.0191036250029
0.0190748398175
0.0190797138207
0.0191258833691
0.0192227304668
0.0193791498229
0.0196072446554
0.0199233470945
0.0203478860318
0.0209030124331
0.0216096363033
0.0225028196817
0.0237630238568
0.0247280951056
0.0247894840787
0.0248409942802
0.0248830497448
0.0249163155692
0.0249422068536
0.0249612897209
0.024974788655
0.024960036165
0.0249689079697
0.0249760721732
0.0249828703676
0.0249894515894
0.0249958269075
0.0250014753641
0.0250058428654
0.0250084987626
0.0250090363523
0.0250072162041
0.0250030201859
0.0249959928241
0.0249854630625
0.024971577024
0.0249528631742
0.0249243901585
0.0248863279011
0.024840409631
0.0247908170367
0.024736356031
0.024675881236
0.0246151905042
0.0245543332732
0.0244919792544
0.0244289590078
0.0243670632239
0.024308991663
0.0242529859592
0.0241966296489
0.0241399032356
0.0240830749705
0.024026606895
0.0239709558135
0.0239165322854
0.0238636912591
0.0238127409479
0.0237639426309
0.0237175042922
0.0236735951691
0.0236323502847
0.0235938731675
0.0235582386588
0.0235254959448
0.0234956716677
0.0234687728151
0.0234447889635
0.0234236940526
0.0234054482362
0.0233899999303
0.0233772881699
0.0233672448346
0.023359795672
0.0233548602619
0.0233523542338
0.0233521847564
0.0233542572394
0.0233583968109
0.0233644272642
0.0233720840267
0.0233811335975
0.0233915504127
0.0234033440623
0.0234165192195
0.0234310580083
0.0234469187337
0.0234640417186
0.0234823351558
0.0235016621076
0.0235218715256
0.0235427876972
0.0235642234729
0.0235860614066
0.0235641986879
0.0234663103032
0.0233590279587
0.0232443171036
0.0231214274762
0.0229897080937
0.0228489140794
0.0227001157121
0.0225441714398
0.0223824941453
0.0222147957808
0.0220414784538
0.0218638329028
0.0216829355114
0.0214995246238
0.0213137485384
0.0211251295527
0.0209397288017
0.0207516395053
0.0205477465469
0.0203553028994
0.0201905970261
0.0200503322546
0.0199259255325
0.0198181850681
0.0197316654615
0.0196692969966
0.0196357162858
0.0196361676218
0.0196769308117
0.0197676966807
0.0199180022779
0.0201401700691
0.0204488873227
0.0208652649161
0.0214139265193
0.022122678019
0.0231003764362
0.0244752628522
0.0247214259012
0.0247743673518
0.0248190536454
0.0248562753365
0.0248869405139
0.0249122606086
0.0249325580319
0.0249483407369
0.0249056712952
0.0249166190259
0.0249263940652
0.0249365580126
0.0249477100767
0.0249598754227
0.0249725279472
0.0249851519757
0.0249973999775
0.0250088973503
0.0250193598497
0.0250287374303
0.0250356743032
0.0250371948421
0.0250324136518
0.0250214733018
0.0250067484086
0.0249866785578
0.0249611264749
0.0249355815976
0.0249096457678
0.0248821103432
0.0248531454093
0.0248229927654
0.0247916276379
0.024759189091
0.0247259691231
0.0246931194141
0.0246597567907
0.0246248668091
0.0245885742021
0.024550916116
0.0245121789015
0.0244727120223
0.0244328648776
0.0243929654668
0.0243533115946
0.0243141732926
0.0242757986182
0.0242384059398
0.0242021841849
0.0241672946773
0.0241338730647
0.0241020313843
0.024071860218
0.0240434307933
0.0240167968326
0.0239919961855
0.0239690524713
0.0239479768161
0.0239287697051
0.02391142277
0.023895920072
0.0238822388769
0.023870350778
0.0238602225295
0.0238518181154
0.023845090488
0.0238399821352
0.0238364174325
0.0238343058579
0.0238335673723
0.0238341398234
0.0238359768123
0.0238390412446
0.0238432998495
0.0238487186958
0.0238552595484
0.0238628713448
0.0238714895349
0.0238810320777
0.0238913929893
0.0239024799508
0.0239141653368
0.0239263346225
0.0239389810608
0.0239521036894
0.0238908909619
0.0237747975102
0.0236480847798
0.0235112655842
0.0233644411743
0.023208111435
0.023042076565
0.0228662632145
0.0226812680477
0.0224889143939
0.0222911616117
0.0220899421126
0.021885897077
0.021684127543
0.0214793267982
0.0212602297554
0.021052793103
0.0208720459944
0.0207150531567
0.0205748821119
0.0204533626304
0.02035531305
0.0202851399456
0.0202461448505
0.0202424787501
0.0202786740172
0.020364405029
0.0205104115276
0.0207291879285
0.0210371520893
0.0214623129659
0.0220397389032
0.0228417352506
0.0239486094343
0.0246360237315
0.0246863588211
0.0247309246118
0.0247692915331
0.0248020630684
0.0248301387897
0.0248544624734
0.0248751477599
0.0248921840593
0.0248131037695
0.0248252526674
0.0248364079347
0.024848036884
0.0248609359335
0.0248752017925
0.0248904608705
0.0249063431015
0.0249225202472
0.0249384189587
0.0249533349988
0.0249655991388
0.0249752159022
0.0249821948464
0.0249846418743
0.0249820028734
0.0249790610237
0.0249754712223
0.0249702442274
0.0249636639895
0.024955955078
0.0249470047895
0.0249367470967
0.0249251014185
0.0249119402475
0.0248971517554
0.0248806255857
0.0248626681516
0.0248429502366
0.024821302896
0.0247979309855
0.0247729382581
0.0247464529586
0.0247186484208
0.0246897272789
0.0246599060743
0.0246293994242
0.0245984173856
0.0245671716293
0.024535861707
0.0245046713109
0.0244737670276
0.0244432983341
0.0244133981169
0.0243841834693
0.0243557566176
0.0243282058604
0.0243016065016
0.0242760218567
0.0242515043623
0.0242280967747
0.0242058333686
0.0241847409611
0.0241648397397
0.0241461441351
0.0241286638017
0.0241124047673
0.0240973693476
0.0240835558374
0.0240709576205
0.0240595622542
0.0240493529837
0.0240403116764
0.0240324214225
0.0240256675649
0.0240200379383
0.0240155221663
0.024012110693
0.0240097923874
0.0240085518825
0.0240083676908
0.0240092063354
0.0240110268565
0.0240137708655
0.0240173700226
0.0240217899747
0.0240270009705
0.0240328620452
0.02403931201
0.0240464029794
0.02405418928
0.0240627110504
0.0239818360248
0.0238443394007
0.0236947985878
0.0235337687604
0.0233609378073
0.0231777140848
0.0229857095505
0.0227851499716
0.0225807411588
0.0223667641157
0.0221340450336
0.0219083559654
0.0217053334901
0.0215255799774
0.0213641318111
0.0212229856595
0.0211071838098
0.0210216056911
0.0209699259808
0.0209566518086
0.0209881632606
0.0210744156526
0.0212278396672
0.0214641779606
0.0218107408102
0.0223017152822
0.0229766730258
0.02387371059
0.0245200619675
0.0245653074812
0.0246075953606
0.0246459638718
0.0246800290326
0.0247100292985
0.0247365811598
0.0247602420093
0.0247809970932
0.0247986164391
0.0246727057248
0.0246855077064
0.0246969939755
0.0247081454064
0.0247196623052
0.0247317967271
0.0247445522946
0.0247578301909
0.0247713434344
0.0247849891101
0.0247982548715
0.0248095740012
0.0248190975119
0.0248281541384
0.0248362784736
0.0248427454046
0.0248477653428
0.0248515276062
0.0248540006788
0.0248552166982
0.0248551861374
0.0248538419348
0.0248510738749
0.0248467602842
0.024840775932
0.0248329951848
0.024823274598
0.0248115726998
0.0247978881376
0.0247823928588
0.0247652698643
0.0247466023098
0.0247264669655
0.0247049583999
0.0246821869087
0.0246582735277
0.0246333465907
0.0246075388478
0.024580985489
0.0245538217738
0.0245261809336
0.0244981920357
0.024469978505
0.0244416571215
0.0244133373932
0.024385121208
0.024357102687
0.0243293681986
0.0243019965397
0.0242750592776
0.0242486212225
0.0242227409759
0.0241974714756
0.0241728605152
0.0241489513032
0.0241257831062
0.0241033919417
0.0240818111112
0.0240610715665
0.0240412021744
0.024022229786
0.0240041792608
0.023987073805
0.0239709356018
0.0239557863636
0.0239416478699
0.0239285422814
0.0239164922433
0.0239055206323
0.0238956496544
0.0238869001226
0.0238792892585
0.0238728294266
0.0238675262453
0.0238633764451
0.0238603735053
0.023858511641
0.0238577593707
0.023858086822
0.0238594959563
0.0238620146309
0.0238656617311
0.0238702570747
0.0238757405499
0.0238821995896
0.0238897293732
0.0238984093193
0.0239082932374
0.0238433813341
0.0236843931447
0.0235153126357
0.0233338968622
0.0231321964701
0.0229285375363
0.0227376856173
0.0225601423272
0.0223940103495
0.0222425163364
0.0221115254061
0.0220085333034
0.0219408444576
0.0219162724435
0.0219444030453
0.0220377373284
0.0222103617778
0.0224809599571
0.0228714196758
0.0234038158098
0.0240905995538
0.0243403197622
0.0243823127991
0.0244238673662
0.0244638965252
0.0245014111411
0.0245357207494
0.0245665799791
0.0245941008393
0.0246184232056
0.0246395955408
0.0246576113522
0.0244726874571
0.0244861137974
0.0244977772314
0.0245082005012
0.0245178623164
0.0245270973057
0.0245361914992
0.0245453177448
0.0245544377625
0.0245637123696
0.0245730403767
0.0245819546319
0.0245900704552
0.0245974125156
0.0246039491736
0.0246094576945
0.0246137851359
0.0246168937512
0.0246187434149
0.0246193066703
0.0246185711051
0.0246165250178
0.0246131530718
0.0246084347349
0.0246023452713
0.0245948600831
0.0245859474247
0.0245755707554
0.0245637276599
0.0245504064858
0.0245356080014
0.0245193618332
0.0245017105723
0.024482710634
0.0244624303176
0.0244409471912
0.0244183465981
0.0243947201711
0.024370164174
0.0243447778908
0.0243186621651
0.0242919180159
0.0242646454015
0.0242369421935
0.0242089033696
0.024180620403
0.0241521808183
0.0241236678944
0.0240951605172
0.0240667331783
0.0240384560967
0.0240103954322
0.0239826135421
0.0239551692633
0.0239281182436
0.0239015133422
0.0238754050763
0.0238498420369
0.0238248712508
0.0238005385177
0.0237768886717
0.023753965728
0.0237318130495
0.0237104736015
0.0236899902042
0.0236704058241
0.0236517638309
0.0236341081767
0.023617483457
0.0236019346152
0.0235875066422
0.0235742436548
0.0235621877034
0.0235513778427
0.0235418484422
0.023533628504
0.023526744107
0.0235212125789
0.0235170454564
0.0235142587339
0.0235128781524
0.023512933759
0.0235143887509
0.023517210983
0.0235214259543
0.0235270950773
0.0235342912863
0.0235430858915
0.0235533586964
0.0235648898783
0.0235777790808
0.0235921324998
0.0236079856508
0.0236253987538
0.0236444617694
0.0235747001541
0.023459939117
0.0233508590873
0.0232548400331
0.0231803474981
0.0231367025396
0.0231335456793
0.0231815918502
0.0232926719723
0.0234799949173
0.0237584247491
0.0239915757795
0.02403177594
0.0240746525241
0.0241187709123
0.0241633153003
0.0242073826804
0.0242500000366
0.0242902402586
0.0243273456366
0.0243608162349
0.0243904347839
0.0244161760149
0.0244382283661
0.0244569057645
0.0242092483216
0.0242236622919
0.0242361448723
0.0242472025873
0.0242573050537
0.024266819673
0.0242760263545
0.0242851257879
0.024294206453
0.0243033295884
0.0243124952253
0.0243215652631
0.024330299724
0.0243385083363
0.0243460603978
0.0243528076971
0.0243585891145
0.0243632745904
0.024366763387
0.0243689774998
0.024369859165
0.0243693661174
0.024367467719
0.0243641418585
0.0243593718668
0.024353145321
0.0243454508726
0.0243362682894
0.0243256018854
0.0243134716404
0.0242998956407
0.024284895113
0.0242684998473
0.0242507511656
0.0242317003476
0.0242114065558
0.0241899358237
0.0241673602166
0.0241437567614
0.0241192063217
0.0240937925345
0.0240676007993
0.0240407173299
0.0240132283002
0.0239852191082
0.0239567737606
0.0239279743732
0.0238989007853
0.0238696302941
0.0238402375085
0.0238107943127
0.0237813699142
0.02375203095
0.023722841634
0.0236938639566
0.0236651579464
0.0236367819771
0.0236087930786
0.0235812472348
0.0235541996831
0.0235277051874
0.0235018182395
0.0234765932323
0.0234520846464
0.0234283472208
0.0234054361432
0.0233834072403
0.0233623171376
0.0233422233742
0.0233231843168
0.023305259032
0.0232885068392
0.0232729864747
0.0232587554489
0.0232458688928
0.0232343778806
0.0232243300912
0.0232157688577
0.0232087325105
0.0232032566202
0.0231993776253
0.0231971354998
0.0231965463805
0.0231976141436
0.0232003586681
0.0232048234144
0.0232110676396
0.0232191519792
0.0232290499699
0.0232406709912
0.02325402799
0.0232691901019
0.0232862172415
0.0233051550663
0.0233260332621
0.0233484797007
0.0233724468384
0.0233981346007
0.0234256758045
0.0234551391087
0.0234865531552
0.0235199178598
0.0235552153535
0.0235924315334
0.0236315785245
0.0236726715682
0.0237151819707
0.0237584271285
0.0238029115007
0.0238481267974
0.0238933488722
0.0239377987674
0.0239806612301
0.024021158421
0.024058638999
0.0240926460959
0.0241229626338
0.0241495698751
0.0241726215866
0.024192386773
0.0238886249692
0.0239043956495
0.0239180080677
0.0239299287155
0.0239406092199
0.0239504390851
0.0239597235293
0.0239686891837
0.023977483227
0.0239861903945
0.0239948451074
0.0240034174147
0.0240118007361
0.0240198481201
0.0240274142539
0.0240343569232
0.0240405288083
0.0240457876575
0.0240500048646
0.0240530694829
0.0240548892568
0.024055389569
0.0240545119603
0.0240522127375
0.02404846064
0.0240432342444
0.0240365197192
0.0240283024047
0.0240185813017
0.0240073757633
0.0239947116842
0.0239806138376
0.0239651094758
0.0239482328556
0.0239300256553
0.0239105359676
0.0238898176732
0.0238679299542
0.0238449366575
0.0238209055781
0.0237959077395
0.0237700166836
0.0237433077819
0.0237158575854
0.0236877432301
0.0236590419062
0.023629830397
0.0236001846936
0.0235701796938
0.0235398889928
0.0235093847577
0.0234787376769
0.0234480169641
0.0234172904086
0.0233866244748
0.0233560844576
0.02332573468
0.0232956387094
0.0232658595807
0.0232364600324
0.0232075027411
0.0231790505233
0.0231511665118
0.0231239143259
0.0230973582197
0.0230715632297
0.0230465953244
0.0230225215391
0.0229994100943
0.0229773304043
0.0229563530453
0.0229365495523
0.0229179919058
0.0229007520843
0.0228849013071
0.0228705085074
0.0228576400359
0.0228463598073
0.0228367283882
0.0228288022242
0.0228226346093
0.0228182792292
0.0228157819975
0.0228151787047
0.0228165039475
0.0228198003379
0.0228251199917
0.0228325194019
0.0228420207874
0.0228536038536
0.022867268349
0.0228830500557
0.0229010001994
0.022921159879
0.0229435464598
0.0229679929524
0.0229943859615
0.0230227546001
0.0230531636666
0.0230856568831
0.0231202438378
0.0231569003194
0.0231955726789
0.0232361880831
0.0232786688797
0.0233229203762
0.0233685672667
0.0234150132593
0.023462115591
0.0235095206418
0.0235566449625
0.0236027917777
0.0236472299156
0.0236892651169
0.0237283091486
0.0237639312532
0.0237958984428
0.0238241718425
0.0238488752763
0.0238702496277
0.0235119297362
0.0235294266842
0.023544513528
0.0235576135293
0.0235691507735
0.0235795158753
0.0235890358945
0.0235979667449
0.0236064958384
0.0236147479456
0.0236227946856
0.0236306589567
0.0236383112217
0.0236456750329
0.023652646653
0.023659109816
0.0236649399001
0.0236700086386
0.0236741896443
0.0236773640427
0.0236794245682
0.0236802774512
0.0236798431977
0.023678057046
0.0236748684458
0.0236702394248
0.0236641431841
0.0236565588882
0.0236474763178
0.023636903215
0.0236248591964
0.0236113669132
0.0235964512472
0.023580141828
0.0235624738572
0.0235434878106
0.0235232291443
0.0235017480181
0.0234790989058
0.0234553401387
0.0234305334259
0.0234047433636
0.0233780369435
0.0233504830723
0.0233221521152
0.0232931154682
0.0232634451688
0.0232332135514
0.0232024929588
0.0231713555166
0.0231398729699
0.0231081165789
0.0230761570607
0.0230440645742
0.0230119087497
0.0229797587643
0.0229476834577
0.0229157514712
0.0228840314022
0.0228525919773
0.0228215022337
0.0227908316928
0.0227606505205
0.0227310296823
0.0227020410805
0.0226737576845
0.022646253659
0.0226196044835
0.022593887063
0.0225691797795
0.0225455625113
0.0225231165566
0.0225019243449
0.022482069138
0.0224636345417
0.0224467033793
0.0224313570818
0.0224176758277
0.0224057378673
0.022395618072
0.0223873873699
0.0223811149701
0.0223768671576
0.0223747041307
0.0223746804224
0.0223768493756
0.0223812662547
0.0223879886377
0.0223970620233
0.0224085077105
0.0224223396635
0.0224385821322
0.0224572719672
0.0224784415556
0.0225021037838
0.0225281836007
0.0225565818333
0.0225872469341
0.0226201658608
0.0226553317571
0.0226927208836
0.022732281858
0.0227739324206
0.0228175619155
0.022863037409
0.0229101991184
0.022958742354
0.0230081773195
0.0230581112574
0.0231081241778
0.0231576832449
0.0232061550703
0.0232528643511
0.0232971627108
0.0233384913777
0.0233764259008
0.0234107093496
0.0234412634896
0.0234681684735
0.0234916271573
0.0230814010781
0.0231009329276
0.0231177942219
0.0231323701616
0.0231450552265
0.0231562281532
0.0231662248541
0.0231753239212
0.0231837444503
0.0231916481224
0.0231991443744
0.0232062966938
0.0232131255892
0.0232196107079
0.0232256983928
0.0232313119828
0.0232363591894
0.0232407375452
0.0232443389933
0.0232470546019
0.0232487793177
0.0232494153139
0.0232488742819
0.0232470792285
0.0232439654664
0.0232394804359
0.0232335833649
0.0232262427066
0.0232174373086
0.0232071612253
0.023195421722
0.0231822330453
0.0231676139645
0.0231515882027
0.0231341846376
0.02311543705
0.023095383902
0.0230740681215
0.0230515368144
0.0230278409336
0.0230030349312
0.0229771763998
0.022950325708
0.0229225456387
0.022893901035
0.0228644584599
0.0228342858764
0.0228034523513
0.0227720277963
0.0227400827495
0.0227076882015
0.0226749154656
0.0226418360839
0.0226085217709
0.0225750443942
0.0225414759939
0.0225078888358
0.0224743554909
0.0224409489322
0.0224077426514
0.0223748107905
0.0223422282754
0.0223100709493
0.0222784157046
0.0222473406058
0.022216925007
0.0221872496656
0.022158396851
0.0221304504484
0.0221034960278
0.0220776208912
0.0220529140636
0.0220294661452
0.0220073691252
0.0219867160725
0.0219676003742
0.0219501151281
0.0219343531051
0.021920406253
0.0219083643606
0.0218983139458
0.0218903391467
0.0218845223222
0.0218809422264
0.0218796720134
0.0218807800273
0.0218843315636
0.0218903907384
0.0218990164636
0.0219102546359
0.0219241385002
0.0219406965826
0.0219599595371
0.0219819527143
0.0220066852467
0.0220341205908
0.0220641862237
0.022096806734
0.0221319187435
0.0221694648894
0.0222093797219
0.022251577686
0.0222959457565
0.0223423407661
0.0223905897192
0.022440486566
0.022491742346
0.0225439398675
0.0225966264195
0.0226493210213
0.0227014879959
0.022752527082
0.0228018028568
0.0228486978463
0.0228926676588
0.0229332829275
0.0229702590382
0.0230034720057
0.023032949061
0.0230588432878
0.0226000819994
0.0226218666704
0.0226407274456
0.0226570149622
0.0226710949379
0.0226833284268
0.022694049575
0.0227035496657
0.0227120707034
0.0227198042271
0.0227268932682
0.0227334367526
0.0227394939535
0.0227450875866
0.0227502078392
0.0227548184062
0.022758862607
0.0227622686731
0.0227649541862
0.0227668299346
0.0227678043248
0.0227677870525
0.0227666920606
0.0227644400575
0.0227609604383
0.0227561922639
0.0227500848914
0.022742597272
0.0227336984157
0.0227233702834
0.022711607434
0.0226984133447
0.0226837980935
0.022667777797
0.0226503742173
0.0226316142993
0.0226115298385
0.0225901572136
0.0225675371004
0.0225437141747
0.0225187368153
0.022492656808
0.0224655290483
0.0224374112482
0.0224083636474
0.0223784487335
0.0223477309723
0.0223162765531
0.0222841531581
0.0222514297579
0.0222181764383
0.0221844642592
0.0221503651417
0.0221159517845
0.0220812976114
0.0220464767498
0.022011564039
0.0219766350621
0.0219417661962
0.0219070346827
0.0218725187135
0.0218382975266
0.0218044515064
0.0217710622898
0.0217382128689
0.0217059876927
0.0216744727678
0.0216437557564
0.0216139260715
0.0215850749538
0.0215572955312
0.0215306828461
0.0215053337931
0.0214813470136
0.0214588227051
0.0214378621315
0.0214185671271
0.0214010399464
0.0213853828703
0.0213716971544
0.0213600818824
0.0213506340197
0.0213434490583
0.0213386201307
0.0213362358811
0.021336379499
0.0213391289014
0.0213445582025
0.0213527371127
0.0213637273724
0.0213775790923
0.0213943316914
0.0214140182529
0.0214366626724
0.0214622728621
0.0214908281393
0.021522275866
0.0215565408082
0.0215935369576
0.0216331720187
0.0216753433352
0.0217199303989
0.0217667878808
0.0218157410072
0.0218665828602
0.021919070594
0.0219729046173
0.0220276995624
0.0220830032264
0.0221383138696
0.0221930874348
0.0222467382243
0.0222986569756
0.0223482490523
0.0223949795874
0.0224384117025
0.0224782343481
0.0225142795913
0.0225465207538
0.0225750559336
0.0220715441407
0.0220957040674
0.0221167067648
0.0221348689459
0.0221505280614
0.0221640249816
0.0221756853884
0.0221858045593
0.0221946387573
0.0222024014903
0.0222092629987
0.0222153523882
0.0222207612262
0.0222255469278
0.0222297360139
0.022233328113
0.0222363004482
0.0222386122168
0.022240208691
0.0222410244291
0.0222409871252
0.0222400210694
0.0222380501968
0.0222350008347
0.0222308040505
0.0222253973292
0.0222187258873
0.0222107431622
0.022201411489
0.0221907040525
0.0221786051996
0.0221651085062
0.0221502151678
0.0221339332698
0.0221162771798
0.022097266954
0.0220769278948
0.0220552902052
0.0220323886685
0.022008262342
0.0219829542692
0.0219565112025
0.0219289833356
0.0219004240422
0.0218708896238
0.0218404390634
0.0218091337887
0.021777037445
0.0217442156851
0.0217107359772
0.0216766674351
0.0216420806716
0.0216070476741
0.0215716417028
0.0215359372147
0.0215000098125
0.0214639362185
0.02142779427
0.0213916629317
0.0213556223286
0.0213197537932
0.0212841399266
0.0212488646675
0.0212140133707
0.0211796728877
0.0211459316502
0.0211128797559
0.0210806090544
0.0210492132334
0.0210187878948
0.0209894306197
0.0209612410143
0.0209343206975
0.0209087732505
0.0208847041064
0.0208622202438
0.0208414298206
0.0208224419873
0.0208053665616
0.0207903132374
0.0207773905978
0.0207667057601
0.0207583646615
0.020752471562
0.0207491273255
0.0207484279035
0.0207504635156
0.0207553193051
0.0207630751796
0.0207738046577
0.0207875713167
0.0208044266219
0.0208244110153
0.0208475521305
0.0208738603382
0.0209033231598
0.0209359007174
0.0209715250167
0.021010104404
0.0210515284783
0.0210956688827
0.0211423763855
0.0211914764167
0.0212427649081
0.0212960048718
0.0213509224252
0.021407197584
0.0214644493572
0.021522232911
0.0215800465267
0.0216373457009
0.0216935535989
0.0217480780334
0.0218003410181
0.0218498151515
0.0218960571136
0.0219387334845
0.0219776381258
0.0220126950228
0.0220439485269
0.0214996777765
0.0215262509643
0.0215494612502
0.0215695909841
0.0215869491054
0.0216018548695
0.0216146214249
0.0216255416929
0.0216348788959
0.0216428611641
0.0216496791942
0.0216554864689
0.0216604013812
0.0216645100342
0.0216678690872
0.0216705088545
0.021672436715
0.0216736405882
0.0216740925452
0.021673751492
0.0216725664782
0.0216704797773
0.021667429746
0.0216633535041
0.0216581893712
0.0216518788633
0.021644368389
0.0216356104291
0.0216255645808
0.0216141991632
0.0216014918775
0.0215874289817
0.0215720043963
0.0215552191834
0.0215370810225
0.0215176036563
0.0214968064328
0.0214747139298
0.0214513556156
0.0214267655355
0.0214009820219
0.0213740474229
0.0213460078444
0.0213169129045
0.0212868154975
0.0212557715663
0.0212238398827
0.0211910818374
0.0211575612418
0.0211233441446
0.0210884986637
0.021053094836
0.0210172044847
0.0209809011049
0.0209442597692
0.020907357055
0.0208702709921
0.020833081029
0.0207958680167
0.0207587142083
0.0207217032771
0.0206849203457
0.0206484520286
0.0206123864834
0.0205768134706
0.0205418244176
0.0205075124887
0.0204739726579
0.020441301784
0.0204095986832
0.0203789641935
0.0203495012285
0.0203213147945
0.0202945119751
0.0202692018742
0.02024549543
0.0202235051594
0.0202033449807
0.0201851299437
0.0201689756426
0.0201549974232
0.0201433098832
0.0201340268362
0.020127260905
0.0201231221966
0.0201217167685
0.0201231453582
0.0201275033896
0.0201348802634
0.0201453591763
0.020159014449
0.0201759085217
0.0201960908785
0.0202195959831
0.0202464397239
0.0202766163709
0.0203100950972
0.020346816248
0.0203866907783
0.020429602372
0.0204754089169
0.0205239419631
0.0205750045641
0.0206283685004
0.0206837714465
0.0207409135698
0.0207994530365
0.0208589996031
0.0209191089046
0.0209792828016
0.021038980824
0.0210976337707
0.0211546613267
0.0212094972974
0.0212616198478
0.0213105805566
0.0213560279407
0.0213977241994
0.0214355507573
0.0214695032058
0.0208885545843
0.0209175109124
0.0209429292522
0.0209650575031
0.0209841757376
0.0210005805739
0.0210145700251
0.0210264302488
0.0210364258025
0.0210447932658
0.0210517376212
0.0210574310073
0.0210620134302
0.0210655946051
0.0210682562253
0.0210700544778
0.0210710227725
0.0210711745375
0.0210705063467
0.0210690001727
0.0210666262357
0.0210633456996
0.0210591132478
0.021053879562
0.0210475936639
0.0210402049823
0.0210316652026
0.0210219297912
0.0210109593168
0.0209987209622
0.0209851894161
0.0209703467515
0.0209541820983
0.0209366914289
0.0209178772533
0.0208977482251
0.020876318765
0.0208536087247
0.0208296430708
0.0208044515871
0.0207780685962
0.0207505326973
0.0207218865182
0.0206921764787
0.0206614525654
0.0206297681136
0.0205971795984
0.0205637464338
0.0205295307811
0.0204945973704
0.0204590133328
0.0204228480473
0.0203861730011
0.0203490616652
0.0203115893871
0.0202738333
0.0202358722512
0.0201977867456
0.0201596589061
0.0201215724481
0.0200836126716
0.0200458664661
0.0200084223287
0.0199713703933
0.0199348024699
0.0198988120903
0.0198634945634
0.0198289470338
0.0197952685461
0.0197625601107
0.0197309247655
0.0197004676311
0.019671295944
0.0196435190636
0.0196172484495
0.0195925975525
0.0195696816437
0.0195486176647
0.0195295240082
0.0195125200795
0.0194977256779
0.0194852604858
0.0194752438325
0.0194677942772
0.0194630285562
0.0194610602009
0.019461998166
0.0194659464276
0.0194730026109
0.0194832580233
0.0194967956336
0.0195136871474
0.0195339908768
0.0195577492088
0.0195849852464
0.0196157003643
0.0196498715346
0.0196874472499
0.0197283445862
0.019772448634
0.0198196128271
0.0198696588345
0.0199223756061
0.0199775177989
0.0200348039029
0.0200939138219
0.0201544865865
0.0202161184101
0.0202783592537
0.0203407116551
0.0204026388602
0.020463577904
0.0205229568817
0.0205802175916
0.0206348416839
0.0206863761616
0.0207344547078
0.0207788134605
0.0208192979663
0.0208558612457
0.0202423506443
0.0202736063934
0.020301179749
0.0203252848823
0.0203461730174
0.020364117484
0.0203793994256
0.0203922951758
0.0204030664477
0.0204119533686
0.0204191699807
0.0204249019125
0.0204293059227
0.0204325107527
0.0204346186956
0.0204357075606
0.0204358328853
0.0204350302253
0.0204333178569
0.0204306986876
0.0204271627342
0.0204226894848
0.0204172501918
0.0204108101155
0.020403330692
0.0203947715389
0.0203850923109
0.0203742543525
0.0203622221667
0.0203489649033
0.0203344574088
0.0203186805553
0.0203016213246
0.0202832728758
0.0202636344826
0.0202427113423
0.0202205143403
0.0201970598047
0.0201723692545
0.0201464691463
0.0201193906282
0.0200911692996
0.0200618449807
0.0200314614897
0.0200000664275
0.0199677109699
0.0199344496659
0.0199003402434
0.0198654434227
0.0198298227401
0.0197935443811
0.0197566770237
0.0197192916941
0.0196814616343
0.0196432621844
0.0196047706795
0.0195660663625
0.0195272303106
0.0194883453768
0.0194494961456
0.0194107689042
0.0193722516279
0.0193340339785
0.0192962073149
0.0192588647146
0.0192221010047
0.0191860128016
0.019150698558
0.0191162586169
0.0190827952685
0.0190504128083
0.019019217591
0.0189893180707
0.0189608248222
0.0189338505397
0.0189085099768
0.0188849198356
0.0188631986481
0.0188434666012
0.0188258452048
0.0188104568132
0.0187974241571
0.0187868700121
0.0187789167573
0.0187736855008
0.0187712948651
0.0187718597292
0.0187754904703
0.0187822912841
0.0187923600301
0.0188057865372
0.0188226499878
0.0188430164134
0.0188669358784
0.0188944391099
0.0189255349435
0.0189602078873
0.0189984143575
0.0190400789261
0.0190850920294
0.0191333088537
0.0191845486542
0.0192385940072
0.0192951898447
0.0193540423367
0.0194148174309
0.0194771398315
0.0195405932873
0.0196047198993
0.019669019978
0.0197329584564
0.0197959766075
0.0198575081839
0.0199169999971
0.0199739351787
0.0200278559856
0.0200783832668
0.0201252312366
0.0201682150981
0.020207251138
0.0195653091201
0.0195987371205
0.019628368021
0.0196543836529
0.0196770068976
0.0196964875451
0.0197130887327
0.0197270748161
0.0197387015758
0.0197482088815
0.0197558155775
0.019761716357
0.019766080389
0.0197690512951
0.0197707480088
0.0197712661807
0.0197706799236
0.0197690436923
0.0197663946066
0.0197627540883
0.0197581300392
0.019752518928
0.0197459078367
0.0197382764807
0.0197295991892
0.0197198467903
0.0197089883959
0.0196969930598
0.0196838312888
0.0196694765086
0.0196539062049
0.019637102539
0.0196190527145
0.0195997492652
0.0195791902025
0.0195573790176
0.0195343246016
0.019510041116
0.0194845478284
0.0194578689266
0.0194300333206
0.0194010744399
0.0193710300294
0.0193399419471
0.0193078559651
0.0192748215728
0.0192408917848
0.0192061229531
0.0191705745864
0.019134309176
0.0190973920298
0.0190598911149
0.0190218769089
0.0189834222627
0.0189446022754
0.0189054941823
0.018866177256
0.0188267327215
0.0187872436827
0.0187477950645
0.0187084735676
0.0186693676393
0.0186305674567
0.0185921649224
0.0185542536723
0.0185169290932
0.018480288351
0.0184444304268
0.0184094561611
0.0183754683035
0.0183425715657
0.0183108726729
0.0182804804064
0.0182515056336
0.018224061319
0.0181982624963
0.0181742261974
0.0181520713623
0.0181319187004
0.0181138904354
0.0180981099333
0.0180847012924
0.0180737889824
0.0180654973949
0.0180599500886
0.018057268716
0.0180575720236
0.0180609745531
0.018067585337
0.0180775071452
0.018090834994
0.0181076538203
0.0181280359256
0.0181520380748
0.0181796981256
0.0182110322107
0.0182460322037
0.0182846622449
0.0183268548513
0.0183725077355
0.0184214815664
0.0184735984433
0.0185286407847
0.0185863504266
0.0186464278681
0.0187085314918
0.0187722773383
0.0188372404854
0.0189029563787
0.0189689223717
0.0190346037519
0.0190994444219
0.0191628817864
0.0192243655402
0.0192833787228
0.0193394584658
0.019392213973
0.0194413404248
0.0194866269041
0.0195279578312
0.0188617233261
0.018897159086
0.018928711704
0.0189565324121
0.0189808166291
0.0190017907106
0.0190196990964
0.0190347926387
0.0190473188815
0.019057514489
0.0190655996879
0.0190717745445
0.0190762168795
0.0190790815144
0.0190805004804
0.0190805838839
0.0190794212051
0.0190770828161
0.0190736219512
0.0190690761118
0.0190634689957
0.0190568123576
0.0190491078482
0.0190403488405
0.0190305222359
0.0190196102144
0.0190075919168
0.0189944450457
0.0189801473553
0.0189646780733
0.0189480190829
0.0189301557092
0.018911077273
0.0188907775353
0.0188692550032
0.0188465130926
0.0188225601876
0.0187974096276
0.0187710796371
0.0187435932147
0.0187149779951
0.0186852660911
0.0186544939245
0.0186227020517
0.018589934984
0.0185562410075
0.0185216720024
0.0184862832641
0.0184501333294
0.0184132838066
0.0183757992126
0.018337746815
0.0182991964832
0.0182602205472
0.0182208936691
0.0181812927251
0.0181414966995
0.0181015865911
0.018061645331
0.0180217577132
0.0179820103397
0.0179424915795
0.017903291541
0.0178645020573
0.0178262166832
0.0177885307034
0.0177515411505
0.0177153468331
0.0176800483719
0.017645748243
0.0176125508262
0.017580562453
0.0175498914502
0.0175206481737
0.0174929450278
0.0174668964563
0.0174426188992
0.0174202307243
0.0173998521176
0.0173816048844
0.0173656121531
0.0173519980247
0.0173408872162
0.0173324046201
0.0173266746388
0.0173238202223
0.0173239620924
0.0173272171961
0.0173336975271
0.0173435091292
0.0173567506247
0.01737351109
0.0173938675759
0.0174178822498
0.0174455990892
0.0174770408592
0.0175122063735
0.0175510671651
0.0175935636728
0.0176396016792
0.0176890493622
0.0177417350223
0.0177974454187
0.0178559245989
0.0179168731616
0.0179799478176
0.0180447616229
0.0181108858511
0.018177852553
0.018245157568
0.0183122667919
0.0183786263063
0.0184436762418
0.0185068680682
0.0185676838946
0.0186256556063
0.0186803816806
0.0187315404031
0.0187788979488
0.0188223107573
0.018135926333
0.0181731717427
0.0182064758922
0.0182359612593
0.0182617968966
0.018284186095
0.0183033542429
0.0183195376137
0.0183329737768
0.0183438938865
0.0183525168036
0.0183590449159
0.0183636614958
0.0183665293501
0.0183677904628
0.0183675663648
0.0183659590108
0.0183630519686
0.0183589120482
0.0183535905031
0.0183471247415
0.0183395399951
0.0183308509837
0.0183210635773
0.0183101764509
0.0182981827047
0.0182850714382
0.0182708292686
0.018255441764
0.018238894808
0.0182211757808
0.0182022744404
0.018182183592
0.0181608996349
0.0181384229792
0.0181147583267
0.0180899148425
0.0180639062416
0.0180367508061
0.0180084713471
0.0179790951266
0.0179486537483
0.0179171830269
0.0178847228444
0.0178513169945
0.0178170130215
0.0177818620538
0.0177459186368
0.0177092405669
0.0176718887288
0.0176339269371
0.0175954217809
0.0175564424759
0.0175170607232
0.017477350579
0.0174373883342
0.0173972524054
0.0173570232358
0.0173167832083
0.017276616569
0.0172366093653
0.0171968493986
0.017157426189
0.0171184309537
0.017079956597
0.0170420977116
0.01700495059
0.0169686132461
0.0169331854449
0.0168987687417
0.0168654665255
0.0168333840644
0.0168026285489
0.0167733091272
0.0167455369297
0.0167194250719
0.0166950886283
0.0166726445823
0.0166522117364
0.0166339105542
0.0166178629208
0.016604191841
0.0165930211036
0.0165844748622
0.0165786770398
0.0165757504543
0.0165758162403
0.0165789921624
0.0165853915491
0.0165951221727
0.0166082847744
0.0166249710761
0.0166452614099
0.016669221966
0.0166969016026
0.0167283287275
0.0167635083776
0.0168024189374
0.0168450084345
0.0168911908576
0.0169408428224
0.0169938007689
0.0170498587737
0.0171087669881
0.0171702307002
0.0172339099558
0.0172994199808
0.0173663332031
0.0174341824351
0.0175024648869
0.0175706488001
0.0176381833181
0.017704511596
0.0177690868915
0.0178313904546
0.0178909493785
0.0179473524955
0.0180002630747
0.0180494270207
0.018094675969
0.0173922791633
0.0174311054353
0.01746595974
0.0174969376312
0.0175241829982
0.0175478766216
0.0175682247402
0.0175854483124
0.0175997736139
0.0176114244713
0.017620616154
0.0176275508464
0.0176324145636
0.0176353753153
0.0176365822674
0.017636165671
0.0176342373501
0.0176308915933
0.0176262064505
0.0176202447487
0.0176130556052
0.0176046759275
0.0175951319256
0.0175844406358
0.0175726114436
0.0175596475889
0.0175455476364
0.0175303069065
0.0175139188384
0.0174963762882
0.017477672685
0.0174578029551
0.017436764255
0.0174145565816
0.0173911832581
0.017366651295
0.0173409716439
0.0173141593608
0.0172862336947
0.0172572181132
0.0172271402786
0.0171960319844
0.0171639290628
0.0171308712714
0.0170969021637
0.0170620689483
0.017026422338
0.016990016396
0.0169529083804
0.0169151585899
0.0168768302115
0.0168379891709
0.0167987039869
0.016759045633
0.0167190874078
0.0166789048157
0.0166385754567
0.0165981789272
0.01655779673
0.016517512195
0.0164774104142
0.0164375781903
0.0163981039982
0.0163590779593
0.0163205918276
0.0162827389869
0.0162456144585
0.016209314918
0.0161739387207
0.0161395859374
0.0161063583951
0.0160743597197
0.0160436953781
0.016014472715
0.0159868009795
0.0159607913352
0.0159365568463
0.0159142124388
0.0158938748271
0.015875662384
0.015859694942
0.0158460935312
0.0158349800698
0.01582647697
0.0158207066027
0.0158177904914
0.0158178489145
0.0158209991116
0.015827354355
0.0158370227725
0.0158501058788
0.0158666966903
0.0158868774678
0.0159107170916
0.0159382680185
0.0159695631615
0.0160046128615
0.0160434016213
0.0160858844992
0.0161319834259
0.0161815836977
0.0162345308481
0.0162906280606
0.0163496342235
0.0164112627023
0.0164751808407
0.0165410103728
0.016608329384
0.0166766757029
0.0167455514595
0.0168144299588
0.0168827653766
0.0169500052912
0.0170156058131
0.0170790483278
0.0171398562956
0.0171976104059
0.0172519608856
0.0173026358151
0.0173494448271
0.0166351542151
0.0166753052445
0.0167114805003
0.0167437504152
0.0167722349835
0.0167970931711
0.0168185121748
0.0168366971728
0.0168518621593
0.0168642221928
0.0168739871407
0.0168813568849
0.0168865178895
0.0168896409666
0.0168908800332
0.0168903716553
0.0168882351849
0.0168845733845
0.0168794734024
0.0168730076182
0.0168652349724
0.0168562023102
0.016845945759
0.0168344921293
0.0168218603249
0.016808062745
0.0167931066618
0.0167769955668
0.0167597304612
0.0167413110871
0.0167217370436
0.0167010087202
0.0166791280609
0.016656099205
0.0166319290134
0.0166066274794
0.0165802080351
0.01655268777
0.0165240875725
0.0164944322054
0.0164637503268
0.0164320744662
0.0163994409648
0.016365889892
0.0163314649395
0.0162962133007
0.0162601855375
0.0162234354384
0.0161860198754
0.0161479986596
0.0161094343968
0.0160703923451
0.016030940274
0.0159911483302
0.0159510889116
0.0159108365513
0.0158704678095
0.0158300611762
0.0157896969816
0.0157494573172
0.0157094259693
0.0156696883679
0.0156303315472
0.0155914441184
0.0155531162547
0.015515439687
0.0154785077094
0.0154424151938
0.0154072586127
0.0153731360722
0.0153401473512
0.0153083939423
0.0152779790925
0.0152490078406
0.0152215870449
0.0151958253979
0.0151718334194
0.0151497234263
0.0151296094705
0.0151116072292
0.0150958338347
0.0150824076447
0.0150714479571
0.0150630746433
0.0150574076637
0.0150545663152
0.0150546690035
0.0150578313451
0.0150641653994
0.0150737784752
0.0150867716862
0.015103238154
0.0151232608627
0.0151469101644
0.0151742408952
0.0152052893193
0.015240070072
0.0152785729174
0.0153207592342
0.0153665583856
0.0154158641667
0.0154685315109
0.0155243736367
0.0155831597973
0.0156446137619
0.0157084131109
0.0157741895124
0.0158415304957
0.0159099827891
0.0159790570619
0.0160482348382
0.0161169779708
0.0161847406593
0.0162509837685
0.016315190609
0.016376882848
0.0164356350405
0.0164910866322
0.0165429503959
0.0165910166596
0.0158689134255
0.0159101101649
0.0159473534962
0.0159806905493
0.0160102187665
0.0160360761254
0.0160584310748
0.016077472783
0.0160934022532
0.0161064246498
0.0161167429645
0.01612455303
0.0161300398138
0.016133374861
0.0161347147107
0.0161342001089
0.0161319558328
0.016128091081
0.0161227001394
0.0161158630717
0.0161076468767
0.0160981066859
0.0160872870167
0.0160752230618
0.0160619419997
0.0160474643047
0.016031805042
0.0160149751351
0.0159969825878
0.0159778336488
0.015957533884
0.0159360890974
0.0159135061027
0.0158897933751
0.0158649615961
0.0158390240899
0.0158119971618
0.015783900351
0.0157547566077
0.0157245924048
0.0156934377928
0.0156613264061
0.0156282954314
0.0155943855481
0.0155596408448
0.0155241087169
0.0154878397492
0.0154508875874
0.0154133088065
0.0153751627774
0.0153365115315
0.0152974196264
0.0152579540124
0.0152181839026
0.0151781806535
0.0151380176535
0.0150977702199
0.0150575155046
0.015017332409
0.0149773015059
0.0149375049756
0.0148980265557
0.0148589515035
0.0148203665699
0.0147823599848
0.0147450214533
0.0147084421613
0.0146727147884
0.0146379335299
0.014604194128
0.0145715939102
0.0145402318285
0.0145102085
0.014481626243
0.0144545891061
0.0144292028845
0.0144055751188
0.0143838150691
0.0143640336622
0.0143463433944
0.0143308581839
0.0143176931645
0.0143069644231
0.014298788659
0.0142932827431
0.014290563007
0.0142907451794
0.0142939423742
0.0143002644976
0.0143098170639
0.0143226997911
0.0143390048871
0.0143588150135
0.0143822009202
0.0144092187209
0.0144399069442
0.0144742835102
0.0145123425416
0.0145540509448
0.0145993448656
0.0146481261645
0.0147002590675
0.0147555671684
0.0148138309652
0.0148747860985
0.0149381224244
0.0150034840948
0.0150704710766
0.0151386422786
0.0152075202271
0.0152765978293
0.0153453475246
0.0154132327792
0.0154797216643
0.015544301784
0.0156064953987
0.0156658734018
0.0157220670561
0.0157747765411
0.015823775648
0.0150978820904
0.0151398280489
0.0151778680454
0.0152120277955
0.0152423836362
0.0152690535267
0.0152921876441
0.0153119591376
0.0153285555615
0.0153421713338
0.0153530013881
0.01536123606
0.015367057173
0.0153706352211
0.015372127503
0.0153716770518
0.0153694121829
0.0153654466836
0.0153598801803
0.0153527986957
0.0153442756402
0.0153343728726
0.0153231418356
0.0153106247431
0.0152968557983
0.0152818624219
0.0152656664706
0.0152482854346
0.0152297335941
0.0152100231234
0.0151891651155
0.0151671704809
0.01514405071
0.0151198185239
0.015094488421
0.0150680771245
0.0150406039356
0.0150120910038
0.0149825635261
0.0149520498819
0.0149205817109
0.0148881939418
0.0148549247808
0.0148208156722
0.0147859112321
0.0147502591633
0.0147139101506
0.0146769177457
0.0146393382463
0.0146012305736
0.014562656147
0.0145236787585
0.0144843644467
0.014444781374
0.0144049997137
0.0143650915447
0.0143251307551
0.0142851929536
0.0142453553895
0.0142056968778
0.0141662977384
0.0141272397498
0.0140886061143
0.014050481434
0.014012951699
0.0139761042849
0.0139400279595
0.0139048128962
0.0138705506943
0.0138373344105
0.0138052585954
0.0137744193333
0.0137449142811
0.0137168427035
0.0136903055026
0.0136654052354
0.0136422461144
0.0136209339862
0.0136015762835
0.0135842819382
0.0135691612486
0.0135563256924
0.0135458876835
0.0135379602545
0.0135326566547
0.0135300896705
0.013530371724
0.0135336127312
0.0135399196941
0.0135493955407
0.0135621377706
0.0135782368256
0.0135977741585
0.0136208199961
0.0136474307684
0.0136776462915
0.0137114868238
0.0137489499605
0.0137900073251
0.0138346011309
0.0138826407318
0.0139339992928
0.0139885107384
0.0140459671651
0.0141061169029
0.0141686633903
0.0142332650458
0.0142995365099
0.0143670514809
0.0144353471643
0.0145039307403
0.0145722880909
0.0146398947245
0.0147062286311
0.0147707844113
0.014833087664
0.0148927084349
0.0149492726934
0.0150024709565
0.0150520633897
0.014326319689
0.0143687073467
0.0144072600633
0.0144419841384
0.0144729363813
0.0145002158599
0.0145239551418
0.0145443115622
0.0145614590036
0.014575580537
0.0145868621156
0.0145954873937
0.0146016336639
0.0146054688369
0.0146071493438
0.0146068188281
0.0146046074505
0.0146006319126
0.0145949955359
0.0145877887078
0.014579089716
0.0145689656789
0.0145574735698
0.0145446613086
0.0145305688935
0.0145152295523
0.0144986708926
0.0144809160338
0.0144619847034
0.0144418942846
0.0144206607948
0.0143982997545
0.0143748269335
0.0143502589894
0.0143246140087
0.0142979119531
0.0142701750157
0.0142414278987
0.0142116980219
0.0141810156708
0.0141494140888
0.0141169295202
0.0140836012128
0.0140494713924
0.0140145852114
0.013978990676
0.0139427385551
0.0139058822738
0.0138684778047
0.0138305835543
0.0137922602487
0.0137535708171
0.0137145802735
0.0136753556013
0.0136359656474
0.0135964810254
0.0135569740248
0.0135175185308
0.0134781899495
0.0134390651379
0.013400222347
0.0133617411793
0.0133237025588
0.01328618871
0.0132492831492
0.0132130706842
0.0131776374232
0.0131430707886
0.0131094595365
0.0130768937877
0.0130454650641
0.0130152663278
0.0129863920182
0.0129589380876
0.0129330020287
0.012908682893
0.0128860812925
0.0128652993805
0.0128464408067
0.0128296106381
0.0128149152363
0.0128024620861
0.0127923595688
0.0127847166656
0.0127796425894
0.0127772461298
0.0127776359126
0.0127809181107
0.0127871962285
0.0127965699744
0.0128091339634
0.0128249761706
0.0128441761054
0.0128668026969
0.0128929118741
0.0129225438912
0.0129557204948
0.0129924419286
0.0130326837497
0.0130763935162
0.013123487444
0.0131738471471
0.0132273166001
0.0132836994998
0.0133427572172
0.0134042075171
0.0134677242393
0.0135329382708
0.0135994400611
0.0136667837561
0.0137344932746
0.0138020705308
0.0138690057393
0.0139347895367
0.0139989263281
0.0140609479575
0.0141204266235
0.0141769860766
0.0142303102686
0.0142801487888
0.0135583889209
0.0136009066877
0.0136396822108
0.0136747044943
0.0137060125392
0.0137336878108
0.0137578461151
0.0137786293846
0.013796197831
0.0138107228115
0.0138223806152
0.0138313472695
0.0138377943831
0.0138418859753
0.0138437761942
0.0138436078108
0.0138415113162
0.0138376048085
0.0138319937986
0.0138247715666
0.0138160198488
0.0138058096446
0.0137942021362
0.0137812496885
0.013766996899
0.0137514816783
0.0137347363348
0.0137167886467
0.0136976629019
0.0136773808937
0.0136559628536
0.0136334282887
0.0136097967051
0.01358508823
0.0135593241396
0.0135325272986
0.013504722512
0.0134759368008
0.0134461996127
0.0134155429754
0.0133840015965
0.0133516129134
0.0133184171051
0.0132844570763
0.0132497784157
0.013214429335
0.0131784605868
0.0131419253672
0.0131048792155
0.0130673799114
0.013029487369
0.0129912635309
0.012952772257
0.0129140792165
0.0128752517893
0.0128363589771
0.0127974713206
0.0127586608258
0.0127200008973
0.0126815662717
0.0126434329654
0.0126056782367
0.01256838056
0.012531619609
0.0124954762505
0.012460032547
0.0124253717683
0.0123915784047
0.0123587381866
0.0123269381142
0.0122962664939
0.012266812976
0.0122386685915
0.012211925785
0.0121866784418
0.0121630219049
0.0121410529776
0.0121208699048
0.0121025723307
0.0120862612238
0.0120720387641
0.0120600081822
0.0120502735478
0.012042939492
0.0120381108674
0.012035892118
0.012036387693
0.0120396995932
0.0120459273589
0.0120551669781
0.0120675096481
0.0120830403121
0.012101835934
0.0121239635058
0.0121494777723
0.0121784187051
0.0122108087993
0.0122466502079
0.0122859216982
0.012328575481
0.0123745339952
0.0124236867531
0.0124758873665
0.0125309509124
0.0125886518343
0.0126487225559
0.0127108530041
0.0127746913392
0.0128398461512
0.0129058902398
0.0129723662482
0.0130387943317
0.0131046818036
0.0131695345078
0.0132328693806
0.0132942274007
0.0133531859514
0.0134093696982
0.0134624592015
0.013512196608
0.0127981237738
0.0128404630766
0.0128791722861
0.0129142253396
0.0129456452789
0.0129734974091
0.012997881796
0.0130189255738
0.0130367754927
0.0130515910458
0.0130635383943
0.0130727852112
0.0130794964811
0.0130838312274
0.0130859400908
0.0130859636653
0.0130840314193
0.0130802614756
0.0130747601588
0.0130676222856
0.0130589317137
0.013048762033
0.0130371773868
0.0130242333841
0.0130099780735
0.0129944529533
0.0129776939967
0.0129597326666
0.0129405969024
0.0129203120659
0.012898901832
0.0128763889923
0.0128527961537
0.0128281463392
0.0128024635008
0.0127757729473
0.0127481016871
0.0127194786968
0.0126899351286
0.0126595044634
0.0126282226133
0.0125961279745
0.0125632614424
0.012529666402
0.0124953886939
0.0124604765607
0.0124249805735
0.0123889535407
0.0123524504155
0.0123155282016
0.0122782458567
0.012240664195
0.0122028457843
0.0121648548432
0.0121267571508
0.0120886199651
0.0120505119475
0.0120125030969
0.0119746646894
0.0119370692164
0.0118997903356
0.011862902838
0.0118264826258
0.0117906066993
0.0117553531536
0.0117208011835
0.0116870310969
0.0116541243285
0.0116221634569
0.011591232234
0.0115614156207
0.0115327998229
0.011505472327
0.0114795219303
0.0114550387664
0.0114321143207
0.011410841432
0.0113913142744
0.0113736283164
0.0113578802495
0.0113441678817
0.0113325899873
0.0113232461066
0.0113162362881
0.0113116607687
0.0113096193824
0.0113102120994
0.0113135364055
0.0113196875106
0.0113287572896
0.0113408331
0.0113559963988
0.0113743211175
0.0113958717878
0.0114207014073
0.0114488490626
0.0114803373679
0.0115151697409
0.0115533275118
0.0115947669064
0.0116394159742
0.0116871715641
0.0117378964479
0.0117914167335
0.0118475197608
0.0119059526561
0.0119664217355
0.0120285930283
0.0120920941773
0.0121565178574
0.0122214269496
0.0122863616342
0.0123508483582
0.0124144104474
0.0124765798792
0.0125369094991
0.0125949848013
0.0126504344384
0.0127029387271
0.0127522355102
0.0120493970206
0.0120912591259
0.0121296202806
0.0121644416555
0.0121957322831
0.012223542877
0.0122479589354
0.01226909357
0.0122870804647
0.0123020672941
0.0123142098275
0.0123236668551
0.0123305959911
0.0123351503448
0.0123374760018
0.0123377102382
0.0123359802976
0.0123324030931
0.0123270845115
0.0123201196624
0.0123115932976
0.012301580396
0.0122901468918
0.0122773505051
0.0122632416421
0.0122478643396
0.0122312572319
0.0122134545119
0.0121944868671
0.0121743823784
0.0121531673697
0.0121308671788
0.012107506828
0.0120831116033
0.0120577075493
0.0120313218836
0.0120039833277
0.011975722366
0.0119465714457
0.011916565127
0.011885740185
0.0118541356613
0.0118217928808
0.0117887554441
0.0117550691985
0.0117207821919
0.0116859446041
0.0116506086606
0.0116148285465
0.01157866032
0.0115421618235
0.0115053925951
0.0114684137722
0.0114312879942
0.0113940793181
0.0113568531449
0.0113196761499
0.0112826162247
0.011245742423
0.011209124902
0.0111728348759
0.0111369445868
0.0111015272861
0.0110666572239
0.0110324096485
0.0109988608122
0.0109660879859
0.0109341694729
0.0109031846228
0.0108732138593
0.0108443387146
0.010816641864
0.0107902071588
0.0107651196539
0.0107414656301
0.010719332608
0.0106988093479
0.0106799858315
0.0106629532222
0.0106478037964
0.0106346308427
0.0106235285197
0.0106145916675
0.0106079155683
0.0106035956356
0.0106017269089
0.0106024046098
0.0106057214327
0.0106117679755
0.0106206316932
0.0106323957676
0.0106471378047
0.0106649283096
0.0106858289287
0.0107098904512
0.010737150582
0.0107676315258
0.010801337414
0.0108382515737
0.010878333674
0.0109215168087
0.0109677046199
0.0110167685447
0.0110685453047
0.011122834833
0.0111793988081
0.0112379599756
0.011298202503
0.0113597736147
0.0114222866638
0.0114853258517
0.0115484527476
0.0116112145768
0.0116731540725
0.0117338204587
0.011792780923
0.0118496317859
0.0119040085925
0.0119555944411
0.0120041259294
0.0113158871835
0.0113569894277
0.0113947342464
0.0114290723644
0.0114600008121
0.0114875573694
0.0115118142558
0.011532871476
0.0115508502014
0.0115658865045
0.0115781256758
0.0115877172732
0.0115948109707
0.0115995532166
0.0116020846564
0.0116025382616
0.0116010379926
0.0115976984494
0.0115926239526
0.0115859087717
0.0115776374277
0.0115678851788
0.011556718664
0.0115441966568
0.0115303708948
0.0115152869622
0.0114989852002
0.0114815016176
0.0114628687769
0.011443116648
0.0114222734185
0.0114003662323
0.0113774218311
0.0113534671106
0.0113285295974
0.0113026378481
0.0112758217681
0.0112481128582
0.0112195444058
0.0111901516305
0.0111599717826
0.0111290441934
0.0110974102889
0.0110651135838
0.0110321996558
0.010998716104
0.0109647124856
0.0109302402317
0.0108953525669
0.0108601044284
0.0108245523848
0.0107887545554
0.0107527705195
0.0107166612228
0.0106804888981
0.0106443169985
0.0106082101333
0.0105722340152
0.0105364554139
0.0105009420975
0.0104657627876
0.0104309871336
0.0103966856958
0.0103629299371
0.0103297922233
0.0102973458287
0.0102656649525
0.0102348247298
0.0102049012419
0.0101759715422
0.0101481136881
0.0101214067743
0.010095930961
0.0100717674993
0.0100489987489
0.0100277081891
0.0100079804179
0.00998990113317
0.00997355709327
0.00995903605097
0.00994642665798
0.00993581833026
0.00992730106906
0.00992096524254
0.00991690126475
0.00991519928977
0.00991594946415
0.00991923950706
0.00992515519895
0.00993377932735
0.00994519062382
0.00995946254682
0.00997666185648
0.00999684696823
0.0100200660873
0.0100463551285
0.0100757354482
0.0101082114258
0.0101437678983
0.0101823674747
0.0102239477818
0.0102684187461
0.0103156599844
0.0103655183883
0.0104178061081
0.0104722990985
0.0105287363924
0.0105868203219
0.0106462179241
0.0107065636894
0.0107674638477
0.0108285023327
0.0108892484061
0.0109492657622
0.0110081227292
0.0110654029929
0.0111207161303
0.011173707239
0.0112240650203
0.0112715277273
0.0106010447887
0.0106411259654
0.0106780049403
0.0107116242772
0.0107419710167
0.0107690717052
0.0107929866471
0.010813803759
0.0108316323787
0.0108465973344
0.0108588335036
0.0108684810201
0.0108756812075
0.010880573263
0.0108832916598
0.0108839642243
0.0108827107139
0.010879642442
0.0108748611563
0.0108684592687
0.0108605200501
0.0108511180277
0.010840319551
0.0108281834743
0.01081476192
0.0108001011009
0.0107842421776
0.0107672221194
0.010749074543
0.0107298305214
0.0107095193574
0.0106881692889
0.0106658081023
0.0106424636648
0.0106181643816
0.0105929395815
0.0105668198219
0.0105398371226
0.0105120251477
0.0104834193445
0.0104540570406
0.0104239774889
0.0103932218783
0.0103618333279
0.0103298568625
0.0102973393759
0.0102643295706
0.0102308778753
0.0101970363673
0.0101628586976
0.0101284000151
0.0100937168939
0.0100588672461
0.0100239102307
0.00998890617818
0.00995391652921
0.00991900377383
0.00988423140486
0.00984966387572
0.00981536654187
0.00978140561547
0.00974784814093
0.00971476197965
0.00968221580231
0.00965027908791
0.00961902212898
0.00958851604719
0.00955883280217
0.00953004519646
0.00950222689793
0.00947545247023
0.00944979740181
0.00942533813124
0.00940215206659
0.00938031759948
0.00935991411299
0.00934102197905
0.00932372253939
0.00930809806738
0.00929423170401
0.00928220736744
0.00927210962526
0.00926402352423
0.00925803439423
0.00925422749832
0.00925268815408
0.00925350082865
0.009256748381
0.00926251157575
0.00927086830538
0.0092818926211
0.00929565359298
0.00931221397702
0.00933162867712
0.00935394300808
0.00937919075994
0.00940739207743
0.00943855119726
0.00947265405039
0.0095096657487
0.0095495279949
0.00959215653409
0.00963743869947
0.00968523110571
0.00973535770706
0.00978760838024
0.00984173817669
0.0098974674438
0.00995448303248
0.010012440753
0.0100709692561
0.0101296754708
0.0101881515923
0.010245983464
0.0103027600136
0.010358083232
0.010411578055
0.0104629014915
0.0105117504021
0.0105578673712
0.00990805769215
0.00994688242381
0.00998266917891
0.0100153545521
0.010044917559
0.0100713752055
0.0100947772753
0.0101152006781
0.0101327436867
0.0101475203541
0.0101596553367
0.0101692792896
0.0101765249181
0.0101815237232
0.0101844034177
0.0101852859828
0.0101842861904
0.0101815112232
0.0101770593763
0.0101710203054
0.0101634751257
0.0101544967304
0.0101441502877
0.0101324938574
0.0101195790922
0.0101054520018
0.0100901537603
0.0100737215201
0.0100561892024
0.0100375882641
0.0100179484337
0.00999729838617
0.00997566632647
0.00995308049753
0.00992956961864
0.0099051632567
0.00987989211861
0.00985378827099
0.00982688531278
0.00979921850839
0.00977082488143
0.0097417432559
0.00971201426201
0.00968168032948
0.00965078566408
0.00961937621506
0.00958749961759
0.00955520510911
0.00952254345473
0.00948956687603
0.00945632898022
0.00942288469409
0.00938929017946
0.00935560274226
0.00932188075943
0.00928818362181
0.00925457167542
0.00922110617872
0.00918784926456
0.00915486387898
0.00912221373367
0.00908996328191
0.00905817770321
0.00902692289457
0.00899626546718
0.00896627274872
0.00893701279821
0.0089085544114
0.00888096711935
0.00885432120708
0.00882868774103
0.00880413859406
0.00878074646542
0.00875858489436
0.00873772826931
0.00871825183298
0.00870023167873
0.00868374473173
0.00866886871225
0.00865568207377
0.00864426391744
0.00863469387092
0.00862705192608
0.00862141826498
0.00861787288855
0.00861649600094
0.0086173665972
0.00862056227779
0.00862615864031
0.0086342285295
0.00864484113893
0.00865806095512
0.00867394651897
0.00869254899391
0.00871391055412
0.00873806259066
0.00876502373629
0.00879479775785
0.00882737132672
0.00886271167845
0.00890076418713
0.00894144999146
0.00898466370629
0.00903027123109
0.00907810789375
0.00912797708894
0.00917964953182
0.00923286330481
0.00928732489814
0.00934271140275
0.00939867401899
0.00945484300375
0.00951083405766
0.0095662560171
0.00962071955091
0.00967384640661
0.00972527863212
0.00977468717432
0.00982177930136
0.00986630433066
0.00923981538437
0.00927717738095
0.00931167196003
0.00934323179538
0.00937182974378
0.00939747491003
0.00942020793801
0.00944009583485
0.00945722663169
0.00947170415635
0.00948364313818
0.00949316481526
0.00950039313476
0.00950545159018
0.00950846068316
0.00950953598749
0.00950878664388
0.00950631499387
0.00950221513121
0.00949657318343
0.00948946732608
0.00948096803393
0.00947113851552
0.00946003527038
0.00944770873197
0.00943420397701
0.00941956148488
0.00940381790581
0.00938700680564
0.00936915938986
0.00935030520382
0.00933047277764
0.00930969017958
0.0092879854994
0.00926538726774
0.00924192481407
0.00921762854619
0.00919253015639
0.00916666278424
0.00914006114416
0.00911276161723
0.00908480228758
0.00905622294296
0.00902706506679
0.00899737181519
0.00896718798821
0.00893655997436
0.00890553566463
0.00887416437919
0.00884249679911
0.00881058489914
0.00877848188745
0.00874624212212
0.00871392101834
0.00868157497607
0.00864926132593
0.00861703827038
0.00858496484333
0.00855310087512
0.00852150692664
0.00849024423776
0.0084593747025
0.00842896085225
0.00839906584407
0.00836975345332
0.00834108807147
0.00831313471969
0.00828595905061
0.00825962733953
0.00823420649874
0.0082097641012
0.0081863684001
0.00816408834249
0.00814299357635
0.00812315445509
0.00810464204052
0.00808752809919
0.0080718850845
0.0080577861018
0.0080453048486
0.00803451553376
0.00802549276253
0.00801831138198
0.00801304632778
0.00800977224155
0.00800856403659
0.00800949521481
0.00801263795692
0.0080180625368
0.00802583660533
0.00803602434889
0.00804868551111
0.00806387424665
0.00808163779266
0.00810201497914
0.00812503457404
0.00815071345013
0.00817905463033
0.00821004522551
0.00824365426597
0.00827983043754
0.00831849988524
0.00835956409783
0.00840289783325
0.00844834735488
0.00849572913845
0.00854482914447
0.00859540281131
0.00864717595487
0.00869984672764
0.00875308878908
0.00880655580088
0.00885988725367
0.0089127155078
0.00896467378222
0.00901540468642
0.00906456878297
0.00911185263638
0.00915697583818
0.00919969653127
0.00859887250726
0.00863459667983
0.00866762772036
0.00869789624326
0.00872537067225
0.0087500537548
0.00877197832347
0.00879120257502
0.0088078051459
0.00882188024287
0.00883353304122
0.00884287552401
0.00885002285467
0.00885509033352
0.00885819093322
0.00885943339406
0.00885892071975
0.00885674983724
0.008853010028
0.00884778325325
0.00884114409724
0.00883315995972
0.00882389143641
0.00881339282224
0.00880171269969
0.00878889459626
0.00877497769863
0.00875999757728
0.00874398688569
0.00872697604235
0.00870899389631
0.00869006834268
0.0086702268459
0.00864949689781
0.00862790641828
0.0086054841004
0.00858225967756
0.00855826411595
0.00853352976758
0.00850809049278
0.00848198175094
0.00845524063202
0.00842790585152
0.00840001774085
0.00837161822442
0.00834275079489
0.00831346045905
0.00828379364788
0.00825379814364
0.00822352301332
0.00819301854356
0.00816233618552
0.00813152847066
0.00810064891396
0.00806975194098
0.0080388928353
0.00800812767742
0.00797751330513
0.00794710728033
0.00791696781679
0.00788715372303
0.00785772437567
0.00782873969955
0.00780026015127
0.00777234670577
0.00774506084851
0.00771846458812
0.0076926204547
0.00766759148315
0.00764344122223
0.00762023375337
0.00759803370314
0.00757690624963
0.00755691712305
0.00753813260653
0.00752061953846
0.00750444531008
0.0074896778494
0.0074763855881
0.00746463740353
0.00745450254259
0.00744605051241
0.00743935093362
0.00743447340699
0.00743148712658
0.00743046159077
0.00743146472423
0.00743456318406
0.00743982180124
0.00744730291074
0.00745706556779
0.00746916464477
0.00748364977389
0.00750056411815
0.00751994300039
0.00754181238429
0.00756618717907
0.00759306943447
0.007622446444
0.00765428874589
0.00768854801556
0.00772515504824
0.0077640178211
0.00780501953439
0.00784801694262
0.00789283913961
0.00793928686154
0.0079871324426
0.00803612059581
0.008085970166
0.00813637699618
0.008187018011
0.00823755652543
0.00828764867524
0.00833695073287
0.00838512694822
0.0084318574592
0.00847684577955
0.00851982539546
0.00856056503745
0.00798741230311
0.00802135575697
0.00805278156726
0.00808161993227
0.0081078363946
0.00813142876004
0.00815242329496
0.00817087043701
0.00818684027278
0.00820041802432
0.00821169974752
0.00822078841778
0.00822779049412
0.00823281301735
0.00823596124322
0.00823733678846
0.00823703615828
0.00823515043265
0.00823176361216
0.00822695299612
0.00822078906678
0.00821333563057
0.00820465015173
0.0081947842072
0.00818378402442
0.00817169108971
0.00815854281986
0.00814437324526
0.00812921366411
0.00811309328266
0.00809603984723
0.00807808023113
0.00805924092747
0.00803954848166
0.00801902987317
0.00799771284883
0.0079756261778
0.00795279983019
0.0079292651203
0.00790505482475
0.00788020327287
0.00785474637333
0.00782872160303
0.00780216799565
0.00777512611826
0.00774763805074
0.00771974733228
0.00769149886608
0.00766293884582
0.00763411468952
0.00760507497543
0.00757586939076
0.00754654864546
0.00751716436952
0.00748776903806
0.00745841591892
0.00742915900691
0.00740005298326
0.00737115318368
0.00734251551825
0.00731419640799
0.00728625275511
0.00725874191815
0.00723172168875
0.00720525027057
0.0071793862655
0.00715418868676
0.00712971695454
0.00710603087083
0.00708319062198
0.00706125679055
0.00704029035938
0.0070203527102
0.00700150561941
0.00698381125706
0.00696733219099
0.00695213138671
0.00693827219359
0.0069258183132
0.00691483374244
0.00690538270185
0.00689752953167
0.00689133855368
0.0068868739562
0.00688419941022
0.00688337890502
0.00688447470501
0.00688754786132
0.00689265767494
0.00689986107468
0.0069092118921
0.00692076003257
0.00693455050444
0.00695062228515
0.0069690070654
0.00698972786257
0.0070127974584
0.00703821673909
0.00706597296137
0.00709603791963
0.00712836598716
0.00716289227728
0.00719953088571
0.00723817304367
0.00727868554357
0.00732090960843
0.00736466023304
0.00740972611444
0.00745587033319
0.00750283192744
0.0075503284895
0.00759805987774
0.00764571304888
0.00769296791865
0.00773950403966
0.00778500777662
0.00782917957695
0.00787174089373
0.00791244033269
0.00795105863371
0.00740721133812
0.00743926331866
0.00746897193035
0.00749626836028
0.00752111662643
0.00754351085826
0.00756347189599
0.00758104340809
0.00759628775569
0.00760928182878
0.00762011304706
0.00762887570117
0.00763566772271
0.00764058794177
0.0076437338377
0.00764519974922
0.00764507547307
0.00764344594882
0.00764038957497
0.00763597864422
0.00763027917447
0.00762335100516
0.00761524809128
0.00760601891597
0.00759570698183
0.00758435137281
0.00757198738588
0.0075586471746
0.00754436035905
0.00752915462443
0.0075130563207
0.00749609102188
0.00747828398793
0.00745966057153
0.00744024658076
0.00742006860139
0.00739915423982
0.00737753228766
0.00735523285511
0.00733228748512
0.00730872924413
0.00728459274384
0.00725991412328
0.00723473103545
0.00720908262291
0.00718300950109
0.00715655370517
0.00712975858752
0.00710266874291
0.00707532994157
0.00704778906428
0.00702009405412
0.00699229382684
0.00696443816098
0.0069365776196
0.00690876349664
0.00688104774382
0.00685348292744
0.00682612219832
0.00679901920303
0.00677222801359
0.00674580309304
0.00671979926317
0.00669427167253
0.00666927576727
0.00664486727242
0.00662110220777
0.00659803688221
0.00657572785878
0.00655423194854
0.00653360621259
0.00651390795676
0.00649519472409
0.00647752428872
0.00646095465667
0.00644554407381
0.00643135102892
0.00641843424137
0.00640685262999
0.00639666525636
0.00638793125766
0.0063807097482
0.00637505969121
0.00637103979944
0.00636870816617
0.00636812320241
0.00636934145111
0.00637241830017
0.00637740746649
0.00638436041906
0.00639332571064
0.0064043482215
0.00641746827254
0.00643272058271
0.00645013312416
0.00646972586422
0.00649150933052
0.006515483091
0.00654163417938
0.00656993542402
0.00660034362891
0.00663279791046
0.00666721812168
0.00670350311167
0.00674152924375
0.0067811493515
0.00682219212238
0.00686446201222
0.0069077398458
0.00695178423993
0.006996333965
0.00704111132314
0.00708582654304
0.00713018310756
0.00717388382639
0.007216637372
0.00725816492602
0.00729820654066
0.00733652682433
0.00737291960596
0.00685960753539
0.00688968843727
0.00691759674743
0.00694326580059
0.00696665924129
0.00698776862653
0.00700661039376
0.00702322235937
0.00703765995205
0.00704999238905
0.00706029897731
0.00706866571468
0.00707518227529
0.00707993943914
0.00708302697683
0.00708453192928
0.00708453733699
0.00708312182662
0.00708035803287
0.00707631305553
0.00707104823608
0.00706461921892
0.00705707621512
0.00704846437843
0.00703882425337
0.00702819229322
0.00701660145417
0.00700408180135
0.00699066107491
0.00697636524758
0.0069612190929
0.00694524671797
0.00692847199385
0.00691091893663
0.00689261205089
0.00687357664153
0.00685383904496
0.00683342677912
0.0068123686668
0.00679069494624
0.00676843736261
0.00674562918459
0.00672230517916
0.00669850159583
0.00667425614058
0.00664960796263
0.00662459760112
0.00659926687412
0.00657365880165
0.00654781753668
0.00652178829722
0.0064956173206
0.00646935176965
0.00644303961468
0.00641672955077
0.00639047094094
0.00636431373252
0.00633830841103
0.0063125059732
0.00628695783052
0.00626171573077
0.00623683171643
0.00621235808217
0.00618834733291
0.00616485214817
0.00614192536093
0.00611961997997
0.0060979891838
0.00607708627318
0.00605696465228
0.00603767781817
0.00601927934676
0.00600182288344
0.00598536214049
0.00596995090366
0.0059556430451
0.00594249252906
0.00593055339891
0.00591987974532
0.00591052564874
0.00590254511756
0.00589599199575
0.00589091984724
0.00588738186642
0.00588543054829
0.00588511868194
0.00588649705934
0.00588961538502
0.0058945217797
0.00590126224262
0.00590988003627
0.00592041500119
0.00593290275059
0.00594737371429
0.00596385210069
0.00598235476324
0.0060028898863
0.00602545559922
0.00605003855742
0.00607661242756
0.00610513619691
0.00613555268127
0.00616778713196
0.00620174559506
0.00623731351846
0.00627435479288
0.00631271117875
0.00635220221405
0.00639262575586
0.00643375928222
0.00647536205288
0.00651717818773
0.00655894065623
0.00660037610311
0.00664121034496
0.00668117429277
0.00672000999395
0.00675747644203
0.00679335479898
0.00682745272593
0.00634547418688
0.00637353376309
0.00639958590973
0.00642356702577
0.00644544132976
0.00646519874802
0.00648285221982
0.00649843455038
0.00651199499374
0.00652359575605
0.00653330859083
0.00654121166019
0.00654738674
0.00655191682969
0.00655488418278
0.00655636865588
0.00655644666412
0.0065551904124
0.00655266681914
0.00654893775549
0.00654405981608
0.00653808436451
0.00653105777439
0.00652302177255
0.0065140138465
0.00650406772028
0.00649321391397
0.00648148031391
0.00646889269578
0.00645547524143
0.00644125107686
0.00642624277964
0.00641047277748
0.00639396370335
0.00637673871967
0.00635882182031
0.00634023805002
0.00632101363929
0.00630117611751
0.0062807544197
0.00625977897928
0.0062382817388
0.00621629611678
0.00619385698922
0.00617100066049
0.00614776485317
0.00612418865401
0.00610031239372
0.00607617756706
0.00605182675953
0.00602730357454
0.00600265258995
0.00597791926069
0.00595314979198
0.00592839105039
0.00590369050127
0.00587909611188
0.00585465630329
0.00583041993019
0.00580643617778
0.00578275447303
0.00575942443165
0.00573649580207
0.0057140184154
0.0056920421473
0.00567061689911
0.00564979263005
0.00562961935008
0.00561014705474
0.00559142568766
0.00557350511625
0.00555643511316
0.0055402653535
0.00552504542264
0.00551082483137
0.00549765303283
0.00548557942756
0.00547465334731
0.00546492402088
0.00545644051605
0.00544925168473
0.00544340607808
0.00543895184748
0.00543593665388
0.00543440742949
0.00543441131496
0.00543599336606
0.00543919763881
0.00544406669912
0.00545064111724
0.00545895890407
0.00546905489556
0.00548096002587
0.0054947004525
0.00551029662012
0.00552776224693
0.00554710312398
0.00556831585658
0.00559138659702
0.00561628967954
0.00564298604394
0.00567142190852
0.005701527561
0.00573321581208
0.00576638068406
0.00580089653066
0.00583661750667
0.00587337748248
0.00591099055389
0.00594925225592
0.00598794155293
0.00602682364323
0.00606565356623
0.00610418054979
0.00614215295659
0.00617932361978
0.00621545530485
0.00625032598502
0.00628373360766
0.00631550008543
0.00586520306352
0.00589121798459
0.00591538311429
0.00593763860443
0.00595795000281
0.00597630639356
0.00599271800941
0.00600721341287
0.00601983640706
0.00603064285061
0.00603969753694
0.00604707131149
0.00605283849645
0.00605707468482
0.00605985492296
0.00606125213081
0.00606133635589
0.00606017341237
0.00605782472227
0.00605434701879
0.00604979221515
0.00604420744698
0.00603763529227
0.00603011408423
0.00602167828059
0.00601235889934
0.00600218404613
0.00599117945066
0.00597936894766
0.00596677495349
0.00595341897518
0.00593932209346
0.00592450532967
0.0059089899745
0.00589279789306
0.00587595181737
0.0058584755539
0.00584039410294
0.005821733761
0.00580252222327
0.00578278867764
0.00576256380895
0.00574187975757
0.00572077009712
0.00569926980042
0.00567741523209
0.00565524409381
0.00563279529447
0.00561010886625
0.00558722588385
0.00556418838496
0.00554103933032
0.00551782250468
0.00549458238061
0.00547136402019
0.0054482130032
0.00542517531594
0.0054022973048
0.00537962566893
0.00535720735081
0.00533508943189
0.00531331906185
0.00529194338816
0.00527100950369
0.00525056441415
0.00523065502646
0.00521132819257
0.00519263069754
0.0051746091675
0.00515731000745
0.00514077936583
0.00512506312255
0.00511020690457
0.00509625611038
0.0050832559328
0.005071251375
0.00506028724964
0.00505040815666
0.0050416584467
0.00503408216418
0.0050277230026
0.00502262422925
0.00501882860738
0.00501637828677
0.00501531476342
0.0050156794756
0.00501751184493
0.00502085038889
0.00502573221747
0.00503219256743
0.00504026429252
0.00504997731517
0.00506135797357
0.00507442822162
0.00508920478922
0.0051056982832
0.00512391209231
0.00514384124866
0.00516547130767
0.00518877712504
0.0052137213767
0.00524025338987
0.00526830812217
0.00529780470385
0.0053286451951
0.00536071377257
0.00539387624414
0.00542797999429
0.00546285449771
0.0054983124774
0.00553415174566
0.00557015774772
0.00560610679823
0.00564176996767
0.0056769175032
0.00571132360713
0.0057447713488
0.0057770574312
0.00580799651774
0.00583742488752
0.00541869981624
0.00544267073205
0.00546494031857
0.0054854529642
0.00550417612837
0.00552109870406
0.00553622890829
0.00554959176473
0.00556122632006
0.00557118275237
0.00557951952107
0.00558630073226
0.005591593779
0.00559546731958
0.00559798961254
0.00559922702048
0.00559924346468
0.00559809885874
0.00559584925507
0.0055925464779
0.00558823796951
0.00558296682164
0.00557677198168
0.00556968854058
0.00556174806652
0.00555297900321
0.00554340716728
0.00553305625316
0.00552194827268
0.00551010399228
0.00549754341453
0.0054842862377
0.00547035219104
0.00545576133731
0.00544053435856
0.00542469283921
0.00540825946168
0.00539125810985
0.00537371396015
0.00535565357847
0.00533710501535
0.00531809780337
0.00529866290707
0.00527883269522
0.00525864089934
0.00523812260888
0.00521731421737
0.00519625328243
0.00517497843551
0.00515352928987
0.0051319463532
0.00511027099542
0.00508854535119
0.00506681217189
0.00504511471206
0.00502349664575
0.00500200194285
0.00498067483235
0.0049595598154
0.00493870154628
0.00491814470185
0.00489793388633
0.00487811355141
0.00485872795388
0.00483982113916
0.00482143693939
0.00480361902706
0.00478641088908
0.00476985569532
0.00475399620862
0.00473887474977
0.00472453321119
0.00471101310373
0.00469835559865
0.00468660155057
0.00467579150331
0.00466596567765
0.00465716394216
0.00464942577682
0.00464279022131
0.00463729584441
0.00463298068111
0.00462988217879
0.00462803705129
0.00462748162756
0.00462825142295
0.00463038058034
0.00463390223648
0.00463884819028
0.00464524849928
0.0046531310167
0.00466252090333
0.00467344004241
0.00468590630755
0.00469993281378
0.00471552712752
0.00473269026857
0.00475141568408
0.00477168827111
0.00479348328525
0.00481676493395
0.00484148536118
0.00486758382564
0.00489498532252
0.00492359938498
0.00495331932187
0.00498402179253
0.00501556682392
0.00504779837056
0.00508054544036
0.00511362379004
0.0051468382036
0.00517998535997
0.0052128572735
0.00524524521763
0.00527694398246
0.00530775627458
0.00533749700832
0.00536599721707
0.00539310738426
0.00500539441772
0.00502734266799
0.00504772753043
0.00506649793859
0.00508362369844
0.00509909404555
0.00511291578644
0.00512511105598
0.00513571481532
0.00514477223368
0.00515233609306
0.00515846439033
0.00516321818551
0.00516665976107
0.00516885110464
0.00516985250747
0.00516972217469
0.00516851458104
0.0051662807656
0.00516306797291
0.00515891948622
0.00515387464386
0.00514796903247
0.00514123475242
0.00513370071862
0.00512539302331
0.00511633540622
0.00510654972975
0.0050960563783
0.00508487465719
0.00507302324773
0.00506052064451
0.00504738545935
0.00503363669773
0.00501929402499
0.00500437803992
0.0049889104586
0.00497291420189
0.00495641347376
0.00493943385103
0.00492200237943
0.00490414756487
0.00488589931364
0.00486728889659
0.00484834889689
0.00482911320956
0.00480961699158
0.00478989651046
0.00476998904297
0.0047499327676
0.00472976667117
0.00470953053269
0.00468926483045
0.00466901057503
0.00464880917216
0.00462870232787
0.00460873191981
0.00458893998328
0.00456936875054
0.0045500605105
0.00453105743548
0.00451240145963
0.00449413420508
0.00447629696962
0.00445893073443
0.00444207616814
0.00442577368227
0.00441006337607
0.00439498485175
0.00438057710355
0.00436687850912
0.00435392689343
0.00434175961374
0.00433041360871
0.00431992540573
0.00431033110583
0.00430166635747
0.00429396632425
0.00428726565483
0.00428159844216
0.00427699821129
0.00427349787103
0.00427112968235
0.00426992508228
0.00426991536931
0.00427113040377
0.00427359921942
0.00427734979204
0.00428240883836
0.00428880146481
0.00429655074673
0.00430567729644
0.00431619874094
0.004328129051
0.00434147787722
0.00435624986322
0.00437244373528
0.00439005138135
0.00440905701162
0.00442943618323
0.00445115443868
0.00447416644926
0.00449841541165
0.00452383172732
0.00455033180583
0.00457781734429
0.00460617500454
0.00463527656384
0.00466497955945
0.00469512838184
0.0047255558014
0.00475608496097
0.00478653187322
0.00481670843591
0.00484642589609
0.00487549863269
0.00490374809039
0.00493100663531
0.00495712108138
0.00498195571346
0.00462426837065
0.00464423247998
0.00466275963339
0.0046798034763
0.00469533647656
0.00470934865122
0.00472184593221
0.00473284817209
0.00474238689876
0.00475050294893
0.00475724410943
0.00476266294249
0.00476681483127
0.00476975631414
0.0047715437055
0.00477223180151
0.00477187361994
0.00477051870527
0.00476821355044
0.00476500125151
0.00476092133519
0.00475600976301
0.00475029911352
0.00474381882744
0.00473659547781
0.00472865309914
0.00472001363276
0.00471069737408
0.00470072333324
0.00469010959672
0.00467887375687
0.00466703332802
0.00465460601996
0.00464160998868
0.00462806408164
0.00461398810202
0.00459940298148
0.00458433085174
0.00456879510752
0.00455282048658
0.00453643316792
0.00451966075824
0.00450253222047
0.00448507782501
0.00446732908407
0.00444931876076
0.00443108082768
0.00441265029951
0.00439406311284
0.0043753560004
0.00435656639985
0.00433773246619
0.00431889298195
0.00430008715651
0.00428135445668
0.00426273450987
0.004244266986
0.00422599162206
0.00420794828571
0.00419017678822
0.00417271664982
0.00415560696434
0.00413888636276
0.00412259305327
0.00410676485085
0.00409143917276
0.00407665308216
0.00406244318271
0.00404884537239
0.00403589473865
0.00402362561827
0.00401207173276
0.00400126630056
0.00399124206753
0.00398203127791
0.00397366563231
0.00396617625271
0.00395959365695
0.00395394774397
0.00394926776972
0.00394558235588
0.0039429194569
0.00394130634326
0.00394076941908
0.00394133506173
0.00394302800993
0.00394587232279
0.00394989109322
0.00395510625546
0.00396153825944
0.00396920568627
0.00397812486973
0.00398830943235
0.00399976966966
0.00401251196506
0.00402653820065
0.00404184492401
0.00405842252608
0.00407625453375
0.00409531672638
0.00411557578838
0.00413698863903
0.00415950207114
0.00418305143321
0.00420755937473
0.00423293518777
0.00425907467365
0.00428586050136
0.00431316294634
0.00434084090825
0.00436874321662
0.00439671031
0.00442457637071
0.00445217195178
0.00447932703335
0.00450587438631
0.00453165309218
0.00455651200691
0.00458031293515
0.00460293336489
0.00427389884556
0.00429193093229
0.00430864038972
0.00432398563455
0.0043379420206
0.00435050071201
0.00436166724791
0.00437145977026
0.00437990701005
0.00438704614957
0.00439292068109
0.00439757843978
0.00440106983351
0.00440344634372
0.00440475926903
0.0044050585639
0.00440439266113
0.00440280673692
0.00440034327746
0.00439704173626
0.00439293835509
0.00438806615904
0.004382455131
0.00437613243902
0.00436912267815
0.00436144816751
0.00435312937268
0.00434418532714
0.00433463395613
0.00432449240158
0.0043137774267
0.00430250581246
0.00429069460207
0.00427836132583
0.00426552422348
0.0042522024996
0.0042384164874
0.00422418770361
0.00420953889159
0.00419449408906
0.00417907873254
0.00416331964085
0.00414724492684
0.00413088392893
0.00411426713239
0.00409742619885
0.00408039393704
0.00406320410777
0.00404589127469
0.00402849066382
0.00401103809244
0.00399357002376
0.00397612346705
0.00395873571875
0.00394144415981
0.00392428618186
0.00390729910135
0.00389052023563
0.00387398697103
0.0038577364865
0.00384180545006
0.00382622991005
0.00381104534183
0.00379628675112
0.00378198870186
0.00376818527777
0.00375491009904
0.00374219614324
0.00373007544805
0.003718579071
0.00370773726781
0.00369757969666
0.00368813551781
0.00367943336698
0.00367150127578
0.00366436660999
0.003658056042
0.0036525955467
0.00364801041063
0.00364432522734
0.00364156392587
0.00363974975171
0.0036389052525
0.00363905211751
0.00364021206562
0.00364240511536
0.00364565068934
0.0036499673357
0.00365537255255
0.00366188247691
0.00366951152828
0.00367827207869
0.00368817404265
0.00369922431018
0.00371142623488
0.00372477913619
0.00373927753219
0.00375491041267
0.00377166065318
0.00378950418644
0.00380840864543
0.0038283329477
0.00384922718136
0.00387103117461
0.0038936731261
0.00391706910196
0.0039411232302
0.00396572831905
0.00399076663401
0.00401611074295
0.00404162453224
0.0040671645601
0.00409258186319
0.00411772425486
0.00414243904003
0.00416657602183
0.00418999066077
0.00421254718932
0.00423412146583
0.00425460344021
0.00395251805169
0.0039686802798
0.00398362191918
0.00399730614287
0.00400971134959
0.00402083016211
0.00403066816701
0.00403924233837
0.0040465792304
0.00405271304532
0.00405768368972
0.00406153499852
0.00406431313419
0.00406606524381
0.00406683830421
0.00406667815179
0.00406562925129
0.00406373302027
0.00406102852972
0.0040575521421
0.00405333732732
0.00404841465304
0.00404281195433
0.00403655454588
0.0040296654376
0.00402216560081
0.00401407436884
0.00400540983559
0.00399618914463
0.00398642877729
0.00397614493228
0.00396535390559
0.00395407230792
0.00394231726206
0.0039301065991
0.00391745910759
0.00390439469213
0.00389093440844
0.00387710047902
0.00386291634878
0.00384840680437
0.0038335979547
0.0038185171152
0.00380319271244
0.00378765420047
0.00377193212841
0.00375605812005
0.00374006462813
0.00372398474906
0.00370785208529
0.00369170072258
0.00367556533331
0.00365948103122
0.00364348302573
0.00362760640741
0.00361188614273
0.00359635703827
0.00358105386821
0.00356601139715
0.00355126396264
0.00353684513162
0.00352278769759
0.00350912385255
0.00349588533037
0.00348310338164
0.0034708086761
0.00345903128314
0.00344780039912
0.00343714404871
0.00342708920193
0.00341766209999
0.00340888847521
0.00340079356799
0.00339340201086
0.00338673770755
0.00338082377901
0.00337568256759
0.00337133566761
0.00336780396145
0.00336510763114
0.00336326620114
0.00336229852872
0.00336222277514
0.00336305631165
0.00336481654316
0.00336751917223
0.00337117939511
0.00337581161629
0.00338142928931
0.00338804461941
0.003395668232
0.00340430888793
0.00341397312279
0.0034246647224
0.00343638427856
0.00344912877607
0.00346289088
0.0034776583041
0.00349341332475
0.00351013195697
0.00352778259407
0.00354632596928
0.00356571521942
0.0035858941448
0.00360679573737
0.00362834204944
0.00365044487353
0.0036730065821
0.00369592078599
0.00371907287015
0.00374234067239
0.00376559554366
0.0037887039005
0.0038115292761
0.00383393476646
0.00385578573948
0.00387695268114
0.00389731399773
0.00391675857725
0.0039351880036
0.0036580843299
0.00367244554174
0.00368567615538
0.00369774403969
0.00370863075435
0.00371833065412
0.00372684978052
0.00373420445617
0.00374041965934
0.00374552727506
0.00374956432974
0.00375257138881
0.00375459110948
0.00375566704041
0.00375584254588
0.00375516014273
0.00375366085345
0.00375138303328
0.00374836295256
0.00374463444568
0.00374022873736
0.00373517443034
0.00372949767093
0.00372322234807
0.00371637028504
0.00370896147428
0.00370101445777
0.00369254670643
0.00368357487698
0.00367411506054
0.00366418313778
0.0036537951478
0.0036429674803
0.0036317170406
0.00362006141642
0.00360801912817
0.0035956097863
0.00358285409836
0.00356977384697
0.00355639194089
0.00354273256334
0.00352882114209
0.00351468418776
0.00350034917018
0.00348584445101
0.00347119941152
0.00345644441854
0.00344161049369
0.00342672910153
0.0034118320534
0.00339695156608
0.0033821203952
0.00336737157986
0.00335273799752
0.00333825220188
0.00332394654346
0.00330985317734
0.00329600421749
0.00328243162682
0.00326916662611
0.00325623941223
0.00324367936793
0.0032315153558
0.00321977582167
0.00320848864936
0.00319768100317
0.00318737927504
0.00317760871252
0.00316839323317
0.00315975580164
0.00315171885655
0.0031443044247
0.00313753398361
0.00313142826425
0.00312600713618
0.00312128960355
0.00311729386227
0.00311403736765
0.00311153688998
0.0031098085324
0.00310886777886
0.00310872948796
0.00310940782898
0.00311091633992
0.00311326846038
0.00311647602989
0.00312055047344
0.00312550248558
0.00313134189212
0.00313807736912
0.00314571613532
0.00315426371027
0.00316372359907
0.00317409680392
0.0031853814421
0.00319757241094
0.00321066071802
0.00322463294919
0.00323947083934
0.00325515040096
0.00327164063325
0.00328890402462
0.00330689654702
0.00332556536181
0.00334484745711
0.0033646702425
0.0033849527829
0.00340560664131
0.00342653616523
0.00344763859714
0.00346880444537
0.00348991835322
0.00351086050675
0.00353150852695
0.00355173971109
0.00357143349055
0.00359047399962
0.00360875259376
0.00362617014091
0.00364263899922
0.00338836008715
0.00340099276769
0.00341257342297
0.00342307453531
0.00343248091621
0.00344078889881
0.00344800535976
0.00345414646005
0.00345923617839
0.0034633047252
0.00346638693667
0.00346852082829
0.00346974628402
0.00347010398054
0.00346963438275
0.00346837750964
0.00346637137064
0.00346365204167
0.00346025357716
0.00345620783095
0.00345154430161
0.00344629011012
0.0034404701603
0.00343410732806
0.00342722263085
0.0034198354288
0.00341196378714
0.00340362484273
0.00339483502952
0.00338561028163
0.0033759663672
0.00336591925593
0.00335548528466
0.00334468128019
0.00333352469653
0.00332203388151
0.00331022823313
0.00329812816092
0.0032857550181
0.00327313116982
0.00326028018664
0.00324722677915
0.00323399656707
0.00322061594318
0.0032071120613
0.00319351303787
0.00317984784758
0.00316614587384
0.00315243671848
0.00313875020621
0.00312511654174
0.00311156640726
0.00309813051179
0.00308483909099
0.00307172191566
0.00305880857287
0.00304612845764
0.00303371090291
0.00302158481896
0.00300977797719
0.00299831698932
0.0029872278033
0.00297653601115
0.00296626677965
0.00295644454755
0.00294709286041
0.00293823429478
0.00292989001611
0.00292207990095
0.00291482320549
0.00290813890825
0.00290204556137
0.00289656099293
0.00289170211122
0.00288748487302
0.0028839243645
0.00288103491081
0.00287883016496
0.00287732316511
0.00287652634422
0.0028764515742
0.00287711015609
0.0028785127053
0.00288066951452
0.00288359027203
0.0028872835512
0.0028917574645
0.0028970194255
0.00290307605108
0.00290993289501
0.00291759416119
0.00292606250276
0.00293533874845
0.00294542144412
0.00295630652764
0.00296798706404
0.00298045261017
0.00299368878547
0.00300767682529
0.00302239264747
0.00303780580566
0.00305388065305
0.00307057571846
0.00308784073945
0.00310561598323
0.00312383394355
0.00314242091038
0.00316129737189
0.00318037767299
0.00319956971456
0.00321877517121
0.0032378903326
0.00325680748149
0.00327541669417
0.00329360791445
0.00331127318567
0.00332830896352
0.00334461837002
0.00336011323279
0.00337471584043
0.00314099108363
0.0031519688153
0.00316196266577
0.00317094964406
0.0031789178917
0.00318586594709
0.00319180187677
0.00319674214066
0.00320071026403
0.00320373539616
0.00320585084622
0.00320709277346
0.00320749899477
0.00320710800977
0.00320595810328
0.00320408738512
0.00320153170725
0.00319832529312
0.00319450055744
0.00319008791752
0.00318511564163
0.00317960981895
0.00317359452067
0.0031670919851
0.00316012276424
0.00315270588593
0.00314485920444
0.00313659976304
0.00312794398413
0.00311890781665
0.00310950706
0.00309975774344
0.00308967625512
0.00307927940813
0.00306858455818
0.00305760991105
0.00304637466469
0.00303489889639
0.00302320345326
0.00301131008153
0.002999241669
0.0029870220909
0.00297467589628
0.00296222820908
0.00294970482121
0.00293713244888
0.00292453845603
0.00291195029018
0.00289939542259
0.0028869015076
0.00287449660443
0.00286220911039
0.0028500670541
0.0028380976979
0.00282632785959
0.00281478429624
0.00280349355699
0.00279248202896
0.0027817752177
0.00277139712675
0.00276137075172
0.00275171877325
0.00274246363277
0.00273362717688
0.00272523026286
0.00271729269583
0.00270983312738
0.0027028686539
0.00269641547539
0.00269048966015
0.0026851070774
0.0026802829214
0.00267603139833
0.0026723656799
0.00266929801483
0.00266683988555
0.00266500213625
0.0026637950511
0.00266322839169
0.00266331138609
0.00266405276424
0.00266546073603
0.00266754283871
0.00267030664199
0.00267375843973
0.0026779040685
0.00268274875791
0.00268829705791
0.00269455278577
0.00270151876943
0.00270919657994
0.0027175863702
0.00272668664038
0.00273649380234
0.00274700190602
0.00275820243724
0.00277008371381
0.00278263054559
0.00279582367641
0.00280963889026
0.00282404645801
0.0028390128455
0.00285449859011
0.00287045507019
0.00288682548642
0.00290354769764
0.00292055541937
0.00293777763675
0.00295513758821
0.00297255230283
0.00298993293257
0.00300718573043
0.00302421346721
0.00304091715743
0.00305719796869
0.00307295923231
0.00308810851101
0.00310255960356
0.00311623434868
0.0031290641731
0.00291358186493
0.00292297742885
0.00293144811529
0.0029389753806
0.00294555076991
0.00295117523745
0.00295585836835
0.00295961734892
0.00296247576106
0.0029644622702
0.00296560928488
0.0029659517625
0.00296552611571
0.00296436931282
0.00296251817239
0.00296000946179
0.0029568775014
0.00295315519616
0.00294887382937
0.0029440628624
0.00293874977255
0.00293296000899
0.00292671716175
0.00292004314874
0.00291295833373
0.00290548164141
0.00289763091163
0.00288942326704
0.00288087525411
0.00287200292327
0.00286282217061
0.00285334914087
0.00284360029241
0.00283359239333
0.00282334265099
0.00281286908816
0.00280219062853
0.00279132687737
0.00278029800693
0.00276912501042
0.00275782995699
0.00274643566519
0.00273496533814
0.00272344259388
0.00271189169567
0.00270033777588
0.00268880625808
0.00267732228829
0.00266591096686
0.00265459764855
0.00264340810834
0.0026323681438
0.00262150267344
0.00261083574187
0.00260039120675
0.00259019299712
0.00258026469448
0.00257062946654
0.00256130898684
0.00255232337466
0.00254369230955
0.00253543551554
0.00252757231692
0.00252012105799
0.0025130988382
0.0025065216522
0.00250040424379
0.00249476000768
0.00248960222803
0.00248494435043
0.00248079924608
0.00247717865417
0.00247409315318
0.00247155237498
0.00246956522595
0.00246814004627
0.00246728469911
0.00246700660674
0.00246731275455
0.00246820965546
0.00246970337831
0.00247179950383
0.00247450299346
0.002477819015
0.00248175119888
0.00248630287387
0.0024914767944
0.00249727505413
0.00250369905895
0.00251074928378
0.00251842502665
0.00252672428683
0.00253564356773
0.00254517745448
0.00255531838679
0.00256605651419
0.0025773791271
0.00258927034443
0.00260171041405
0.00261467516558
0.00262813605314
0.00264206179456
0.00265641387721
0.00267114455789
0.00268620044577
0.00270152558266
0.00271706113633
0.00273274357757
0.00274850339689
0.00276426495208
0.00277994717424
0.00279546474769
0.00281072954009
0.00282565221399
0.002840143947
0.00285411821598
0.00286749262811
0.00288019069192
0.00289214340483
0.00290329061216
0.00270376319857
0.00271164745648
0.00271865822184
0.00272478133339
0.00273001181228
0.00273435322284
0.00273781696855
0.00274042135265
0.00274219048351
0.00274315307839
0.00274334122576
0.00274278928309
0.00274153286041
0.00273960798051
0.00273705072513
0.00273389690865
0.0027301798729
0.00272593171281
0.00272118302452
0.00271596271767
0.0027102978381
0.00270421350445
0.0026977330986
0.00269087845719
0.00268366994566
0.00267612652033
0.00266826611726
0.00266010602665
0.00265166295473
0.00264295303382
0.00263399223555
0.00262479679043
0.00261538313734
0.00260576785631
0.00259596787226
0.0025860009107
0.0025758854382
0.00256564032935
0.0025552848371
0.0025448390293
0.0025343239391
0.00252376098488
0.00251317168166
0.00250257791199
0.00249200224811
0.00248146796825
0.00247099810045
0.00246061514046
0.00245034169549
0.00244020075135
0.00243021558107
0.00242040891868
0.00241080218062
0.00240141621389
0.00239227209409
0.00238339087399
0.0023747929147
0.00236649773334
0.00235852286616
0.00235088495353
0.00234360099931
0.00233668795336
0.00233016175468
0.00232403691959
0.00231832670237
0.00231304337378
0.00230819811297
0.00230380164196
0.00229986531908
0.00229640008612
0.00229341543762
0.00229091943847
0.00228891920737
0.00228742128854
0.00228643181961
0.00228595658967
0.00228600104701
0.00228657028374
0.00228766900999
0.00228930149963
0.00229147161919
0.00229418275212
0.00229743779252
0.0023012398407
0.00230559032163
0.00231049041535
0.00231594075105
0.00232194131748
0.00232849145535
0.00233558962562
0.00234323318253
0.00235141829068
0.002360139767
0.00236939065268
0.00237916203215
0.00238944294832
0.00240021986722
0.00241147624432
0.00242319197291
0.00243534362698
0.00244790445662
0.00246084486728
0.00247412580987
0.00248770068849
0.00250152111684
0.0025155380697
0.00252969924779
0.00254394666994
0.00255821600602
0.00257243717965
0.00258653549251
0.00260043289072
0.00261404929094
0.00262730400762
0.00264011725788
0.00265241172076
0.00266411414691
0.00267515691753
0.00268547943915
0.00269502933688
0.00250924893404
0.00251569058493
0.00252130419356
0.002526079933
0.00253001637138
0.0025331198581
0.00253540388211
0.00253688821412
0.00253759791644
0.00253756224778
0.00253681350193
0.00253538597113
0.00253331498496
0.00253063615349
0.00252738560493
0.00252359813229
0.00251930684655
0.00251454341149
0.00250933807297
0.00250371950077
0.00249771456858
0.0024913482708
0.00248464395915
0.0024776235297
0.0024703074263
0.00246271465683
0.00245486326859
0.0024467707047
0.00243845374094
0.00242992845362
0.00242121078544
0.00241231692239
0.00240326306136
0.00239406533957
0.00238474019973
0.00237530487678
0.00236577706162
0.00235617453062
0.00234651534439
0.00233681845009
0.00232710350891
0.00231739007947
0.0023076976614
0.00229804624024
0.00228845651037
0.00227894946932
0.00226954522881
0.00226026347549
0.00225112437357
0.00224214843493
0.00223335600153
0.00222476618834
0.00221639685755
0.00220826609374
0.00220039236684
0.00219279352143
0.0021854862678
0.00217848593498
0.00217180629172
0.00216546171276
0.00215946706551
0.00215383607186
0.00214858064083
0.00214371122539
0.00213923747748
0.00213516829213
0.00213151234829
0.00212827966948
0.00212548000982
0.00212312077468
0.00212120734693
0.00211974422454
0.00211873570012
0.00211818600501
0.00211809923531
0.00211847926425
0.00211932968004
0.00212065374101
0.00212245433846
0.00212473393541
0.00212749460499
0.00213073792026
0.00213446524211
0.00213867777863
0.00214337513022
0.00214855666312
0.002154221192
0.00216036690223
0.00216699137114
0.00217409134767
0.00218166253413
0.00218969954749
0.00219819580595
0.00220714305344
0.00221653124556
0.00222634853939
0.00223658074574
0.00224721054312
0.0022582182573
0.00226958272636
0.00228127886891
0.0022932767011
0.00230553600637
0.00231801386734
0.00233066892034
0.00234345828478
0.00235633358734
0.00236923971225
0.00238211557299
0.00239489543972
0.00240751016874
0.0024198882948
0.00243195711654
0.00244364389344
0.00245487713639
0.00246558796214
0.00247571150862
0.00248518831011
0.00249396552891
0.00250199801
0.00232788139561
0.00233294764715
0.00233722714926
0.00234071437715
0.00234341151114
0.00234532783591
0.00234647915659
0.00234688702071
0.00234657782883
0.00234558181941
0.00234393194839
0.00234166289247
0.00233881012744
0.0023354093773
0.00233149713283
0.0023271076971
0.00232227408843
0.00231702784056
0.00231139912308
0.00230541657731
0.00229910703944
0.00229249546425
0.00228560524331
0.00227845835157
0.0022710752483
0.0022634748865
0.00225567534242
0.00224769407188
0.00223954768078
0.00223125194082
0.00222282259104
0.00221427551634
0.00220562630091
0.00219689030398
0.00218808324964
0.00217922158451
0.00217032175067
0.00216140001107
0.0021524730015
0.00214355830256
0.00213467369801
0.0021258363982
0.00211706371103
0.0021083736376
0.00209978466434
0.00209131488021
0.00208298114213
0.00207480056943
0.0020667909768
0.00205897002859
0.00205135439085
0.0020439592743
0.00203679976645
0.00202989185782
0.00202325105684
0.00201689119739
0.00201082489533
0.00200506291388
0.00199961743815
0.00199450220482
0.00198972915171
0.00198530732262
0.00198124402644
0.00197754602034
0.00197422012945
0.00197127254726
0.00196871203056
0.00196655058448
0.00196479368743
0.00196344297246
0.0019624997043
0.00196196591107
0.00196184424142
0.0019621375535
0.00196284860939
0.00196397992124
0.00196553368179
0.00196751172732
0.00196991550987
0.00197274603892
0.00197600393615
0.00197968931605
0.00198380256575
0.00198834285898
0.00199330843154
0.00199869709531
0.00200450611175
0.00201073211403
0.00201737117936
0.00202441861171
0.00203186870765
0.00203971479381
0.00204794915859
0.00205656243752
0.00206554366072
0.00207488032359
0.00208455764998
0.00209455735068
0.00210486279597
0.00211545709728
0.00212631365183
0.00213739854505
0.00214867449614
0.0021601070238
0.00217166128415
0.00218329642379
0.00219496397892
0.00220660939648
0.00221817395501
0.00222959604289
0.00224081196145
0.00225175662064
0.00226236433675
0.00227256982121
0.00228230929676
0.00229152168663
0.00230014987097
0.00230814191269
0.00231545215956
0.00232204218997
0.00215766589629
0.00216142402911
0.00216443435344
0.00216669562468
0.00216821368673
0.00216900087824
0.00216907551217
0.00216846118141
0.0021671859644
0.00216528145527
0.00216278164069
0.00215972192475
0.00215613825854
0.00215206702117
0.00214754506486
0.00214260661454
0.00213728470541
0.00213161088989
0.00212561540388
0.00211932692912
0.00211277224657
0.00210597622446
0.00209896224631
0.0020917522357
0.00208436644293
0.00207682354007
0.0020691414548
0.00206133735728
0.00205342728825
0.00204542639512
0.00203734997573
0.00202921318907
0.00202103050873
0.00201281617352
0.00200458492645
0.00199635196551
0.00198813189312
0.00197993913079
0.00197178873696
0.00196369650721
0.00195567768307
0.0019477468559
0.00193991922573
0.00193221063207
0.00192463668004
0.0019172118726
0.00190995021555
0.00190286688011
0.00189597696567
0.00188929439303
0.00188283124739
0.00187659977195
0.00187061425597
0.0018648883972
0.0018594331555
0.00185425738524
0.00184936965096
0.0018447765358
0.00184049452217
0.0018365360519
0.00183290631478
0.00182960813335
0.00182664492939
0.00182402118409
0.00182174207851
0.00181981227021
0.00181824581455
0.00181705777372
0.00181624003052
0.0018157882439
0.00181570220564
0.00181598360127
0.00181663469466
0.00181765771067
0.00181905456738
0.00182082679126
0.00182297550077
0.00182550140337
0.00182840478794
0.00183168547153
0.00183534288064
0.00183937601495
0.00184378414598
0.00184856460996
0.00185371453804
0.00185923057521
0.00186510868226
0.00187134413561
0.00187793175322
0.00188486562425
0.00189213882476
0.00189974363649
0.00190767147056
0.00191591194095
0.00192445337128
0.00193328282936
0.00194238478574
0.00195174021253
0.00196134219926
0.00197117788072
0.00198120882856
0.0019913962434
0.00200172198398
0.00201216068057
0.00202267587638
0.00203322158456
0.00204374625482
0.00205419578817
0.00206451467958
0.0020746461998
0.00208453248038
0.00209411483971
0.00210333438919
0.00211213290124
0.0021204538164
0.00212824331368
0.00213545144598
0.00214203325317
0.00214794976984
0.00215316889031
0.00199679601793
0.00199931575822
0.00200112605281
0.00200222991512
0.00200263687841
0.00200236241569
0.00200142749967
0.00199985799649
0.00199768394993
0.00199493860183
0.00199165722119
0.00198787615399
0.00198363208433
0.00197896263172
0.00197390438281
0.00196849199643
0.00196275853281
0.00195673555654
0.0019504533581
0.00194394054691
0.00193722365919
0.00193032730104
0.00192327466895
0.0019160873208
0.00190878491097
0.00190138551646
0.00189390663451
0.00188636465458
0.00187877454146
0.00187115049836
0.00186350704555
0.00185585798551
0.00184821616323
0.00184059443985
0.00183300622052
0.00182546476659
0.00181798232436
0.0018105714044
0.00180324530046
0.00179601720755
0.00178889928386
0.00178190387016
0.00177504422216
0.00176833332483
0.00176178278095
0.0017554034622
0.00174920848977
0.00174321113427
0.00173742212022
0.00173185037953
0.00172650310864
0.00172139349556
0.00171653736145
0.00171194239775
0.0017076124416
0.00170355158342
0.00169976547595
0.00169625881797
0.0016930633438
0.00169017971002
0.00168760064686
0.00168532481991
0.00168335487794
0.00168169510982
0.00168035009804
0.00167932536695
0.0016776483788
0.00167467799471
0.00167189445069
0.00166945570464
0.00166744519453
0.00166591162703
0.00166488637891
0.00166439155606
0.00166444357882
0.00166505434431
0.00166623191379
0.00166798121311
0.00167030478741
0.00167320379379
0.00167667648887
0.00168071984007
0.00168532903749
0.00169050149615
0.0016962328524
0.0017025148086
0.00170933544731
0.00171668179002
0.00172453595962
0.00173287841883
0.00174169482727
0.00175097005721
0.00176068227979
0.00177081850897
0.00178137529162
0.00179232494672
0.00180364851622
0.00181537550321
0.00182602869528
0.00183511423383
0.00184431694381
0.00185360914103
0.00186302787141
0.00187253073654
0.00188206341433
0.00189157073752
0.00190100009316
0.00191030091522
0.00191942309712
0.00192831592823
0.00193692779365
0.00194520642146
0.00195309947314
0.00196055539467
0.00196752437615
0.00197395934199
0.00197981699872
0.00198505887137
0.00198965224994
0.00199357099546
0.00184367185516
0.00184502840985
0.00184571498766
0.00184573882095
0.00184511311852
0.00184385652506
0.00184199278565
0.00183955022154
0.00183656105692
0.0018330603521
0.00182908475872
0.00182467164101
0.00181985868076
0.00181468469243
0.00180918591914
0.00180339728743
0.0017973517649
0.0017910808374
0.00178461467488
0.00177798148841
0.00177120721437
0.00176431590886
0.00175733024308
0.00175027088336
0.00174315638276
0.00173600386978
0.00172882997539
0.00172164960821
0.00171447615751
0.00170732262066
0.00170020217163
0.00169312648434
0.00168610647174
0.00167915344746
0.00167227881437
0.00166549305141
0.00165880608022
0.00165222867187
0.00164577170608
0.00163944441408
0.00163325640042
0.00162721904701
0.00162134294786
0.00161563652931
0.00161010628873
0.00160476166052
0.00159961884547
0.00159468561636
0.00158996524827
0.00158546142302
0.00158117828734
0.00157713853888
0.00157335765238
0.00156982699911
0.00156654381924
0.00156351085161
0.00156073300334
0.00155821927627
0.0015536245956
0.00154837245955
0.00154323202553
0.00153834614654
0.00153379490171
0.00152962944826
0.00152588258909
0.00152258375551
0.00151970649956
0.00151716609941
0.00151498081645
0.00151319673149
0.00151185644084
0.00151099114341
0.00151062272278
0.00151076714369
0.0015114365037
0.00151263960899
0.00151438234278
0.00151666814507
0.00151949862738
0.00152287433439
0.00152679348528
0.00153125370174
0.00153625283971
0.00154178761816
0.00154785203825
0.00155443658983
0.00156152902696
0.00156912098774
0.00157719828443
0.00158574749977
0.00159476624307
0.00160424871769
0.00161418163599
0.00162457277588
0.00163542282753
0.00164671818045
0.00165847823596
0.00167071343729
0.00168335885714
0.00169632608902
0.00170952886877
0.00172253573625
0.00173113037735
0.00173975674515
0.00174834713918
0.00175684608304
0.00176520802196
0.00177339045472
0.00178135060238
0.00178904440647
0.00179642655962
0.0018034509803
0.00181007151876
0.00181624286056
0.00182192147464
0.0018270665438
0.00183164095203
0.00183561227837
0.00183895370829
0.00184164478998
0.00169691351009
0.00169719105889
0.0016968407396
0.00169587392512
0.00169430743285
0.0016921630722
0.00168946743031
0.00168625139989
0.00168254948689
0.00167839856772
0.00167383659633
0.00166890192013
0.00166363352691
0.00165807057485
0.00165224918
0.00164620403767
0.00163996773315
0.00163357144598
0.00162704482431
0.00162041513068
0.00161370723064
0.00160694424243
0.00160014776056
0.00159333684421
0.00158652843288
0.0015797383335
0.00157298160434
0.00156627089989
0.00155961775892
0.00155303368764
0.00154652946857
0.00154011414773
0.001533796883
0.00152758702902
0.00152149270927
0.00151552117343
0.00150968134427
0.0015039818638
0.0014984293973
0.00149302779457
0.00148778774586
0.00148272087124
0.00147783133452
0.00147312073548
0.00146859108352
0.00146425698623
0.00146014129928
0.00145623349117
0.00145252905835
0.00144902967269
0.00144574219703
0.00144114608725
0.00143503409716
0.00142888079801
0.00142286213067
0.00141707616012
0.00141157460899
0.00140641822692
0.00140150022698
0.00139679082347
0.00139233577613
0.00138819317082
0.00138441050115
0.00138102284091
0.00137805635084
0.00137552483315
0.00137352279877
0.00137214884884
0.00137129707687
0.00137091024079
0.00137096983235
0.00137147212541
0.00137241748912
0.0013738073596
0.00137564337158
0.00137792662973
0.00138065739586
0.00138383511357
0.00138745863244
0.00139152645359
0.00139603641633
0.00140098636549
0.00140637402453
0.00141219303074
0.00141843745173
0.00142509855109
0.00143217016484
0.00143965572803
0.00144755032813
0.00145585926117
0.00146459769612
0.00147377082802
0.00148338881216
0.00149348318797
0.001504027762
0.00151507420865
0.00152666761703
0.00153873599949
0.00155150919125
0.00156514314133
0.00157924104842
0.00159435978724
0.00160475461259
0.00161255025455
0.00162020909611
0.00162770573768
0.00163501129551
0.00164209350931
0.00164891710522
0.00165544438368
0.001661635928
0.00166745138498
0.00167285031561
0.00167779317239
0.00168224223767
0.00168616249667
0.00168952258889
0.00169229578987
0.00169446090011
0.00169600294323
0.0015553718381
0.0015546672125
0.00155338078192
0.00155152791617
0.00154912891263
0.00154620869353
0.00154279669686
0.00153892639273
0.00153463449092
0.00152995945346
0.00152494027526
0.00151961622337
0.00151402774471
0.00150821270012
0.00150220737539
0.00149604566045
0.00148975930687
0.00148337874982
0.00147693242077
0.00147044592041
0.00146394254404
0.00145744394492
0.00145096981386
0.00144453685887
0.00143816003484
0.00143185332148
0.00142562908336
0.00141949736981
0.00141346793566
0.00140755005752
0.00140175043722
0.00139607646036
0.00139053592381
0.00138513465037
0.00137987564257
0.00137476447243
0.00136981212563
0.00136502152719
0.00136039217823
0.00135592320709
0.00135163547809
0.00134753694836
0.00134361653638
0.00133987000468
0.00133630005744
0.00133193105737
0.00132563484664
0.00131921490533
0.00131285874103
0.00130666311198
0.00130069893275
0.00129493000377
0.00128928408192
0.00128379624381
0.00127852792721
0.00127353410405
0.00126885629159
0.00126451186679
0.00126072820818
0.00125746558859
0.00125463133084
0.00125218759347
0.0012501263691
0.00124844937007
0.00124716206386
0.00124626394042
0.00124579380296
0.00124582819919
0.00124635241309
0.00124732575003
0.00124871554969
0.0012505008124
0.00125266793327
0.00125520768261
0.00125811345905
0.00126137995026
0.00126500244604
0.00126897658172
0.00127329822666
0.00127796367251
0.001282970361
0.00128831393588
0.00129398819903
0.00129998434525
0.00130630025832
0.00131293263013
0.00131989137105
0.00132719114394
0.00133484256351
0.00134287709913
0.00135131105052
0.00136015914522
0.00136947065958
0.00137926104952
0.0013894409619
0.00140020268187
0.001411505685
0.00142318380308
0.00143545411605
0.00144838864082
0.00146164422006
0.00147498032605
0.00148283833574
0.00148976616033
0.0014964709431
0.00150295651592
0.00150920905104
0.00151520493936
0.00152091520357
0.00152630760071
0.00153134788799
0.00153600083702
0.00154023119523
0.00154400472145
0.00154728908478
0.00155005467302
0.00155227553684
0.00155393038175
0.00155500342475
0.00155548500725
0.00141813789433
0.00141656409902
0.00141445952758
0.0014118433141
0.00140873904477
0.00140517464726
0.0014011823088
0.00139679789461
0.00139205998102
0.00138700813058
0.00138168199687
0.00137612178841
0.00137036794561
0.00136445722823
0.00135842479784
0.00135230318902
0.00134612289027
0.00133991286856
0.00133369937062
0.00132750565327
0.00132135296715
0.00131526067939
0.0013092455121
0.00130332147302
0.00129750129463
0.00129179612515
0.00128621416972
0.00128076410885
0.00127545366745
0.00127028785998
0.00126526753701
0.00126040325612
0.00125569964904
0.00125115513842
0.00124676675413
0.00124254457512
0.00123850429794
0.00123463145618
0.00123091820915
0.0012273658151
0.00122239433528
0.00121616386326
0.0012098471468
0.00120359414515
0.00119749181656
0.00119155184726
0.00118568235583
0.00117991060138
0.0011742979237
0.00116890098496
0.00116375444661
0.00115901370848
0.00115476326002
0.00115090146682
0.0011473790115
0.0011441844039
0.00114132408625
0.00113878876806
0.00113668735448
0.00113505873596
0.00113387135517
0.00113308538338
0.00113267315428
0.00113261758819
0.00113290882636
0.00113353834144
0.00113450581546
0.00113583322561
0.00113753455961
0.00113960302295
0.00114202167303
0.00114477303987
0.00114784217616
0.00115121710533
0.00115488829735
0.00115884774124
0.00116308837722
0.00116760379671
0.00117238801303
0.00117743648735
0.00118274606445
0.00118830767471
0.00119411201223
0.00120015542187
0.00120644567846
0.00121299585311
0.00121984041394
0.00122698828569
0.00123448450851
0.00124237318308
0.00125062993041
0.00125928799611
0.00126843324302
0.0012779793219
0.00128779663148
0.00129816536267
0.00130884641371
0.00131969413825
0.00133053130642
0.00134125665875
0.00135171952229
0.0013581755653
0.00136440772921
0.00137037735038
0.00137609318597
0.00138155878287
0.00138676487059
0.0013916928073
0.00139631819658
0.00140061317792
0.00140454790984
0.00140809169757
0.00141121400698
0.00141388552121
0.00141607894768
0.00141776976305
0.00141893718763
0.00141956518874
0.00141964326681
0.00141916694456
0.00128455180477
0.00128224094626
0.00127945591443
0.00127621927375
0.00127255764764
0.00126850176149
0.00126408624383
0.00125934888184
0.00125432946062
0.00124906795677
0.00124360432352
0.00123797967941
0.00123223157942
0.00122639610649
0.00122050625216
0.00121459254003
0.00120868352223
0.00120280547741
0.00119698150999
0.00119123219736
0.00118557611828
0.00118002897438
0.00117460364258
0.00116931220003
0.00116416436305
0.00115916641644
0.00115432150125
0.00114964170722
0.0011451291121
0.00114078078403
0.0011365924257
0.00113258901867
0.00112876050274
0.00112509351178
0.00112158372816
0.00111730224521
0.00111137503033
0.00110532993195
0.00109932248873
0.00109345099731
0.00108768116145
0.00108196151771
0.0010763297651
0.00107084429593
0.00106555006831
0.00106055696498
0.00105601275385
0.0010518163402
0.00104791454847
0.0010442974791
0.0010409604132
0.00103796706699
0.00103539499614
0.00103323005008
0.00103143424703
0.00102997800804
0.00102884637212
0.00102802314693
0.0010275223847
0.00102737023715
0.00102757327193
0.00102811924929
0.00102899021177
0.00103016951436
0.00103164386062
0.00103340268128
0.00103543522785
0.00103773608939
0.00104030957341
0.00104315820489
0.00104627801194
0.0010496607634
0.00105329673628
0.00105717660234
0.00106129206956
0.00106563565431
0.00107020042348
0.00107497978163
0.00107996757631
0.00108516034995
0.00109055251627
0.00109613167603
0.00110189386978
0.00110785784217
0.00111404056093
0.00112048887033
0.00112724910825
0.00113429028974
0.00114172034864
0.0011495360914
0.00115763712147
0.00116606997909
0.00117488856042
0.00118388090898
0.00119300025156
0.00120202237101
0.00121091011647
0.00121975185953
0.00122681433038
0.0012324026307
0.00123793339401
0.00124332512921
0.00124852178058
0.00125348271527
0.00125819220245
0.00126264211382
0.00126682096604
0.00127071171261
0.00127429284039
0.00127753990605
0.00128042684598
0.00128292705961
0.00128501440856
0.0012866642469
0.00128785407604
0.00128856425716
0.00128877905198
0.00128848759947
0.0012876845687
0.00128637049535
0.00115421092317
0.00115131599989
0.00114800917074
0.0011443160045
0.00114026583042
0.00113589175134
0.0011312301836
0.0011263199843
0.0011212011916
0.00111591350644
0.00111049700719
0.00110499123688
0.0010994309495
0.00109384955397
0.00108827736669
0.00108274248652
0.00107727034046
0.00107188273698
0.00106659955131
0.00106143881505
0.00105641492833
0.00105153791706
0.0010468174465
0.00104226619309
0.00103788715204
0.00103367891966
0.00102964189824
0.00102580122214
0.00102213843616
0.00101864138973
0.00101530912388
0.00101013944987
0.00100444793391
0.000998747741891
0.000993150694957
0.000987676062
0.000982248947989
0.000976895080565
0.000971668386714
0.000966609856739
0.000961877852213
0.000957523074579
0.000953462744544
0.000949660636122
0.000946106730488
0.000942833931665
0.00093993399651
0.00093740187643
0.000935201630314
0.000933305850301
0.000931694967875
0.0009303689676
0.000929351181696
0.000928655117211
0.000928273963675
0.000928191550636
0.00092839292485
0.000928864671426
0.000929593667939
0.000930579654773
0.000931827830791
0.000933338179115
0.000935104646815
0.000937118172402
0.00093936922707
0.000941849282303
0.000944548914184
0.000947457795784
0.000950570862836
0.000953886991413
0.000957404877162
0.000961121319301
0.000965031367006
0.000969129386958
0.000973409774481
0.000977867005108
0.00098249550385
0.000987289660705
0.000992244803858
0.000997358801784
0.0010026219484
0.00100802934195
0.00101359883276
0.00101938853238
0.00102540154913
0.00103173071399
0.00103837995343
0.00104525783816
0.00105249949552
0.00105998664532
0.00106759553102
0.00107521866677
0.00108273410573
0.00109014781878
0.0010975678666
0.00110266877872
0.00110743403859
0.00111217240882
0.00111684059787
0.00112140578605
0.00112587551108
0.0011302184753
0.00113438940535
0.00113834710939
0.00114206537363
0.00114552752022
0.0011487185686
0.00115162149791
0.00115421666478
0.00115648245963
0.00115839625267
0.00115993532103
0.00116107778155
0.00116180354327
0.00116209476258
0.00116193659484
0.00116131830381
0.00116023412129
0.00115868370932
0.00115667235293
0.00102697615935
0.00102367104057
0.00102002140559
0.00101605533924
0.00101180436807
0.00100730313634
0.00100258872298
0.000997699827983
0.000992675688987
0.00098755542018
0.000982378562362
0.000977179252696
0.000971989509879
0.000966838679842
0.000961754812149
0.000956762511657
0.000951881797288
0.00094712821407
0.000942520952564
0.000938075039713
0.000933796901507
0.000929689336874
0.00092576346884
0.000922035686729
0.000918490766006
0.00091512004053
0.000911701391995
0.000906414359958
0.000901031911189
0.000895704565617
0.000890534043857
0.000885443891246
0.000880421034977
0.000875507961914
0.000870748410727
0.000866244686981
0.00086211036508
0.000858260917131
0.000854654305412
0.000851272004479
0.00084817219346
0.000845410160806
0.000842969503304
0.000840818128371
0.000838931291181
0.000837298065954
0.000835936451361
0.000834861046261
0.000834066856006
0.000833539535141
0.000833264161921
0.000833226466281
0.000833420592329
0.000833850077299
0.000834516493355
0.000835415499377
0.000836539523229
0.000837880664083
0.00083942719693
0.000841170067957
0.000843106140862
0.00084523440704
0.000847552783172
0.000850057344797
0.000852742940507
0.000855604155406
0.000858634901254
0.000861827678052
0.000865175901064
0.000868675281385
0.000872323068117
0.000876116814647
0.000880053570152
0.000884130003093
0.00088834265478
0.000892687811561
0.000897161311986
0.000901759166096
0.000906479003928
0.000911318077126
0.000916263591231
0.000921347446771
0.000926614616543
0.000932152438291
0.000937905229268
0.000943967852924
0.000950243467798
0.000956634734885
0.000962985198134
0.000969238102065
0.000975441234236
0.000980730769496
0.000984724838617
0.000988698337461
0.000992660625963
0.000996551496341
0.00100037274802
0.001004135817
0.00100782503286
0.00101141532157
0.00101489770117
0.00101825313601
0.00102144922661
0.00102444977217
0.00102722567756
0.00102975584074
0.00103202291927
0.00103400991304
0.00103569885456
0.00103707083957
0.00103810662015
0.00103878734382
0.00103909539483
0.00103901521916
0.00103853357162
0.00103764039762
0.00103632992613
0.00103460129625
0.001032458833
0.00102991216004
0.000902974280264
0.000899451073569
0.000895654601589
0.000891614930299
0.000887364826862
0.000882938977988
0.000878373548911
0.000873705673644
0.000868973122763
0.000864214881743
0.000859465401444
0.000854753398396
0.000850105510203
0.000845547022834
0.000841106339636
0.000836800559894
0.000832641009624
0.000828637137323
0.000824814894627
0.000821180781022
0.000817726302088
0.000814450082348
0.000810717831414
0.000805680083076
0.000800619734167
0.000795661708469
0.000790881534975
0.000786187114468
0.000781589648713
0.000777133161284
0.000772851450527
0.000768918457543
0.000765294849806
0.000761920208698
0.000758767842623
0.000755859253086
0.000753260249319
0.000750961308875
0.000748931281121
0.000747141500514
0.000745585832261
0.000744278180351
0.000743224260997
0.00074241498358
0.000741835699068
0.000741471016338
0.000741311205705
0.00074135737637
0.000741610587881
0.000742066966503
0.000742719828798
0.000743559477456
0.000744575906221
0.000745764172743
0.000747122752583
0.000748649968587
0.000750342754098
0.000752197225386
0.000754207212119
0.000756365556695
0.000758666737286
0.000761107198774
0.000763684420427
0.000766395878615
0.000769238640397
0.000772209443775
0.000775304560127
0.000778519543175
0.000781849682017
0.000785290654413
0.000788838912756
0.000792491587075
0.000796246034752
0.00080009975937
0.00080405035785
0.000808095094347
0.000812230894907
0.000816455839407
0.000820768264407
0.000825164223315
0.000829634511439
0.000834286585369
0.000839142302197
0.0008442493919
0.000849488598514
0.000854717310027
0.000859869968971
0.000865000160243
0.000868754151674
0.000872019895742
0.000875268977699
0.000878484053723
0.000881636726233
0.000884740021552
0.000887807207356
0.000890814456197
0.000893750017151
0.000896614000319
0.000899397798758
0.000902083762836
0.000904658979329
0.000907108082595
0.000909407211536
0.000911526390223
0.00091343760217
0.000915118382169
0.000916550483295
0.000917717469131
0.000918603268723
0.000919191826459
0.000919467401128
0.000919415119462
0.000919021708483
0.000918276154868
0.000917169802907
0.000915697380666
0.000913857878799
0.00091165490766
0.000909096906552
0.000906197262191
0.000782592832946
0.000779055754559
0.00077531855825
0.000771412584154
0.000767369885905
0.000763222956317
0.000759005377198
0.000754751561692
0.000750498405386
0.00074628410064
0.000742132769796
0.000738066031041
0.000734104434496
0.000730272037799
0.000726602159319
0.00072309178247
0.000719742853138
0.000716564645253
0.000712434115233
0.000707638148833
0.000702888456005
0.000698286835023
0.000693861850575
0.00068954991565
0.000685368429962
0.000681355418615
0.000677553853938
0.00067411417174
0.000670957077627
0.000668037011842
0.000665328540791
0.000662896433329
0.000660755210852
0.000658878265107
0.000657235069275
0.000655808175915
0.000654604372281
0.000653628572583
0.00065287223741
0.00065231986889
0.000651955221772
0.000651770114666
0.00065176364702
0.000651933700675
0.000652274786112
0.0006527784895
0.000653434526624
0.0006542367699
0.000655182856978
0.000656270896672
0.000657498233169
0.000658860491415
0.00066035162669
0.000661966203188
0.000663700555332
0.000665552234861
0.000667519179234
0.00066959914605
0.000671789083201
0.000674085103992
0.000676483105904
0.000678979328716
0.000681570710623
0.0006842546933
0.00068702892386
0.000689891054517
0.000692838512568
0.000695868495812
0.000698978061126
0.000702164076117
0.00070542342908
0.000708753277391
0.000712151020462
0.000715614372738
0.000719141217752
0.000722729126033
0.00072637622098
0.000730082313515
0.000733843867214
0.000737656497883
0.000741529444624
0.000745624238116
0.00074981435789
0.000753962041356
0.000758090091314
0.00076115413979
0.000763771240883
0.000766368976743
0.000768911889894
0.000771398743454
0.000773846120324
0.000776254295288
0.000778608867616
0.000780908638713
0.000783159954863
0.000785352484813
0.000787474970916
0.00078952251749
0.00079148799004
0.000793358092428
0.000795119954191
0.000796760376521
0.000798261256931
0.000799598519199
0.00080074720007
0.000801685583092
0.000802395776468
0.000802862484395
0.000803071803681
0.000803010696944
0.000802667054984
0.000802030067295
0.00080109081284
0.000799842764644
0.000798281859513
0.000796407390719
0.00079422250154
0.000791734497517
0.000788955181315
0.000785900977561
0.000666463361161
0.000663118291337
0.000659645747942
0.000656076872186
0.00065243920902
0.000648760692167
0.000645071335139
0.000641402557896
0.000637793306688
0.000634276396202
0.000630859498568
0.000627555982172
0.000624382764825
0.00062104249022
0.000616529554672
0.00061201412693
0.0006076094908
0.00060338978527
0.000599328092188
0.000595395477738
0.000591618506095
0.000588031096721
0.000584697589934
0.000581697083945
0.000578965052209
0.000576465604323
0.000574183810433
0.000572179316911
0.000570445538366
0.000568952541411
0.000567669457594
0.000566590569853
0.000565720122102
0.000565052458648
0.000564573073804
0.000564264946862
0.000564115689692
0.000564121039141
0.000564277296101
0.000564578165004
0.00056501404002
0.000565575322168
0.000566256242384
0.000567053637323
0.000567964715736
0.00056898580331
0.000570111578588
0.000571336831372
0.000572657880639
0.000574072324809
0.000575578327691
0.000577173801706
0.000578855953566
0.000580621556768
0.000582467485793
0.000584391101299
0.000586390339606
0.000588463340122
0.000590608107576
0.000592822472488
0.000595103978951
0.000597449863425
0.000599857413077
0.00060232415577
0.000604847870546
0.00060742649481
0.000610057923695
0.000612740029571
0.000615470756542
0.000618247931177
0.000621069213003
0.000623932239606
0.000626834703381
0.000629774479608
0.000632749426814
0.000635757457254
0.000638798380603
0.000641871045768
0.000644971798726
0.000648095749094
0.000651266303034
0.000654470270091
0.000657384946441
0.000659426259232
0.000661442295679
0.000663404162303
0.000665308857402
0.000667174280313
0.000668992640498
0.000670759246416
0.000672480342499
0.000674158704856
0.000675787581044
0.00067736301818
0.000678886872566
0.000680353725887
0.000681754555792
0.000683082972351
0.000684332475645
0.000685492647512
0.000686551899688
0.00068749894992
0.000688319963678
0.000688996169089
0.000689506652386
0.000689831958792
0.0006899556463
0.000689864096491
0.000689545772967
0.000688990707492
0.000688190401896
0.000687138024195
0.00068582881499
0.000684260592752
0.00068243386184
0.000680351636307
0.000678020002995
0.000675448939608
0.000672652764109
0.000669650064537
0.000555428090307
0.000552467370868
0.000549449337619
0.000546400810143
0.00054333831394
0.00054028490327
0.000537267498643
0.000534315888028
0.000531016033133
0.000526866938765
0.000522701955222
0.000518619846449
0.000514678818311
0.000510912253961
0.000507262696376
0.000503745576303
0.00050039678899
0.00049724583795
0.000494376932407
0.000491799565777
0.000489467813636
0.000487357534748
0.000485473035211
0.000483849151216
0.000482472943303
0.000481317085595
0.000480355835029
0.00047958567536
0.000479006100734
0.000478606621969
0.000478370400655
0.000478280523487
0.000478327944227
0.000478507126549
0.000478811214782
0.000479230906911
0.000479755690508
0.000480378012947
0.000481093142281
0.000481897271364
0.000482785890078
0.000483753604558
0.000484795590632
0.00048590838425
0.000487089582578
0.000488337169159
0.000489648839863
0.000491021939667
0.000492453874843
0.000493942490191
0.000495486134007
0.000497083365963
0.00049873272581
0.000500432567306
0.000502180961216
0.00050397588304
0.000505815494973
0.000507698107792
0.000509622051516
0.000511585735023
0.000513587522126
0.000515625513121
0.000517697644644
0.000519801838387
0.000521936106513
0.000524098576784
0.000526287405959
0.000528500789333
0.000530737045471
0.000532994502363
0.000535271395116
0.000537565912791
0.000539876200312
0.00054220034311
0.000544536261004
0.000546883054109
0.000549241398437
0.000551607745376
0.00055398065771
0.000556357269655
0.000558674671563
0.000560171787102
0.000561635331042
0.000563039305995
0.000564400308837
0.00056571375786
0.000566975647984
0.000568194127718
0.000569368883774
0.000570497259675
0.000571581651709
0.000572624578167
0.000573622962171
0.000574572934071
0.000575474156899
0.000576323378845
0.000577113758697
0.000577838961599
0.000578493138127
0.000579068130365
0.000579554193455
0.000579942020565
0.00058022119529
0.000580377612352
0.000580394800157
0.000580256599038
0.000579948953924
0.000579460432132
0.000578781989912
0.00057790661758
0.000576829179329
0.00057554646101
0.000574057386927
0.000572364010443
0.000570471272723
0.000568383667042
0.000566108578895
0.000563657744266
0.000561047129504
0.000558296369026
0.000450487897182
0.000448071286733
0.000445125377159
0.00044164472012
0.000438080453272
0.000434511399848
0.000430992351326
0.000427562941691
0.000424239700217
0.000420991578671
0.000417842089221
0.000414828629708
0.000411981941452
0.000409339416357
0.000406968338822
0.000404825711673
0.00040288904966
0.000401149968417
0.000399632827346
0.000398351590942
0.000397289786372
0.000396424167083
0.000395737331266
0.000395225320901
0.000394883303562
0.00039469904748
0.000394656377502
0.00039474032414
0.000394942364591
0.000395255364068
0.000395670812673
0.000396177946453
0.000396767237881
0.000397431920657
0.000398166803874
0.000398966733093
0.00039982600799
0.000400739302438
0.000401702496669
0.000402712586128
0.000403767132454
0.000404863686832
0.000405999746095
0.000407173056937
0.000408381840782
0.000409624752118
0.000410900661985
0.000412208415019
0.00041354669656
0.00041491413412
0.000416309480225
0.000417731616334
0.000419179522586
0.000420652186498
0.000422148420273
0.000423666846951
0.000425206037066
0.000426764572749
0.000428341040226
0.000429934087791
0.000431542393624
0.000433164519853
0.000434798910831
0.000436443940459
0.000438097977963
0.000439759435808
0.000441426768388
0.000443098477853
0.000444773153358
0.00044644942987
0.000448125931498
0.000449801328372
0.000451474199226
0.000453142851533
0.000454805856009
0.00045646426916
0.000458116737732
0.000459760918362
0.000461396167922
0.000463022239995
0.000464486510568
0.000465425279636
0.000466315626748
0.000467159718468
0.000467963022579
0.000468722613124
0.000469436698061
0.000470110275496
0.000470745554648
0.000471341722159
0.000471899808832
0.000472421848027
0.000472906763744
0.000473351538819
0.000473754918241
0.000474114772215
0.000474426204657
0.000474683774841
0.000474882487526
0.00047501610321
0.000475076965313
0.000475057877161
0.000474951328088
0.000474747224155
0.000474433452125
0.000473997666083
0.000473428851576
0.000472718156347
0.000471859052255
0.000470847198517
0.000469680310558
0.00046835809539
0.000466882429105
0.000465259989949
0.0004634997295
0.000461602515329
0.000459576169332
0.000457433777333
0.000455191879615
0.000452869624692
0.000347330357162
0.000344684019124
0.000342032152136
0.000339367465271
0.000336720192568
0.000334133040582
0.000331637477497
0.000329259103846
0.000327037557929
0.000325011209415
0.000323156391848
0.00032146467191
0.000319937821045
0.000318583071542
0.000317427380896
0.000316464804566
0.00031568038193
0.000315060397395
0.000314597959115
0.000314290044173
0.000314128988306
0.000314102001658
0.000314194842713
0.000314395476397
0.000314695580738
0.000315087148033
0.000315561211402
0.000316107604897
0.000316717692114
0.000317384789431
0.000318103239644
0.000318867309529
0.000319671254864
0.000320510124654
0.000321380035683
0.000322277855819
0.00032320076761
0.000324146088881
0.000325111442385
0.000326094934117
0.000327095191699
0.000328111141398
0.000329141768247
0.000330186044352
0.000331243014573
0.000332311905817
0.000333392111712
0.000334483073877
0.00033558415309
0.00033669458282
0.000337813553111
0.000338940274428
0.0003400739815
0.000341213899374
0.000342359162014
0.000343508789391
0.000344661714088
0.00034581684096
0.000346973080042
0.000348129340467
0.000349284526397
0.000350437492607
0.000351587052535
0.000352731991157
0.000353871085598
0.000355003131995
0.000356126980273
0.00035724152915
0.000358345715287
0.000359438506081
0.000360518899779
0.000361586017386
0.000362638784804
0.000363675913268
0.000364697616914
0.000365705273279
0.00036669638643
0.000367670962688
0.000368628378611
0.000369568149807
0.000370486766016
0.000371374063674
0.000372205140168
0.000372785638994
0.000373147500267
0.000373469004416
0.000373753364446
0.000374004707622
0.000374226060903
0.00037441793109
0.000374581017812
0.000374716949693
0.000374825763603
0.000374905494375
0.000374954769608
0.000374972131013
0.000374954274187
0.000374897066856
0.000374796615224
0.000374648368879
0.000374446741522
0.000374186668589
0.000373863149399
0.000373469408571
0.000372997210039
0.000372437986341
0.000371783968403
0.000371028995627
0.000370168873607
0.000369201422356
0.000368126425819
0.00036694548759
0.000365662804672
0.000364130691521
0.000362113941143
0.000359916148691
0.000357575532209
0.000355120764629
0.000352577695595
0.000349972407061
0.000253365480825
0.000251596655532
0.000249897310046
0.000248285407303
0.000246760336915
0.000245330348691
0.000244004994998
0.00024279376205
0.000241709165634
0.000240768908489
0.000239971591103
0.000239310106002
0.000238778617537
0.0002383729333
0.000238093698269
0.000237938040394
0.000237901608567
0.000237974577539
0.000238145141838
0.000238403523102
0.000238741780242
0.000239151951313
0.000239625662388
0.000240154467656
0.000240731061628
0.000241349200104
0.000242003284941
0.000242687798097
0.00024339744849
0.000244127636835
0.000244874622074
0.000245635324436
0.00024640692652
0.000247186858487
0.000247972957504
0.000248763579597
0.000249557467726
0.000250353533812
0.000251150785903
0.000251948393831
0.000252745794551
0.000253542605135
0.000254338488883
0.000255133084693
0.000255926007951
0.000256716941757
0.000257505622619
0.000258291746011
0.000259074943454
0.000259854760167
0.000260630695337
0.000261402263004
0.000262168952977
0.000262930181189
0.000263685287894
0.000264433566173
0.000265174256734
0.000265906603754
0.000266629893508
0.000267343377456
0.000268046261582
0.000268737724502
0.0002694169495
0.000270083137277
0.00027073550663
0.000271373303156
0.000271995845669
0.00027260250216
0.000273192640351
0.000273765639211
0.000274320937943
0.00027485808267
0.000275376333699
0.000275875369266
0.000276357239586
0.00027682134096
0.00027726749946
0.000277695908542
0.000278106178684
0.000278497341624
0.000278875804023
0.000279262844475
0.000279629392825
0.000279949597338
0.000280204503223
0.00028040087763
0.000280547800375
0.000280649495887
0.000280709691831
0.000280731661145
0.000280716561295
0.000280664635694
0.000280576568185
0.000280452153899
0.000280289624086
0.00028008694414
0.00027984194275
0.000279551645334
0.000279212330797
0.00027882008186
0.000278370731822
0.000277860254865
0.000277284830912
0.000276640486184
0.000275922878866
0.000275127136235
0.000274248266874
0.000273281795693
0.000272224475682
0.000271074864569
0.000269833734176
0.000268503876439
0.000267091738195
0.000265598965299
0.000264009277221
0.000262333251005
0.000260590526203
0.000258801970511
0.000256988088929
0.000255169274765
0.00017278308367
0.000171926244159
0.000171132359591
0.000170415735713
0.000169781172531
0.000169231053093
0.0001687633773
0.000168377704681
0.000168076197848
0.000167862677461
0.000167738003796
0.000167699269044
0.000167741784781
0.000167860617684
0.000168051009107
0.000168308214362
0.000168630324301
0.000169007063318
0.000169428839784
0.000169888380633
0.000170380075318
0.000170899028444
0.00017144067093
0.000172000538079
0.000172574360409
0.000173158275537
0.000173749028029
0.000174343852413
0.000174940187432
0.000175535706668
0.000176128523846
0.000176717249911
0.000177300737706
0.000177877983126
0.000178448157463
0.000179010719319
0.000179565330185
0.00018011170277
0.000180649573426
0.000181178757763
0.00018169921885
0.000182210957052
0.000182713928633
0.000183208057536
0.000183693251211
0.000184169479117
0.000184636717572
0.000185094832523
0.000185543621587
0.000185982836478
0.000186412221205
0.000186831567547
0.000187240634171
0.000187639078028
0.000188026496165
0.000188402482555
0.000188766611735
0.000189118498431
0.000189457828788
0.000189784238231
0.000190097304647
0.00019039660068
0.000190681728904
0.000190952330285
0.000191208076551
0.000191448673151
0.000191673907471
0.000191883606217
0.000192077569268
0.00019225560403
0.000192417597244
0.000192563406692
0.000192692901598
0.000192807301488
0.000192908233656
0.000192995422764
0.000193069555701
0.000193130547606
0.000193178170376
0.000193211864529
0.000193233592308
0.000193250055625
0.000193254826805
0.000193244527133
0.000193209971207
0.000193141816712
0.000193039689883
0.000192905906705
0.000192743608705
0.000192555731311
0.000192344141524
0.000192109953127
0.000191854018662
0.00019157649444
0.000191276818862
0.000190954162588
0.000190607365137
0.000190234924094
0.000189835118269
0.000189406039765
0.000188945551676
0.00018845197468
0.000187923971176
0.00018735983739
0.000186757624286
0.000186115357224
0.00018543125737
0.00018470398676
0.000183932988323
0.000183118827443
0.000182263472447
0.000181370296768
0.000180444291809
0.000179495584195
0.000178534881477
0.000177560646115
0.00017657815863
0.000175597352559
0.000174629882237
0.000173687848969
0.000106195860809
0.000105954774426
0.000105755825212
0.00010560508659
0.000105503815315
0.000105446273528
0.00010542966876
0.000105455089645
0.000105524558355
0.000105639244206
0.000105798757536
0.000106001057072
0.000106242962477
0.000106521078933
0.000106831661267
0.000107172268973
0.000107533261074
0.000107907272682
0.000108290755106
0.000108681505096
0.000109077434175
0.000109476372947
0.000109876246886
0.000110275077035
0.000110670931805
0.000111062033914
0.000111446963421
0.00011182461187
0.000112193967692
0.000112554131524
0.000112904460696
0.000113244571873
0.000113574141633
0.0001138928957
0.000114200659406
0.000114497429922
0.000114783268485
0.000115058187307
0.000115322185961
0.000115575325388
0.000115817764288
0.000116049633379
0.000116270988597
0.000116481865568
0.000116682307307
0.000116872426426
0.000117052329878
0.00011722201623
0.000117381448299
0.000117530582339
0.000117669397168
0.00011779793372
0.000117916203755
0.000118024138031
0.000118121648096
0.000118208672572
0.000118285150385
0.000118351075486
0.000118406509262
0.000118451459279
0.000118485894621
0.000118509804057
0.000118523213763
0.000118526185024
0.000118518803719
0.000118501184098
0.000118473507176
0.000118435971096
0.000118388737061
0.000118331985231
0.000118265938489
0.000118190648706
0.000118107416648
0.000118018343712
0.000117923949428
0.000117824562583
0.000117720122732
0.000117610581841
0.00011749596665
0.000117376207784
0.000117252113755
0.000117124286753
0.000116991168151
0.00011685088146
0.000116700035211
0.000116535123393
0.000116355369534
0.0001161622526
0.000115958279263
0.000115745723959
0.000115526208355
0.000115300926967
0.000115070690833
0.000114835722856
0.000114596007655
0.000114351456541
0.000114101637132
0.000113845974499
0.000113583944772
0.00011331487972
0.000113037902101
0.000112752633752
0.000112458944991
0.00011215618892
0.000111843512846
0.00011152020593
0.000111185775137
0.000110839984556
0.000110482983094
0.000110115471099
0.00010973884961
0.000109355242929
0.000108967520875
0.000108580196812
0.000108198375604
0.000107824103322
0.000107459796715
0.00010710950275
0.000106778385673
0.000106472125957
5.35341393827e-05
5.36366965006e-05
5.37562913133e-05
5.38921910127e-05
5.40338223788e-05
5.4145298259e-05
5.42649535613e-05
5.43978347077e-05
5.45464505426e-05
5.471156176e-05
5.48926475227e-05
5.50883390302e-05
5.52967799484e-05
5.55161448525e-05
5.57444192016e-05
5.59817815336e-05
5.61774239179e-05
5.6361487328e-05
5.65370058944e-05
5.67047172079e-05
5.68645770967e-05
5.70162287096e-05
5.71592481632e-05
5.72931933143e-05
5.74176289968e-05
5.75321945182e-05
5.76366635956e-05
5.77308734813e-05
5.78146489221e-05
5.7887861733e-05
5.79504933065e-05
5.80025936553e-05
5.80441908153e-05
5.80753268529e-05
5.80960921185e-05
5.81066488539e-05
5.81071644525e-05
5.80977766732e-05
5.80786325875e-05
5.80499241397e-05
5.80118926213e-05
5.79647650059e-05
5.79087538362e-05
5.78440873822e-05
5.77710184971e-05
5.76898499764e-05
5.76008864182e-05
5.75044018938e-05
5.74006859304e-05
5.72900436779e-05
5.7172809254e-05
5.70493570229e-05
5.69200518991e-05
5.67852404829e-05
5.66452848753e-05
5.65005692067e-05
5.63514838504e-05
5.61984553922e-05
5.60419371926e-05
5.5882355278e-05
5.57201321504e-05
5.55557063525e-05
5.5389530747e-05
5.52220693492e-05
5.50537912565e-05
5.48851744105e-05
5.47167189071e-05
5.4548917915e-05
5.43822413568e-05
5.42171814205e-05
5.40541201684e-05
5.3893456116e-05
5.37396442307e-05
5.35948839183e-05
5.34568511998e-05
5.33248548021e-05
5.31989455694e-05
5.30794059051e-05
5.29665324651e-05
5.28605861471e-05
5.27622582791e-05
5.2671401435e-05
5.25870715585e-05
5.25078726036e-05
5.2432206807e-05
5.23594720011e-05
5.22901957866e-05
5.22257296212e-05
5.21676560704e-05
5.21171579334e-05
5.2075006226e-05
5.20417506792e-05
5.20176763942e-05
5.20027491814e-05
5.19969017164e-05
5.20000027682e-05
5.20116739086e-05
5.20315079871e-05
5.20591157435e-05
5.2093926202e-05
5.21352468008e-05
5.21827026585e-05
5.22358609025e-05
5.22938479106e-05
5.23557456873e-05
5.24207099684e-05
5.24879119154e-05
5.25565479008e-05
5.2625913719e-05
5.2695496964e-05
5.27650544111e-05
5.28346130826e-05
5.29045541833e-05
5.29756454536e-05
5.30481277294e-05
5.31218115189e-05
5.31969031271e-05
5.32742994802e-05
5.33553603927e-05
5.34417815559e-05
1.37677944774e-05
1.38370923609e-05
1.39093188593e-05
1.39825718061e-05
1.40551714251e-05
1.41231514752e-05
1.41870527653e-05
1.42482598147e-05
1.4307735808e-05
1.43659537328e-05
1.44230203566e-05
1.4478806168e-05
1.45330539185e-05
1.45855283304e-05
1.46359701759e-05
1.46847164913e-05
1.47277760739e-05
1.47649988359e-05
1.47972370832e-05
1.48250532805e-05
1.48486677855e-05
1.48681412946e-05
1.48834866258e-05
1.48946928002e-05
1.49017381932e-05
1.49046158473e-05
1.49033505388e-05
1.48979746367e-05
1.48885072673e-05
1.48749762645e-05
1.48574379394e-05
1.48359645876e-05
1.48106198753e-05
1.47814721957e-05
1.47486050349e-05
1.47121237505e-05
1.46721370856e-05
1.4628748967e-05
1.45820703112e-05
1.45322281005e-05
1.44793659079e-05
1.44236263738e-05
1.43651525854e-05
1.43040959771e-05
1.42406171127e-05
1.41748920291e-05
1.41070983013e-05
1.40374067741e-05
1.39659943693e-05
1.38930420964e-05
1.38187377497e-05
1.37432786356e-05
1.36668576248e-05
1.35896613715e-05
1.35118791853e-05
1.34337031794e-05
1.33553233035e-05
1.32769357249e-05
1.31987397855e-05
1.31209236592e-05
1.3043671658e-05
1.29671687028e-05
1.28915989699e-05
1.28171451633e-05
1.27439872206e-05
1.26723035982e-05
1.26022748958e-05
1.2534076326e-05
1.24678740656e-05
1.24038409562e-05
1.2342063096e-05
1.2282827549e-05
1.22286291047e-05
1.21786158652e-05
1.21322794741e-05
1.20894667325e-05
1.20502111223e-05
1.20146185806e-05
1.19827998072e-05
1.19548540635e-05
1.19310069678e-05
1.19112751528e-05
1.18954393635e-05
1.18831419343e-05
1.18739442653e-05
1.18676583007e-05
1.18644179349e-05
1.18646311043e-05
1.18687833571e-05
1.18772373102e-05
1.18902427853e-05
1.19079823101e-05
1.19305475559e-05
1.19579382283e-05
1.19901569077e-05
1.20271741215e-05
1.20688712761e-05
1.21151266903e-05
1.21658134711e-05
1.22207240914e-05
1.22796029656e-05
1.23422877516e-05
1.24085541463e-05
1.24780086745e-05
1.25502489488e-05
1.26248774166e-05
1.27014635369e-05
1.27795447147e-05
1.28586497865e-05
1.29383292556e-05
1.3018183339e-05
1.30978681517e-05
1.31771271415e-05
1.32558226723e-05
1.33336789657e-05
1.3410252889e-05
1.34851840353e-05
1.35583369038e-05
1.36297678593e-05
1.36997108052e-05
9.41680138383e-07
9.44616914059e-07
9.49857510352e-07
9.55059944745e-07
9.59997398103e-07
9.64414201603e-07
9.68332087917e-07
9.71863237105e-07
9.75096385138e-07
9.78082294089e-07
9.80843656346e-07
9.83386466671e-07
9.85706169308e-07
9.87799319566e-07
9.89660135732e-07
9.91317666928e-07
9.9253325303e-07
9.93281161703e-07
9.93628531755e-07
9.93623697461e-07
9.93287311517e-07
9.92627860979e-07
9.91650923573e-07
9.90359005381e-07
9.8875268776e-07
9.86834101975e-07
9.84608864445e-07
9.82082339833e-07
9.79257609065e-07
9.76139178461e-07
9.72734786247e-07
9.69053205798e-07
9.65101486368e-07
9.60887727397e-07
9.56421720305e-07
9.51715447636e-07
9.46780537767e-07
9.41627930766e-07
9.36269647726e-07
9.30719306815e-07
9.24991844485e-07
9.19101311446e-07
9.13061701228e-07
9.06887883088e-07
9.0059528124e-07
8.94200617874e-07
8.87720025703e-07
8.81168500676e-07
8.74561763538e-07
8.67915513031e-07
8.61245768775e-07
8.54569157745e-07
8.47901185851e-07
8.41256520735e-07
8.34650069167e-07
8.28096697558e-07
8.21610655871e-07
8.15206728397e-07
8.08899675205e-07
8.02702691328e-07
7.96628741353e-07
7.90690821174e-07
7.84901658118e-07
7.79273717625e-07
7.7381914184e-07
7.68549940741e-07
7.63478384877e-07
7.58616091697e-07
7.53973912956e-07
7.49563343367e-07
7.45387977309e-07
7.41454120472e-07
7.37843407382e-07
7.34589128106e-07
7.31665737992e-07
7.29062183343e-07
7.26781418148e-07
7.24831727966e-07
7.23221928233e-07
7.21960017304e-07
7.21062687538e-07
7.20534489103e-07
7.20364826414e-07
7.2053397524e-07
7.21015885715e-07
7.21799329261e-07
7.22893313462e-07
7.24325597257e-07
7.26130260536e-07
7.28333959617e-07
7.30956406788e-07
7.340131202e-07
7.37513441133e-07
7.41460068295e-07
7.45855618615e-07
7.50700034409e-07
7.55986054077e-07
7.61705198954e-07
7.67847558716e-07
7.74396102709e-07
7.8132835868e-07
7.88626991278e-07
7.96268634811e-07
8.04215173752e-07
8.12425262206e-07
8.20855249122e-07
8.29456422234e-07
8.38175139657e-07
8.46954597787e-07
8.55737208615e-07
8.64467067019e-07
8.73091056109e-07
8.81561756062e-07
8.89841317848e-07
8.97884817651e-07
9.05636692303e-07
9.13048399865e-07
9.20090181986e-07
9.26750499156e-07
9.33035444693e-07
4.45739486798e-08
4.45333179307e-08
4.44478559901e-08
4.4313214464e-08
4.41335136803e-08
4.39107705701e-08
4.36499322989e-08
4.33574630333e-08
4.30400289788e-08
4.27035695964e-08
4.23527631118e-08
4.19913219016e-08
4.1622179473e-08
4.12477775653e-08
4.08700847816e-08
4.04911134746e-08
4.01086493632e-08
3.97223030791e-08
3.93331371519e-08
3.89422773402e-08
3.85502267679e-08
3.81570661478e-08
3.77628547232e-08
3.73675974728e-08
3.69710463041e-08
3.65728342318e-08
3.61728272811e-08
3.57711002285e-08
3.53675943182e-08
3.49621805733e-08
3.45549633707e-08
3.41463061912e-08
3.37365220377e-08
3.33258809169e-08
3.29147639395e-08
3.25037522966e-08
3.20935154652e-08
3.16846378867e-08
3.12776900255e-08
3.08733365991e-08
3.04723742894e-08
3.007558336e-08
2.96836419784e-08
2.92972257239e-08
2.89170264436e-08
2.85438003525e-08
2.81783207913e-08
2.78212300066e-08
2.74731206852e-08
2.71345909307e-08
2.68062230177e-08
2.64886407326e-08
2.61824370287e-08
2.58880945294e-08
2.56060564068e-08
2.5336780614e-08
2.50806882369e-08
2.48381996637e-08
2.46097891096e-08
2.4395865795e-08
2.41967665816e-08
2.40128383995e-08
2.384443886e-08
2.36919251619e-08
2.35556549281e-08
2.34359881471e-08
2.33333290669e-08
2.32481036014e-08
2.31806984454e-08
2.31315142212e-08
2.31007992112e-08
2.30889599754e-08
2.3097461222e-08
2.31269756319e-08
2.31777400689e-08
2.32500767948e-08
2.33444607106e-08
2.34614772487e-08
2.36017775811e-08
2.37659253701e-08
2.39548154502e-08
2.41693954446e-08
2.44102211822e-08
2.46776980863e-08
2.49719854476e-08
2.52932665739e-08
2.56418320114e-08
2.60182231955e-08
2.64234139127e-08
2.68582798659e-08
2.73234306399e-08
2.78194824879e-08
2.83468946938e-08
2.89055782898e-08
2.94952034346e-08
3.0115374267e-08
3.07650585871e-08
3.14426834256e-08
3.21464836999e-08
3.28741352167e-08
3.36223862397e-08
3.43879010299e-08
3.51672336732e-08
3.59555302817e-08
3.67468794214e-08
3.75350859346e-08
3.83135679959e-08
3.90752871315e-08
3.98128917557e-08
4.05188972271e-08
4.11859016438e-08
4.18067940931e-08
4.237498261e-08
4.28848880096e-08
4.33319144837e-08
4.37121494077e-08
4.40227271309e-08
4.42622571407e-08
4.44308945884e-08
4.453037682e-08
)
;

boundaryField
{
    bottomWall
    {
        type            calculated;
        value           nonuniform List<scalar> 
120
(
5.06382182672e-19
5.06872296947e-19
5.0390113219e-19
4.86430078347e-19
4.4990026868e-19
4.24321196233e-19
4.20445698546e-19
4.34781830547e-19
4.64258470445e-19
5.08528011357e-19
5.6728393142e-19
6.31454173942e-19
6.9653388595e-19
7.62058239143e-19
8.27611526872e-19
8.92826003205e-19
9.6021549379e-19
1.03803905725e-18
1.12876600974e-18
1.23367305361e-18
1.35384578737e-18
1.48857068799e-18
1.62710502255e-18
1.75847094867e-18
1.874411511e-18
1.96511659117e-18
2.02044419802e-18
2.03223603408e-18
2.02565846117e-18
2.02560601245e-18
2.02555239424e-18
2.02549680986e-18
2.02544307623e-18
2.02539146428e-18
2.0253426681e-18
2.02529671008e-18
2.0252537249e-18
2.02521373118e-18
2.02517679478e-18
2.02514296724e-18
2.02511231233e-18
2.02508488811e-18
2.0250607431e-18
2.02503989747e-18
2.02502232862e-18
2.02500798504e-18
2.02499686416e-18
2.02498918886e-18
2.0249849056e-18
2.02498377404e-18
2.02498564855e-18
2.02499035524e-18
2.02499770274e-18
2.02500748369e-18
2.02501947879e-18
2.02503346061e-18
2.02504919621e-18
2.02506645262e-18
2.02508499906e-18
2.02510461106e-18
2.02512507229e-18
2.02514617772e-18
2.02516773556e-18
2.02518956827e-18
2.02521151497e-18
2.02523343172e-18
2.02525519351e-18
2.0252766913e-18
2.02529783097e-18
2.02531852779e-18
2.02533870425e-18
2.02535829374e-18
2.0253772429e-18
2.02539551282e-18
2.02541308059e-18
2.025429936e-18
2.02544608098e-18
2.0254615198e-18
2.02547625939e-18
2.02549031058e-18
2.0255036888e-18
2.02551641691e-18
2.02552852588e-18
2.02554005181e-18
2.02555103607e-18
2.02556152037e-18
2.02557155113e-18
2.0255811756e-18
2.02559043107e-18
2.02559939824e-18
2.02560816486e-18
2.02561745908e-18
2.03216515724e-18
2.02036610595e-18
1.96504420547e-18
1.87434493175e-18
1.75841315739e-18
1.62705673459e-18
1.48853196854e-18
1.35381560252e-18
1.23363943629e-18
1.1287252068e-18
1.03799069859e-18
9.6015935703e-19
8.92763620764e-19
8.2754582324e-19
7.61991208364e-19
6.96466642668e-19
6.31386808944e-19
5.67215430193e-19
5.08453023187e-19
4.64168538368e-19
4.34666234889e-19
4.20281392315e-19
4.24068295583e-19
4.49498723155e-19
4.86007875472e-19
5.03697603663e-19
5.06862160432e-19
5.06392816566e-19
)
;
    }
    topWall
    {
        type            calculated;
        value           nonuniform List<scalar> 
120
(
5.42449924089e-19
5.42450045898e-19
5.42450292436e-19
5.42450651253e-19
5.42451110802e-19
5.42451664219e-19
5.42452300316e-19
5.42453005279e-19
5.42453764631e-19
5.42454565242e-19
5.42455396632e-19
5.42456250377e-19
5.42457119741e-19
5.42457999119e-19
5.42458883967e-19
5.42459769967e-19
5.42460660167e-19
5.42461555213e-19
5.4246245327e-19
5.42463352203e-19
5.42464251068e-19
5.42465149771e-19
5.42466048235e-19
5.42466946486e-19
5.42467845116e-19
5.42468745e-19
5.42469646498e-19
5.42470549492e-19
5.42471454159e-19
5.42472360843e-19
5.4247326937e-19
5.42474178984e-19
5.42475089032e-19
5.42475998969e-19
5.42476908e-19
5.42477814889e-19
5.42478718194e-19
5.42479616664e-19
5.42480509087e-19
5.42481394043e-19
5.42482269816e-19
5.42483134723e-19
5.42483987317e-19
5.42484826157e-19
5.42485649772e-19
5.42486456547e-19
5.42487244824e-19
5.4248801324e-19
5.42488760551e-19
5.42489485494e-19
5.42490186847e-19
5.42490863297e-19
5.42491513591e-19
5.42492136726e-19
5.42492731791e-19
5.42493297837e-19
5.42493833999e-19
5.42494339412e-19
5.42494813092e-19
5.42495254188e-19
5.42495662021e-19
5.42496035882e-19
5.4249637504e-19
5.42496678759e-19
5.42496946304e-19
5.42497176931e-19
5.42497369796e-19
5.42497524002e-19
5.42497638737e-19
5.42497713163e-19
5.42497746596e-19
5.42497738124e-19
5.42497685294e-19
5.42497586744e-19
5.42497441698e-19
5.42497249312e-19
5.42497008513e-19
5.42496718019e-19
5.42496376405e-19
5.42495982447e-19
5.42495534218e-19
5.42495029581e-19
5.42494467187e-19
5.42493845953e-19
5.4249316532e-19
5.42492424799e-19
5.42491623837e-19
5.42490761457e-19
5.42489835742e-19
5.42488844959e-19
5.42487787935e-19
5.42486663444e-19
5.42485470589e-19
5.42484209696e-19
5.4248288164e-19
5.42481487435e-19
5.42480029522e-19
5.4247851157e-19
5.42476937675e-19
5.42475313177e-19
5.42473645499e-19
5.42471942265e-19
5.4247021131e-19
5.42468463603e-19
5.42466712471e-19
5.42464971833e-19
5.42463256431e-19
5.42461581982e-19
5.42459964855e-19
5.4245842168e-19
5.42456968874e-19
5.42455622175e-19
5.42454396146e-19
5.4245330308e-19
5.42452352946e-19
5.42451554053e-19
5.42450912359e-19
5.42450430607e-19
5.42450108171e-19
5.42449941043e-19
)
;
    }
    inlet_half0
    {
        type            cyclic;
    }
    inlet_half1
    {
        type            cyclic;
    }
    outlet_half0
    {
        type            cyclic;
    }
    outlet_half1
    {
        type            cyclic;
    }
    sideRight_half0
    {
        type            empty;
    }
    sideRight_half1
    {
        type            empty;
    }
    sideLeft_half0
    {
        type            empty;
    }
    sideLeft_half1
    {
        type            empty;
    }
}


// ************************************************************************* //
