/*--------------------------------*- C++ -*----------------------------------*\
| =========                 |                                                 |
| \\      /  F ield         | OpenFOAM: The Open Source CFD Toolbox           |
|  \\    /   O peration     | Version:  2306                                  |
|   \\  /    A nd           | Website:  www.openfoam.com                      |
|    \\/     M anipulation  |                                                 |
\*---------------------------------------------------------------------------*/
FoamFile
{
    version     2.0;
    format      ascii;
    arch        "LSB;label=32;scalar=64";
    class       volScalarField;
    location    "5000";
    object      nutSwitch;
}
// * * * * * * * * * * * * * * * * * * * * * * * * * * * * * * * * * * * * * //

dimensions      [0 0 0 0 0 0 0];

internalField   nonuniform List<scalar> 
15600
(
0.000763629366935
0.000961955551752
0.000359300394952
5.2310230139e-05
0.000137700861267
6.30112825194e-05
2.42198141247e-05
1.37903094951e-05
8.37678192277e-06
5.72895792653e-06
4.11905455884e-06
3.64871416705e-06
3.75070668569e-06
4.66307282402e-06
6.98625098087e-06
1.1616867033e-05
1.92876113364e-05
3.02407092726e-05
4.47344940361e-05
6.15616346107e-05
7.79513506169e-05
9.25203055082e-05
0.000105567451393
0.00011420805843
0.000116293102851
0.000111122040754
9.51199643518e-05
0.000114555053447
0.000246761339239
0.000455770942309
0.000669356601003
0.000890780017219
0.00110483727754
0.00131044753639
0.00150484516273
0.00168793994469
0.00185919575197
0.00201853569796
0.00216569771744
0.00230047637256
0.00242261599811
0.0025318847104
0.00262808960778
0.00271114889093
0.00278115220035
0.00283830576282
0.0028826175607
0.00291320060677
0.00293026740454
0.00293477658853
0.00292730736582
0.00290855267605
0.00287927613585
0.00284030307827
0.00279250749724
0.00273679703131
0.00267409802442
0.00260534019542
0.00253144260155
0.00245330077263
0.00237177571889
0.00228768448511
0.00220179226117
0.00211480548061
0.00202736581749
0.00194004541113
0.00185334435031
0.00176769565746
0.00168347430301
0.00160101876669
0.00152063685715
0.00144259379823
0.00136710317397
0.00129431885352
0.00122433278447
0.00115718412805
0.00109286721247
0.00103136360634
0.000972645603387
0.000916671013553
0.00086337734905
0.000812673419141
0.00076443691452
0.000718523214083
0.000674766858242
0.000633002344317
0.000593045386914
0.000554706685714
0.00051783772586
0.000482118051832
0.000447197073697
0.000410086476864
0.000395969746981
0.000406992568981
0.000408344247255
0.000402902508397
0.000379389442758
0.000345030549375
0.000302401868304
0.000257852403533
0.000281437647703
0.000336412898622
0.00040614700772
0.000491024985344
0.000575411064487
0.000647586938
0.000714423408073
0.000782738466493
0.000864487510736
0.000978515395666
0.00119563827986
0.00157153102462
0.00215932228956
0.00317803462005
0.004873537449
0.0073424809529
0.00705875965531
0.00361899119654
0.00112331838223
0.000594188523933
0.0258152037031
0.0219516988615
0.0108379435303
0.00337538380849
0.000533539945132
0.00011893993827
6.28674052585e-05
3.94560474094e-05
3.35595175895e-05
3.03720114398e-05
3.11540028784e-05
3.67719875331e-05
4.81188831699e-05
6.7917374895e-05
0.000103061740943
0.000163376297408
0.000262368838788
0.000417192794802
0.000652543714955
0.000996822188756
0.00147717560224
0.0021138751688
0.00292541211396
0.00388928943216
0.00489471922218
0.00579289732154
0.00646980899055
0.0069426998954
0.00916864054132
0.0130041366116
0.0168878175623
0.0207967719425
0.024699068545
0.0285811265059
0.0324353120438
0.0362622686626
0.0400581608238
0.043820020561
0.04754195712
0.0512173518563
0.0548385464869
0.0583978453912
0.0618885220145
0.0653073894463
0.0686584033847
0.0719478875322
0.075151448702
0.0781873817633
0.0810395279547
0.0837209214347
0.0862215987615
0.0885348165397
0.0906550885521
0.092578351589
0.0943020320018
0.0958250260177
0.097147663246
0.0982716135013
0.0991997790962
0.0999361725156
0.100485786884
0.10085447219
0.101048775844
0.101075772773
0.100942745658
0.100656890562
0.100224790992
0.0996523981194
0.0989451018087
0.0981087428583
0.0971505029752
0.0960785329164
0.0949011286216
0.09362597419
0.0922587950958
0.0908033044473
0.0892605702759
0.087630664738
0.0859140215491
0.0841099141497
0.0822171331064
0.0802294662884
0.0781386193796
0.0759245594489
0.0735684302268
0.0710269466105
0.0682709240924
0.0652128780547
0.0618194892423
0.0579253600644
0.0534643235657
0.0480897050715
0.0445576046534
0.0460238794012
0.0475820846341
0.0492503992282
0.0497644761766
0.0495409791409
0.0487266976297
0.0479823412916
0.0470896264159
0.0460219117808
0.0445436151391
0.042635122848
0.0397252918839
0.0362351756568
0.0326499421678
0.0292406998863
0.0262600475716
0.0239639632608
0.0230451720972
0.0233344338712
0.0253243100185
0.0300954553393
0.0383926263821
0.0478200113642
0.0425013081076
0.0316606140917
0.0236920817955
0.0249169179957
0.371376642257
0.337686944727
0.21429950751
0.0782650203922
0.0105084038279
0.00163065759766
0.000969492614195
0.000633152850122
0.000598576233369
0.000576660269874
0.000621540326835
0.000751737314716
0.000999319413014
0.00142048229459
0.00215553733724
0.00340596271109
0.00545262428
0.00866488757643
0.0135592625971
0.0207241458351
0.0306939831455
0.0438348212159
0.0602661761888
0.0791949858161
0.0987609994731
0.115222136497
0.127272236977
0.145588535333
0.192036962087
0.256791620347
0.318065877239
0.376624856572
0.43298208529
0.487330147214
0.539966380517
0.591083563066
0.640812072605
0.68923339175
0.736386600693
0.782285055419
0.826924737613
0.870294617201
0.912387054633
0.953212110838
0.99283787316
1.03167124793
1.07064685797
1.10777633214
1.14281749645
1.17585845371
1.20683085757
1.23569324929
1.26241178991
1.2869623593
1.30933141385
1.32951608052
1.34752408787
1.3633731922
1.37709048902
1.38871160016
1.39827982249
1.40584532495
1.41146402169
1.41519628157
1.4171041693
1.4172486405
1.41568439863
1.41245927635
1.4076149227
1.40119746685
1.39326737508
1.38389636806
1.37315928692
1.36112594406
1.34784693028
1.33335157187
1.31764033429
1.30070146534
1.28252536596
1.26308917698
1.24236170885
1.22025540781
1.19665032532
1.17129100745
1.14390973834
1.11395337627
1.08096901993
1.04380875509
1.00181594477
0.952686591851
0.895166797783
0.825118210593
0.777499799993
0.792742756403
0.814329008783
0.836732846204
0.844149368367
0.841577139147
0.831140601534
0.820959777322
0.807617488603
0.790700302221
0.767198905685
0.736418581224
0.690824891748
0.63582363737
0.578121237549
0.521828957603
0.470881707446
0.429699423908
0.408359147829
0.403361395757
0.420605467287
0.470239082678
0.553976142761
0.631305982694
0.580552735424
0.475790456917
0.384959732979
0.366039992872
1.31627786657
1.27036099414
0.908882059256
0.430786053833
0.0885794374672
0.0148574317077
0.00805370103993
0.00521478640392
0.00492480940158
0.00475275936889
0.00509956473457
0.00611957913392
0.00807267103535
0.01136261611
0.017033397452
0.0265500037576
0.0419134575532
0.0655885090166
0.100796364403
0.150699069409
0.217099694486
0.299419608654
0.39502974954
0.49600465606
0.588116243376
0.655954006412
0.705478606073
0.788548283453
0.995292322173
1.26260144956
1.5043304004
1.72777654247
1.93666141056
2.13309413768
2.3192103301
2.49648706171
2.66601471545
2.82857804282
2.98472424253
3.13484103672
3.27920357367
3.41801700855
3.55146312091
3.67986249963
3.80462584603
3.92676148251
4.04536907987
4.15743236195
4.26283693248
4.36176265942
4.45415064633
4.53999358076
4.61929583767
4.69207953465
4.75838707766
4.81828173424
4.8718476282
4.91918842425
4.96042572202
4.99569714795
5.02515443339
5.04896164494
5.06729274121
5.08032870566
5.08825113527
5.09123517653
5.08943645757
5.08298823123
5.07200266315
5.05659919428
5.03693212727
5.01318443368
4.985547488
4.95419936706
4.91926831386
4.88082461601
4.83885915031
4.79332565108
4.74417879154
4.69133759834
4.63469246722
4.5739859534
4.50885469386
4.43857828236
4.36234541848
4.27859973246
4.18590385513
4.08099535946
3.96156868837
3.82085323967
3.65464195362
3.44678247178
3.29703081005
3.33658488984
3.40339617602
3.47135767123
3.49785757175
3.49443277082
3.4684970023
3.44174822415
3.40410162481
3.35237967504
3.2773075423
3.17516535732
3.02251300925
2.83452958156
2.63232543773
2.42957163533
2.23991819469
2.08171568445
1.99442678936
1.96750988817
2.02120041317
2.1884159772
2.46780504971
2.71595983457
2.4612503732
1.93835808736
1.44577135313
1.29494066691
2.77937676429
2.7193144028
1.99265864282
1.00908617347
0.352176557615
0.0822914189996
0.0401201898224
0.0254561838159
0.0238985843533
0.0230261575116
0.0244742312486
0.0289774091074
0.037635566862
0.0519177522597
0.0759181662762
0.11504140642
0.176148795303
0.266236055805
0.392863683589
0.560233176996
0.765030267347
0.996093137469
1.24001521806
1.47260828046
1.66020910642
1.78562588061
1.88896629579
2.09201811381
2.58536525278
3.19592447686
3.72811265671
4.20745028539
4.64522925527
5.04901885245
5.42532455096
5.7786875249
6.11244293624
6.42902379378
6.73019364662
7.0172592838
7.29120944879
7.55285171666
7.80306755485
8.04370719818
8.27636153389
8.50053366627
8.71463251245
8.91590747825
9.10456799213
9.28090270144
9.44496857348
9.59687766325
9.73675013937
9.86472536552
9.98096724331
10.0856662022
10.1790398425
10.2613313119
10.332807064
10.3937540566
10.4444769427
10.4852954544
10.5165408163
10.5385513101
10.5516622902
10.5561942303
10.5524311972
10.5406141562
10.5209428519
10.4936242346
10.4589211258
10.4171442496
10.3686191319
10.3136482317
10.2524505161
10.1851434598
10.1117060007
10.0320482676
9.94607573829
9.85363505969
9.75451521631
9.64826240081
9.53421532606
9.41112904202
9.27752254572
9.13072385806
8.96804968965
8.78391961728
8.5738492819
8.32614536301
8.03270594328
7.65853865152
7.37924662707
7.44313218123
7.57217214816
7.7037575634
7.76942385487
7.78321541132
7.76003067721
7.73415760252
7.68688964472
7.60902815151
7.48382733717
7.30240042184
7.02303982737
6.67176688711
6.2884915075
5.89959281415
5.5309917818
5.22240158231
5.05671960815
5.01844821237
5.14527596971
5.4998295137
6.07556180638
6.59364203759
6.04570925795
4.79420284329
3.41229883312
2.84384470258
4.87152645754
4.70803250308
3.48243694501
1.76183727463
0.801766444037
0.3040652952
0.145418346019
0.0889677444754
0.0828079974952
0.0794488780395
0.0832085620617
0.0965179086984
0.122174953742
0.163371339935
0.23037991818
0.335566644001
0.492634240368
0.711369372733
0.999067340889
1.35211552907
1.75150388407
2.16891890717
2.57945985579
2.94446706686
3.22178587191
3.41478665771
3.61606506237
4.02137729727
4.8976172063
5.92188919921
6.79171482258
7.56430889366
8.26195753964
8.8996881695
9.4895549747
10.0398567412
10.5566716808
11.0444272658
11.5063675422
11.944924053
12.3619875366
12.7592108466
13.1385089652
13.5025572904
13.8515527204
14.1847779352
14.5004571779
14.7965473015
15.0735424629
15.3318436849
15.5716606234
15.7932492183
15.9968688156
16.1827978395
16.3513423512
16.5028398393
16.6376606659
16.7562062658
16.8589062852
16.9462148784
17.0186069632
17.0765746531
17.1206224522
17.1512610599
17.1689938508
17.1742996926
17.1676031591
17.1492630566
17.119574905
17.0788395033
17.0274338547
16.965802851
16.8944133715
16.8136988026
16.7239748829
16.6254089681
16.5179673349
16.4015113035
16.2758875845
16.1408611684
15.9961031867
15.8409492766
15.6744056768
15.4946781636
15.2995379457
15.0851641588
14.8474598971
14.5785112202
14.2712822551
13.9091749261
13.4789897626
12.9224546922
12.4966766576
12.5791205968
12.7856118921
12.9997955122
13.1291638259
13.1856298624
13.1924114893
13.1938479054
13.1615625958
13.077257434
12.9163864983
12.6636852508
12.260507167
11.7434617135
11.1739239886
10.5935371779
10.0415674851
9.58288787973
9.34811847622
9.32146388569
9.5547061682
10.1362788504
11.0530395254
11.8897080004
11.0592177031
8.98854640884
6.48330368005
5.21063634375
7.67812523325
7.2896983219
5.49732357636
2.77756838559
1.31819918333
0.746369159887
0.41641310161
0.244945222723
0.224846476748
0.214130871766
0.219694292056
0.24782172545
0.303277995376
0.390816038667
0.529859694853
0.7413905533
1.04426903432
1.44418289916
1.93964330608
2.51089530641
3.1197321692
3.72390401236
4.2928064847
4.78212549017
5.15626310774
5.45149673714
5.81208212964
6.49236141743
7.79297574566
9.24237594917
10.4612676448
11.5398671428
12.5106092443
13.3954527464
14.2117116418
14.9712655252
15.6828830949
16.3529713441
16.9862748423
17.5863870403
18.1561575208
18.6981254914
19.2152863432
19.7095492549
20.1808754018
20.6284728252
21.0507286608
21.4463420961
21.8160307411
22.1603241866
22.4796021974
22.7742767267
23.0447587005
23.2914775492
23.5148931231
23.7155014272
23.893836885
24.0504703928
24.1860057991
24.301075241
24.3963343637
24.472457653
24.530132263
24.5700498749
24.5928897134
24.5992961727
24.5898413524
24.5650084909
24.5251948264
24.4707991453
24.4023151641
24.3203242701
24.2254371736
24.1182202629
23.9990884406
23.8682598659
23.7256879175
23.5711812704
23.4045198807
23.2253789391
23.0332980108
22.8273909424
22.6063065549
22.3676861922
22.1085002231
21.8237655872
21.5078539117
21.1505450429
20.7419587625
20.2607111369
19.6874650659
18.9392619716
18.3542632871
18.4445554606
18.7397184079
19.0542204463
19.2708262196
19.3953140821
19.4587992892
19.5130839704
19.5195837351
19.4484126768
19.2670308499
18.9532088803
18.4337277645
17.7549486668
17.0009304965
16.2305800753
15.4973618886
14.8931742083
14.5959716894
14.5943231494
14.9499201999
15.7708896929
17.0383203869
18.2123530343
17.1508251521
14.2498852649
10.5889588603
8.4594223374
11.1931276829
10.4703245797
8.12504470408
4.05430081836
1.84913378228
1.29272576618
0.940768357426
0.558431343049
0.502504600606
0.474134413332
0.475156771015
0.519598674694
0.614089765493
0.764667140366
1.0020722046
1.35489178083
1.84092168632
2.45274028486
3.17386200421
3.96675871636
4.77783522663
5.55764458299
6.27603096701
6.8916586146
7.38505562292
7.82651608737
8.4018729267
9.40486551922
11.1389095337
13.006146396
14.5761333742
15.9666534549
17.2183896238
18.3591760118
19.4109682107
20.3888825244
21.3042028578
22.1652227837
22.978150011
23.7477331427
24.4777963027
25.1717355846
25.8329786214
26.462863848
27.0614301344
27.6279584071
28.1611921125
28.6604954212
29.1267757195
29.5607146982
29.9628764403
30.3338409385
30.6741824599
30.9844924203
31.2653947316
31.5175535806
31.7416765524
31.9385125876
32.1088478025
32.2534998466
32.3733120158
32.4691473614
32.5418810356
32.5923900829
32.6215331776
32.6301234002
32.6188839711
32.5884266792
32.5392546519
32.4718669441
32.386873916
32.2849923798
32.166975473
32.033521021
31.8851425495
31.7221085918
31.5443597181
31.3516493352
31.143684362
30.9200435815
30.680124596
30.4228120023
30.1463822194
29.8479071837
29.5235275671
29.1671051452
28.7714047529
28.3239693112
27.8118856711
27.2091391078
26.4894836384
25.5462086679
24.7935381537
24.8782447088
25.2683098889
25.6980473794
26.0228074616
26.2386830194
26.3832607253
26.5132361107
26.5795234068
26.5388440996
26.3505416176
25.9852866461
25.3579374771
24.5235330181
23.5887603757
22.6309368567
21.7183269462
20.9704180426
20.6098818046
20.6337131312
21.1108121154
22.1649424115
23.7753709111
25.2952569912
24.0691025447
20.3636202382
15.5638280349
12.5205691782
15.3638592556
14.2232344202
11.3837235241
5.66626055901
2.4892586856
1.64149870801
1.63927436321
1.08311756075
0.956604292826
0.895032572917
0.878050003675
0.933336113649
1.07061333911
1.29709019768
1.65429483039
2.17353836629
2.86317981845
3.69694328717
4.64254693354
5.64770830689
6.648905161
7.59517905123
8.4614586601
9.21538734111
9.85724635042
10.4867301653
11.3198111679
12.6741429789
14.8382206134
17.1125126499
19.0329897959
20.7385930428
22.2765663453
23.679617477
24.973705304
26.176839328
27.3026254188
28.3611399609
29.3600028274
30.305091522
31.2011744997
32.0524071197
32.8621985721
33.6317856658
34.3613619134
35.0504102638
35.6981249346
36.304443675
36.8704549064
37.3970176557
37.8848944055
38.3348463406
38.7476232286
39.1239893641
39.4647423861
39.7707232036
40.0428200485
40.2819664299
40.4891363415
40.6653376696
40.8116051725
40.928993297
41.0185669649
41.0813892711
41.118498227
41.1308752544
41.1193951769
41.0848000013
41.027700943
40.9486976189
40.8485144885
40.7279996342
40.5880437845
40.4294714482
40.2528916753
40.0586217184
39.8465895634
39.6164918342
39.3679578967
39.1004654028
38.8132631967
38.5050035724
38.1735853275
37.815516899
37.4261029823
36.9980725711
36.5225685581
35.9849843555
35.3692905517
34.6450407645
33.7786074836
32.6419084133
31.7174930481
31.7824657324
32.2688841065
32.8253773809
33.2761450574
33.6042848595
33.8516609203
34.0772646179
34.2213148078
34.2259855323
34.0424918812
33.6346249483
32.9080043338
31.9252032433
30.814483882
29.6718310277
28.580501416
27.6869670266
27.2545853848
27.2923531379
27.8758630092
29.1441468709
31.082497969
32.9579825886
31.6319303719
27.1773477823
21.2725482081
17.2955291934
20.1294974429
18.5127012337
15.2301253979
7.75151954127
3.27975325871
2.01219264521
2.26100807521
1.80746316314
1.5992176723
1.48873349044
1.43802569356
1.49484627979
1.67545082679
1.98755818297
2.47961454031
3.1789538226
4.07822796889
5.13132368727
6.29227702552
7.49787336
8.6792627243
9.78809148991
10.8075481795
11.7175208729
12.5377629314
13.3910242885
14.5136488761
16.2360788693
18.8221410965
21.4923399114
23.7612914577
25.7832485721
27.6106418172
29.2801794894
30.8212308954
32.2543878515
33.5953932171
34.8560078408
36.0452106819
37.1699704113
38.2359292059
39.2479002313
40.2091690666
41.1211381766
41.9842330868
42.7982408939
43.5628450448
44.2784802336
44.946423561
45.5677361247
46.1433934156
46.674351828
47.161549032
47.6059328838
48.0084837266
48.370226566
48.692236165
48.9756351125
49.2215885226
49.4312965609
49.6059863149
49.7469033007
49.8553006738
49.9324248919
49.9794898257
49.9976416939
49.9879044748
49.9511495826
49.8880963977
49.7994433737
49.6860242203
49.5488113989
49.3888254093
49.2070099006
49.0040640936
48.7803511469
48.5357866383
48.2700098703
47.9825698849
47.6728405347
47.3399187424
46.9822260378
46.5972875126
46.1810648176
45.7280366836
45.2298509933
44.676050711
44.0499932647
43.3325452956
42.4890717989
41.478392461
40.1542416798
39.0582637136
39.0900190462
39.6701033517
40.3612629831
40.9526434144
41.4111803981
41.7802521201
42.1184994183
42.355278629
42.417638308
42.2487959485
41.8061619608
40.9887072746
39.8653884573
38.5842332667
37.2593117873
35.9885029326
34.9434674377
34.4232356292
34.4524015975
35.1154390783
36.5708480317
38.8220470736
41.0717556044
39.7066210617
34.5743410858
27.6142823593
22.6997387617
25.4351067745
23.3046863335
19.5902574845
10.4324721382
4.2769506951
2.47671760822
2.72820497347
2.60104027958
2.40927429875
2.24543654422
2.14986369758
2.19967065265
2.42299166203
2.82723232929
3.46233131052
4.34592743907
5.45205180716
6.71638956093
8.08186267978
9.47765397449
10.8331592098
12.1055240894
13.2881100374
14.374154636
15.4005668536
16.506971944
17.9424239163
20.0421515406
23.0399811076
26.0949051646
28.7090204311
31.0468581817
33.1649128229
35.1031419066
36.8937904991
38.5597563591
40.1187485075
41.5841221978
42.9661633256
44.2728923776
45.5107669756
46.6851217463
47.7992450312
48.854837611
49.8526321853
50.7927965939
51.6755132563
52.501658128
53.2727143735
53.9899688099
54.6546251385
55.2678494524
55.8307797
56.3445575583
56.8103542108
57.2293848882
57.6029151285
57.9322591279
58.2187740625
58.4638518563
58.6689100112
58.8353818445
58.964704166
59.0583010341
59.1175556676
59.1437726119
59.138119802
59.1015947847
59.0350230053
58.9391980381
58.8150559271
58.6636842507
58.4862229099
58.2837247521
58.0569718422
57.806369329
57.5318203753
57.2329072737
56.9090976805
56.5596611136
56.1835429806
55.7789401669
55.3430163471
54.8712098954
54.357210833
53.7916475084
53.1625278448
52.4513103781
51.6358539917
50.677622491
49.5279966127
48.0260852358
46.7627381599
46.7493829599
47.4170914986
48.2471971633
48.9904353314
49.5945580722
50.1012967082
50.5662516752
50.9077439605
51.0376114095
50.8913576128
50.4207177479
49.5204265621
48.2646801
46.8188912187
45.313852994
43.8609819458
42.6540764085
42.0222707165
42.0101605298
42.7165980698
44.3288743722
46.884632293
49.5418362877
48.192263194
42.4596664135
34.5084517685
28.6654793015
31.2333716502
28.5685659185
24.3897042274
13.8107345652
5.55848520295
3.04523704104
3.15402367513
3.2558326969
3.32760046799
3.14209941263
3.00007081674
3.03800770843
3.30310946995
3.80271457504
4.58331848231
5.64918228599
6.95515664792
8.42109830342
9.98109029012
11.5594806764
13.0866627391
14.5272107923
15.8855102793
17.1677761816
18.4249440526
19.8081496463
21.5732231197
24.0542061487
27.4522045445
30.8804035819
33.8349568256
36.4864308209
38.89444608
41.1015603439
43.1424158399
45.0419694001
46.8197396604
48.4905941304
50.0660757612
51.5552194868
52.9652579761
54.3019319721
55.5687415036
56.7677534979
57.9000775554
58.9663184003
59.9671546707
60.903867652
61.7781693073
62.5915946845
63.3455913154
64.0415495673
64.680819738
65.2647469435
65.7947003529
66.2720902079
66.6983754045
67.0750623099
67.4036988867
67.6858658548
67.9231666112
68.1172162803
68.2696279687
68.3819948064
68.4558601217
68.4926776759
68.493751588
68.4601998668
68.3929497462
68.2928843144
68.1610332075
67.9985878697
67.8067951081
67.5868050079
67.3394734423
67.0652426103
66.7640029783
66.4352808886
66.0784632099
65.69271677
65.2768393196
64.8288137017
64.3454597943
63.8217306617
63.2505781997
62.6216890593
61.9216366398
61.1301405342
60.2222205414
59.1557711832
57.8751040365
56.2083275198
54.7855081743
54.7173508272
55.4640981969
56.4339079778
57.3368178476
58.0985927664
58.7559150724
59.3586353537
59.8138510686
60.0185112584
59.9008324396
59.407716433
58.4318404014
57.0514999449
55.4466786066
53.7627879101
52.1228212314
50.7383584319
49.9630789231
49.8678341903
50.5753347749
52.3163424238
55.1818271759
58.298874384
57.0092163983
50.752721753
41.8858292176
35.1363416684
37.482707271
34.275737529
29.5708507245
17.952436079
7.23764208164
3.73253780076
3.18276121412
3.65777844922
4.24167447102
4.14655058149
3.9716424249
3.99802915851
4.30402065873
4.89936558993
5.82386044052
7.06654431497
8.56373592185
10.2218023499
11.9679295921
13.72393238
15.4232726904
17.0390884527
18.5867992736
20.0843302879
21.5933798166
23.2721339453
25.3785253734
28.2407773625
32.0261994117
35.8156355978
39.1043394113
42.0653748249
44.7606836142
47.2348583807
49.5245106467
51.6564335655
53.6518119683
55.5269505705
57.2946028167
58.9647831125
60.5454631293
62.0427759892
63.4605831093
64.801381416
66.0667195974
67.2576804404
68.3754326953
69.4216434298
70.3982786897
71.3071431642
72.1499439333
72.9283099136
73.6438152287
74.2980171741
74.8924888968
75.4288390022
75.9087206299
76.3338309466
76.7059052851
77.026707894
77.2980211126
77.5216333843
77.699324246
77.8328448943
77.9238871145
77.9740423985
77.9847409163
77.9572131673
77.8924817859
77.7915119967
77.6554167359
77.4854784448
77.2830366388
77.0493250266
76.7852628175
76.4913233948
76.167383915
75.8129165027
75.4272294449
75.0093907172
74.55805758
74.0710122005
73.5447582543
72.9738080803
72.3504408359
71.6634942674
70.8982376886
70.0328335174
69.0396926789
67.8735159116
66.4721335703
64.6561415882
63.0851059418
62.9550374884
63.7704765034
64.8774380652
65.944374006
66.8725922309
67.6902299806
68.4386961884
69.0136645678
69.2978393581
69.2126922182
68.7012029076
67.6559017825
66.1580406246
64.3990197044
62.5360242238
60.7006104132
59.1164893173
58.1571506509
57.9291808298
58.5946548281
60.4468400801
63.6454232284
67.294606519
66.0920596926
59.3827632732
49.6837375671
42.0623027904
44.144959702
40.3979003067
35.0974424646
22.8686041385
9.43261098269
4.55271268246
3.39959177253
4.00000459916
4.99446583856
5.2119530242
5.04543606399
5.06748772978
5.41410411691
6.10338911346
7.16744304814
8.57965764523
10.2590226708
12.1005188049
14.0261052365
15.9569526289
17.8310728079
19.6306495865
21.3815258025
23.11159977
24.8902604591
26.8790772363
29.3343094458
32.5746695576
36.7336627402
40.8714278213
44.4863120489
47.7509509778
50.7288994432
53.4662887547
56.0013173757
58.3624118965
60.5722918579
62.6486305596
64.6053495776
66.4534132215
68.2015162831
69.8562183016
71.4218548068
72.9014122768
74.2969325118
75.6100072319
76.8422905919
77.9958285768
79.0728673358
80.0755014552
81.0057129748
81.8653829325
82.656319833
83.3803007715
84.0391075309
84.634548892
85.1684713897
85.6427597068
86.0593310699
86.4201258159
86.7270960345
86.9821927297
87.1873497602
87.3444632121
87.4553595601
87.5217544584
87.5451918485
87.5270045985
87.4683023419
87.3701234606
87.2336526211
87.0602491553
86.8513297913
86.6081969684
86.331821596
86.0227015575
85.6806997513
85.3052364214
84.8955450375
84.4506007334
83.9689297197
83.4481320846
82.8844291813
82.2719436524
81.602360566
80.8637749178
80.0403071312
79.1087645053
78.0392303621
76.7836283678
75.2740709723
73.3268758559
71.6218852245
71.4255554128
72.2982988527
73.5368420241
74.7687190334
75.8687757668
76.8531549812
77.7521967063
78.4499484907
78.8157512398
78.7649462873
78.2375116783
77.1274613544
75.5178493388
73.6080522461
71.5633988297
69.5197488343
67.7061374668
66.5133252226
66.1026325331
64.8833731734
64.4117545516
69.9063305188
76.4970891099
75.3839530904
68.2861013724
57.8433878603
49.3964597118
51.1835323175
46.9058388702
40.951238103
28.5059280847
11.8524640827
5.52800120644
3.78720585439
4.34995209381
5.4453121569
6.26222812263
6.19778034986
6.2337203265
6.62256833278
7.40266218037
8.60017142137
10.1736458533
12.0262424957
14.0434067502
16.1433045916
18.2479649175
20.3009143488
22.2933416348
24.2604759048
26.2382645211
28.3010344945
30.6107097703
33.4187509999
37.0313615352
41.5489334509
46.0210250835
49.9523494422
53.5127144699
56.7666530367
59.7613971708
62.5363910756
65.1215087608
67.5408839364
69.8134958766
71.9543970324
73.9754788474
75.8861668077
77.6934987223
79.4023731568
81.0163206266
82.5379220985
83.9693022607
85.3125994054
86.5702408242
87.7447782998
88.8386152403
89.854023276
90.793148002
91.6580416032
92.4507071985
93.1731383399
93.8273441405
94.4153619012
94.9392586498
95.4011260554
95.8030710746
96.1472042992
96.4356265093
96.6704118093
96.8535861219
96.9870950472
97.07276303
97.1122336178
97.1069299461
97.058038389
96.9666600853
96.834038878
96.6615960216
96.4508090712
96.2030333865
95.9192790505
95.600061092
95.2452268747
94.8541476665
94.4259873752
93.9596359665
93.4535013081
92.9050243203
92.3101823052
91.6627661036
90.9539559303
90.1712220093
89.2977109485
88.3090951534
87.1734526694
85.8403838027
84.2371768525
82.1787714391
80.3566880894
80.092594204
81.0108590008
82.3727508687
83.7671190443
85.0409336631
86.1950741392
87.2463023709
88.0668465112
88.5137174113
88.4967577038
87.953824863
86.781775249
85.0642929605
83.0050120914
80.7728871587
78.5023902276
76.4205165792
74.9431107354
71.3730438643
67.532106556
67.2808942776
73.2097241097
85.8782873867
84.8351260974
77.4044463567
66.3083115253
57.0930310673
58.5620343994
53.7687775306
47.1253440597
34.7533675497
14.8191991495
6.65533012209
4.31619725123
4.74274508178
5.59974750097
7.17725786873
7.3937006423
7.48211139192
7.91914703421
8.78672096505
10.1105316758
11.836474118
13.8536458171
16.0395951559
18.3099067969
20.5886032422
22.8252451615
25.0195802756
27.2149195401
29.453321503
31.8116441976
34.4496355003
37.6113203912
41.5879304725
46.4478913523
51.2390453253
55.4752431112
59.3215191198
62.8428080289
66.0870543468
69.0946443899
71.8967283919
74.5187438792
76.9809191565
79.2994063185
81.4870077889
83.5539061497
85.507673567
87.3538434115
89.0965388106
90.7389184627
92.2836595071
93.7333869283
95.0909179817
96.3591342216
97.5407651734
98.6383853815
99.6544158592
100.591160141
101.450851914
102.23569791
102.947905954
103.589699656
104.16332136
104.671027841
105.115081324
105.497737812
105.82123329
106.08776635
106.299476128
106.4584103
106.566485241
106.625428317
106.63673908
106.601668702
106.52136948
106.397131198
106.230421572
106.022762108
105.775544719
105.489805537
105.166068849
104.804164931
104.403419517
103.962933396
103.481520986
102.957488053
102.388141543
101.76925779
101.094359259
100.354218898
99.5358101321
98.621496058
97.5860498545
96.3958981054
94.9988023612
93.3182066573
91.1701879884
89.2500917466
88.9195335585
89.8716949361
91.3464391102
92.8976150984
94.3435990843
95.6670431131
96.8687964214
97.8090922751
98.3337079611
98.3475729416
97.7872373043
96.5535172579
94.7295228268
92.5191027154
90.0892722123
87.5660591675
85.173045419
80.4654445665
73.9163449646
70.4808553465
70.5850281892
76.5961292863
95.3897327889
94.4065642015
86.6836320752
75.023352225
65.1061975487
66.2433688467
60.9541537935
53.6172403963
41.4667602593
18.5247452605
8.06028140326
4.97292137093
4.94589814871
5.71639057525
7.81029755502
8.57508862318
8.79264292806
9.29292625481
10.2462094947
11.6888763039
13.5582886622
15.731713854
18.0803067125
20.5180792642
22.9718436542
25.397338331
27.8021232542
30.2361396678
32.7457035024
35.4081221497
38.3788239061
41.8921424954
46.2223021228
51.4072015295
56.5007708797
61.02841977
65.1488546153
68.9268859493
72.4108255536
75.6417327083
78.6518761108
81.4678962624
84.1112187638
86.5990710904
88.9451695203
91.1604476831
93.25311179
95.2293726235
97.0939878242
98.8507253373
100.502830925
102.053422028
103.505718243
104.862952911
106.12819693
107.30433923
108.394085063
109.399994985
110.324535824
111.170126972
111.939171448
112.634072859
113.257239997
113.811083635
114.298008197
114.720400365
115.080615245
115.380958762
115.623665388
115.810866662
115.944552862
116.026518066
116.058322888
116.041269889
115.976549973
115.865485248
115.709574324
115.510365671
115.269271191
114.987339623
114.665096259
114.302352522
113.898392449
113.45226133
112.962710253
112.427960764
111.845214008
111.210091993
110.515916651
109.753157413
108.908426747
107.963505324
106.892514889
105.660606694
104.214211196
102.473952831
100.259172722
98.2619593836
97.8688949901
98.8439444025
100.419206481
102.118461629
103.731539763
105.220317249
106.567626889
107.621550451
108.217697768
108.256559294
107.674123282
106.376091756
104.443734444
102.07664196
99.4331903592
96.6260373879
92.1152128524
82.8428763779
76.7372179653
73.733896622
74.0894714786
80.2476837293
101.58528472
104.072208399
96.0712045214
83.934039957
73.3894991506
74.1891568219
68.4276372657
60.4230785708
48.5015050319
23.0976738828
9.87701582731
5.76615584972
5.00055584318
5.88824454192
8.04552852721
9.64489070337
10.1335001004
10.7300928988
11.7718499764
13.3267398549
15.3307819328
17.6525082868
20.1581906172
22.7611182337
25.391392106
28.0107667307
30.6336558052
33.3151190881
36.1040091005
39.0762891308
42.3812290231
46.2415246546
50.9127065516
56.4037724678
61.7816448374
66.585461831
70.9663867184
74.9886250595
78.7005478956
82.1436498198
85.3511726487
88.3508678976
91.1653113606
93.8127862024
96.3079256823
98.6624303551
100.885216512
102.983209347
104.961835574
106.825497074
108.57802148
110.223026456
111.764147881
113.204990122
114.548978188
115.799324449
116.959024724
118.030899873
119.017650191
119.921905079
120.746257234
121.493282045
122.16554412
122.76559545
123.295968048
123.759163153
124.157637644
124.493786544
124.769920852
124.988236933
125.150780096
125.259393033
125.315680837
125.320982842
125.276515307
125.183619001
125.043808102
124.858641338
124.629534182
124.357534503
124.04316014
123.686201693
123.285905692
122.841271423
122.350999875
121.813248509
121.225143051
120.582200388
119.877612944
119.101654362
118.24071751
117.276208213
116.181852864
114.921917025
113.442021568
111.661003721
109.403222461
107.35119661
106.90202531
107.889930518
109.551972679
111.387774737
113.159463101
114.806098647
116.290675547
117.448974959
118.107374623
118.162229951
117.549686495
116.181131755
114.134607859
111.600423237
108.721681096
105.058223009
94.2893405879
85.4219875331
79.7571056982
77.0302781318
77.7428871229
84.1645597466
106.107430314
113.807290753
105.515376103
92.9864725276
81.8955929127
82.3594203122
76.1532588184
67.5338100964
55.7390773582
28.6374574638
12.2552590548
6.72324245343
5.30083688974
6.17456389862
7.96116447266
10.4598552028
11.4502438349
12.2099524113
13.3527399015
15.0159148197
17.1465273474
19.6090955986
22.2667821768
25.0329412462
27.8412306499
30.6590252354
33.506497041
36.4423125009
39.5162924844
42.801511433
46.4394870593
50.6395892508
55.6372616993
61.4143455506
67.0568920128
72.1197510346
76.7456221531
80.9976664958
84.9240379037
88.5664568979
91.9590045563
95.1304596249
98.1045046887
100.900461746
103.533885803
106.017268971
108.360294556
110.570632445
112.654404974
114.616665755
116.461834327
118.194036845
119.817339118
121.335732397
122.753005496
124.072700317
125.298106621
126.432306123
127.478230375
128.438713841
129.316531277
130.114419752
130.835087337
131.481212938
132.055440211
132.560367667
132.998535658
133.372409295
133.684356696
133.936619525
134.131278767
134.270206969
134.355036212
134.387127018
134.367707354
134.298123261
134.179889771
134.014559797
133.803536457
133.5478535
133.248012756
132.903781853
132.514375122
132.078755804
131.595589721
131.062991994
130.478044916
129.836210982
129.130625973
128.351477295
127.485082537
126.512682605
125.407868653
124.134415283
122.637658986
120.835658124
118.559198412
116.475662959
115.978950162
116.970919113
118.705028243
120.663330986
122.581873214
124.375438902
125.98568308
127.235914567
127.943975689
128.002180389
127.34762065
125.898116033
123.726906542
121.009991078
117.799013592
107.111735028
96.4986968439
88.1931564795
82.8099500838
80.4295418141
81.5941736523
88.4517485127
111.063507347
123.566209089
114.965171577
102.127515783
90.5762356069
90.7124681649
84.0935668025
74.9330547503
63.1008016045
35.1876643122
15.3797502194
7.89333112206
5.8378840656
6.5951319669
7.87206513145
10.8636060397
12.650221438
13.6980035583
14.9734907594
16.747069325
18.9981566741
21.5949542098
24.4000110195
27.3276579446
30.3152507337
33.335233136
36.412367885
39.6074574115
42.9698788525
46.5684867272
50.5356563034
55.0659658061
60.3736315905
66.4151607703
72.3012114678
77.6041837001
82.457647635
86.9233179469
91.0488802235
94.876095946
98.4397620485
101.769608067
104.890382562
107.822430609
110.582234327
113.183102067
115.635524852
117.947939668
120.127182334
122.178968748
124.108316406
125.91986705
127.618128199
129.20748989
130.692110845
132.075865108
133.362336392
134.554864741
135.656607999
136.670598291
137.599782661
138.447047868
139.215231484
139.907123662
140.525462628
141.072926
141.552118641
141.965556303
142.315644554
142.604650698
142.834671902
143.007591508
143.125050494
143.188414311
143.198908887
143.157872763
143.066808064
142.927246804
142.740564628
142.507768342
142.229335141
141.905008319
141.53397507
141.115173773
140.647251282
140.128303259
139.555401476
138.924005223
138.227266897
137.455396913
136.594782176
135.626706967
134.524886759
133.252996985
131.756608123
129.953957855
127.683357882
125.592202871
125.058360214
126.047013132
127.837908834
129.902481869
131.953042843
133.879258424
135.600288413
136.926718554
137.668199391
137.712882684
136.99983899
135.454156226
133.143740405
129.798999615
119.849605486
108.976889111
98.9640843169
90.9919116312
85.9492442901
83.9663642077
85.6333122116
93.1078058653
116.62094686
133.281493352
124.369196354
111.304794858
99.3823959696
99.2049427449
92.209771979
82.5963552285
70.5489703222
42.7063936481
19.0320746878
9.34466006102
6.58552696262
7.02570116318
7.87174149767
10.8069033997
13.589065987
15.1343880818
16.6093168593
18.5075000818
20.877165967
23.60323674
26.5516702823
29.6391496765
32.8069133618
36.0318636944
39.34217584
42.7993890083
46.4511778793
50.3610321046
54.6509692422
59.4995072516
65.0987190949
71.3816579026
77.4885020658
83.0109207888
88.0729074918
92.7343603586
97.0422636982
101.038254547
104.757731447
108.231304712
111.484749435
114.539417132
117.412721016
120.118804503
122.668992525
125.072502521
127.336892311
129.468542773
131.473070313
133.355636498
135.121199122
136.774554401
138.320232973
139.762439672
141.105048443
142.351651789
143.505625924
144.570190678
145.548453428
146.443436819
147.258092461
147.995304917
148.657889029
149.248582756
149.770036178
150.224796132
150.615286074
150.943779506
151.212370499
151.422934197
151.577102101
151.676227948
151.721522094
151.714303754
151.6560497
151.548257266
151.392260599
151.189027194
150.939001874
150.641901984
150.296893046
149.90290074
149.458570153
148.962000991
148.410287596
147.798936588
147.121189143
146.367385531
145.524124091
144.572935307
143.487913233
142.233015402
140.754547375
138.971813835
136.731480043
134.656773643
134.097706127
135.077162409
136.909373451
139.062162867
141.227076743
143.268456549
145.082152587
146.465605852
147.22015011
147.229505026
146.436405745
144.77679078
140.961089559
131.895195663
121.520552625
111.138033094
101.444107237
93.8604973339
89.1976903188
87.6261619159
89.836870189
98.0871921638
122.721173269
142.873813645
133.674475504
120.466486698
108.264430802
107.791993754
100.461874477
90.4914518059
78.0786463776
51.053704379
23.2137170928
11.1755584401
7.52471346388
7.02571402094
8.04779321641
10.5367481033
14.0869199826
16.4168711826
18.2176153637
20.277319391
22.7719946246
25.6256917382
28.7147283145
31.9605761562
35.3088732049
38.7404497299
42.285775208
46.0058262107
49.9454677104
54.1618475412
58.765568016
63.9179985368
69.7883587482
76.2881790403
82.5915894676
88.311143289
93.5609921683
98.3988714638
102.87083978
107.018257654
110.877018463
114.478548837
117.849611204
121.012543716
123.985691258
126.784041119
129.419764766
131.90286329
134.241614981
136.443059765
138.51340749
140.458339293
142.283267468
143.993396806
145.593627312
147.088488921
148.482138061
149.778410267
150.980889131
152.092969616
153.117905339
154.058839294
154.918820348
155.700809675
156.407680176
157.042211094
157.607078424
158.104840797
158.537920436
158.908578194
159.21888635
159.470693268
159.665602643
159.804939728
159.889886316
159.921731791
159.901916728
159.831891686
159.712936356
159.545967757
159.331391242
159.068896354
158.757632907
158.396526917
157.984239608
157.518898301
156.997652382
156.416104563
155.767654325
155.042874221
154.228710923
153.30713481
152.252862729
151.030498018
149.587555273
147.845208456
145.659069945
143.624655095
143.053386003
144.019274144
145.877474348
148.0989837
150.358050749
152.494093798
154.379143402
155.796765107
156.539286732
156.485936085
155.589502236
151.44021652
143.116581017
133.50232093
123.452332155
113.289153893
103.970242098
96.8227628885
92.5429727187
91.3995935978
94.1926512972
103.355451946
129.366012677
152.260137436
142.826568097
129.561179155
117.172303323
116.427557045
108.808786429
98.5792657863
85.7047528479
60.0094034055
28.4176338205
13.5295285846
8.66448116133
7.396179841
8.44272767771
10.2992738364
14.0336796339
17.3841192291
19.7240779488
22.0229043475
24.664782471
27.6509260926
30.8803008202
34.2836941256
37.8124858485
41.4512040799
45.2316548556
49.2130903497
53.4366162202
57.9522230918
62.858191043
68.2978242533
74.4169754074
81.107639749
87.5819250704
93.4747863776
98.8904136068
103.884044249
108.500583017
112.780967268
116.761483889
120.474316301
123.947174511
127.20335782
130.262138584
133.139343554
135.847990353
138.398855771
140.800926311
143.061885519
145.188523421
147.187034456
149.063284396
150.822883628
152.471094057
154.012760398
155.452309613
156.793807173
158.041029923
159.197532829
160.266699586
161.251776431
162.15589159
162.982064362
163.733206823
164.412120489
165.021488325
165.56386207
166.041644428
166.4570657
166.812158619
167.108726958
167.3483286
167.532243658
167.661613263
167.737688103
167.76186379
167.735533489
167.659911357
167.535854162
167.363720953
167.143171545
166.873346557
166.55318617
166.18138602
165.756124105
165.274635881
164.732665985
164.123837587
163.439051588
162.665732018
161.786470261
160.776835491
159.602416535
158.212374974
156.53046093
154.421628762
152.450729492
151.88101297
152.830412979
154.699709918
156.96939029
159.300214625
161.50763095
163.439558869
164.864460868
165.564535855
165.418772528
161.539377658
153.686826694
144.743158814
135.279073192
125.338031484
115.453560881
106.58018073
99.8679130039
95.9770651582
95.2847833781
98.6930995732
108.887801055
136.543074912
161.360064375
151.770618983
138.537947931
126.055856918
125.06472577
117.20847457
106.815324748
93.4487303026
69.3190105844
34.7961624437
16.6256430216
10.0447952882
8.13462268003
9.04670789506
10.2000823762
13.6493526997
17.8291106994
21.0024433241
23.6857758622
26.5258119069
29.6614760112
33.03598592
36.597808149
40.3070788908
44.1524690464
48.1664879884
52.4057038602
56.9066941666
61.7116479586
66.9057705063
72.6135557867
78.9571702743
85.8111335121
92.4292261662
98.4702258745
104.028344702
109.155980587
113.896636089
118.290674019
122.374676707
126.181529764
129.739850586
133.07387138
136.20376538
139.146196103
141.91500852
144.52173515
146.976047162
149.286245957
151.45967934
153.503041444
155.422644612
157.224496209
158.914207455
160.496922759
161.977323395
163.359688009
164.647969533
165.84586532
166.956871105
167.984317911
168.931394562
169.801159605
170.596545423
171.320357188
171.975266592
172.563800805
173.088325909
173.551025082
173.953875046
174.29861828
174.586749408
174.819487059
174.99792082
175.123255994
175.196836207
175.219989143
175.193854365
175.119219703
174.996391489
174.824997704
174.604176938
174.33289807
174.009909471
173.633461774
173.200905238
172.708168191
172.149157207
171.515189487
170.794285042
169.969821627
169.018431204
167.906998033
166.586725035
164.984544254
162.974979903
161.089821948
160.535752406
161.467080864
163.333253
165.629890454
168.008248241
170.261210311
172.212370404
173.613227728
174.236993919
171.603369272
163.954740826
155.37666492
146.411566064
136.966679466
127.197060143
117.683427793
109.265724391
102.986087115
99.4969687005
99.2796064582
103.331846237
114.663408414
144.22638579
170.100690597
160.452920097
147.346706089
134.865169565
133.656207243
125.618150729
115.151393165
101.327682958
78.7470590496
42.4436534684
20.7576683295
11.7343093553
9.17863077451
9.40062541843
10.355451899
13.2414970809
17.6342890554
21.8565115801
25.1646724198
28.3040262851
31.6287977111
35.1630658333
38.888059344
42.7787978856
46.8298630538
51.0744456722
55.5657911774
60.3354143196
65.41726259
70.8828864336
76.837407272
83.3791873227
90.3674281374
97.1010229087
103.263888863
108.940299968
114.179441341
119.023123729
123.510966988
127.679752189
131.563018801
135.190251482
138.586580266
141.773040738
144.767119565
147.583455871
150.234305471
152.729988958
155.079388827
157.29037793
159.370128076
161.325385044
163.162538894
164.887532409
166.505789886
168.02222653
169.441313886
170.767160929
172.003587542
173.154181834
174.222340094
175.211292448
176.124117764
176.963750236
177.732980842
178.434452859
179.070652567
179.643893913
180.15629807
180.609770941
181.00597841
181.346335137
181.631982351
181.863948843
182.043389889
182.17159302
182.249814754
182.279112997
182.260199277
182.193321098
182.078072041
181.913596652
181.698907733
181.432824406
181.113690215
180.738995792
180.304889741
179.805614658
179.23298226
178.575714524
177.818122279
176.938087705
175.904065765
174.669645369
173.16544298
171.275641041
169.497091813
168.972718633
169.885566783
171.735246574
174.037335021
176.437560247
178.707964212
180.647491697
181.988821804
181.646356752
174.322397935
165.713902402
156.95962186
147.942637388
138.585862366
129.087879615
119.975511268
112.01480304
106.172202142
103.099401924
103.381417464
108.104279437
120.665690976
152.395785674
178.419914409
168.82268374
155.938822094
143.551011378
142.154861554
133.994535736
123.537108216
109.347230727
88.117237961
51.35119286
25.6517017472
13.8463612126
10.4674097118
9.6838918512
10.818539009
12.9256598536
17.0682994606
22.0415179246
26.2905837958
29.9112405797
33.5047176628
37.2317480358
41.1325644058
45.2087191973
49.464914395
53.9361204293
58.6721626135
63.6992978878
69.0430684453
74.7610014565
80.9384923366
87.6502000797
94.7423038325
101.56207229
107.819757893
113.589734269
118.917535452
123.842921967
128.404570653
132.639365375
136.581461056
140.261171909
143.704482885
146.933247653
149.965744943
152.817363031
155.501036074
158.027687106
160.406731563
162.646523352
164.754680783
166.73836377
168.604325325
170.358817107
172.007519028
173.555555974
175.007568916
176.367800285
177.640170735
178.828339803
179.935748849
180.965649846
181.921123414
182.805087825
183.62030318
184.36936866
185.054715118
185.678590782
186.243042038
186.749891165
187.200713822
187.596828718
187.939284575
188.22904154
188.467203202
188.654999833
188.793613721
188.884016285
188.92683676
188.922257723
188.869834907
188.768727844
188.618009211
188.416586265
188.162913475
187.854643471
187.48817539
187.058132018
186.556886744
185.97395485
185.294705781
184.498432833
183.55539822
182.421867262
181.032540769
179.281231544
177.628464842
177.147420158
178.042355166
179.863157033
182.149244271
184.544616408
186.80233518
188.696110993
189.940254858
184.898244451
176.146506044
167.209236048
158.351071992
149.36377985
140.192873687
131.01332208
122.318138947
114.82102514
109.421456045
106.780698954
107.587926549
113.007590574
126.881753849
161.03911941
186.268319237
176.833796212
164.267960731
152.065416857
150.514317168
142.294215818
131.921472021
117.497971573
97.3292271585
61.3680627713
31.142526484
16.5657123014
11.8961076478
10.4086345695
11.5808681119
12.8727664194
16.4657106781
21.5117022533
26.8136821441
31.1978855199
35.2070711672
39.1930877807
43.2975999212
47.5697255039
52.0328428699
56.7268160552
61.6988961453
66.9704188331
72.5587700281
78.507368473
84.881788751
91.7333407823
98.8976711267
105.773593365
112.098736408
117.937537416
123.331333167
128.317372676
132.933141716
137.215534161
141.199299628
144.915552111
148.391083454
151.648515225
154.706872527
157.582236227
160.288161855
162.836116604
165.235989345
167.496559196
169.625850315
171.63141183
173.520335084
175.299153484
176.973774348
178.549504629
180.031128561
181.4229974
182.729109362
183.953173692
185.098656401
186.168812161
187.166705593
188.095222483
188.957076977
189.754810346
190.490785616
191.167174039
191.78593689
192.348802375
192.857243848
193.312470265
193.715421791
194.066984024
194.368211029
194.620277825
194.82429226
194.981136838
195.091353891
195.155054549
195.171751582
195.140630007
195.060839171
194.931390894
194.750865839
194.517095541
194.226752509
193.874874141
193.45445058
192.955865495
192.365649186
191.664637522
190.825094677
189.806195646
188.547025896
186.950903664
185.44109453
185.016240972
185.894579675
187.675172422
189.924166431
192.287282309
194.500427819
196.312282304
195.269710992
186.885584189
177.53287831
168.450924217
159.588643039
150.723669129
141.795102016
132.965454134
124.705522711
117.678830699
112.728732904
110.5374508
111.897022295
118.040503297
133.300444167
170.149055291
193.609912577
184.446382942
172.291074113
160.362368424
158.689655225
150.474101274
140.254112125
125.754862449
106.352529586
72.202707296
38.0002410551
20.1934778967
13.5693327572
11.5149445808
12.0543476507
13.2014547375
15.968112342
20.6827715023
26.4674353151
31.9238317425
36.596535635
40.9654379691
45.3295244228
49.8213252716
54.4989435638
59.4138164384
64.6131296859
70.1144997035
75.9280647648
82.0834579846
88.6266842329
95.5863712004
102.790394368
109.692273554
116.05784407
121.941406777
127.379394677
132.405940087
137.057025169
141.369472586
145.378637758
149.116422588
152.610376685
155.883836619
158.956516784
161.845123764
164.563766783
167.124388746
169.537281716
171.811582144
173.955670078
175.977454537
177.884336713
179.683101046
181.379850912
182.980045138
184.488583067
185.909898762
187.248043989
188.506755789
189.689504776
190.799529989
191.839863651
192.813344142
193.722626605
194.570182845
195.358298171
196.089058307
196.764331518
197.385744913
197.95466014
198.47216259
198.93906716
199.356181391
199.724516461
200.045197644
200.319261186
200.547500858
200.73036884
200.867897206
200.959547766
201.004543627
201.002128689
200.951434537
200.851180152
200.699387503
200.493016759
200.227543408
199.8966167
199.491546328
199.00010067
198.404757897
197.679934874
196.787890973
195.672301645
194.245784226
192.89383903
192.5369432
193.400506239
195.130629144
197.322050386
199.62515679
201.76026549
203.451602977
197.758049112
188.189004977
178.581350858
169.487336841
160.712053436
152.032304102
143.38979868
134.941434123
127.132923329
120.582191886
116.089175719
114.366423681
116.306471861
123.203496582
139.911081862
179.716882691
200.422010545
191.62808107
179.969456317
168.398571396
166.638148533
158.491986767
148.486281108
134.078733216
115.205149473
83.4798654099
46.387658291
25.1665431386
15.6570966332
12.9111473831
12.4895609926
13.9482661238
15.7785973231
19.8523197324
25.4476726787
31.769186726
37.4440672298
42.4123486568
47.1413824418
51.9011141382
56.8127074614
61.9520247739
67.3716213427
73.0880187517
79.1061119043
85.4426896681
92.1249328649
99.1598687267
106.370736451
113.268997094
119.649218909
125.555091588
131.017218163
136.065818472
140.734980347
145.061405046
149.081121155
152.826840598
156.326826143
159.60508121
162.68194465
165.57467411
168.297856501
170.863833914
173.283221952
175.565434727
177.719149662
179.752604054
181.673478158
183.488774417
185.20475891
186.827010553
188.360514599
189.809761394
191.178832177
192.471470449
193.691132429
194.841024637
195.924132447
196.943234019
197.900914959
198.799568695
199.641395415
200.42839036
201.16232455
201.84471933
202.476818111
203.059569754
203.593644838
204.07977204
204.518931808
204.912209059
205.260574559
205.564736362
205.825054578
206.041472603
206.213388453
206.34007911
206.420902368
206.455123386
206.441608192
206.378574794
206.263275563
206.091635365
205.857992104
205.554620883
205.170579124
204.690053678
204.089719624
203.335036856
202.374387075
201.129411678
199.947737676
199.66917358
200.520025555
202.190445897
204.304609308
206.519891741
208.542877642
208.072093058
199.07144949
188.976691181
179.356237224
170.352756958
161.733017022
153.292302074
144.978494487
136.939414379
129.594895756
123.525227887
119.498250535
118.264365628
120.813776963
128.499584373
146.70267333
189.706324699
206.694547977
198.354968537
187.269770281
176.134284939
174.320034596
166.307202092
156.571614322
142.419224399
123.927523655
94.8289070136
56.3372711478
31.4086426382
18.3822564581
14.5794127877
13.5109106835
15.0120406274
16.0619766926
19.1952982197
24.3372532624
30.6944729104
37.4187344456
43.3099542824
48.591241487
53.7108860379
58.8983456474
64.27703724
69.9154098481
75.8338263601
82.0357963764
88.5271727197
95.3178001606
102.394778386
109.580340808
116.447261908
122.818925764
128.727527418
134.196635535
139.251522188
143.923906827
148.25038872
152.267832804
156.009840769
159.505357439
162.779020407
165.85172511
168.741201925
171.462434865
174.028083909
176.449001385
178.734788156
180.894353315
182.936231866
184.868352287
186.697901349
188.431273935
190.074136944
191.631532431
193.107981044
194.5075703
195.834030294
197.090785717
198.280995812
199.407587241
200.473267839
201.480545521
202.431730327
203.328933665
204.174057672
204.968775262
205.714501379
206.412357946
207.063144885
207.6673649
208.225669911
208.73902891
209.208500152
209.63499856
210.019152565
210.361229643
210.661071655
210.917992043
211.131342381
211.300615768
211.425223267
211.504183308
211.535909191
211.517938903
211.446644446
211.317069599
211.122475749
210.853233257
210.495269717
210.027578417
209.418878499
208.622292016
207.568151123
206.566468317
206.374952893
207.215131094
208.81753768
210.835642253
212.935380044
214.811080012
209.776735354
199.614631259
189.404246147
179.900395193
171.061191637
162.65919957
154.510169924
146.563803988
138.956698463
132.085908794
126.502381667
122.951618056
122.227897539
125.416005825
133.935402775
153.658923918
200.04369804
212.429068923
204.612140546
194.164955863
183.534160823
181.699295357
173.881332454
164.466697319
150.718519885
132.560003875
105.960808629
67.6977599175
38.1162722659
22.0864912207
16.5658075795
15.0005419276
15.3688259169
16.8852122937
18.9531964054
23.2906643323
29.2714538878
36.2858263307
43.3194117182
49.4496104175
55.094607574
60.6397669925
66.2942679339
72.1616035438
78.274555332
84.6422592248
91.2630685352
98.1321256971
105.219175891
112.349693917
119.161295146
125.505620206
131.401927202
136.865227575
141.914526618
146.578630961
150.894197283
154.899247467
158.628437933
162.11140511
165.373402822
168.435822714
171.316791919
174.031611785
176.593178939
179.012491753
181.299236453
183.462482699
185.511038819
187.453053634
189.295866063
191.045967062
192.709080559
194.290277731
195.794085345
197.224575969
198.585448933
199.880083051
201.111578516
202.282793637
203.396361093
204.454706344
205.460053311
206.414424212
207.319629491
208.177246904
208.988588532
209.754655568
210.476087211
211.153186647
211.786534326
212.377116509
212.925983401
213.434007404
213.901746686
214.329377
214.716621153
215.06267426
215.36699103
215.629224313
215.848942054
216.025317349
216.156951398
216.241648369
216.276209882
216.256391882
216.176444574
216.028047766
215.798867203
215.470229232
215.014115629
214.388348365
213.531567634
212.716763613
212.619123571
213.450353481
214.977175963
216.881280884
218.838141071
219.403787947
210.210733592
199.618540021
189.532367365
180.231452512
171.624403925
163.502320672
155.694044904
148.147736972
140.990223644
134.600596871
129.508293993
126.445041474
126.25341579
130.109499534
139.523369447
160.751507078
210.76809489
217.637684212
210.393936779
200.634928717
190.568034033
188.74441083
181.178978846
172.131509133
158.915319365
141.127802686
116.706306334
80.1078407965
46.5546036052
27.3590060927
19.0145717782
16.8272796933
16.4573290476
18.1745687419
19.3208450708
22.5569986745
27.8779387377
34.5367995885
42.0847801789
49.3636966524
55.8055138771
61.8574565042
67.8622275068
73.9909774118
80.3028690807
86.8250178077
93.5541154542
100.475013841
107.544131802
114.595098114
121.333977668
127.639214977
133.514982001
138.965904137
144.003088948
148.651861886
152.949357974
156.93532705
160.645766223
164.111078008
167.357137358
170.4057884
173.275489316
175.981786974
178.537740045
180.954403163
183.241436518
185.407995696
187.463152012
189.415253621
191.271763293
193.039238377
194.723431619
196.32941858
197.861711123
199.324348929
200.720986405
202.05494578
203.329262248
204.546720048
205.709873668
206.821065849
207.882435768
208.895919721
209.863241554
210.785890742
211.665084666
212.501709645
213.296233525
214.048714618
214.759670622
215.430147067
216.061210351
216.653707294
217.208138437
217.724590517
218.202643651
218.641319736
219.04021788
219.399179633
219.717939912
219.995826206
220.231613395
220.423337164
220.568193468
220.662648364
220.701925802
220.678984283
220.583190704
220.398175088
220.099132375
219.64847778
218.992735426
218.368760741
218.369726264
219.193116176
220.637252416
222.410090929
224.19718675
220.172206945
209.798594799
199.231515109
189.385044806
180.363233423
172.059219827
164.277119248
156.852316436
149.731882907
143.036759792
137.133633176
132.537683612
129.974297444
130.337044069
134.889606115
145.28639506
167.963610678
221.769231172
222.342555345
215.703711011
206.666982213
197.211610135
195.42904934
188.168522069
179.529805091
166.948591147
149.633699865
127.010186898
93.0624762676
56.8750328727
34.8820279123
22.2141695464
18.9597459525
18.1770900756
18.752754555
20.3609910564
22.4267418499
26.7038574108
32.8104768891
40.0140012967
47.9227734125
55.4683476914
62.2750979128
68.7677586567
75.2298233101
81.7674312961
88.4469321872
95.2728769851
102.226943451
109.258731463
116.21539087
122.874888876
129.139874858
134.996472612
140.436914743
145.462471206
150.094497617
154.371491019
158.335884268
162.025456649
165.471543609
168.700674662
171.735129353
174.593651168
177.291977277
179.84326873
182.258554199
184.54734618
186.718808849
188.78229252
190.746335139
192.618501228
194.405389676
196.112758247
197.74566647
199.30859353
200.805536401
202.240094261
203.615527055
204.934801874
206.200629118
207.415486811
208.581638961
209.701145469
210.775863758
211.807439804
212.797285521
213.746536669
214.655977101
215.525895579
216.356037403
217.146870265
217.899560595
218.615221663
219.294694478
219.938437314
220.54645308
221.11814863
221.652283038
222.148662276
222.607352456
223.028265482
223.410881091
223.754126593
224.05621598
224.314682469
224.526696336
224.688423898
224.794045015
224.834557006
224.795820966
224.65614507
224.382373566
223.928457376
223.496254826
223.598270651
224.413970056
225.768395944
227.393015122
228.529400222
219.455932567
208.790598129
198.491371952
188.979545594
180.318135604
172.388484032
165.000326522
157.993340764
151.317322965
145.092710047
139.679571903
135.585237913
133.535075021
134.474769169
139.750669853
151.25423742
175.388389177
229.76644171
226.576080606
220.552875717
212.255848
203.447004957
201.73265297
194.822849091
186.629487144
174.760770082
158.057084613
136.89579733
106.046939942
68.9789321857
42.2830126086
26.6630223513
21.4546807529
20.0852436409
20.0140066556
21.4994441159
23.0921400684
26.0843669667
31.2390142997
37.9411439902
45.5269746034
53.6667915235
61.4849042177
68.6922666331
75.6248874227
82.4537161251
89.3195190909
96.2495814646
103.233415829
110.224726637
117.089079546
123.679157747
129.917973637
135.769832495
141.212739244
146.235925117
150.85656284
155.11617895
159.061405641
162.73242287
166.161780516
169.3767197
172.399976945
175.250566073
177.944385028
180.494662011
182.912334557
185.206633716
187.386650119
189.462075319
191.441643488
193.333005952
195.142783914
196.87672459
198.539856256
200.136615271
201.670948699
203.146398228
204.566161993
205.933141931
207.249980228
208.519085483
209.742651633
210.92266904
212.060927073
213.159005922
214.218254029
215.23974341
216.224176206
217.171661473
218.081525689
218.954204875
219.791078904
220.593345329
221.36185943
222.09705362
222.798855814
223.466463443
224.098225291
224.694253213
225.254884745
225.780219633
226.269886002
226.722934894
227.137682211
227.511912834
227.843499237
228.129504477
228.365247085
228.543251163
228.651493684
228.67124696
228.573571581
228.319365437
228.076820915
228.279859033
229.086654248
230.343882794
231.803602607
228.046786228
217.831268896
207.345698945
197.424565296
188.345395745
180.129546926
172.640076697
165.689624141
159.124740119
152.904151654
147.153840534
142.232696282
138.645493248
137.122882986
138.662715717
144.68658976
157.431822032
183.226118253
233.209765136
230.37860284
224.959652006
217.403514025
209.263102841
207.640876691
201.119998212
193.402985974
182.300206306
166.357440749
146.421385566
118.660151246
82.4924597459
51.6695192564
33.1934946195
24.3587495452
22.2869051034
21.9185538927
22.5519627143
24.5162592376
26.3266229691
30.1698150344
36.0125004832
43.1279416452
50.9183299273
59.1647170426
67.1879488758
74.8133080927
82.0602394047
89.185220001
96.2594284935
103.296141364
110.272227702
117.073392859
123.628454667
129.876143202
135.754565339
141.226573749
146.266984979
150.889191508
155.14069466
159.074554891
162.73429738
166.153911295
169.361462261
172.380218817
175.229491144
177.925341323
180.481062815
182.90746766
185.213355659
187.40764675
189.500517382
191.500921297
193.416589967
195.254154775
197.019341382
198.717140475
200.351943157
201.927647558
203.44774312
204.915373989
206.333386845
207.704367443
209.030667725
210.314425177
211.557574646
212.761851757
213.928785762
215.059678011
216.155558442
217.217078131
218.244182358
219.23560961
220.191792532
221.114468437
222.004961332
222.864155015
223.692469891
224.489773354
225.255018352
225.985897
226.682992103
227.34697766
227.978152537
228.576285673
229.140515115
229.669152796
230.16010953
230.611975511
231.022653758
231.388495086
231.703414103
231.957345333
232.134325951
232.209380461
232.149867029
232.091761683
232.393111764
233.187918894
234.339327002
234.732276782
225.841739342
215.539537497
205.485843764
196.070303474
187.531317494
179.840697559
172.844597871
166.361848421
160.252296763
154.490912952
149.215016638
144.786864626
141.712730421
140.732973611
142.89717769
149.691955172
163.783929313
191.549823377
236.299550358
233.790144434
228.947848843
222.118892803
214.655703727
213.145845822
207.043680752
199.827653352
189.522810239
174.480435135
155.64444816
130.673399562
96.8073457461
63.2588094235
41.9550097851
28.4933013206
24.8216110795
24.2190332182
24.3722984263
25.4444666436
27.5433591531
29.9967511855
34.5514834082
40.8921368173
48.241991517
56.0850435952
64.2551870668
72.3749019693
80.1789051019
87.7005397999
95.0118100116
102.166799297
109.199737799
116.008231809
122.596499715
128.915284446
134.871925537
140.415475004
145.503840286
150.148217417
154.407045039
158.34291634
162.003850919
165.425402365
168.636575069
171.661313569
174.519296715
177.226787486
179.797184539
182.241187358
184.566966087
186.783130906
188.900642687
190.928733494
192.875212788
194.746716696
196.54894743
198.286861021
199.964810156
201.586654133
203.155843542
204.675483842
206.1483829
207.577087337
208.963909919
210.310949014
211.620100718
212.893062902
214.131329189
215.336169272
216.508592449
217.649236267
218.757934161
219.832538976
220.873542021
221.883282614
222.86324729
223.814344966
224.736989639
225.631010785
226.495102737
227.325878852
228.124684628
228.892625093
229.630203753
230.337312249
231.013130593
231.655823628
232.263241502
232.834751004
233.369031799
233.863337833
234.312803659
234.709117369
235.038826427
235.280634259
235.407894218
235.525825586
235.919828693
236.697022903
237.732048075
232.420979724
222.651068403
212.750600697
203.271346813
194.500954432
186.603235932
179.500306204
173.031713975
167.030705032
161.378779891
156.074082795
151.269975231
147.335389541
144.780913641
144.360277464
147.174196552
154.762397885
170.26982882
200.25342441
239.056022067
236.845348714
232.545075506
226.417158934
219.627423337
218.246201717
212.583640402
205.886140108
196.392956284
182.365022433
164.600346094
142.017103911
111.247821335
76.869403397
51.0312974423
34.8149425495
27.9884725848
26.7794419202
26.8131737102
27.2653484548
28.5195470783
30.938309345
34.01070803
39.1234529973
45.7660005671
53.2003933766
60.9739235401
68.9025073374
76.8578966087
84.6270425563
92.1825648043
99.5529419924
106.785925902
113.730733253
120.463165607
126.94751075
133.055959258
138.729663976
143.906811963
148.600100452
152.886904402
156.84326234
160.522821873
163.962426068
167.192087567
170.236684978
173.116402015
175.847774373
178.444382813
180.916889009
182.976318018
184.446821171
185.85078609
187.219621872
188.579852579
189.94622713
191.329050416
192.735479931
194.170832565
195.639267456
197.144139053
198.688128505
200.273367731
201.901558735
203.574023053
205.291631288
207.054686417
208.862664264
210.713843802
212.604196073
214.527939715
216.471227746
218.42029961
219.889654612
221.016480293
222.114282928
223.184684217
224.228581572
225.24637356
226.237879827
227.201594081
228.132274566
229.032621352
229.904299493
230.74799475
231.563679037
232.350523698
233.106357986
233.82868559
234.517804262
235.173105601
235.792591585
236.372405765
236.905735558
237.381317174
237.781217225
238.084397978
238.366617876
238.844294289
239.595051637
236.748296262
228.206489511
218.742716498
209.533913955
200.812767917
192.818734402
185.636086618
179.155626638
173.225768103
167.704496686
162.502954038
157.647702103
153.311201797
149.870997321
147.843690913
147.999345299
151.489031046
159.894087071
176.855657805
209.204247499
241.505541153
239.576518186
235.781009227
230.318711239
224.18731786
222.946914658
217.735817203
211.566718311
202.883784036
189.950313774
173.29450217
152.724137139
125.260203944
91.9329953406
62.5131069152
44.5455832479
32.4394333189
29.6640321531
29.6002155635
29.9203539428
30.4888514714
31.7692162088
34.4088822901
38.3146895314
43.8021911496
50.5676490953
57.9687839092
65.5932221358
73.248615991
80.8468721889
88.3392627782
95.7184411898
103.020202607
110.143434756
117.148027216
123.923323532
130.274601596
136.149276551
141.461308438
146.231896778
150.569536216
154.568303437
158.287385333
160.780314845
162.746916478
164.548463516
166.234912965
167.836998299
169.371244814
170.844618804
172.252565382
173.608762421
174.957147915
176.309229264
177.680088442
179.077223397
180.506446747
181.971959163
183.477091588
185.024688428
186.617269291
188.25703643
189.945917711
191.685632658
193.477692215
195.323285782
197.223132971
199.1772352
201.184496404
203.241956181
205.344849715
207.484511432
209.647876262
211.808721277
213.980401588
216.176640824
218.397211414
220.639024712
222.893657604
225.135136497
227.349343736
228.422011655
229.422964641
230.397431221
231.34617392
232.269164382
233.165520227
234.032491393
234.866774588
235.669980126
236.442138017
237.181801647
237.885859878
238.548690535
239.160809318
239.707284768
240.172504854
240.60358835
241.152145622
238.766416541
231.638153834
223.031332225
214.377707009
206.06827216
198.268007029
191.137139658
184.700754729
178.844470734
173.441675676
168.384374615
163.619005908
159.203286899
155.329986677
152.385905302
150.894463022
151.644288114
155.835745917
165.083528492
183.510175715
218.251897778
243.677965275
242.014873375
238.686388193
233.848042351
228.35025362
227.258862826
222.502292861
216.863497786
208.977064572
197.181326531
181.704548744
162.867025258
138.514811357
107.638895674
76.4503355956
54.1319603968
39.366951696
33.2749203445
32.5758679933
33.0119412975
33.2493801445
33.8039793886
35.1135483992
37.9031454298
42.8770147568
48.5404064782
55.3040691413
62.5792557657
70.0147278264
77.427422662
84.7297685538
91.8908383317
98.9283736031
105.91959752
112.958266212
119.927635607
126.585554324
132.726245197
137.184934116
140.031178982
142.558788198
144.841075307
146.930310638
148.820794248
150.589667309
152.273112185
153.897214294
155.479282915
157.03386339
158.571922573
160.123755528
161.720810558
163.333500836
164.960238584
166.59884573
168.248785288
169.910980155
171.586708907
173.277572806
174.985449938
176.712392436
178.460482291
180.231782165
182.028350331
183.852212046
185.705259367
187.589164288
189.505305106
191.454644891
193.437835494
195.45579187
197.515283676
199.617552063
201.807052354
204.083802936
206.422220911
208.814477124
211.250248804
213.718396574
216.201036758
218.677718034
221.094919258
223.496881666
225.867208159
228.200565177
230.475774516
232.659674164
234.448267428
235.389941851
236.30214939
237.18535324
238.038382006
238.858542725
239.641046427
240.377663743
241.056005721
241.666125067
240.725698583
237.84832039
232.318936428
225.007863722
217.370565969
209.827244415
202.595134049
195.805982653
189.557678179
183.850449488
178.588355455
173.682146735
169.063582685
164.716608538
160.730125549
157.316715192
154.872040905
153.926515199
155.288686966
160.206760023
170.327474316
190.200501174
227.204853574
245.604611126
244.191162263
241.292442018
237.032656342
232.136080323
231.198197389
226.891007809
221.776487694
214.662786746
204.013115827
189.788303915
172.512206628
150.89640945
123.185684402
92.2809429768
66.2374515184
50.0338377001
38.3918425321
35.6066255597
35.8653868104
36.4692540445
36.8719782599
37.4383975369
38.7320541509
41.5317966177
46.4792079208
53.4029988105
60.0484528731
67.1572206697
74.3994387612
81.5934039144
88.646565244
95.4943489067
102.222964598
108.966783723
115.466268433
118.922843612
121.910935106
124.597884226
127.060936899
129.379619531
131.58750882
133.709617144
135.838247717
137.95194595
140.034329099
142.083111685
144.098077898
146.086343343
148.057068453
150.021053919
151.986626322
153.943014488
155.890750086
157.824621167
159.742328126
161.643311768
163.528001886
165.397602613
167.253907464
169.099081543
170.935445231
172.765389342
174.591384528
176.415958674
178.241630196
180.070899905
181.906333462
183.750662094
185.607315625
187.481206678
189.384361175
191.325691995
193.323578165
195.377699478
197.482483982
199.634878887
201.82804519
204.057657881
206.333076954
208.643147279
211.080906301
213.562511385
216.062361246
218.553528817
221.005965432
223.384621085
225.643801684
227.730279819
229.636722678
231.317221176
232.734579514
233.825372214
234.53869075
234.755711658
234.435922907
233.860486517
232.574788018
229.450295846
224.204853267
218.041662465
211.733126694
205.444609648
199.351686312
193.563141765
188.147925764
183.110441618
178.38871118
173.937040905
169.728019871
165.781756984
162.21601934
159.261415382
157.321406002
156.933198921
158.925526841
164.592765402
175.625847548
196.899792573
235.973255865
247.316793234
246.135927525
243.630530719
239.90208006
235.568675993
234.785530385
230.915255805
226.31146293
219.938578754
210.413150583
197.494049115
181.697156615
162.42841414
138.000435794
109.048370648
81.0694650449
60.6401613346
46.784882517
39.8525090953
39.0191265786
39.8118749849
40.5188384484
40.9661686314
41.5418152793
42.7579928716
45.3962632335
49.8986918526
56.1039433118
63.5633864278
71.6893176987
78.9619183772
85.9425178209
92.5278683506
96.2310654961
99.7003118251
103.154817745
106.131657327
108.88244262
111.653640389
114.456862873
117.215752259
119.933984688
122.607838697
125.257844246
127.869413868
130.439853136
132.963932029
135.437606729
137.86307005
140.244569346
142.581137612
144.870006216
147.113416258
149.31551072
151.475173035
153.592361997
155.667784927
157.702789221
159.699333832
161.659884148
163.587201727
165.484125742
167.353502156
169.198221119
171.021212411
172.825397798
174.613722678
176.389288681
178.155491764
179.916429178
181.677467638
183.447874924
185.234905397
187.038769538
188.858553351
190.699573749
192.564673358
194.453581824
196.368204148
198.324975038
200.322222873
202.387068962
204.486748346
206.614373538
208.74761252
210.867962183
212.959757568
215.015177101
217.039462338
218.929258782
220.625389427
222.069111578
223.189478795
223.933991335
224.197365059
223.978231991
223.548562483
222.643564269
220.287814117
216.29689258
211.558119424
206.601346893
201.531305475
196.50144094
191.61238025
186.928576103
182.474274686
178.227296964
174.185212204
170.358204251
166.798377547
163.648453962
161.154556219
159.726592185
159.908228941
162.547550476
168.984317728
180.991354252
203.592656948
244.446113354
248.845272177
247.879577003
245.731788344
242.486955003
238.674925823
238.044991157
234.592976682
230.479610504
224.809030869
216.362087988
204.770497628
190.426193659
173.189240632
151.802385683
125.759379951
97.994204804
74.1400128109
58.3039093684
46.7473248186
42.9441569898
43.2031323241
44.2933317542
45.1266405649
45.7048242105
46.3346601418
47.5434441994
49.8471532974
53.6118439298
58.6988601336
64.7963041958
71.3412683768
77.4994296128
82.1494748448
85.4465346137
88.6581371963
91.9657483842
95.2635883071
98.5556393431
101.887562506
105.180276089
108.419011747
111.61180224
114.749865498
117.82088136
120.817353137
123.743294814
126.597727798
129.379075437
132.088449572
134.727413921
137.292951688
139.781876353
142.199343386
144.551187314
146.840114998
149.068740696
151.239716948
153.355850976
155.420253863
157.436337047
159.407625976
161.337553324
163.229419424
165.086468184
166.911892473
168.708778379
170.480134267
172.228997783
173.958499051
175.671991015
177.373365931
179.067934084
180.759104539
182.442662828
184.117019385
185.787972695
187.460110617
189.135918777
190.818685017
192.518815415
194.236128988
195.960122576
197.686080825
199.418318531
201.14780522
202.867075125
204.57084653
206.244403094
207.874245877
209.413551266
210.825083895
212.062710119
213.074099932
213.823702248
214.231631565
214.325017707
214.300548603
213.862775591
212.343228068
209.558399911
206.064408201
202.267317146
198.235246514
194.096464336
189.952111679
185.873160068
181.907578429
178.07089237
174.398651177
170.932444343
167.750576313
165.016128657
162.988073135
162.08147961
162.846246146
166.148412193
173.373781559
186.445151028
210.271681391
250.031897115
250.221026324
249.452027249
247.626591307
244.818183378
241.483685879
241.003197747
237.945879686
234.296950077
229.284941012
221.853282483
211.574780848
198.677814
183.254302237
164.535691285
141.681061542
115.821282424
90.5076052964
70.7818534632
58.2262714953
48.9917890281
47.100781865
48.0279949095
49.3890227753
50.4774853564
51.2948981295
52.1188931148
53.3702356098
55.4074454704
58.4223268677
62.3252606724
67.0152389509
71.7209785578
75.5466976425
78.7424577598
82.026500562
85.5355281834
89.1366168439
92.7481187729
96.3314235569
99.8426398066
103.287046377
106.672446496
109.991785275
113.229481709
116.378980169
119.442684911
122.421087639
125.314039036
128.122535894
130.847477927
133.486899391
136.039466435
138.510039301
140.904769287
143.228154316
145.484302035
147.677107428
149.810359742
151.887985048
153.914086122
155.892736634
157.827762369
159.722729214
161.581056521
163.406017601
165.200654657
166.967790099
168.71009896
170.430098713
172.130123231
173.81251292
175.480079278
177.133893144
178.769971458
180.386154793
181.985726353
183.572058226
185.14689582
186.711890075
188.271070905
189.82222824
191.349813188
192.852568554
194.335861083
195.797836157
197.235449666
198.645246629
200.011715245
201.31444555
202.540018093
203.673063008
204.68963203
205.558781317
206.261476475
206.732264561
207.01243956
207.235909846
207.09485359
206.173096958
204.269531962
201.697553148
198.775165997
195.536584165
192.082835673
188.517453768
184.919845702
181.358325052
177.87926537
174.548229831
171.430787092
168.625286644
166.310730482
164.756596523
164.382165238
165.743678073
169.724040501
177.754165272
191.961718062
216.901115457
251.209828008
251.474946606
250.881708547
249.343887607
246.926130621
244.024766942
243.688185222
240.998438142
237.78354251
233.382475374
226.891430513
217.877638697
206.41704667
192.669574379
176.259978776
156.440967843
133.387259755
108.803717773
86.4140883465
70.0812100982
59.1420691839
52.752612412
52.0660081012
53.4704162802
54.8443454912
56.287989795
57.5223495406
58.7784521023
60.3310661029
62.6612405643
65.2768992211
68.673085093
72.2180374959
75.2710040182
78.1068747357
81.1529044439
84.5022154526
87.9485621595
91.3511267093
94.7335547927
98.0781599484
101.378298212
104.634585905
107.838681533
110.975556445
114.036182501
117.018711574
119.921896437
122.744543772
125.486553474
128.148086941
130.727709859
133.224787251
135.643082926
137.988088611
140.26448983
142.476617772
144.628533659
146.724126548
148.767435359
150.762690381
152.714041144
154.625298345
156.499948429
158.341307475
160.152503557
161.936350249
163.695348918
165.431752823
167.14752332
168.844267732
170.523390064
172.186509711
173.833853652
175.462275222
177.069298248
178.65599922
180.223905971
181.773173802
183.303497355
184.815499548
186.30537872
187.760692025
189.177666569
190.558681084
191.902746854
193.207109816
194.467701136
195.672084684
196.803062178
197.855034271
198.82271881
199.69626887
200.458573403
201.100726712
201.565660506
201.90546367
202.210296683
202.185698415
201.601632733
200.256803954
198.296716694
195.972094945
193.292995799
190.336194765
187.206938838
183.991049707
180.770755859
177.614711483
174.610048971
171.839186683
169.41503321
167.528835321
166.458857839
166.628116114
168.599692526
173.272825828
182.115865027
197.440675727
223.311277523
252.298718753
252.633227802
252.194283625
250.910602907
248.839893314
246.327955359
246.128328941
243.776800931
240.96251812
237.122224992
231.49072175
223.665717164
213.608100904
201.448757254
187.063029672
169.946717279
149.917029664
127.548898534
104.72375966
85.1910833635
71.3823626554
61.9286787393
57.2416624745
57.2335934163
58.6648753206
60.5244770786
62.729289319
64.9636483476
66.9254564436
69.0880652747
71.8935985266
74.5956870302
77.8210341866
80.1206973487
82.3693296507
84.8699789409
87.6496393533
90.491835614
93.333291815
96.207691672
99.0993664819
101.99111311
104.876281331
107.743508604
110.576385138
113.362333927
116.095088535
118.770406431
121.384778972
123.936079853
126.422937158
128.84320617
131.195576628
133.482223744
135.707221945
137.874417251
139.987432646
142.049606168
144.06412602
146.03446303
147.964392373
149.857619745
151.717471589
153.546955031
155.348968636
157.126253195
158.881213028
160.615926994
162.332230443
164.03165775
165.71538071
167.384345785
169.039614588
170.681212006
172.306696909
173.913608579
175.501739002
177.07133033
178.621540738
180.150971037
181.658794972
183.14083337
184.587324403
185.992710952
187.356323004
188.675879702
189.947684112
191.166868336
192.323146573
193.402842531
194.399849862
195.310496885
196.129591241
196.845982017
197.454898575
197.905163236
198.25829242
198.573142978
198.567833096
198.145086222
197.126893927
195.546931436
193.607594135
191.308768557
188.709154852
185.914813414
183.015139996
180.099664631
177.251275673
174.571346976
172.153351905
170.120556082
168.673834214
168.099232251
168.823466828
171.417032903
176.794353216
186.443109707
202.779245947
229.291912484
253.315898576
253.71508347
253.41162233
252.351005173
250.586585615
248.422078225
248.351296536
246.307667923
243.858970431
240.528144299
235.672780381
228.94138605
220.22441122
209.583350405
197.014763557
182.250723715
165.068878155
145.524246101
124.268805557
103.394629672
86.2973577513
74.2759084172
66.3776829061
62.8174685975
62.8715194328
64.0771460632
66.2005662177
68.8009703523
71.764494318
75.1753216987
79.0739867542
82.4859638376
85.8376982007
87.6707457222
89.154133517
90.9569935632
93.0120805415
95.1577031451
97.3511294237
99.6223526256
101.957121593
104.333125437
106.739870539
109.165133526
111.591829751
114.005090433
116.395687197
118.757081691
121.083809616
123.371892515
125.618294047
127.819551117
129.973011356
132.079028508
134.139883687
136.158054778
138.135957379
140.075690238
141.979239761
143.849068856
145.68809358
147.499175787
149.284766136
151.047052732
152.788256787
154.510527615
156.215693725
157.90530459
159.58074753
161.243169235
162.893407994
164.532122263
166.160023165
167.777066693
169.381364414
170.97069805
172.544269513
174.101697981
175.641834228
177.162997866
178.663829541
180.140497821
181.585086213
182.991608836
184.357547785
185.679610049
186.953404913
188.173570362
189.330891019
190.413542578
191.413941755
192.327002956
193.147535679
193.865941776
194.477916962
194.936592228
195.309905076
195.632252021
195.624575282
195.279155114
194.455623193
193.116289143
191.430733359
189.401421531
187.075847375
184.560219402
181.94513053
179.322134084
176.782065468
174.435144454
172.381875388
170.753124227
169.757814697
169.689359812
170.978347396
174.202663926
180.288292012
190.712982674
207.893293985
234.731111219
254.278259205
254.735978699
254.551493804
253.685995892
252.190617321
250.334119516
250.383059546
248.61717604
246.498770954
243.626374465
239.464577564
233.720760982
226.254752906
217.056987615
206.154913495
193.446220407
178.790853265
162.079254344
143.408116125
123.46582272
104.531808732
89.3059187775
78.5198615943
71.9245859526
68.8978757108
68.5203989156
69.8539719677
72.1948045145
75.1350056473
78.5256982301
82.3673853508
86.6766611241
91.4163517773
95.2493595657
96.288056028
97.4475153162
98.9405588642
100.548554287
102.205172454
103.952677591
105.786600899
107.683143092
109.631775452
111.623191782
113.642058617
115.673451984
117.707569221
119.737548498
121.757513638
123.762811055
125.749428991
127.712681115
129.648537976
131.555740706
133.434924227
135.287206447
137.113763766
138.915314847
140.692451022
142.446472499
144.179283865
145.892710873
147.588108299
149.266661096
150.929796368
152.578972093
154.215330936
155.839808856
157.453301988
159.056541589
160.650010804
162.234076104
163.809129404
165.375018097
166.930241139
168.472875307
170.001889027
171.516647724
173.016030267
174.498472589
175.962515141
177.404925344
178.819353781
180.20020818
181.544246239
182.847928319
184.106823511
185.315605526
186.466029187
187.547591229
188.552071084
189.473106907
190.304733766
191.037710151
191.666968976
192.149199705
192.555744996
192.90012675
192.899619226
192.605378425
191.918319101
190.755285189
189.261670229
187.450571578
185.363894033
183.107286471
180.77089099
178.44483199
176.223706355
174.223197999
172.548477138
171.336474946
170.803350118
171.249768918
173.110152588
176.968338065
183.754545486
194.899186296
212.716583785
239.575527467
255.200026779
255.708316041
255.627748894
254.932674901
253.673051631
252.088407727
252.247000624
250.729842249
248.90736591
246.44397653
242.896409286
238.030664903
231.705315118
223.858395163
214.500001601
203.61479319
191.159453879
177.020300089
161.11974146
143.524144861
124.996413835
107.789799195
93.9497197551
84.0564464198
77.9490863172
75.0943124446
74.7247686749
76.0709918575
78.5152577638
81.6636280304
85.3237721223
89.4102823182
93.8669777789
98.5889877371
102.528247052
103.476550929
104.558402029
105.849911268
107.178020704
108.568338577
110.037776369
111.570603494
113.160152133
114.801682991
116.482161535
118.188089457
119.911609221
121.647790559
123.391995765
125.140097074
126.887838086
128.629438951
130.359730271
132.076525356
133.779530741
135.469042926
137.145355067
138.807867533
140.455734828
142.089170737
143.709195711
145.316671243
146.911860026
148.4949658
150.066702279
151.627884702
153.178954933
154.720226111
156.252116352
157.774931903
159.288769561
160.793679145
162.289734579
163.776613715
165.25303555
166.717313831
168.16831704
169.605281897
171.027177641
172.432641593
173.820294213
175.187498541
176.529283317
177.840800359
179.118759274
180.359863431
181.560136316
182.714796033
183.81685431
184.857367663
185.828521935
186.723775023
187.537162123
188.260230442
188.887547432
189.379536046
189.809434995
190.172108844
190.180725857
189.92837011
189.355919718
188.348515535
187.028484042
185.422143754
183.569106312
181.57335742
179.523470803
177.506310867
175.617819961
173.97731264
172.693428355
171.908390608
171.845132311
172.811381943
175.244673521
179.731282265
187.194642904
198.976823864
217.205238764
243.833997679
256.091653351
256.641237417
256.650452792
256.104146337
255.051124738
253.705919664
253.963157278
252.667610082
251.108617703
249.00762135
245.999978638
241.905159107
236.598428815
229.990025003
222.057504554
212.812732765
202.278441478
190.387909741
177.044567581
162.159910548
145.747427437
128.647264438
112.917680365
100.193988072
90.9541619711
85.1004082195
82.217604345
81.7009153902
82.9005791266
85.2692705271
88.4277478418
92.1401402495
96.2565219235
100.65724664
105.132200689
108.850166817
109.860792167
110.946624743
112.124411377
113.335984686
114.593768473
115.899086073
117.255306291
118.661177737
120.103917956
121.572662669
123.064299279
124.577243224
126.108262661
127.653789783
129.209335446
130.767715006
132.323312438
133.874422438
135.420979277
136.963189802
138.500870396
140.031972212
141.554138943
143.066852874
144.570772729
146.066199757
147.552505372
149.029085839
150.496201167
151.954216521
153.402951981
154.842187357
156.271976792
157.69225937
159.102765987
160.503262777
161.893542764
163.273085984
164.640711921
165.994904048
167.334484784
168.658597371
169.966265478
171.256281249
172.527373093
173.777376773
175.00242415
176.198440943
177.362363482
178.491294192
179.581896268
180.630197097
181.630623944
182.57602419
183.459729488
184.275954283
185.01960567
185.683752677
186.263542349
186.723719087
187.139217068
187.48839806
187.483523131
187.254547999
186.779139856
185.918516397
184.769065505
183.367736163
181.753101026
180.025960061
178.272383146
176.575155217
175.030198044
173.759439368
172.874332606
172.521877632
172.931262542
174.416654113
177.416903942
182.514940338
190.613743848
202.92729876
221.343400682
247.570347229
256.959226682
257.54018669
257.625890401
257.209480585
256.337961002
255.203747509
255.547641105
254.449044942
253.12375266
251.342300599
248.806599761
245.382095215
240.969040441
235.471509439
228.839324348
221.07793167
212.237272639
202.296843915
191.188037924
178.826104972
165.070437704
149.909890498
134.233592547
119.870542085
108.107012467
99.3683009391
93.6275678237
90.5980419396
89.7934771626
90.6745899736
92.7725331544
95.7273066636
99.2774002031
103.242700771
107.371984984
111.487087539
115.138941
116.282501912
117.428892118
118.581327821
119.772677976
120.990464693
122.237398513
123.515088948
124.818359556
126.142181196
127.488493506
128.857345201
130.244689116
131.646801133
133.058776686
134.472480609
135.884000546
137.294347688
138.704333862
140.114068089
141.522826867
142.926418329
144.321207464
145.707089919
147.085437808
148.456614319
149.819202722
151.171916569
152.514950976
153.848531116
155.171974917
156.484686786
157.786563176
159.07728599
160.356286285
161.623135652
162.877406612
164.118400113
165.345007762
166.555872757
167.749824254
168.925939405
170.083251353
171.220629921
172.33685692
173.43007081
174.497149578
175.534624371
176.539695288
177.509838056
178.442325985
179.334011436
180.180658634
180.976860902
181.717397346
182.397711689
183.014059285
183.561451551
184.036362893
184.408274869
184.753940503
185.037831313
184.974846557
184.730716797
184.324725549
183.593616057
182.606010302
181.405138857
180.028578916
178.57225679
177.118625378
175.745854238
174.548767721
173.651027921
173.166276665
173.245659501
174.123752903
176.119870006
179.671142085
185.34946316
194.022832416
206.7444206
225.152138703
250.894903978
257.804164644
258.406565879
258.556573128
258.25380293
257.542484962
256.594761142
257.012261149
256.088717843
254.97047131
253.47013249
251.345544252
248.499958742
244.86005842
240.338537273
234.870457669
228.44337705
221.105435056
212.863007645
203.679637358
193.502351609
182.229556704
169.669382703
155.831269959
141.650500838
128.619722842
117.768424759
109.49506508
103.861833549
100.651776135
99.4853901091
99.944666027
101.642107242
104.253437938
107.540870369
111.152351579
114.840229386
118.512124352
122.111967241
123.779125915
125.040149971
126.301796814
127.555573184
128.79393887
130.020593198
131.267810666
132.532585882
133.80915661
135.09380798
136.381355731
137.670694137
138.95864746
140.242771933
141.521691244
142.799132444
144.0750067
145.348426785
146.617733104
147.876394508
149.121344516
150.355528423
151.582182936
152.801705785
154.011165853
155.208668089
156.395078331
157.570866519
158.73483543
159.886161503
161.024853715
162.15044198
163.262120305
164.359315207
165.441369246
166.507532888
167.556851071
168.588139409
169.600243451
170.592159409
171.56285969
172.511194332
173.435899355
174.335244105
175.206299135
176.046010692
176.851859136
177.621642617
178.353134975
179.04388973
179.690781083
180.289894941
180.837421108
181.330122741
181.765704118
182.141163519
182.454642253
182.680374685
182.896664218
183.056882031
182.881450876
182.571031706
182.18972482
181.557353317
180.708736089
179.690801215
178.540286929
177.346584285
176.186998064
175.134338454
174.281099884
173.751591762
173.660828428
174.163221579
175.497422529
177.985881962
182.059912608
188.271805765
197.441770358
210.445319737
228.711686446
253.987066399
258.623124402
259.237751544
259.441443103
259.238528628
258.669516186
257.887476343
258.364364208
257.596805681
256.662267071
255.409335205
253.64256653
251.295136897
248.317498488
244.638548133
240.191664061
234.948783758
228.941980955
222.184691314
214.662005293
206.34670552
197.188355981
187.056777533
175.744371921
163.37199604
150.767830673
139.104360065
129.225389116
121.543325447
116.123659651
112.811252158
111.345068718
111.420100908
112.73494174
115.052220414
117.90111372
120.925966349
124.015239479
127.116866894
130.196183453
133.226390978
134.896828396
136.263642173
137.607695941
138.927398578
140.22487449
141.500114158
142.746490617
143.960909624
145.145012606
146.306678596
147.450711894
148.598977881
149.737287566
150.86336997
151.973781729
153.069661457
154.149633089
155.21243363
156.257100267
157.291021238
158.318802236
159.339125556
160.346222791
161.338692883
162.319774779
163.29020335
164.24768691
165.191356486
166.121766413
167.038279214
167.939809544
168.825561318
169.694573109
170.546331878
171.38001496
172.194425119
172.988244993
173.760241641
174.509172882
175.233726686
175.932493729
176.603720132
177.243906387
177.850588657
178.421623996
178.955043321
179.448944682
179.901380868
180.310047749
180.672184479
180.985176929
181.246986515
181.456658252
181.613007614
181.715932556
181.744057648
181.777161573
181.759146428
181.419082868
180.992219024
180.580886994
180.001965429
179.25884145
178.396385993
177.449922715
176.500919905
175.619985443
174.873682041
174.350900879
174.175373108
174.462567401
175.369122457
177.136082409
180.086465461
184.641207174
191.325091811
200.902550374
214.081297174
232.154589617
257.007587954
259.40844956
260.02776023
260.276392661
260.16174583
259.720020479
259.086120522
259.606886543
258.978918421
258.207982156
257.173429007
255.718658727
253.799661024
251.386054512
248.424845855
244.856920346
240.646422173
235.807229486
230.347417265
224.260846042
217.535249778
210.149262275
202.044179591
193.076907559
183.12233996
172.341155918
161.402687903
151.217887821
142.491993318
135.579960747
130.555059073
127.342687759
125.780137042
125.661744251
126.805038218
128.651252084
130.761256141
133.009578807
135.365322676
137.788545881
140.245139318
142.711396546
145.169195063
147.610263588
150.027708235
151.608250146
152.883787871
154.119458643
155.31499667
156.466573987
157.576938003
158.650572889
159.684660201
160.675407285
161.616275529
162.506602767
163.358647668
164.175373959
164.988356339
165.783736213
166.564221516
167.334494194
168.092347519
168.83465412
169.562237031
170.281973015
170.993419978
171.692201919
172.378276682
173.053653864
173.716922679
174.366375549
175.001842366
175.622481464
176.226700499
176.813031634
177.379799146
177.925202467
178.447533824
178.945101522
179.416232884
179.859210634
180.272083803
180.652603294
180.998290414
181.306786373
181.576000396
181.804089892
181.989359397
182.13001625
182.224086211
182.269851339
182.266239974
182.213422058
182.11175614
181.962862684
181.749174437
181.552505213
181.308687406
180.75916158
180.163618867
179.676471905
179.111591396
178.43942477
177.70065207
176.9294185
176.198861118
175.571726668
175.107725928
174.891077755
175.043873038
175.681276093
176.96114246
179.125017326
182.493653245
187.473416192
194.555580181
204.446953844
217.728148523
235.581804258
259.251067198
260.150003121
260.768538552
261.05494914
261.018679821
260.69148246
260.190874542
260.738588926
260.236139162
259.611604927
258.77070393
257.589086908
256.039436777
254.105434524
251.750509324
248.927500629
245.600532334
241.769894112
237.434232809
232.587179149
227.222196747
221.330412631
214.889762465
207.839672277
200.092405289
191.584181964
182.477700856
173.289893413
164.713977532
157.299925492
151.331835002
146.928716067
144.084006803
142.696230051
142.674164371
143.449402493
144.541578251
145.823066453
147.253522161
148.812336536
150.480622754
152.239038397
154.073852544
155.961578291
157.881452664
159.820830624
161.769116637
163.718739771
165.665394491
167.60594039
169.53848213
171.317267706
172.263909177
173.137315673
173.955732009
174.714706127
175.419234992
176.077963537
176.689763978
177.253932013
177.768811853
178.244322237
178.691569501
179.134592754
179.565170074
179.989961568
180.407792429
180.814623768
181.212645616
181.606075485
181.991129115
182.365302521
182.729720262
183.083083355
183.422371102
183.745423029
184.049860582
184.333195507
184.593081507
184.827181908
185.033291153
185.209186756
185.352457254
185.461716744
185.534227556
185.567198799
185.558181592
185.505149207
185.406392411
185.260282812
185.065206156
184.81993062
184.523977611
184.178261105
183.784223887
183.344879002
182.845604812
182.37029666
181.84882183
181.041095455
180.25296231
179.656055479
179.073216471
178.438577765
177.787001845
177.154429732
176.606271063
176.196627432
175.978185676
176.030016148
176.471963265
177.418467571
179.027709265
181.539730865
185.270219643
190.607694929
198.005997209
208.116653638
221.443969822
239.016102888
259.968622172
260.837384346
261.450978254
261.768836404
261.802182182
261.578370011
261.19825626
261.754417698
261.365231694
260.872279972
260.20395395
259.262741259
258.032958889
256.507585087
254.663044925
252.46473598
249.881845235
246.907479665
243.532460844
239.746523518
235.54295554
230.91645311
225.858239969
220.349160519
214.367342464
207.863819024
200.822650349
193.398313364
185.987423306
179.076520651
173.06120537
168.198395194
164.617572991
162.345539396
161.385822609
161.23435519
161.415899524
161.80361465
162.340480237
163.02093907
163.843354473
164.800529044
165.879740462
167.062971588
168.334491467
169.680547944
171.088856465
172.548273443
174.049293265
175.577591356
177.129594896
178.699875145
180.28375394
181.875832143
183.47197857
185.069270807
186.665713813
188.261411584
188.822096783
189.270798281
189.660509437
189.989823741
190.267208505
190.494895838
190.679361361
190.827669399
190.957854917
191.082893756
191.200567451
191.314530173
191.421802674
191.520879808
191.615322193
191.701866533
191.777044362
191.839069502
191.884901692
191.911421484
191.915704569
191.894747526
191.845847089
191.766210665
191.652789794
191.502923833
191.313844552
191.082549224
190.806214419
190.482535193
190.109632039
189.685766442
189.209300775
188.679085152
188.094832211
187.4577433
186.76976039
186.034527849
185.239417807
184.468780847
183.64753413
182.539190083
181.510743525
180.751624257
180.086181695
179.436405902
178.825466651
178.283959653
177.868966258
177.6260099
177.601445626
177.869516735
178.547668835
179.749418731
181.632380102
184.432964272
188.459208807
194.07931415
201.707882552
211.945778228
225.241130394
242.456003597
260.621716104
261.459559495
262.06489446
262.408413296
262.503252316
262.372647313
262.101585567
262.645896993
262.358930957
261.984460528
261.470430863
260.7417908
259.790486772
258.614786989
257.200265931
255.523134365
253.5596451
251.300912587
248.733745418
245.844375329
242.623626578
239.065578736
235.164540474
230.915092604
226.326401414
221.396051146
216.108828635
210.488181924
204.684241064
198.96759901
193.664897334
189.053498456
185.337260519
182.644432706
181.075405307
180.230167665
179.697942737
179.365104955
179.196743222
179.178852829
179.304587586
179.568548116
179.957822179
180.455910681
181.061451823
181.77059148
182.575955127
183.468059772
184.436917343
185.471760359
186.561969828
187.699461514
188.877931244
190.091751965
191.3328148
192.595214265
193.876160766
195.172339802
196.482294352
197.802692433
199.130605552
200.463586747
201.552815385
201.728278407
201.821689213
201.859940453
201.843888304
201.77968164
201.678823302
201.548638928
201.411743815
201.26423218
201.111223345
200.950566875
200.779892172
200.599154688
200.404538852
200.192859069
199.96078468
199.704672325
199.421620737
199.108356675
198.761256446
198.377288546
197.953425872
197.486157971
196.972205498
196.409073406
195.794788228
195.127443005
194.40520898
193.626850338
192.792122089
191.902296295
190.95943987
189.967151826
188.913947288
187.882167541
186.79327032
185.40692384
184.116068807
183.134956678
182.323184671
181.588344057
180.947279574
180.427352176
180.077208741
179.934051494
180.038196821
180.458988361
181.310918971
182.706102316
184.800460307
187.824533191
192.076428513
197.901806932
205.677383088
215.956596727
229.120975765
245.945499241
261.200165921
262.005110771
262.599299321
262.963040938
263.111455944
263.064222149
262.89142973
263.401408517
263.206183548
262.93808281
262.561913867
262.021570068
261.313613887
260.438514085
259.387507988
258.144893532
256.693700222
255.025982186
253.128038457
250.984790399
248.584982655
245.920878024
242.986341314
239.778420704
236.312565846
232.607459089
228.675290347
224.53001416
220.227366516
215.881092408
211.665731303
207.788578982
204.44716076
201.787272082
199.965505424
198.714394096
197.719508285
196.894802585
196.218925794
195.683178925
195.282118642
195.011168326
194.864304988
194.833467555
194.912415169
195.096113419
195.379497006
195.756830014
196.221735457
196.767395921
197.382290189
198.061166479
198.800427181
199.595645882
200.441119862
201.330849923
202.259499305
203.219804828
204.207566729
205.219788123
206.25363729
207.306222733
208.37539631
209.461890584
210.562841211
211.674039072
212.249211207
212.141019417
211.963422872
211.73453581
211.453771792
211.131518317
210.778239309
210.413858514
210.034207391
209.642376357
209.235503402
208.81266899
208.370520381
207.904964126
207.413689704
206.892872161
206.338332049
205.747323637
205.116838034
204.442799928
203.721575841
202.950802249
202.128692751
201.253248086
200.322408719
199.334886126
198.290595412
197.190949287
196.038085355
194.835278599
193.571477834
192.325853685
191.017925196
189.404383786
187.888393885
186.705892199
185.734740278
184.876173117
184.146231174
183.579111786
183.221914387
183.107198822
183.271348825
183.779473575
184.742397599
186.269992894
188.514922628
191.699598851
196.110233507
202.067677204
209.91731911
220.154575937
233.067716016
249.566379828
261.696199126
262.464391542
263.043304247
263.421308905
263.615072207
263.641163354
263.555876626
264.006157483
263.892150843
263.718586722
263.464727902
263.090547867
262.595091861
261.978868704
261.236021632
260.35617821
259.327657319
258.144383297
256.794247203
255.26302612
253.538943241
251.613015566
249.478123921
247.130477805
244.582112141
241.853036902
238.965453881
235.942669542
232.821898868
229.655412645
226.521268722
223.533343421
220.823262759
218.513132469
216.737216917
215.315372838
214.081326396
212.984219515
212.011677695
211.158783268
210.42232253
209.799364259
209.286590493
208.879932877
208.575154318
208.368231929
208.255304597
208.232440582
208.295492315
208.440075757
208.660682215
208.952142099
209.310018574
209.730216249
210.208544701
210.740640232
211.322134494
211.948350423
212.61492114
213.317966449
214.053944704
214.819425796
215.614849116
216.439434412
217.288535067
218.157975413
219.044175768
219.943319548
220.851137334
221.452489489
221.147327838
220.765774908
220.333591583
219.851263637
219.323166352
218.768654271
218.191089614
217.591044083
216.968048763
216.319270758
215.645382697
214.94144891
214.202746355
213.427974589
212.61437186
211.75699291
210.852096302
209.898104841
208.893937771
207.837634422
206.726860075
205.560424736
204.338759207
203.063760697
201.737936054
200.364264801
198.932288665
197.517687584
196.038565327
194.239804849
192.538542359
191.180063471
190.057956872
189.070762461
188.233045931
187.584723206
187.175197861
187.037598603
187.208518486
187.751169926
188.773208628
190.382313222
192.72642698
196.01790236
200.529198843
206.554760617
214.420240293
224.523528509
237.094550712
253.520621123
262.102729944
262.82804986
263.385668294
263.770796347
264.000843844
264.089503133
264.080427936
264.441571295
264.397738801
264.306557285
264.159485224
263.930149707
263.61867935
263.224318446
262.7421968
262.165002174
261.484563238
260.696388001
259.790684539
258.755406941
257.579895966
256.255257028
254.77437016
253.132467798
251.337040591
249.402741256
247.347789049
245.194649193
242.976041894
240.721600451
238.467531848
236.271912416
234.184199677
232.28034999
230.659713475
229.26731941
228.002589574
226.837813904
225.76683852
224.787898645
223.900258744
223.103196453
222.395651853
221.776110859
221.24267857
220.793229196
220.425496585
220.137079877
219.925426403
219.787829968
219.721262977
219.722513417
219.788382757
219.915729607
220.101406363
220.342213669
220.634906808
220.976183362
221.362758317
221.791398997
222.258917689
222.762395133
223.298229263
223.860681823
224.452741131
225.073058848
225.71777822
226.383212057
227.065734797
227.760743945
228.463696747
229.170744035
229.504347262
228.999636806
228.420480043
227.789776178
227.107661219
226.37714719
225.615352094
224.816105831
223.984822611
223.117816803
222.212026118
221.270447618
220.289996619
219.26369403
218.188474728
217.064903176
215.893294169
214.671554395
213.396749802
212.068017199
210.686920373
209.256475477
207.780096971
206.260763804
204.689237728
203.136271389
201.522107252
199.653151254
197.812751672
196.293350616
195.02194905
193.910746985
192.966793298
192.229491963
191.75217549
191.570186287
191.720998522
192.267407813
193.315234781
194.969344398
197.373295691
200.72820542
205.290028883
211.327561694
219.152280436
229.002836398
241.306644074
258.137135942
262.409921744
263.084106824
263.612943128
263.996769743
264.252887077
264.39230373
264.447236778
264.68385375
264.698397621
264.676735847
264.620288877
264.514147705
264.358701244
264.151366118
263.887141019
263.560198991
263.164374919
262.69606107
262.14783191
261.510462818
260.776434074
259.938495496
258.992931405
257.933963527
256.767735602
255.502742927
254.137472718
252.686612887
251.18051024
249.589894278
247.947938528
246.308999349
244.725782251
243.240770522
241.909401837
240.731110581
239.622389533
238.567621249
237.567608921
236.625604031
235.744657902
234.927053234
234.174278893
233.487146549
232.865906934
232.310355873
231.819920867
231.393720893
231.03061294
230.729235245
230.488014422
230.305193503
230.178882975
230.107090766
230.087729905
230.118627948
230.197542541
230.322187986
230.490260926
230.69942706
230.947287338
231.231712868
231.54623689
231.884883549
232.246199609
232.630214087
233.038456603
233.471786185
233.928271415
234.404646399
234.89748855
235.40356072
235.919641505
236.442546626
236.969311882
236.692505471
235.968919556
235.180508874
234.332614033
233.424158324
232.46101127
231.450568382
230.390400893
229.289672323
228.145839587
226.950334696
225.703071997
224.409269658
223.070932135
221.684193901
220.244679567
218.7529835
217.213217271
215.630395483
214.009364503
212.353339893
210.654463048
208.979285004
207.250342934
205.295783141
203.42024571
201.829833046
200.477146092
199.26488072
198.216524589
197.38044094
196.831591012
196.598506422
196.713544699
197.243825429
198.294163357
199.965792231
202.396402196
205.774001481
210.334059185
216.323623303
224.019690285
233.532749138
245.938685647
261.865603319
262.600593942
263.214657494
263.706303086
264.079315084
264.350228793
264.527582936
264.633371234
264.701475574
264.761976659
264.796180022
264.813153077
264.807327244
264.77896886
264.723726851
264.636059376
264.510799906
264.342862975
264.129125896
263.865306606
263.545594091
263.168774586
262.728271689
262.220297201
261.64091782
260.986989177
260.253375304
259.398983754
258.438204523
257.396074279
256.315320122
255.198961288
254.054562915
252.935694923
251.880332433
250.929835912
250.048997134
249.188468243
248.344400292
247.522946356
246.729257897
245.967880883
245.24267642
244.556786752
243.912698824
243.312314611
242.757001813
242.247655223
241.784756798
241.368432089
240.998504558
240.67454105
240.395892318
240.161728886
239.971064123
239.822769292
239.715591996
239.648178282
239.619102032
239.626890804
239.670025047
239.746918868
239.856015077
239.995184505
240.162251296
240.348717808
240.552239317
240.773259666
241.012217842
241.269672677
241.545578158
241.839468508
242.150142738
242.4757564
242.814165296
243.163023849
243.519798067
243.882003215
243.99063916
243.129894588
242.179944301
241.167118844
240.077303511
238.912275995
237.676720452
236.382843176
235.02857554
233.613786684
232.149705257
230.640401468
229.079915403
227.462676591
225.793987172
224.08328246
222.338069926
220.564205444
218.764159459
216.930697891
215.12706446
213.281530605
211.236650857
209.299292465
207.653764764
206.257923001
205.00337575
203.905622458
203.019798822
202.40289892
202.097919843
202.14955985
202.638726143
203.664821055
205.322084025
207.738748644
211.087853823
215.585843662
221.467407635
228.954087235
238.417364756
251.769227453
261.994156256
262.644572473
263.190323106
263.635900794
263.988352242
264.262670433
264.464853446
264.607874798
264.451573569
264.545569395
264.621473771
264.693500522
264.763228529
264.830775016
264.890620419
264.936894111
264.965033366
264.970729164
264.95144474
264.906987986
264.832533159
264.720970408
264.573847907
264.375574729
264.073903171
263.670633586
263.18412954
262.658696038
262.081681719
261.440951301
260.797933046
260.153150739
259.492509994
258.824810556
258.169024785
257.55375665
256.960376257
256.363281181
255.762264864
255.160169424
254.561890189
253.972267005
253.395649748
252.835799095
252.29598057
251.778962421
251.28694824
250.821731099
250.384741565
249.977076521
249.599528914
249.252619871
248.936631663
248.651638327
248.397529424
248.174028848
247.980714422
247.81703962
247.682358516
247.575949372
247.497025486
247.444734807
247.41818343
247.416387805
247.438345749
247.482204483
247.546097107
247.627220433
247.723100558
247.83346664
247.958420287
248.098011011
248.252049413
248.420093737
248.601511702
248.795330611
249.000099609
249.214218338
249.435825121
249.662937112
249.894309964
249.662675126
248.625547698
247.488891269
246.273529777
244.971514204
243.575947379
242.084234832
240.507716169
238.855486646
237.142515758
235.365751635
233.529454608
231.647300052
229.73069225
227.787453956
225.819156396
223.820738311
221.856417421
219.863611398
217.703365584
215.66442521
213.91936654
212.43326133
211.115172145
209.973661954
209.056986736
208.396192848
208.040405194
208.045187055
208.477072986
209.438737279
211.03122497
213.385092587
216.655951729
221.067472135
226.880541573
234.389763404
244.748477709
259.315398652
261.923495823
262.48441056
262.957861906
263.352225785
263.67712339
263.945389831
264.160441065
264.327658978
263.875577812
263.991568015
264.095134152
264.202821029
264.320977093
264.449868909
264.583922394
264.717673971
264.847441552
264.969256228
265.080106426
265.179461919
265.252958106
265.269068206
265.218411465
265.102498421
264.946488143
264.733848043
264.463123703
264.192475719
263.917685605
263.625947793
263.31906434
262.999597109
262.667283621
262.323597265
261.97163176
261.62358915
261.270112211
260.900452911
260.515932803
260.116945444
259.706524714
259.288373185
258.866192739
258.443458531
258.023325802
257.608655539
257.202075906
256.805900517
256.42213106
256.052476762
255.698374809
255.361012234
255.041348755
254.740139027
254.457952237
254.195189403
253.952100771
253.728804221
253.525304895
253.341514131
253.177263057
253.032310805
252.906356406
252.79904762
252.710002857
252.638723648
252.584600651
252.546832619
252.524460473
252.516636199
252.522701295
252.542164167
252.574631799
252.619751688
252.677164333
252.746464634
252.827111586
252.918421275
253.019524483
253.129298307
253.24676463
253.370571258
253.499504803
253.633493779
253.772527989
253.123978474
251.893968375
250.551447027
249.101847684
247.546243105
245.889929576
244.130790191
242.268047808
240.308024084
238.270037196
236.17484655
234.042926044
231.881068983
229.743320862
227.573457069
225.252124007
223.054332773
221.139317239
219.475978188
217.990866025
216.703367167
215.6645319
214.921047882
214.507894857
214.46905251
214.852541325
215.760861329
217.307800089
219.62573593
222.888616054
227.393195337
233.511022877
242.008173808
253.735505248
261.018659667
261.551960021
262.02413465
262.430632257
262.77784674
263.07530906
263.333018526
263.552179165
263.732678919
262.894824991
263.023541502
263.141731109
263.264939655
263.401605016
263.552751759
263.714421667
263.882693886
264.05409073
264.222537558
264.380572974
264.510511485
264.612401029
264.68634287
264.712269051
264.684308757
264.653139794
264.615105792
264.559725736
264.490008081
264.408332141
264.313503825
264.204823575
264.081437631
263.941995054
263.785311022
263.610216311
263.419957361
263.21104612
262.981692615
262.734067294
262.46926942
262.188657745
261.894068737
261.587649309
261.271693712
260.94847582
260.620221181
260.289172452
259.957443881
259.626981685
259.299550852
258.97673509
258.659942334
258.350413184
258.04923073
257.757330496
257.475510325
257.204441045
256.944678223
256.696674862
256.460794102
256.23732007
256.026466653
255.828386744
255.643182633
255.470918183
255.311617929
255.165263805
255.031785711
254.911051817
254.802884605
254.707091959
254.623494723
254.5519376
254.492291704
254.444447096
254.40830253
254.383740072
254.370596913
254.36864539
254.377530815
254.396819222
254.42589198
254.464025031
254.510854404
254.566064883
254.628162942
254.696500293
254.771629085
254.854124909
254.944413031
254.087540153
252.630763466
251.046378606
249.340267643
247.509123759
245.567868496
243.533580552
241.408651917
239.242940649
236.975853986
234.51019543
232.119019869
229.967996852
228.063508483
226.35296525
224.857521853
223.630601326
222.723901218
222.176354731
222.035714901
222.369578739
223.283422806
224.908950182
227.412954291
231.084787515
236.286661808
243.437838772
252.941951306
259.79004482
260.269421098
260.717461241
261.123975679
261.484896117
261.802748986
262.084065997
262.334752725
262.554652859
262.741329999
261.407307902
261.542943783
261.664640312
261.782789531
261.904811006
262.033375181
262.168520408
262.309199711
262.452372513
262.596948429
262.737499144
262.857425274
262.958326808
263.054281708
263.140358984
263.208876064
263.26206226
263.301923397
263.328125562
263.341009259
263.340685447
263.326443611
263.297116018
263.251413537
263.188009348
263.105572364
263.002582787
262.878601221
262.733613338
262.569440916
262.388022848
262.190240169
261.976906258
261.749023067
261.507759178
261.254396968
260.99029613
260.716863153
260.435530373
260.147730866
259.854876218
259.558333896
259.25941159
258.95934658
258.659299108
258.360348672
258.063492487
257.769645625
257.479642939
257.194242687
256.914131531
256.639930355
256.372200034
256.111446942
255.858128873
255.612661855
255.375427496
255.146778623
254.927043173
254.716526989
254.515514557
254.324269264
254.14303698
253.972052735
253.811546571
253.661749246
253.522895547
253.395225402
253.278981191
253.174398186
253.081696901
253.001059798
252.93261788
252.876430673
252.832463537
252.800647386
252.780920927
252.772950614
252.77641995
252.791349715
252.818035058
252.856676067
252.905363709
252.963461104
253.031894604
253.111672634
253.203636633
253.308356712
252.620611818
250.936132021
249.144724108
247.222624076
245.085608523
242.927842227
240.905766253
239.024695213
237.264527024
235.659448058
234.271599244
233.180397996
232.463234741
232.202894299
232.500938046
233.489814763
235.318770751
238.185758356
242.322678881
247.963415653
255.239889071
257.885676627
258.33059284
258.770863474
259.194972415
259.592439776
259.955950084
260.282903629
260.574487149
260.832182624
261.056503516
261.247381214
259.28811465
259.430365565
259.553939123
259.66437346
259.766740323
259.864585022
259.960938011
260.057630599
260.154257201
260.252521679
260.351351929
260.445798473
260.531785623
260.609574752
260.678830638
260.737193412
260.783042651
260.815978429
260.835575616
260.841543308
260.833750001
260.812071717
260.776345965
260.726355205
260.661837363
260.582531822
260.488102238
260.378161461
260.252683901
260.111546102
259.954756203
259.782628096
259.595613033
259.394308735
259.179438832
258.951825157
258.712371923
258.462049977
258.201879237
257.932911615
257.656215551
257.372861337
257.083908035
256.790392594
256.4933213
256.193663314
255.892345958
255.590251571
255.288215952
254.987028337
254.687432697
254.390129994
254.095780906
253.805008807
253.518403288
253.236524392
252.959907346
252.689066974
252.424501525
252.166696246
251.916126154
251.67325759
251.438549987
251.212458557
250.995436984
250.787940497
250.590428595
250.403366955
250.227228065
250.062488098
249.909623736
249.769102393
249.641369595
249.526839128
249.425875133
249.338784891
249.265844706
249.207238165
249.163087501
249.13356217
249.118934903
249.119524047
249.134939673
249.164841207
249.209498813
249.269563152
249.345806964
249.438985785
249.547826122
249.669998964
249.806560034
249.958634476
250.126598577
250.311090365
250.513062974
249.773934549
248.55804142
247.402338566
246.385016743
245.595768383
245.133350082
245.099903164
245.608952334
246.785846186
248.770532707
251.720496645
254.190735085
254.616655687
255.070932997
255.538367236
256.010314949
256.477208773
256.928739601
257.355084698
257.748216134
258.102837083
258.416645578
258.689373895
258.923018537
259.12090575
256.496977378
256.649692185
256.781944577
256.899100844
257.006136395
257.106943763
257.204488551
257.300897055
257.397106711
257.493766344
257.590876277
257.68697334
257.779514962
257.866485216
257.946499312
258.017986951
258.079241071
258.128883691
258.165847495
258.189306024
258.198647271
258.193423439
258.173309917
258.138072438
258.087534393
258.021564159
257.9400415
257.842752057
257.729741536
257.60122162
257.457383937
257.298453381
257.124745579
256.936698336
256.73485496
256.519842276
256.292359912
256.053171398
255.803092833
255.542980968
255.273721937
254.996220546
254.711390231
254.420144005
254.123386659
253.822008244
253.516878776
253.208844155
252.89872334
252.587306817
252.275356196
251.963604731
251.652758443
251.343497675
251.036479218
250.732339073
250.431695712
250.135153364
249.843305179
249.556736397
249.276027242
249.001755056
248.73449613
248.474827686
248.223329685
247.980586839
247.74719063
247.52374101
247.310847603
247.109128805
246.919210426
246.741720955
246.577282703
246.426504994
246.289971941
246.168224672
246.061768348
245.971062081
245.896511983
245.838494924
245.79739697
245.773641648
245.767399921
245.778712861
245.807791087
245.85509506
245.921252611
246.00690617
246.111775361
246.234900059
246.376417437
246.537059986
246.717462502
246.918108726
247.139313176
247.377133147
247.631064926
247.903226725
248.195025733
248.507189392
248.840021163
249.193520152
249.567497039
249.961802401
250.376564701
250.811945425
251.26234307
251.720525436
252.191837274
252.670893261
253.150021064
253.62096763
254.075095352
254.504163028
254.901269695
255.261574836
255.582778512
255.864682197
256.108915049
256.318327364
253.09997333
253.26706244
253.411285451
253.537584484
253.650744341
253.75489173
253.853260405
253.948251512
254.041424404
254.133676848
254.225373539
254.316197142
254.40501844
254.490280482
254.570443676
254.644001264
254.709392393
254.765109906
254.809791221
254.842260858
254.86154137
254.866842185
254.857543928
254.833183674
254.793430213
254.738056566
254.66691619
254.579853762
254.476858699
254.358136044
254.223960153
254.074593497
253.910324814
253.731517056
253.538611802
253.332118596
253.112608303
252.880707957
252.637094016
252.382484767
252.117632707
251.843317009
251.560336236
251.269501444
250.971629889
250.667539402
250.358043502
250.043947313
249.726044378
249.405114439
249.081922106
248.757216321
248.431730405
248.106182584
247.78127705
247.4577056
247.136149739
246.817282961
246.501773122
246.190284936
245.883482463
245.582031242
245.286600165
244.997863279
244.716501356
244.443203459
244.178668521
243.923606785
243.678741044
243.444806744
243.22255164
243.012733645
242.816115393
242.633459494
242.465520518
242.313028813
242.176687364
242.057173347
241.955128464
241.871150759
241.805804878
241.759659625
241.733201451
241.726809557
241.740850496
241.775775743
241.832137463
241.910534201
242.011201365
242.133923933
242.278699241
242.445906402
242.636088152
242.849679932
243.086865727
243.345876281
243.625510176
243.926075863
244.248259883
244.592525471
244.958974212
245.347349589
245.757083188
246.187403343
246.637487325
247.10633187
247.589960613
248.082055841
248.581104974
249.083361417
249.582643522
250.071568959
250.542390962
250.987753855
251.401425312
251.778841457
252.117533781
252.417090409
252.678823251
252.905284654
249.108887696
249.294266583
249.454111128
249.59290541
249.715142421
249.824960636
249.925825224
250.020447576
250.110813316
250.198244391
250.283499603
250.366821558
250.447897309
250.525916894
250.599781214
250.668258432
250.730028179
250.78373147
250.828029234
250.861661993
250.883493269
250.892529571
250.887928665
250.869004397
250.835221189
250.786176724
250.721587068
250.641231469
250.545001654
250.432979652
250.305373295
250.162422579
250.004391124
249.831592853
249.644400732
249.443243597
249.228603059
249.001010559
248.761043246
248.509319143
248.246492055
247.973246381
247.690291896
247.398358667
247.098192213
246.790548974
246.476192188
246.155888238
245.830403596
245.500502431
245.166944885
244.830485957
244.491874895
244.151855034
243.811164105
243.470535042
243.1306972
242.792377832
242.45630373
242.12320305
241.793807244
241.468852888
241.149083392
240.835250634
240.52811642
240.228453859
239.937048729
239.654700733
239.38222468
239.120451027
238.870226085
238.632411209
238.407879738
238.197513832
238.002199295
237.822813637
237.660219623
237.515266741
237.388784055
237.281564826
237.19436054
237.127904463
237.082898888
237.059981614
237.059730418
237.082710471
237.129507294
237.200730933
237.29686344
237.418130482
237.564680008
237.736768947
237.934787729
238.159079496
238.40978078
238.686096412
238.986975657
239.311872367
239.660648361
240.033230997
240.429368755
240.848517238
241.289804907
241.75205936
242.233872167
242.733550427
243.247865957
243.771629361
244.300679375
244.830566207
245.355644463
245.86920339
246.36408816
246.833429222
247.271306391
247.673222609
248.036455701
248.36017677
248.645235032
248.893779925
244.5474369
244.754375549
244.933020396
245.08745225
245.221850421
245.340227539
245.446142563
245.542547167
245.631762663
245.715502064
245.79492485
245.870703671
245.943055817
246.011765651
246.076264675
246.135740664
246.189215822
246.235604508
246.273761858
246.302533739
246.32080711
246.327545498
246.321813273
246.30279469
246.269804391
246.222285504
246.15980605
246.082031789
245.988738613
245.879863527
245.755483509
245.6157495
245.460860362
245.291067437
245.10667669
244.908046024
244.695582948
244.469742282
244.231023111
243.979965284
243.71714572
243.443174611
243.158691562
242.864361761
242.560872217
242.248928168
241.929249678
241.602568513
241.269625388
240.931167649
240.587947445
240.240720341
239.890244324
239.537279209
239.182586433
238.826929262
238.47107335
238.115787589
237.761845126
237.410024607
237.061111567
236.715899843
236.375192996
236.0398057
235.710565049
235.388311799
235.073901575
234.768206023
234.472113903
234.186531832
233.912384775
233.65061595
233.402185267
233.168067351
232.949248267
232.746717452
232.561461278
232.39446265
232.246695758
232.119111911
232.012627768
231.928134773
231.866505516
231.828574398
231.815116488
231.826855889
231.864484409
231.928681357
232.020070906
232.13913933
232.28623886
232.461671729
232.665762714
232.898780409
233.160821569
233.451499017
233.770044372
234.115658651
234.487670362
234.885471747
235.308369365
235.75545676
236.225536431
236.717091519
237.228289136
237.756946186
238.30000113
238.853033825
239.411247795
239.969547052
240.522256096
241.063015161
241.585091943
242.081944304
242.547804418
242.978123141
243.369884989
243.721776337
244.034085696
244.308435157
239.447861567
239.678668847
239.878498201
240.051064217
240.200241471
240.329855245
240.443445788
240.544099233
240.634379615
240.716316289
240.791424672
240.860752884
240.924928922
240.984193463
241.038442539
241.087291497
241.130139806
241.166227079
241.194680095
241.214553656
241.224877327
241.224694333
241.213092901
241.189232936
241.15236638
241.101847581
241.037139981
240.957808667
240.863525298
240.754098751
240.629471378
240.489680019
240.334831452
240.165096431
239.980705525
239.781944216
239.569149377
239.342706441
239.103046365
238.850642495
238.5860074
238.309689749
238.022271165
237.724363101
237.4166038
237.099655317
236.774200667
236.440941125
236.100593787
235.753889391
235.4015705
235.044389992
234.683109871
234.31850038
233.951339445
233.582412444
233.2125123
232.842439815
232.473004206
232.105023845
231.739327175
231.376753721
231.018155158
230.664396428
230.316356834
229.974931109
229.641030498
229.315583778
228.999538283
228.693860706
228.399537736
228.117576349
227.849003146
227.594863227
227.356218188
227.134140919
226.929710355
226.744009881
226.578123165
226.43312301
226.310059205
226.209959101
226.133834435
226.082671946
226.057410818
226.058932445
226.088062357
226.145585795
226.232241341
226.348683134
226.495442095
226.672935871
226.881514976
227.121432585
227.392772528
227.69531567
228.028504313
228.391541352
228.783515529
229.203448975
229.650254044
230.122653954
230.619108944
231.137767285
231.676436684
232.232544186
232.802915626
233.383468029
233.969410309
234.555426533
235.135752413
235.704182484
236.254261611
236.779689619
237.274799595
237.734962812
238.156883703
238.538783016
238.880378095
239.182708445
233.848003222
234.103976334
234.326499364
234.518927459
234.684835704
234.827835534
234.951377521
235.058590121
235.152188434
235.23443458
235.307132251
235.371649324
235.428955955
235.479660458
235.524043822
235.56210211
235.593594
235.61808719
235.635001837
235.643644584
235.643249355
235.633013998
235.612132609
235.579824625
235.535359703
235.4780755
235.407391582
235.322814621
235.223945555
235.110500278
234.982312947
234.839315494
234.681520591
234.509013899
234.321947644
234.120534322
233.905042009
233.675790709
233.43314895
233.177530544
232.909391537
232.62922727
232.337569545
232.034983857
231.72206672
231.399443059
231.067763701
230.727702967
230.379956448
230.02523897
229.664282793
229.297836062
228.926661479
228.55153524
228.173246214
227.792595413
227.410395709
227.027471788
226.644660281
226.262810113
225.882783001
225.505454105
225.131712754
224.762463284
224.398625882
224.041137489
223.690952684
223.349044617
223.016405908
222.69404946
222.383009142
222.084340284
221.799119538
221.528444348
221.273431775
221.035215259
220.814940732
220.613764644
220.432850514
220.273360547
220.136445184
220.02323933
219.93486539
219.872428
219.836995812
219.829585433
219.851152736
219.90259982
219.984773305
220.098452118
220.244309861
220.422891808
220.634626445
220.879806547
221.158541992
221.470700571
221.815859775
222.193299206
222.602047793
223.040935837
223.508603397
224.003469363
224.523684167
225.067085704
225.631163091
226.213014537
226.809249813
227.415832317
228.028049035
228.640584258
229.247668973
229.843191616
230.420877963
230.974604251
231.498782658
231.988716211
232.440872326
232.853066968
233.224494758
233.555625746
227.789079323
228.070620941
228.316533387
228.529807714
228.71371693
228.871643464
229.006905098
229.122605321
229.221532973
229.306105091
229.378342109
229.439870175
229.491943663
229.535474834
229.571063995
229.599032325
229.619458005
229.632213039
229.637001524
229.633388067
229.620832847
229.598724255
229.566409179
229.5232214
229.468507417
229.401647593
229.322074125
229.22928355
229.122847797
229.002431209
228.867797529
228.718801161
228.555377693
228.377538377
228.185364578
227.979001901
227.758655336
227.524585284
227.277103965
227.016572088
226.743395781
226.458023727
226.160944414
225.852683549
225.533801546
225.204891118
224.866574954
224.519503488
224.164352803
223.801822682
223.432634836
223.057531306
222.677273058
222.292638771
221.904423843
221.51343961
221.120512793
220.726485156
220.332213311
219.938568731
219.546437933
219.156722793
218.770340991
218.388226556
218.011330502
217.6406215
217.277086628
216.921732133
216.575584238
216.239689897
215.91511749
215.602957386
215.304322128
215.020346266
214.752185755
214.501015985
214.268029076
214.054431987
213.861443676
213.690288859
213.542189626
213.418360142
213.320006259
213.248321217
213.204471599
213.189581085
213.204716988
213.250890327
213.329048299
213.440072374
213.584749981
213.763742673
213.977574732
214.226611304
214.511020724
214.830742285
215.185449375
215.57450995
215.996980579
216.451628896
216.936949217
217.451156819
217.992165053
218.557555933
219.144550123
219.749970893
220.370196514
221.001092359
221.637950379
222.275492788
222.907993306
223.529421248
224.133628173
224.714615253
225.266853645
225.785592326
226.267107332
226.708879164
227.109651517
227.469377815
221.314229295
221.621020296
221.890327088
222.124775715
222.327333337
222.501142545
222.649360762
222.775019816
222.880922694
222.969575957
223.043151392
223.103472807
223.152023569
223.18996611
223.218165967
223.237218448
223.247477526
223.249085472
223.242005989
223.226048075
223.200896214
223.166138936
223.121296111
223.065845214
222.999246127
222.920963051
222.830484091
222.727337414
222.611105246
222.481439888
222.338073168
222.180815148
222.009550659
221.82423703
221.624900853
221.411633814
221.1845887
220.943975839
220.690059753
220.423156001
220.14362823
219.8518854
219.548379152
219.233601303
218.908081462
218.572384716
218.227109418
217.872885062
217.510370242
217.140250777
216.763237921
216.380066741
215.991494648
215.598300065
215.201281299
214.801255577
214.399058283
213.99554237
213.591577927
213.188051923
212.785868108
212.385947076
211.989226456
211.596661216
211.209224081
210.827906023
210.453716838
210.087685773
209.730862208
209.384316346
209.049139873
208.726446544
208.417372528
208.123076488
207.844739339
207.583563093
207.340769045
207.117596192
206.915298905
206.735142284
206.578395601
206.446326893
206.340200451
206.261272411
206.210779596
206.189924867
206.199862604
206.241694431
206.316454689
206.425110778
206.568541753
206.747507333
206.962625337
207.214344854
207.502910661
207.828337323
208.190380859
208.588495548
209.021802809
209.489085179
209.988789787
210.519027215
211.07756139
211.661792902
212.268739153
212.895008722
213.536777139
214.189766286
214.849207999
215.509831667
216.16595038
216.811599525
217.440719768
218.047396965
218.626139201
219.172146967
219.681539141
220.151520103
220.580453419
220.967841466
214.46769871
214.798852094
215.090991297
215.346385005
215.56769473
215.757816324
215.919728479
216.056358941
216.170480555
216.264637472
216.341097466
216.401827274
216.448487753
216.482442919
216.504776567
216.516313086
216.517640896
216.509136709
216.490994162
216.463244062
216.425780636
216.378386559
216.32075725
216.252524644
216.173280154
216.082595931
215.980044514
215.865216351
215.737735349
215.59727465
215.443567755
215.276412
215.095669462
214.901267657
214.693198892
214.471518235
214.236341011
213.98784022
213.726243854
213.451832224
213.16493534
212.86593038
212.555239239
212.233326168
211.900695501
211.557889446
211.205485949
210.844096637
210.47436484
210.096963725
209.712594531
209.321984897
208.925887349
208.525077884
208.120354729
207.712537252
207.302465031
206.890997077
206.479011219
206.067403629
205.657088522
205.248997993
204.84408201
204.443308522
204.047663685
203.65815219
203.275797689
202.901643289
202.536752123
202.182207956
201.8391158
201.508602481
201.19181707
200.889931111
200.604138594
200.335655336
200.085717795
199.855581818
199.646520785
199.459822092
199.296782086
199.158701095
199.046879929
198.962615194
198.907190029
198.881861241
198.887845972
198.926313671
198.99836829
199.105046649
199.247300485
199.425968737
199.641751008
199.895177731
200.186574458
200.516034806
200.883394633
201.288192172
201.729628262
202.206542076
202.717399314
203.260284983
203.832895481
204.432528361
205.056070495
205.699982599
206.360288414
207.032577757
207.711999191
208.393258503
209.070686661
209.738363952
210.390290983
211.020606724
211.623834955
212.195125885
212.730462411
213.226816633
213.682230627
214.095817565
207.294443887
207.648612297
207.962551209
208.238186661
208.47787988
208.684277316
208.860166884
209.008349428
209.131534937
209.232264832
209.312857767
209.375376518
209.421613429
209.453090171
209.471066847
209.476556872
209.470345473
209.453009598
209.42494253
209.386371238
209.337379437
209.277929711
209.207885199
209.127030983
209.035095081
208.931768416
208.816723731
208.689633149
208.55018419
208.398095299
208.233127939
208.055093106
207.863855223
207.659335187
207.441511927
207.210422433
206.966160907
206.708877389
206.438776018
206.156113066
205.861194834
205.554375507
205.236054992
204.906676774
204.56672581
204.21672644
203.857240351
203.488864596
203.112229665
202.727997659
202.336860511
201.939538334
201.536777837
201.129350875
200.718053126
200.303702894
199.887140075
199.469225245
199.050838892
198.632880795
198.216269548
197.80194225
197.390854327
196.983979487
196.582309802
196.186855897
195.798647243
195.418732545
195.048180209
194.688078866
194.339537938
194.003688174
193.681682118
193.374694407
193.083921898
192.810583378
192.555918796
192.321188322
192.107670872
191.916661407
191.749466989
191.60740244
191.491786515
191.403937144
191.345163433
191.316754287
191.319967828
191.356017626
191.426058877
191.53118043
191.672388983
191.850584442
192.06653284
192.320835603
192.613893833
192.945878455
193.31670337
193.725988645
194.173019298
194.656711593
195.175589318
195.727767613
196.310941205
196.922374846
197.558895322
198.216883199
198.892270426
199.580554952
200.276814823
200.975724502
201.671618708
202.35860559
203.03072445
203.682144805
204.30738946
204.901554322
205.460498907
205.98099365
206.460803883
206.898705147
199.8399525
200.215393149
200.549692679
200.844452926
201.101744152
201.323964524
201.513703862
201.673619935
201.80633547
201.914357924
202.0000206
202.065443198
202.112509731
202.142860531
202.15789447
202.158778124
202.146459537
202.121684302
202.085016435
202.036853263
201.977445867
201.906918784
201.825289506
201.73248782
201.628374945
201.512762077
201.385428216
201.246137119
201.094653093
200.930756054
200.754254056
200.564991618
200.362855592
200.147779878
199.919748659
199.678798123
199.425017104
199.158546931
198.879580691
198.588362057
198.285183817
197.970386204
197.644355112
197.307520231
196.960353162
196.603365494
196.237106897
195.862163229
195.479154685
195.088734004
194.691584744
194.288419606
193.879978853
193.467028824
193.050360564
192.630788575
192.209149696
191.786302108
191.36312447
190.94051517
190.519391758
190.100690503
189.685366105
189.274391535
188.868758006
188.469475058
188.077570753
187.694091968
187.32010478
186.956694921
186.604968297
186.266051489
185.941092221
185.631259711
185.337744886
185.061760275
184.804539562
184.567336852
184.351425517
184.158096083
183.988653097
183.844411407
183.72669239
183.636819284
183.57611013
183.545867586
183.547370697
183.581858517
183.650517621
183.754471541
183.894765181
184.072342306
184.288019267
184.542454731
184.836114637
185.16924018
185.541818796
185.953548873
186.403799361
186.891572028
187.415470217
187.973674772
188.563926409
189.18351331
189.829263318
190.497539284
191.184241537
191.884827719
192.594339911
193.30743653
194.018458743
194.721537784
195.410741837
196.080259226
196.724602894
197.338813166
197.918635914
198.460662568
198.962415754
199.422374544
192.150133436
192.544747355
192.897604383
193.210001704
193.483730234
193.720943775
193.924030294
194.095493102
194.237849244
194.353547801
194.444907603
194.514072947
194.562985607
194.593370517
194.606732001
194.604357679
194.587327758
194.556527642
194.512665183
194.456283409
194.387778664
194.307418275
194.215358197
194.111660626
193.996311521
193.86923778
193.730323912
193.579428127
193.416397517
193.241082523
193.053349432
192.853089736
192.640227202
192.414723681
192.176583521
191.925856533
191.662639826
191.387078707
191.099366876
190.799746016
190.488504969
190.165978576
189.832546292
189.488630668
189.134695699
188.771245116
188.398820625
188.018000133
187.629395992
187.23365328
186.831448109
186.42348599
186.010500264
185.593250605
185.172521638
184.749121666
184.323881509
183.897653468
183.471310386
183.04574485
182.621868537
182.200611698
181.7829228
181.36976829
180.962132489
180.561017605
180.167443859
179.782449707
179.40709216
179.042447195
178.68961022
178.349696551
178.023841869
177.713202601
177.418956174
177.142301044
176.884456427
176.646661763
176.430175763
176.23627474
176.066250065
175.921404975
175.803051012
175.712503584
175.651075654
175.620068478
175.620765478
175.654414371
175.72221587
175.825311824
175.964769585
176.141560945
176.356537027
176.610399113
176.903664855
177.236635236
177.609363621
178.021620993
178.472856704
178.962159466
179.488222023
180.049311454
180.643246004
181.267378524
181.918586541
182.593268241
183.287346944
183.99629252
184.715155121
185.438607685
186.161016234
186.876544441
187.579292533
188.26346778
188.923574021
189.554600811
190.152191827
190.712779405
191.233671406
191.71308409
184.271191729
184.682554922
185.051835866
185.38004649
185.668711113
185.919745039
186.135333351
186.317817094
186.46959366
186.593034491
186.690420365
186.763893428
186.815424508
186.846793669
186.859581323
186.85516748
186.834736918
186.799288621
186.749649531
186.686485298
186.610316321
186.521533634
186.420414933
186.307140715
186.181810424
186.044458382
185.895069386
185.733593854
185.559962273
185.374098957
185.175934283
184.965414498
184.742509473
184.507219178
184.25957882
183.999662677
183.727586778
183.443510645
183.147638219
182.84021814
182.521543489
182.191951119
181.851820674
181.501573382
181.141670695
180.772612786
180.394936959
180.009216013
179.616056597
179.216097576
178.810008416
178.398487599
177.982261085
177.562080835
177.138723448
176.712988892
176.285699342
175.857698121
175.429848749
175.003034108
174.578155748
174.156133342
173.737904284
173.324423408
172.916662849
172.515612008
172.122277636
171.73768401
171.362873205
170.998905472
170.646859667
170.307833705
169.982945011
169.6733309
169.380148865
169.104576688
168.847812281
168.611073287
168.395596292
168.20263546
168.033460413
167.889353466
167.771606342
167.681515999
167.620378956
167.589482755
167.590101745
167.623478081
167.690811882
167.793248763
167.93186427
168.107643913
168.321459247
168.574040054
168.865942119
169.197514152
169.568865716
169.979832617
170.429938701
170.918356819
171.443871688
172.004846737
172.599196693
173.224366978
173.877320699
174.554533365
175.251997247
175.965242159
176.689371397
177.419110027
178.148877716
178.872891458
179.585298344
180.280335864
180.9525093
181.596769712
182.208674505
182.784517832
183.321418704
183.817360258
176.249452948
176.674851985
177.058128428
177.400028053
177.701822019
177.965194505
178.192128846
178.384798899
178.545471928
178.676426481
178.779886103
178.857968541
178.912649382
178.945738383
178.95886629
178.953480025
178.930844118
178.892047341
178.838013028
178.769508044
178.68715686
178.591455803
178.482787641
178.361436434
178.227602466
178.081417106
177.922957405
177.752260352
177.56933656
177.374183293
177.166796303
176.947179718
176.715354137
176.471363411
176.215280234
175.947210485
175.667296477
175.375719274
175.072700186
174.758501576
174.433427079
174.097821341
173.752069401
173.39659579
173.031863426
172.65837232
172.276658176
171.887290883
171.490873001
171.088038227
170.679449872
170.265799341
169.847804655
169.426209019
169.001779485
168.575305735
168.147598923
167.719490649
167.291832014
166.865492777
166.441360651
166.020340771
165.603355261
165.191342959
164.785259249
164.386076018
163.994781721
163.612381524
163.239897552
162.87836924
162.528853746
162.192426382
161.870181052
161.563230643
161.272707316
160.999762669
160.74556766
160.511312285
160.298204926
160.107471181
159.940352066
159.798101584
159.681983693
159.593268434
159.533226784
159.503122694
159.504210674
159.537715683
159.604824985
159.70667552
159.844338587
160.018800809
160.230941403
160.481505749
160.771074836
161.100032882
161.46853495
161.87647259
162.323436609
162.808678608
163.33107335
163.889083852
164.480731165
165.103570526
165.754675271
166.430629363
167.127530328
167.841008036
168.566260074
169.298101985
170.031040515
170.759373996
171.477319674
172.179165408
172.859436877
173.513066143
174.135545618
174.723055228
175.2725518
175.78181393
168.131131816
168.567610193
168.962202918
169.315408883
169.628260312
169.902219022
170.139069709
170.340816607
170.509589343
170.647561636
170.756884179
170.839631822
170.897764297
170.933099121
170.947294827
170.94184262
170.918064513
170.877117467
170.820000439
170.747561707
170.66051112
170.559432798
170.444798402
170.316980799
170.176267945
170.022876767
169.856966878
169.678654015
169.488022975
169.285139968
169.070063961
168.842856449
168.603589621
168.352353274
168.089260578
167.814452703
167.528102403
167.230416696
166.92163874
166.602049015
166.271965905
165.931745768
165.581782595
165.222507388
164.854387261
164.477924373
164.093654666
163.702146518
163.303999339
162.899842169
162.490332223
162.076153496
161.658015322
161.236651015
160.812816596
160.387289618
159.960868064
159.534369362
159.108629469
158.684502056
158.262857824
157.844583969
157.430583796
157.021776429
156.619096665
156.223494929
155.835937334
155.457405823
155.088898394
154.731429435
154.386030131
154.053748881
153.735651719
153.43282271
153.146364247
152.877397233
152.627061057
152.396513334
152.186929329
151.999500943
151.835435139
151.695951759
151.582280744
151.495658523
151.437323341
151.408507736
151.410437852
151.444312128
151.511295023
151.612504461
151.748996952
151.92174944
152.131637725
152.379411401
152.665664994
152.990806713
153.355026423
153.758261854
154.200162376
154.680051459
155.196889312
155.74923741
156.335226729
156.952531647
157.598351276
158.269399638
158.961906528
159.671633589
160.393907465
161.123669321
161.855546508
162.58394952
163.303193785
164.007643517
164.691869879
165.350811223
165.979921162
166.575292926
167.133749916
167.652895514
159.962054851
160.40647125
160.809504664
161.171427112
161.493047216
161.775614701
162.020720673
162.230199648
162.40603876
162.550297869
162.665042294
162.752288644
162.813963337
162.851872757
162.867683485
162.862910953
162.838914667
162.796900202
162.737923099
162.66289477
162.572592997
162.467673174
162.348680336
162.216061741
162.070179771
161.911324948
161.739728843
161.555576767
161.359020018
161.15018758
160.929196988
160.696163836
160.451209864
160.194469855
159.926097417
159.646269732
159.355191298
159.053096788
158.740253165
158.416961108
158.083555841
157.74040743
157.387920674
157.026534672
156.656722134
156.278988469
155.893870685
155.501936161
155.10378137
154.700030582
154.291334539
153.878369113
153.461833983
153.042451335
152.620964649
152.198137603
151.774753042
151.351612041
150.929533054
150.509351127
150.09191725
149.678097866
149.268774502
148.864843519
148.467215981
148.076817633
147.69458897
147.321485378
146.958477354
146.606550831
146.266707575
145.939965597
145.627359572
145.32994121
145.04877957
144.784961243
144.539590358
144.313788362
144.108693504
143.925459917
143.765256212
143.629263494
143.51867279
143.434681679
143.378490038
143.351292839
143.354281194
143.388619664
143.455441933
143.555838526
143.690842448
143.861411931
144.068409969
144.312580613
144.594521741
144.914655202
145.273195634
145.67011756
146.10512033
146.577591694
147.086571257
147.630715201
148.208263958
148.817014789
149.454301252
150.116981276
150.801435806
151.50358196
152.218903068
152.942495823
153.669138804
154.393384925
155.109677201
155.812484936
156.496453421
157.15655638
157.788238443
158.387536759
158.951172354
159.476604238
151.78735124
152.236447489
152.644913193
153.012814673
153.340753662
153.629779733
153.881297425
154.0969737
154.278650844
154.428268492
154.547796819
154.639181643
154.704301377
154.744935036
154.762740008
154.759238195
154.735808649
154.693687826
154.633970417
154.557614073
154.465448256
154.358184082
154.236425187
154.10067928
153.951370142
153.788849822
153.613410823
153.425298094
153.224720649
153.011862662
152.786893839
152.549978617
152.30128408
152.040986714
151.769278146
151.486369868
151.192497019
150.887921317
150.572933275
150.247853768
149.913035011
149.568861009
149.215747595
148.854142152
148.484523068
148.107398971
147.723307753
147.332815457
146.936515112
146.535025534
146.128990115
145.719075593
145.305970788
144.890385391
144.473048834
144.054709269
143.636132602
143.218101647
142.801415333
142.38688796
141.975348594
141.567640627
141.164621447
140.767162224
140.376147811
139.992476749
139.617061354
139.250827864
138.894716652
138.549682547
138.216695226
137.896739618
137.590816312
137.29994192
137.02514938
136.767488141
136.528024186
136.30783983
136.108033244
135.929717609
135.774019827
135.642078702
135.535042532
135.454065972
135.400306134
135.374915642
135.37904539
135.413820276
135.480336932
135.579651768
135.712767227
135.880615409
136.084038714
136.323767446
136.600394172
136.914345386
137.265851495
137.654915078
138.081277164
138.544382132
139.043342288
139.576903332
140.143412177
140.740788989
141.366505495
142.017571412
142.690531074
143.381473728
144.086060187
144.799566627
145.516948966
146.232929988
146.942108515
147.639087841
148.31861714
148.975736299
149.605912763
150.205160164
150.770129977
151.298169147
143.651124788
144.101599592
144.512425951
144.883486957
145.21519567
145.508415169
145.764372404
145.984571146
146.170708838
146.324601009
146.448115442
146.543117146
146.611424317
146.654774739
146.67480161
146.673017589
146.65080523
146.609415783
146.549967134
146.473447588
146.380723139
146.272546027
146.149564476
146.012333293
145.86132499
145.696941227
145.519524313
145.329368558
145.126731292
144.911843417
144.684919283
144.446165569
144.195788942
143.93400265
143.661032114
143.377119586
143.082527874
142.777543265
142.462477761
142.137670692
141.803489785
141.46033169
141.108622105
140.748815603
140.381395198
140.006871692
139.625782809
139.238692162
138.846188189
138.448883066
138.047411584
137.642430024
137.234614982
136.824662223
136.413285636
136.001216296
135.589201579
135.178004393
134.768402454
134.361187601
133.957165225
133.557153879
133.161984999
132.772502728
132.389563849
132.014037815
131.646806869
131.288766187
130.940824081
130.603902318
130.278936505
129.966876487
129.668686737
129.385346706
129.117851108
128.867210104
128.634449323
128.420609669
128.226746873
128.053930697
127.903243737
127.775779724
127.672641273
127.59493695
127.543777672
127.52027002
127.525520637
127.560610218
127.626593393
127.724487155
127.855257741
128.019805121
128.21894473
128.453386348
128.723709996
129.030339172
129.373512213
129.753251928
130.169333359
130.621250179
131.108180627
131.628954088
132.182019575
132.765417833
133.376759091
134.013208375
134.671480463
135.347847613
136.038162836
136.737899945
137.442213245
138.146018781
138.844096538
139.531210931
140.202243902
140.85233212
141.47699796
142.072264754
142.634748039
143.161715902
135.5961156
136.044699629
136.454823415
136.826210435
137.159104672
137.454197987
137.712550568
137.935509396
138.124629289
138.281600078
138.408182237
138.506152265
138.577258172
138.623184812
138.645528223
138.645777997
138.625305853
138.585363301
138.527076852
138.451451087
138.359374479
138.251626714
138.128887389
137.991745682
137.840710667
137.67622202
137.498660876
137.308360585
137.105617164
136.890699323
136.663857896
136.425334362
136.175368238
135.914203455
135.642093785
135.359307373
135.066130373
134.762869793
134.449855691
134.127442797
133.796011598
133.455968903
133.107747999
132.75180855
132.388636236
132.018742189
131.642662209
131.260955801
130.874205194
130.483014343
130.088007903
129.689830203
129.289144145
128.88663013
128.482985084
128.078921607
127.675167166
127.272463398
126.871565475
126.473241444
126.078271707
125.687448676
125.301576532
124.921471096
124.547959784
124.181881666
123.824087604
123.475440398
123.136814967
122.809098666
122.493191652
122.19000728
121.900472465
121.625528017
121.366128899
121.1232444
120.897858148
120.690967916
120.503585193
120.336734426
120.191451892
120.068784101
119.969785686
119.895516659
119.847039029
119.82541054
119.831690376
119.866911397
119.932082353
120.028176658
120.156119866
120.316775012
120.510925402
120.739254748
121.002324559
121.30054896
121.634167547
122.00321653
122.407498103
122.846548479
123.319605342
123.825575806
124.363005939
124.930053353
125.524464916
126.143561429
126.784231314
127.442936149
128.115730812
128.798299692
129.486011514
130.173994486
130.857231318
131.530671645
132.189356768
132.828549084
133.443856906
134.031345807
134.587628742
135.109928194
127.66335571
128.106883883
128.513320048
128.882252438
129.213776618
129.508429857
129.767117997
129.991039453
130.181610605
130.340396065
130.469046209
130.56924342
130.642657618
130.690910999
130.715551337
130.718033075
130.699704357
130.661803877
130.605453508
130.531660934
130.441324102
130.335237412
130.214099437
130.078521722
129.92903832
129.766115802
129.590163498
129.401543682
129.200581487
128.987574431
128.762801415
128.526530895
128.279027981
128.020560577
127.751404628
127.471848502
127.182196506
126.88277162
126.573917622
126.25600068
125.929410423
125.594560498
125.251888743
124.901857105
124.544951338
124.181680508
123.812576269
123.438191952
123.059101649
122.675899295
122.289197729
121.89962776
121.507837136
121.114489524
120.720263606
120.325852307
119.931962052
119.539312149
119.148634226
118.760671597
118.376178776
117.99592117
117.620674874
117.251226571
116.888373515
116.5329236
116.185695511
115.847518872
115.519234391
115.201694156
114.895762003
114.602313877
114.32223818
114.05643607
113.805821693
113.571322328
113.35387839
113.154443237
112.973982745
112.813474581
112.673907138
112.556278027
112.461592078
112.390858808
112.34508912
112.325289959
112.332470198
112.367611935
112.431675054
112.525586139
112.650226504
112.806418382
112.994908776
113.216350829
113.471282652
113.76010373
114.083049321
114.440163196
114.831268709
115.25593855
115.713463851
116.202823699
116.722655969
117.27123073
117.846428269
118.445723572
119.066179129
119.704448694
120.356794609
121.019120352
121.687020536
122.355849987
123.020811557
123.677060504
124.319820857
124.944506969
125.546841855
126.122964115
126.669516176
127.183707325
119.891819061
120.32729656
120.727202663
121.091014951
121.418701836
121.710663558
121.967665269
122.190766519
122.381251117
122.54056075
122.670234773
122.77185775
122.847015478
122.897259577
122.924080184
122.928886134
122.912990787
122.87760833
122.823844039
122.752696701
122.665061814
122.56173674
122.443427519
122.310756854
122.164272908
122.004458645
121.831741479
121.646502925
121.44908798
121.239814176
121.018980163
120.786873529
120.5437776
120.28997734
120.025764391
119.75144131
119.467324947
119.17374905
118.871066302
118.559649852
118.239894368
117.912216565
117.577055352
117.234871766
116.886148704
116.531390478
116.171122147
115.805888623
115.43625382
115.062799799
114.686125902
114.306847907
113.925597053
113.54301906
113.159773286
112.776532018
112.393979787
112.012812822
111.633738548
111.257474967
110.884750186
110.516302139
110.152878411
109.795236155
109.444142084
109.10037254
108.764713663
108.437961509
108.120922162
107.814411999
107.519258042
107.236298295
106.966382059
106.710370188
106.469135281
106.243561805
106.034546074
105.842996056
105.669830956
105.515980516
105.382383999
105.269988768
105.179748387
105.112620305
105.069562459
105.051530033
105.059478129
105.094336132
105.157012884
105.248385521
105.369288203
105.520499222
105.702725901
105.916587153
106.162593712
106.441126095
106.752410572
107.096493545
107.473214359
107.88217686
108.3227202
108.793890054
109.29441096
109.822660736
110.376649112
110.954002332
111.551955445
112.167354665
112.796672246
113.436035615
114.081272779
114.727975514
115.37158015
116.007464026
116.631053582
117.237937966
117.823980649
118.385421438
118.918962124
119.421829529
112.318063985
112.742723327
113.133455832
113.489652639
113.811176327
114.098308117
114.351686926
114.572244227
114.761138454
114.919692162
115.049334377
115.151549817
115.227835805
115.279667136
115.308468553
115.315594377
115.302313438
115.2698051
115.219147381
115.151319385
115.067203367
114.967588944
114.853179087
114.724597357
114.582395993
114.427064618
114.259039328
114.078711815
113.886438246
113.682547841
113.467351062
113.24114709
113.004230322
112.756896011
112.49944511
112.232188357
111.955449509
111.669567815
111.374899946
111.071821467
110.760727862
110.442035017
110.116179329
109.783617644
109.444827
109.100304235
108.750565355
108.396144649
108.037593879
107.675481476
107.310391743
106.942924081
106.57369207
106.203322499
105.83245457
105.461739247
105.091838612
104.72342537
104.357182407
103.993802162
103.633986155
103.27844472
102.927896849
102.583070108
102.244700627
101.913533154
101.590321225
101.275827251
100.970822576
100.67608771
100.392412655
100.120597212
99.8614512463
99.6157948972
99.3844587237
99.1682837895
98.9681216351
98.7848340761
98.6192927989
98.472378682
98.3449808383
98.2379952616
98.152323022
98.0888681899
98.048534127
98.0322247735
98.0408350591
98.0752428738
98.1363039191
98.2248434654
98.3416460855
98.4874435767
98.6629008387
98.8685995786
99.1050199064
99.3725198277
99.671312776
100.001443639
100.362763356
100.754902286
101.177242771
101.628892129
102.108656657
102.615017185
103.146108511
103.699704377
104.273209554
104.863661123
105.467741269
106.081803303
106.701912778
107.323905108
107.943459601
108.556188269
109.157735799
109.743885287
110.310662927
110.854434728
111.371988927
111.860598233
104.975865817
105.387213176
105.766373629
106.112675095
106.425895136
106.706213895
106.954158823
107.170544776
107.356412952
107.512971744
107.641541887
107.74350767
107.820275106
107.873237449
107.903747815
107.913098595
107.902505797
107.873105024
107.825937709
107.761953757
107.682012581
107.586886487
107.477265931
107.353766056
107.216934122
107.067257603
106.905172739
106.731073158
106.545318256
106.348241319
106.140157321
105.921370072
105.692178404
105.452881552
105.203783795
104.945198396
104.677450694
104.400880435
104.115843599
103.822713813
103.521883342
103.213763526
102.898784843
102.577396835
102.250067863
101.917284758
101.579552216
101.237391907
100.891341687
100.541954844
100.189799346
99.8354571432
99.4795232695
99.1226048812
98.7653204821
98.4082993179
98.0521807549
97.6976138265
97.34525683
96.9957766788
96.6498483983
96.308154871
95.9713866736
95.6402419849
95.3154265502
94.9976537068
94.6876445396
94.3861279396
94.0938405884
93.8115271557
93.5399405904
93.2798423857
93.0320027896
92.7972009509
92.5762250146
92.3698721775
92.1789486485
92.0042694496
91.8466580271
91.7069455958
91.5859702321
91.4845755911
91.4036091866
91.3439205476
91.3063572838
91.2917691581
91.3009931237
91.334851357
91.3941448145
91.4796452859
91.5920858774
91.7321498234
91.9004573651
92.0975505785
92.3238762995
92.5797671162
92.8654204425
93.1808761886
93.5259931374
93.9004241498
94.3035904641
94.7346565453
95.1925058375
95.6757175459
96.1825469693
96.7109110746
97.2583805891
97.8221804961
98.3992010596
98.9860210585
99.5789449604
100.174055337
100.767280537
101.354476182
101.931517309
102.494396332
103.039320749
103.562804243
104.061745319
104.533488018
97.8958387098
98.2916884428
98.6571583077
98.9915347039
99.2945299496
99.5662404798
99.8070969085
100.017809174
100.199309966
100.35269934
100.479192854
100.580075024
100.656659071
100.710253408
100.742134751
100.753527603
100.74558831
100.719401182
100.675963141
100.616186708
100.540900153
100.450850157
100.346706414
100.229067536
100.098467866
99.9553849917
99.8002477922
99.633444577
99.4553309758
99.2662376108
99.0664775154
98.8563529658
98.6361613453
98.4062002652
98.1667720072
97.9181873174
97.6607683663
97.3948509337
97.1207861332
96.8389417644
96.5497032846
96.2534741951
95.9506760474
95.641748358
95.3271483663
95.0073507284
94.682846931
94.3541443789
94.0217656194
93.6862476182
93.3481410479
93.008009649
92.6664293454
92.3239872611
91.9812809537
91.6389178407
91.2975145775
90.9576966283
90.6200978955
90.2853600217
89.9541318433
89.6270691275
89.3048343942
88.9880967926
88.6775320226
88.3738223116
88.077656559
87.7897303542
87.5107458842
87.2414120849
86.9824448913
86.7345674461
86.4985102434
86.2750112035
86.0648157204
85.8686766944
85.6873544918
85.5216167562
85.3722380389
85.2399991649
85.1256863772
85.0300901182
84.9540033923
84.8982201435
84.8635311995
84.8507302664
84.8605960978
84.8938934476
84.9513668678
85.033733119
85.141672256
85.2758172625
85.4367419076
85.6249466685
85.8408429491
86.0847355455
86.3568032252
86.657078016
86.9854233575
87.3415111258
87.7247976474
88.1345004286
88.5695757432
89.0286966515
89.5102343143
90.0122442919
90.5324588361
91.0682868166
91.6168232531
92.1748700711
92.738969693
93.3054526645
93.8704993887
94.4302147241
94.9807126253
95.5182065401
96.0391001289
96.5400725429
97.0181528544
97.4707786057
91.1050490962
91.4835461354
91.8335098247
92.1542047691
92.4452963262
92.7068135785
92.9391043798
93.1427853222
93.3186895592
93.4678152108
93.5912766094
93.6902602154
93.7659861848
93.819676125
93.852526981
93.865690856
93.8602590745
93.8372585776
93.7976353025
93.7422576279
93.671915774
93.5873238414
93.4891238416
93.3778910293
93.254140136
93.1183323357
92.9708828107
92.8121684304
92.6425351589
92.4623052799
92.2717844492
92.0712682153
91.8610475642
91.6414137715
91.4126626485
91.1750981986
90.9290354468
90.6748024801
90.4127420679
90.1432129606
89.86659085
89.5832687049
89.2936567152
88.9981821927
88.6972893264
88.391438921
88.0811078234
87.76678797
87.4489856136
87.1282206191
86.8050257733
86.4799462015
86.1535384741
85.8263695823
85.499016165
85.1720639521
84.8461071166
84.5217478535
84.1995960326
83.8802684278
83.5643881159
83.2525841925
82.9454915605
82.6437507576
82.348007813
82.0589141663
81.7771267978
81.5033082145
81.238126271
80.982254266
80.7363711427
80.5011616192
80.2773162579
80.0655314696
79.8665095245
79.6809585747
79.5095926316
79.3531313912
79.2122998875
79.0878278763
78.9804490274
78.8908997701
78.8199177344
78.7682403396
78.7366006983
78.7257351454
78.736363342
78.769191521
78.824906566
78.9041689158
79.007604261
79.1357939741
79.289263908
79.4684713757
79.6737906222
79.9054967327
80.1637476699
80.4485651512
80.7598145521
81.0971837238
81.4601606685
81.8480121614
82.2597632212
82.6941763531
83.1497338735
83.6246250292
84.1167386224
84.6236625321
85.1426919942
85.6708481691
86.204908514
86.7414500455
87.2769055861
87.8076318942
88.3299871765
88.8404141609
89.3355239086
89.8121751481
90.2675441647
90.6991806751
84.6266284275
84.9862588025
85.3192150928
85.6247575172
85.9025209172
86.1524820203
86.3749191126
86.5703665791
86.7395669861
86.8834232623
87.0029531185
87.0992475798
87.1734345794
87.2266482135
87.2600036687
87.2745775727
87.271392398
87.2514131386
87.2155297786
87.1645613063
87.0992544793
87.0202853271
86.9282626833
86.8237330066
86.7071860754
86.5790614377
86.4397555249
86.2896288887
86.1290131329
85.9582176987
85.7775365575
85.5872544328
85.3876520187
85.1790105635
84.9616159157
84.7357620518
84.5017537818
84.2599086386
84.0105583974
83.7540503262
83.4907481447
83.2210323049
82.9452998748
82.6639644162
82.3774557366
82.0862196736
81.7907175235
81.4914250364
81.188831634
80.883439711
80.5757639526
80.2663307957
79.9556775125
79.6443511213
79.3329075974
79.0219113135
78.7119343435
78.4035560362
78.0973626723
77.7939466202
77.4939056595
77.1978426701
76.9063653649
76.6200860464
76.3396213833
76.0655922614
75.798623926
75.5393459341
75.288391888
75.0463994616
74.8140105275
74.5918711989
74.3806318149
74.1809468967
73.9934751354
73.8188794377
73.6578269228
73.5109887777
73.3790399199
73.2626583969
73.1625246255
73.07932029
73.0137268797
72.9664244699
72.9380876549
72.9293944011
72.9410043997
72.9735644871
73.0277029584
73.1040229732
73.2030948768
73.3254474169
73.4715574575
73.6418379636
73.8366246986
74.0561615319
74.3005838853
74.569901149
74.8639783076
75.1825165233
75.5250323799
75.8908384045
76.2790244405
76.6884380829
77.1176679977
77.565031943
78.0285697879
78.5060427784
78.9949407533
79.4924988215
79.9957248739
80.5014389102
81.0063242368
81.5069895611
82.0000397433
82.4821518171
82.9501520236
83.4010891582
83.8322996989
84.2414605969
78.4793994218
78.8189896868
79.1337522717
79.4229578972
79.6862252586
79.9234921351
80.1349793237
80.3211494891
80.482663348
80.6203355495
80.7350923054
80.8279326246
80.8998940929
80.9520238144
80.9853545828
81.000885917
80.9995692134
80.9823044067
80.9499221295
80.903188322
80.8428024443
80.7693984955
80.6835481281
80.5857650211
80.4765100852
80.3561974139
80.2252009789
80.0838614473
79.9324926441
79.7713878937
79.6008263739
79.421079041
79.2324135257
79.0350984383
78.8294072162
78.6156215346
78.3940338844
78.1649493121
77.9286868356
77.6855806521
77.4359811007
77.1802548922
76.9187849199
76.6519701169
76.3802251989
76.1039804866
75.8236813418
75.5397870836
75.252770194
74.9631156075
74.6713200271
74.3778914081
74.0833480141
73.7882172486
73.4930348269
73.1983442079
72.9046958212
72.6126466057
72.322759695
72.0356034737
71.7517508354
71.4717788161
71.196268252
70.9258034424
70.6609718389
70.4023638487
70.1505730012
69.9061958887
69.669831797
69.4420826391
69.2235529771
69.0148499667
68.816583276
68.6293650225
68.4538097791
68.2905346616
68.140159358
68.003306
67.8805988327
67.7726636136
67.6801269014
67.6036150112
67.543752659
67.5011619063
67.4764582514
67.4702605588
67.4831679018
67.5157671141
67.5686273264
67.6422938532
67.7372811104
67.8540646046
67.9930715356
68.1546697509
68.3391556157
68.5467406828
68.7775364938
69.0315384701
69.3086092343
69.6084609032
69.9306358144
70.2744889074
70.639171024
71.0236104709
71.4264973173
71.8462723355
72.2811204694
72.7289699282
73.1874985506
73.6541488824
74.1261531956
74.6005692814
75.0743270133
75.5442847915
76.0072938859
76.4602676813
76.9002520961
77.3244929847
77.730496373
78.1160778899
72.6775373728
72.9962441069
73.2919325113
73.5638960827
73.8117495678
74.0354034935
74.2350320096
74.4110357792
74.5640020686
74.694664235
74.8038625349
74.8925081159
74.9615510745
75.0119532254
75.0446656877
75.0606106603
75.0606679568
75.0456706274
75.0163882357
74.9735317044
74.9177509468
74.8496355148
74.7697173952
74.6784749912
74.576337872
74.4636922611
74.3408873287
74.2082416145
74.066049026
73.9145847437
73.7541112437
73.5848839408
73.4071557486
73.2211811176
73.0272196741
72.8255395231
72.6164196988
72.4001517541
72.1770410663
71.9474080096
71.7115889238
71.4699362906
71.2228184667
70.9706195153
70.7137389309
70.4525914997
70.1876067341
69.9192276961
69.647910183
69.3741219958
69.0983422184
68.8210607366
68.5427772394
68.2639999724
67.9852448607
67.7070349045
67.4298992966
67.1543729301
66.8809961167
66.6103135598
66.3428735276
66.0792274102
65.8199292697
65.5655353952
65.3166039264
65.0736946293
64.8373691307
64.6081908579
64.3867245318
64.1735359699
63.9691919737
63.7742601799
63.5893089608
63.4149073988
63.2516253532
63.1000335999
62.9607038895
62.8342088122
62.7211214579
62.6220148096
62.5374610853
62.4680307627
62.414291351
62.3768064449
62.3561322288
62.3528280036
62.3674319095
62.4004705667
62.4524538135
62.5238690121
62.6151745284
62.7267924734
62.8591001682
63.0124200172
63.1870085086
63.3830442044
63.6006138179
63.8396975301
64.1001539545
64.3817040898
64.683913406
65.006176037
65.3477000202
65.7074899138
66.0843320387
66.476784317
66.8831702004
67.3015776945
67.7298650948
68.1656747813
68.6064561113
69.0494980353
69.4919713645
69.9309799007
70.3636186701
70.7870366752
71.1985009081
71.5954579055
71.9755890787
72.3368566067
67.2302948058
67.5275856395
67.8036080052
68.0576878857
68.2894461172
68.4987759521
68.6858144773
68.8509092623
68.9945821537
69.1174922259
69.2203997071
69.3041327241
69.3695576931
69.4175539929
69.4489930985
69.464721092
69.465547591
69.4522376063
69.4255001392
69.3859907134
69.3343089496
69.2709990452
69.196552328
69.1114108949
69.0159719246
68.9105927244
68.7955966537
68.6712791694
68.5379133637
68.3957554436
68.2450504295
68.0860375307
67.9189543679
67.7440407385
67.5615420477
67.371712511
67.1748174769
66.9711348578
66.7609563278
66.5445884529
66.3223536754
66.0945904267
65.8616527758
65.6239102337
65.3817474458
65.1355640823
64.8857742676
64.6328053056
64.3770968325
64.1191000429
63.8592769137
63.5980997476
63.3360501402
63.0736176353
62.8112987841
62.5495964821
62.2890189422
62.0300791863
61.7732948287
61.5191869876
61.2682793414
61.0210975679
60.7781687524
60.5400208553
60.307182309
60.0801818183
59.8595487011
59.6458128125
59.4395038559
59.2411509839
59.0512825412
58.8704258692
58.6991072759
58.5378521182
58.3871849626
58.2476297651
58.1197099248
58.003948111
57.9008659033
57.8109831746
57.7348175109
57.6728833113
57.6256907398
57.5937447645
57.5775426314
57.5775837967
57.5943456258
57.6282948916
57.6798825808
57.7495385346
57.8376654785
57.9446324997
58.0707673452
58.216347154
58.3815885371
58.5666368389
58.7715534158
58.9963023009
59.240736778
59.5045849181
59.7874328788
60.0887108424
60.4076802084
60.7434172054
61.0947990001
61.4604943698
61.8389580857
62.2284300035
62.6269404694
63.0323231764
63.4422362526
63.8541919733
64.2655949825
64.6737883487
65.0761059746
65.469929128
65.8527443092
66.2221991445
66.5761528868
66.9127187079
62.1418225304
62.4174502865
62.6734797202
62.909276597
63.1244758438
63.3189617915
63.4928428517
63.6464216435
63.7801622605
63.8946565243
63.9905909218
64.0687160602
64.1298193826
64.174701797
64.20415842
64.2189618374
64.2198542033
64.2075328189
64.18264845
64.1458021854
64.0975440451
64.0383734311
63.9687414576
63.8890542642
63.7996769314
63.700938094
63.5931355321
63.4765418513
63.3514095808
63.217976222
63.0764696413
62.9271131901
62.7701295886
62.605744412
62.4341893212
62.2557051613
62.0705441628
61.8789712033
61.6812648939
61.4777186658
61.2686417641
61.0543592952
60.8352117858
60.6115549487
60.3837593206
60.1522101851
59.9173069907
59.6794619778
59.4390992873
59.1966541052
58.9525718207
58.7073076034
58.4613253523
58.2150962544
57.9690977423
57.7238127336
57.4797284534
57.2373359417
56.9971299756
56.7596079112
56.5252685759
56.2946115211
56.0681362735
55.8463417827
55.6297260733
55.4187861249
55.2140183335
55.0159183869
54.8249802889
54.6416957001
54.4665535641
54.3000399774
54.1426383582
53.9948297034
53.857092831
53.7299045494
53.6137396489
53.5090706653
53.4163674941
53.3360967857
53.2687214725
53.2146999721
53.17448536
53.1485242139
53.1372561838
53.1411203079
53.1605342583
53.1959061281
53.2476290968
53.3160764983
53.4015964182
53.5045058844
53.6250839498
53.7635632166
53.9201209372
54.0948694918
54.2878447841
54.4989941787
54.7281646359
54.9750897518
55.2393740778
55.5204807362
55.8177206024
56.130236862
56.4569918427
56.7967583961
57.1481147568
57.509443964
57.8789393016
58.2546165702
58.6343335911
59.015817157
59.3966973215
59.7745485765
60.1469366909
60.5114693382
60.8658481383
61.2079191592
61.5357187609
61.8475123255
57.4111209135
57.6650924742
57.9010386407
58.1183700825
58.3167419881
58.4960366649
58.6563411685
58.7979206239
58.9211887306
59.0266771249
59.1150051843
59.1868521134
59.242931941
59.2839721017
59.3106957949
59.3238061319
59.3239803592
59.3118532612
59.2880187131
59.2530257923
59.2073771499
59.1515293431
59.0858950191
59.0108459664
58.9267166506
58.8338084321
58.7323948381
58.6227269112
58.5050378671
58.3795477257
58.2464684146
58.1060086367
57.9583774233
57.80378734
57.6424575121
57.4746166276
57.3005050056
57.1203756966
56.9344954447
56.7431457152
56.5466237036
56.3452423077
56.1393295968
55.9292285178
55.7152964565
55.4979051852
55.2774402936
55.0542997043
54.8288927179
54.6016390364
54.3729678392
54.1433174404
53.9131342567
53.6828712386
53.4529866684
53.2239432724
52.9962069118
52.7702461924
52.5465326043
52.3255392591
52.1077395083
51.8936059335
51.6836095004
51.4782191097
51.2779014223
51.08312084
50.8943400723
50.7120198637
50.5366175984
50.3685863489
50.208374504
50.0564259136
49.9131803855
49.7790741287
49.6545399984
49.5400075557
49.4359029402
49.3426485592
49.2606627034
49.1903589974
49.1321460782
49.0864269259
49.0535982957
49.0340491704
49.0281644558
49.0363204366
49.0588788565
49.0961907994
49.1485931751
49.2164044427
49.2999197073
49.3994055473
49.5150938158
49.6471738835
49.7957847043
49.9610064443
50.1428499085
50.3412456693
50.5560337111
50.7869518669
51.0336209148
51.2955338204
51.5720470292
51.8623658655
52.1655318336
52.4804145402
52.8057071915
53.1399267735
53.4814199843
53.8283751627
54.1788402512
54.5307469371
54.881941033
55.2302189314
55.5733691748
55.909217564
56.235673776
56.5507768275
56.8527365181
57.1399687249
53.0321505113
53.2646919686
53.4806694949
53.6795419339
53.8609893411
54.0248976557
54.1713389899
54.3005478619
54.4128946845
54.5088580256
54.5889971109
54.6539264162
54.7042928732
54.7407563642
54.7639736484
54.7745835112
54.773202636
54.760408183
54.7367409106
54.7027013754
54.6587481628
54.6052980627
54.5427281154
54.4713784241
54.3915553425
54.303535318
54.2075698725
54.1038906387
53.992713589
53.8742432634
53.7486775902
53.6162125201
53.4770452445
53.3313771268
53.1794165214
53.0213816724
52.8575026617
52.6880223354
52.513197135
52.3332980466
52.1486116198
51.9594398748
51.7660996687
51.5689223155
51.3682530348
51.164450944
50.9578885306
50.7489500499
50.5380304483
50.3255342276
50.1118744527
49.8974725822
49.6827574838
49.4681636643
49.2541298177
49.041097819
48.8295113621
48.6198158108
48.4124586161
48.207887829
48.0065502649
47.8088902163
47.6153486695
47.4263631746
47.2423679271
47.0637938113
46.891068987
46.7246183058
46.5648613531
46.4122112727
46.267074676
46.1298523185
46.0009400001
45.8807290862
45.7696065844
45.6679549849
45.5761519832
45.4945701376
45.4235765508
45.3635324372
45.3147929947
45.2777068925
45.2526159351
45.2398531979
45.2397502885
45.2526235773
45.2787806765
45.3185179897
45.3721185806
45.4398484516
45.5219520862
45.6186478719
45.7301225665
45.8565241902
45.9979549917
46.1544641697
46.3260382292
46.5125912234
46.7139558587
46.9298731635
47.1599780604
47.4037902918
47.6607080269
47.9299938691
48.2107621776
48.5019714337
48.8024208192
49.1107518152
49.4254550282
49.7448817758
50.0672602603
50.3907166803
50.7133016904
51.0330223469
51.3478788128
51.6559044329
51.9552074142
52.2440116755
52.5206942102
52.7838171217
48.9941203401
49.2056398586
49.4019349689
49.5825144521
49.7470865723
49.89554555
50.0279542317
50.1445229541
50.2455857554
50.3315753005
50.4029978906
50.4604104227
50.5043996811
50.5355646897
50.5545021001
50.5617924769
50.5579975436
50.5436422242
50.5192191111
50.4851848067
50.4419580972
50.3899199943
50.3294156681
50.260757043
50.1842256601
50.1000761652
50.0085410265
49.9098352739
49.8041603202
49.6917077912
49.5726640778
49.4472147447
49.315547427
49.1778544874
49.0343356144
48.885200623
48.7306712841
48.5709820831
48.406380887
48.2371297926
48.063506166
47.8858025004
47.704325658
47.5193963538
47.3313484594
47.1405291001
46.9472982152
46.7520267855
46.5550955593
46.3568937194
46.157817918
45.9582724075
45.7586680884
45.5594203842
45.3609474458
45.1636691256
44.9680057262
44.7743782612
44.5832091284
44.3949201281
44.2099299771
44.0286528743
43.8514981155
43.6788705158
43.5111707251
43.3487951793
43.1921365624
43.0415826902
42.8975139018
42.7603019488
42.6303106292
42.5078972225
42.3934136779
42.2872069378
42.1896186301
42.1009846227
42.0216346527
41.9518920564
41.8920736136
41.8424892909
41.8034423347
41.7752289226
41.7581379851
41.7524492739
41.7584422572
41.7763790419
41.8065145341
41.8490934031
41.9043480422
41.9724951184
42.0537314985
42.1482302387
42.2561356703
42.3775568736
42.5125614815
42.6611694345
42.8233441541
42.9989838325
43.1879139372
43.3898778504
43.6045225935
43.8313917266
44.0699215191
44.3194269888
44.5790886069
44.8479453228
45.1248931522
45.4086889727
45.6979583528
45.9912063345
46.2868312669
46.5831425963
46.8783834849
47.1707586418
47.4584667072
47.7397358882
48.0128612542
48.2762414339
48.5284122477
48.7680756844
45.2819555164
45.4730052869
45.6500419186
45.8126247585
45.9604926521
46.093551975
46.2118614127
46.3156131781
46.4051116761
46.4807508528
46.542991509
46.5923404581
46.6293317713
46.6545108947
46.6684213369
46.6715923658
46.6645371262
46.6477342605
46.6216339095
46.5866540834
46.5431787635
46.4915578506
46.4321090136
46.3651200975
46.2908516874
46.2095402541
46.1214026303
46.0266404757
45.9254437084
45.8179939472
45.7044687981
45.5850460555
45.4599062923
45.3292352419
45.1932261544
45.0520825024
44.9060197158
44.7552657649
44.6000616153
44.4406619463
44.2773362584
44.1103686964
43.9400571163
43.7667123588
43.5906574148
43.4122277396
43.2317709414
43.0496447163
42.8662152656
42.6818558093
42.4969458314
42.3118716598
42.1270254073
41.9428022298
41.7595981786
41.5778094177
41.397831315
41.2200592482
41.0448893249
40.8727154561
40.7039261396
40.5389033076
40.3780228215
40.2216555667
40.0701677479
39.9239204825
39.7832699762
39.6485656264
39.5201468722
39.398342768
39.2834738734
39.1758544166
39.0757933507
38.9835940711
38.8995535726
38.8239617955
38.757101334
38.6992473919
38.65066788
38.611623367
38.582367381
38.5631462081
38.5541987401
38.5557547751
38.5680444248
38.5912797852
38.6256666388
38.6714015034
38.7286697711
38.7976424139
38.8784722063
38.9712902298
39.0762015288
39.1932791032
39.3225584838
39.4640324607
39.6176429529
39.7832733068
39.9607420893
40.1497943075
40.3500870329
40.5611849967
40.7825593828
41.013572671
41.2534641261
41.5013444684
41.7561979347
42.0168888282
42.282169752
42.5506905627
42.8210091365
43.0916057081
43.3609020106
43.627285627
43.8891387527
44.1448700524
44.39294813
44.6319345289
44.8605139684
45.0775204708
41.8769262927
42.0481649396
42.2064715486
42.3514558724
42.4828890222
42.6006928291
42.7049264812
42.7957698183
42.8735041819
42.9384919449
42.9911559171
43.0319605297
43.0613948741
43.0799584732
43.0881490468
43.0864522316
43.0753391311
43.0552485647
43.0265944892
42.9897621651
42.945106206
42.8929504761
42.833589888
42.7672926508
42.6943025545
42.6148417903
42.5291151949
42.4373144727
42.3396212602
42.2362101771
42.1272528485
42.0129219306
41.8933934138
41.7688487139
41.6394767512
41.5054765906
41.3670591212
41.2244474282
41.0778769591
40.9275961126
40.7738675033
40.6169677549
40.4571862746
40.2948242419
40.1301937225
39.9636183839
39.7954332804
39.6259822485
39.4556159449
39.2846903875
39.1135667147
38.9426122805
38.7721991149
38.6027002615
38.4344875052
38.2679313157
38.1034004685
37.9412633961
37.7818884294
37.6256393749
37.472871874
37.3239333738
37.1791649488
37.0389028192
36.9034780847
36.7732156915
36.6484342245
36.5294430192
36.416538997
36.3100079052
36.2101277696
36.1171712239
36.0314056902
35.95309215
35.8824838635
35.8198257971
35.7653546677
35.7192992673
35.6818808449
35.6533132288
35.6338032804
35.6235507929
35.6227481847
35.631579504
35.6502291561
35.6788635094
35.7176435682
35.7667219479
35.8262411889
35.8963306058
35.9771027746
36.0686505165
36.1710430762
36.2843205644
36.4084892511
36.5435171906
36.6893266691
36.8457875137
37.0127119428
37.1898458356
37.3768543192
37.5733213624
37.7787504494
37.9925461449
38.2139984985
38.4422816545
38.6764610549
38.9155023358
39.1582783043
39.4035746139
39.6500969564
39.8964822953
40.1413153137
40.3831501461
40.6205362947
40.8520473325
41.0763110588
41.292039188
41.4980544889
41.6933142454
38.7574012866
38.9095581912
39.0497364912
39.1775957026
39.2929404303
39.3957108576
39.4859709926
39.5638937732
39.6297438441
39.6838590267
39.7266316163
39.7584914033
39.779890341
39.7912898271
39.7931493063
39.7859192446
39.770034275
39.7459007716
39.7139030181
39.6743994903
39.6277210139
39.574170635
39.5140253736
39.4475383331
39.3749407309
39.2964443873
39.2122457541
39.122529936
39.0274734108
38.9272466639
38.8220179512
38.7119572066
38.5972380795
38.4780396813
38.3545483539
38.2269603211
38.0954833557
37.960336854
37.821751603
37.6799703207
37.5352492285
37.3878577335
37.2380767158
37.0861972182
36.9325197324
36.777355553
36.6210264165
36.463860997
36.3061926612
36.1483584504
35.9906997014
35.83356346
35.6772997754
35.5222569844
35.3687799933
35.217211556
35.0678923555
34.9211626391
34.7773610541
34.6368183845
34.4998545661
34.3667809091
34.2379032127
34.1135228602
33.993935281
33.8794282804
33.7702814812
33.6667623814
33.569124387
33.4776108089
33.3924593841
33.3139034865
33.2421706705
33.1774805806
33.120043735
33.0700614824
33.0277266086
32.9932240523
32.966731495
32.9484195493
32.9384522676
32.9369870769
32.9441741006
32.9601567737
32.9850774891
33.0190616862
33.0622304128
33.1146969779
33.1765654857
33.2479278592
33.3288605809
33.4194221304
33.5196496442
33.6295537405
33.7491144721
33.8782777762
34.0169483778
34.1649841546
34.3221915873
34.4883165283
34.6630305244
34.84593614
35.0365668982
35.2343629736
35.4386567552
35.6486791478
35.8635726441
36.0824002542
36.30414854
36.5277287857
36.7519809272
36.9756827603
37.1975648562
37.4163306098
37.6306799856
37.8393355594
38.0410697337
38.2347314201
38.4192703145
38.5937578532
35.8996731964
36.0335163338
36.1562133329
36.2674725983
36.3671331914
36.4551562572
36.5316146528
36.5966796032
36.6506051629
36.6937114111
36.7263674374
36.7489760157
36.7619597166
36.7657495095
36.7607741198
36.7474575491
36.7262025068
36.6973912176
36.661384488
36.6185198095
36.5691097192
36.5134415641
36.4517792002
36.3843649973
36.3114216358
36.233154236
36.149754199
36.0614030899
35.9682750262
35.8705388302
35.7683615651
35.6619124301
35.5513645137
35.4368960961
35.3186921024
35.1969469278
35.0718660939
34.94366584
34.8125724034
34.6788227427
34.5426665879
34.4043657478
34.2641916632
34.1224239657
33.9793503501
33.8352687097
33.6904860316
33.545313633
33.4000651449
33.2550565604
33.1106078984
32.9670442364
32.8246909367
32.6838683459
32.5448918858
32.4080750315
32.2737292228
32.1421652424
32.0136893949
31.888595918
31.7671667629
31.6496768483
31.5363973211
31.4275948239
31.3235282849
31.2244471694
31.1305906757
31.042183052
30.9594348902
30.8825502095
30.8117300876
30.7471710843
30.6890620882
30.6375822423
30.5929006089
30.5551770258
30.5245632682
30.5012039894
30.4852373288
30.4767950137
30.476002827
30.482980503
30.4978405119
30.520691905
30.5516373297
30.5907676205
30.6381687292
30.6939192026
30.7580891463
30.8307374027
30.9119085121
31.0016305844
31.0999124001
31.2067385524
31.3220660033
31.4458212765
31.5778937271
31.718130993
31.8663342627
32.0222483857
32.1855507831
32.3558637769
32.5327479798
32.7156708613
32.9039995529
33.0970188256
33.2939477217
33.4939438134
33.6960995854
33.8994392472
34.1029210418
34.3054461578
34.5058733316
34.7030379214
34.895773882
35.0829374126
35.2634314615
35.4362296065
35.6003976615
35.7551122756
33.2787988487
33.3951078219
33.5009926312
33.5962096493
33.6806332221
33.7542478604
33.8171390282
33.8694811178
33.9115233795
33.9435746499
33.9659878396
33.9791460558
33.9834499684
33.9793074809
33.967124221
33.9473039621
33.9202265557
33.8862545992
33.8457315266
33.798979609
33.746298349
33.6879641613
33.6242320802
33.5553377203
33.4814988304
33.4029170101
33.3197814257
33.2322726505
33.1405646798
33.0448264926
32.9452254835
32.8419314827
32.7351181226
32.6249635377
32.5116516117
32.3953752352
32.2763378099
32.1547520549
32.0308388455
31.9048285828
31.776963763
31.6474973442
31.5166894235
31.3848061893
31.2521209064
31.1189166334
30.985483291
30.8521116856
30.7190928752
30.5867198577
30.4552899202
30.3251039325
30.1964588576
30.0696435399
29.9449421142
29.8226380715
29.7030127001
29.5863455713
29.4729069165
29.3629510531
29.2567216197
29.1544589176
29.0564007138
28.9627784728
28.8738131775
28.7897146631
28.7106805434
28.6368919544
28.5685205352
28.5057365294
28.4487080715
28.3975961445
28.352551263
28.3137129811
28.281211074
28.2551671981
28.2356962475
28.222907183
28.2169034287
28.2177827559
28.2256376584
28.2405551199
28.2626149976
28.2918974925
28.3284692882
28.372392223
28.4237217046
28.4825059398
28.5487853724
28.6225899645
28.7039363615
28.7928261833
28.8892435391
28.9931504125
29.1044837629
29.2231533823
29.349035498
29.4819691705
29.6217503807
29.7681225599
29.9207707281
30.0793395907
30.2434110412
30.4124699336
30.5859144788
30.7630862916
30.9432830878
31.1257524649
31.3096811341
31.494190019
31.6783377742
31.8611311508
32.0415400054
32.2185155867
32.3910107657
32.5580013378
32.7185079303
32.8716172409
33.0165011511
33.1524331284
30.8693984027
30.9689443249
31.0586912175
31.1384425793
31.2081088198
31.2677000462
31.3173178119
31.3571442057
31.3874290777
31.4084761383
31.4206287558
31.4242573039
31.4197475744
31.4074912467
31.3878784135
31.3612986251
31.3281155055
31.2886776827
31.2433166035
31.1923444109
31.1360522268
31.0747096853
31.0085667226
30.937855559
30.8627919487
30.7835763987
30.7003979221
30.6134379336
30.5228717428
30.4288694042
30.3315993368
30.2312325941
30.1279435526
30.0219098699
29.9133138582
29.8023464689
29.689208198
29.5741067638
29.4572558908
29.3388780025
29.2192069212
29.0984844097
28.9769563048
28.8548728397
28.7324910835
28.6100773139
28.4879008934
28.3662282439
28.2453253038
28.1254607068
28.0069075386
27.8899391244
27.774819476
27.6618033458
27.551143506
27.4430934847
27.3379031276
27.2358178968
27.1370674235
27.0418648713
26.9504187451
26.8629380209
26.7796274397
26.7006813591
26.6262809479
26.5565956692
26.4917817337
26.4319810584
26.377334389
26.3279841814
26.284066806
26.2457066395
26.2130157608
26.1860962195
26.1650423789
26.149942603
26.1408802022
26.1379338153
26.1411774528
26.1506801189
26.1665061128
26.1887145626
26.2173580348
26.2524912819
26.2941527686
26.3423777631
26.3971954484
26.4586280071
26.5266903345
26.6013874621
26.682711953
26.7706426092
26.8651423843
26.9661539077
27.0735970783
27.1873675303
27.3073306056
27.4333180444
27.5651205724
27.7024821047
27.8451001976
27.9926434166
28.1447037202
28.3007752695
28.4602923888
28.6226622007
28.787261378
28.9534168289
29.1203921001
29.2873857626
29.4535388918
29.617947568
29.779678029
29.9377837446
30.0913236417
30.2393810077
30.3810828908
30.5156188639
30.6422578448
30.7603624958
28.6463698392
28.7299034878
28.8041825221
28.8690568773
28.9244737935
28.9704710325
29.0071694132
29.0347628583
29.0535067962
29.0637054858
29.0656989048
29.0598510705
29.046539271
29.0261451679
28.9990510471
28.9656363619
28.9262543691
28.8812451143
28.8309327638
28.7756236151
28.7156042188
28.6511407069
28.5824808106
28.5098558888
28.4334817135
28.3535591267
28.2702781613
28.1838220066
28.0943676651
28.0020860591
27.9071464078
27.8097206734
27.7099830259
27.6081091307
27.5042783072
27.3986783573
27.2915049341
27.1829580141
27.0732415821
26.9625682569
26.8511608849
26.7392463938
26.6270527352
26.5148117545
26.402762605
26.2911519191
26.1802236789
26.070216227
25.9613690866
25.8539257925
25.7481329223
25.644231343
25.5424479618
25.4430036527
25.3461217118
25.2520251931
25.1609298224
25.0730423836
24.9885486733
24.9076249964
24.8304515088
24.7572077939
24.6880627257
24.6231701044
24.5626703589
24.5066934981
24.455357965
24.4087773598
24.3670720239
24.3303578852
24.2987355384
24.272290431
24.2510979855
24.2352275382
24.2247441172
24.2197090578
24.2201800848
24.2262111491
24.2378521544
24.2551483825
24.2781407992
24.3068652521
24.3413524044
24.3816351036
24.4277284474
24.4796449383
24.5373912426
24.6009672409
24.6703659483
24.7455710583
24.8265545395
24.9132757555
25.0056797918
25.1036929198
25.207220679
25.316146979
25.4303284275
25.5495897352
25.6737178714
25.8024646374
25.9355466178
26.0726502587
26.2133618351
26.3571876632
26.5036150903
26.6521246941
26.802162364
26.9531137894
27.1042973928
27.2549707149
27.4043423272
27.5515852489
27.695850997
27.8362847081
27.9720410827
28.1023009053
28.226288099
28.3432862427
28.4526533489
28.5538345063
26.5854913929
26.6537406316
26.7132167949
26.7638157449
26.8055223035
26.8384037405
26.8626029708
26.878329465
26.8858487583
26.8854708466
26.8775378825
26.8624131925
26.8404710933
26.8120888737
26.7776493119
26.73752104
26.6920548687
26.6415862757
26.586435716
26.5269069458
26.4632846918
26.3958337698
26.3248015912
26.2504201448
26.1729060333
26.0924606449
26.0092751909
25.9235344812
25.8354162553
25.7450908414
25.6527271527
25.5584966795
25.462571028
25.365121172
25.2663213221
25.1663540823
25.0654068876
24.9636680788
24.8613290079
24.7585904203
24.6556606259
24.5527468487
24.4500556869
24.3477988876
24.2461957074
24.1454686155
24.0458306951
23.9474905266
23.8506617494
23.7555616871
23.6624058628
23.5713967993
23.4827237467
23.3965783112
23.3131561817
23.2326464212
23.1552260755
23.0810575556
23.0102867414
22.9430659333
22.8795526517
22.8198922796
22.7642109932
22.7126195416
22.6652201871
22.6221071725
22.5833724515
22.5491222238
22.5194598336
22.4944637407
22.4741909765
22.4586891973
22.448003883
22.4421798649
22.4412605413
22.4452869488
22.4542971047
22.4683255312
22.4874028614
22.5115551909
22.5408044847
22.5751674092
22.6146583832
22.6592902063
22.7090586448
22.7639569839
22.823972665
22.8890864623
22.9592727072
23.0344969552
23.114713672
23.1998658244
23.2898836782
23.3846797604
23.4841476506
23.588161873
23.6965720932
23.8091947901
23.9258215145
24.0462280561
24.1701486782
24.2972657017
24.4271530321
24.5593559597
24.6934362365
24.8289395428
24.9653533631
25.1020937463
25.2385134805
25.3739161583
25.5075692021
25.6387154376
25.766584594
25.8904059854
26.0094221846
26.1229033739
26.2301623396
26.3305690424
26.4235636671
26.5086677968
24.66390249
24.7175793821
24.7629206908
24.799867863
24.8284439929
24.8487474502
24.8609456897
24.8652670075
24.8619911174
24.851438396
24.8339580113
24.8099173632
24.7796923174
24.7436613698
24.70221114
24.6557050694
24.6044929868
24.5489089921
24.4892727323
24.4258876619
24.3590381106
24.2889884742
24.2159865863
24.1402652716
24.062041296
23.9815154664
23.8988793009
23.8143177436
23.7280067343
23.640113374
23.550804418
23.4602481666
23.3686097344
23.2760518525
23.1827411175
23.0888517812
22.9945580478
22.9000322227
22.8054505625
22.7109993335
22.6168669547
22.5232357696
22.4302891555
22.3382178341
22.2472176691
22.1574803128
22.0691843645
21.9825112032
21.8976495758
21.8147866357
21.7340989599
21.655747706
21.5798927261
21.5067034399
21.4363441591
21.3689614535
21.3046889882
21.2436407995
21.1859459889
21.1317500966
21.0811796036
21.0343303288
20.9912797096
20.9520993386
20.9168615278
20.8856318971
20.8585032264
20.8356027086
20.8169883872
20.8026775643
20.7926836398
20.7870281016
20.7857390125
20.7888466547
20.7963802922
20.8083665416
20.8248286346
20.8457860268
20.8712541027
20.9012435574
20.9357609779
20.974807577
21.0183874565
21.066491862
21.1191021017
21.1761949925
21.2377415196
21.3037060114
21.3740469059
21.4487144488
21.5276482121
21.6107774915
21.6980205825
21.7892782688
21.8844343241
21.9833562626
22.0858875307
22.1918343547
22.3010205405
22.4132671554
22.5282923439
22.6457367807
22.7652054749
22.8863330974
23.0087504775
23.1320247737
23.255642512
23.3790257029
23.5015521925
23.6225692057
23.7414018549
23.857360511
23.9697492554
24.0778763555
24.1810660912
24.2786713544
24.3700869602
24.454762635
24.5322146938
24.6020360601
22.860469423
22.9002868048
22.9321811782
22.9561393414
22.9722232053
22.9805634967
22.981354241
22.9748454048
22.9613344791
22.9411562038
22.9146706677
22.8822529769
22.8442840335
22.801149274
22.7532391476
22.7009162675
22.6445306415
22.5844165675
22.520894395
22.4542680068
22.3848211474
22.3128172956
22.2385041997
22.1621141402
22.0838616688
22.0039446163
21.9225529262
21.8398685165
21.7560613389
21.6712918801
21.5857222208
21.4995129704
21.4128174768
21.3257865998
21.2385765419
21.1513483257
21.0642566637
20.9774543519
20.8911009344
20.8053637653
20.7204043288
20.6363772203
20.553443484
20.4717709396
20.3915249231
20.3128590937
20.2359218427
20.160873909
20.0878752706
20.0170734184
19.9485963949
19.8825739174
19.8191573802
19.7584919111
19.7006936294
19.6458563473
19.5940708061
19.5454067542
19.5000388239
19.4580988352
19.4196417738
19.3846975445
19.353302401
19.3255038217
19.3013566999
19.2809103825
19.264313789
19.2517264989
19.243062511
19.2382758324
19.2373642573
19.2403456441
19.2472439785
19.2580828329
19.2728825296
19.2916592413
19.314424818
19.3411867556
19.3719481145
19.4067069564
19.4454572051
19.4881882622
19.5348924094
19.585541424
19.6401049106
19.6985473229
19.7608258653
19.8268904916
19.896686298
19.9701506593
20.0472102161
20.1277831936
20.2117785926
20.2990863731
20.3895828241
20.4831309288
20.5795661527
20.678686896
20.7804199368
20.8846289757
20.9909068634
21.0988425178
21.2082437325
21.3188417159
21.4302502088
21.5419819806
21.6534908559
21.7642036558
21.8735323045
21.9808757555
22.0856208924
22.1871459837
22.2848271047
22.378047334
22.4662074243
22.5487371423
22.6251072984
22.6948415402
22.757527029
22.812823606
21.1560531916
21.1827498106
21.2019298716
21.2136252886
21.2179370622
21.2150291278
21.2051236911
21.1884948037
21.1654607796
21.1363738159
21.1016075876
21.0615471807
21.016581263
20.9671084131
20.9135162666
20.856172034
20.7954259882
20.731612556
20.6650526652
20.5960494324
20.5248840089
20.4518170964
20.3770944616
20.3009445104
20.223575481
20.1451788987
20.0659401474
19.986032873
19.9056156276
19.8248388942
19.7438565151
19.6628147275
19.5818496241
19.5010974687
19.4207002888
19.3407985885
19.2615221172
19.1830034242
19.1053833572
19.0288017169
18.9533873196
18.8792709156
18.8065929495
18.7354909965
18.6660879883
18.5984991103
18.5328633817
18.4693214044
18.4079868043
18.3489542153
18.2922998835
18.2381635367
18.1867127995
18.1380291622
18.0921532795
18.0491284895
18.0090146831
17.9718616435
17.9380055988
17.9074535017
17.8801283294
17.8560159441
17.8351444099
17.8175591675
17.8033087685
17.7924517436
17.7746842548
17.7432130374
17.713721391
17.6878828795
17.6665815276
17.6503333827
17.6394708815
17.634228236
17.6347794196
17.6412504822
17.6537268331
17.6722606614
17.6968789331
17.7275939074
17.7643871134
17.8072264208
17.8560608688
17.9108630693
17.9715867898
18.0381441164
18.1104087841
18.1882432855
18.2714582126
18.3598465679
18.453256415
18.5515274759
18.6544284735
18.7618218207
18.8736709318
18.9896825262
19.1096557435
19.2339031686
19.3467734595
19.4430347393
19.5405374499
19.6389882732
19.738779715
19.8394625653
19.9404612818
20.0411913669
20.1410953862
20.2396375923
20.3362871058
20.4305066476
20.5217493578
20.6094614156
20.6930882941
20.7720837785
20.8459201332
20.9140985922
20.9761604612
21.0316980979
21.0803649401
21.1218840456
19.5337027999
19.5480754724
19.5553497562
19.5556022668
19.5489729479
19.535659339
19.5159130191
19.4900340517
19.4583638519
19.4212738842
19.3791524724
19.3323954904
19.2814021771
19.2265837713
19.1683242691
19.1069937172
19.0429414071
18.9765009315
18.9079919409
18.8377133318
18.7659399
18.6929265199
18.6189133929
18.5441194786
18.4687413469
18.392960474
18.3169530653
18.2408770775
18.1648743698
18.0890826495
18.0136414947
17.9386745907
17.8642975601
17.7906302709
17.7177935365
17.645898381
17.5750499244
17.5053622863
17.4369507369
17.3699130813
17.3043510798
17.2403853237
17.1781280566
17.1176685552
17.0590756591
17.0024493267
16.9479612047
16.8956936451
16.8456813479
16.7979633216
16.752583501
16.7097823696
16.6697238797
16.6323166099
16.5975313204
16.5653970294
16.5359657279
16.5093327907
16.4606522996
16.40500592
16.350543024
16.2987771389
16.2505567026
16.206423726
16.1667257559
16.131774617
16.1012900933
16.0743745562
16.0512214856
16.0323191079
16.0181187307
16.0089509068
16.0050474923
16.0065776339
16.0136695052
16.0264164076
16.0448806738
16.0690987507
16.0990877121
16.1348533293
16.1763767342
16.2236327286
16.2765985964
16.3352395748
16.3994921064
16.4692554308
16.5443998026
16.6248366272
16.7104155857
16.8009945221
16.8965481071
16.9970149252
17.1022541939
17.2123483202
17.3273046164
17.4469788794
17.5715766661
17.7012086223
17.8351868435
17.9725746638
18.1124581135
18.2502656366
18.3413258538
18.4327222171
18.5237374399
18.6137837486
18.7023784901
18.7890713636
18.8734091261
18.9549249784
19.0331388888
19.1075626235
19.1777072259
19.2430925896
19.3032575031
19.357769508
19.4062353605
19.4483115603
19.4837140077
19.512226016
17.9787982312
17.9817388402
17.9780272007
17.9677837991
17.9511868125
17.9284673107
17.8999069844
17.8658331419
17.8266113735
17.7826323848
17.7342982981
17.682015404
17.6261967784
17.567257302
17.5055796243
17.4415313422
17.3754576969
17.3076890354
17.2385394798
17.168297877
17.0972276775
17.0255738188
16.9535650949
16.8814034378
16.8092683214
16.7373272202
16.6657396766
16.5946397647
16.524149738
16.4543915049
16.3854793058
16.3175089837
16.2505775662
16.1847841655
16.1202148501
16.0569464303
15.9950734428
15.9346874497
15.8758590694
15.8186290907
15.7631107771
15.709427243
15.6576226038
15.607713809
15.5597221483
15.5138023906
15.4701966896
15.4287934642
15.3895449998
15.3524690098
15.3176382063
15.2689425316
15.204185998
15.1389917954
15.0752240171
15.0139216614
14.9556327294
14.9010008639
14.8488946571
14.7989985291
14.7517973048
14.7079064037
14.6678290209
14.631936763
14.6005068028
14.5736853751
14.552473823
14.5379168255
14.5288923031
14.5247937765
14.5254251507
14.5307469473
14.5407630772
14.5554887563
14.5749413046
14.599132426
14.6280648942
14.6617328144
14.7001239978
14.7432225639
14.7910056198
14.8434503319
14.9005325801
14.9621849513
15.0283445922
15.0989189402
15.1738426881
15.2531522301
15.3367955181
15.4248286636
15.5174123816
15.6146017136
15.7165042549
15.8234541659
15.9351739268
16.0522110281
16.1750431886
16.3029076992
16.4382396645
16.5826913643
16.7320586885
16.8922417245
17.0023746982
17.084969527
17.166114955
17.2455418734
17.3229442591
17.3979803143
17.4702763125
17.5394328271
17.6050322382
17.6666470038
17.7238486724
17.7762182385
17.8233560835
17.8648912259
17.9004914012
17.9298734638
17.952812805
17.9691507506
16.479164299
16.4716987731
16.4580690358
16.4384379216
16.4130204785
16.3820807569
16.345930652
16.3049247797
16.2594520799
16.2099200581
16.1567418653
16.1003335359
16.0411236049
15.9795132081
15.9158867932
15.8506034242
15.7839995089
15.7163975078
15.6480986523
15.5793741819
15.5104709103
15.4416182537
15.3730248362
15.3048676793
15.2373052299
15.1704856031
15.1045398014
15.0395742978
14.9756924444
14.9129925269
14.8515455512
14.7914297679
14.7327277849
14.6755012945
14.6197821084
14.5656292626
14.5131591501
14.4624027612
14.4133548105
14.3660060625
14.3205775759
14.277153655
14.2356168913
14.1959223889
14.1580987989
14.1118093174
14.0451009658
13.9770816891
13.9097381301
13.8440954421
13.780904965
13.7197831645
13.6599646242
13.6018209812
13.5460031686
13.4930936141
13.4435321929
13.397503014
13.357415153
13.3228477
13.2928187407
13.2669273448
13.2450886742
13.2273208709
13.2136818632
13.2041662468
13.1991851417
13.1995495708
13.205103618
13.2154161237
13.230141052
13.2490559112
13.2720165576
13.2989252026
13.3297119047
13.3643203797
13.4027007232
13.4448066913
13.4905945199
13.5400249192
13.5930707842
13.6496859604
13.7098047789
13.7733339484
13.8402510475
13.910521027
13.9842488871
14.0615899808
14.142656771
14.2277826757
14.3171403903
14.4108859532
14.5095414473
14.6132706281
14.7211267989
14.835147221
14.9549025381
15.0786321978
15.2086361628
15.3456774518
15.4861203135
15.6274163557
15.7106718079
15.7840721172
15.8551092951
15.9238239418
15.9900695531
16.0535959909
16.1140962409
16.1712286887
16.2246305324
16.2739285271
16.3187491718
16.3587296815
16.3935275102
16.4228289167
16.4463589679
16.4638920487
16.4752609383
16.4803633041
15.025170734
15.0084963573
14.9861984184
14.9584796354
14.9255899016
14.8878251098
14.8455262838
14.7990734155
14.7488752211
14.6953508657
14.6389204793
14.5800100709
14.5190481069
14.4564240567
14.3925104572
14.3276520123
14.2621717476
14.1963765683
14.1305445582
14.0649221235
13.9997344147
13.9351866266
13.87145593
13.8086907367
13.7470259475
13.6865796776
13.6274388607
13.5696954667
13.513431341
13.4586996118
13.4055092907
13.3539722358
13.3041375198
13.2559884308
13.2094935002
13.1647595152
13.1219527796
13.0809200219
13.0415781702
13.003940556
12.9512677735
12.8852559231
12.8183303132
12.7520797619
12.6874255919
12.6244916186
12.5623043582
12.5011526211
12.4416863025
12.384505738
12.3299781657
12.2797500468
12.2347165465
12.1938008488
12.1564804359
12.1226335696
12.0923285052
12.0654668102
12.0432023344
12.0259471221
12.0133668234
12.0050394531
12.0006718866
12.0000831647
12.0031688339
12.009838547
12.0200889349
12.0341528459
12.0521784799
12.0740938494
12.0997194472
12.1288701791
12.1613876783
12.197145053
12.2360413327
12.2779916408
12.3229211793
12.370762049
12.421450821
12.4749394065
12.531194376
12.5901196369
12.651616593
12.7156465181
12.7822917868
12.8516908871
12.9242090089
12.9999407099
13.0793631905
13.1629436972
13.2504239348
13.3421561403
13.4390500307
13.5401907358
13.64420513
13.7540618361
13.8672275709
13.9821592112
14.0969790072
14.2106141146
14.3214680352
14.3898698089
14.455899594
14.5191477379
14.5797070211
14.6376150236
14.6927735253
14.7449850164
14.793991017
14.8394963452
14.8811848304
14.9187312617
14.95181213
14.9801168232
15.0033561764
15.0212703649
15.0336392279
15.0402928992
15.0411201358
15.0360735012
13.6098261723
13.5853426128
13.5558351966
13.5215429877
13.4827480589
13.4397759452
13.3929935356
13.3428011854
13.2896204176
13.2338747844
13.1759875902
13.116394486
13.0554933669
12.9936665316
12.9312635253
12.8686077455
12.8060017023
12.7437238178
12.6820188833
12.6211049163
12.5611787589
12.5024067696
12.4449253797
12.3888625463
12.3343212139
12.2813679701
12.2300360942
12.1804536769
12.132642732
12.0865721966
12.0421965404
11.9997804437
11.9592173181
11.9203655492
11.8831793922
11.8378171029
11.7750182617
11.7109704451
11.647321585
11.5851131343
11.5239817243
11.4633820997
11.4037136817
11.3455951368
11.2895027964
11.2366008676
11.1884549516
11.14399395
11.1026544675
11.0643316184
11.0289754062
10.9972609039
10.970009814
10.9470722111
10.9280456783
10.9126168268
10.9006271447
10.8919050745
10.8865994991
10.8849874962
10.88713865
10.8929232803
10.9021511281
10.9146458393
10.9302665381
10.9489012433
10.9704360745
10.9948137026
11.0220797657
11.0522610161
11.0853153716
11.1211556232
11.1596787557
11.2007859364
11.2443893115
11.2904095917
11.3387733209
11.3894106204
11.4422563048
11.4972737414
11.5544037434
11.6135149409
11.6745653835
11.7377536709
11.8032595759
11.8715794138
11.9432041342
12.0178054518
12.0965269255
12.1793347195
12.2651651326
12.3545112584
12.447944127
12.5432180592
12.639837493
12.7354268478
12.8295925103
12.923270777
12.9980975904
13.0573056301
13.1159040682
13.173029502
13.2280880266
13.2806491345
13.3305461555
13.3776929697
13.4219679113
13.4631903731
13.5011324234
13.5355350852
13.5661222147
13.5926119787
13.6147274414
13.6322074789
13.6448137187
13.6523380877
13.6546138388
13.6515258993
13.643017788
13.6290951808
12.2288645779
12.1981928535
12.1631569951
12.1240278981
12.0811163036
12.0347729359
11.9853836257
11.9333600641
11.8791264554
11.8231034311
11.7657156216
11.7073819852
11.6484707405
11.589335855
11.5302985308
11.4716564755
11.4136790882
11.3565974294
11.3006220774
11.2459440768
11.1927159972
11.1410440629
11.0910306775
11.0428101477
10.996414208
10.951827986
10.9090557444
10.8683637813
10.8295565638
10.7925053569
10.7572000001
10.702427308
10.6421256967
10.5817321628
10.5224314511
10.4644277155
10.4069274431
10.3502032184
10.2948263977
10.2412312734
10.1910956861
10.1449568177
10.1019376215
10.0616542834
10.0240006539
9.98932535093
9.95860053845
9.93177272665
9.90846111948
9.88837533067
9.87130803182
9.85725905926
9.84647561784
9.83910081478
9.83506249315
9.83418932709
9.83632288696
9.84132104205
9.84904476021
9.85949129072
9.87271571562
9.88871785599
9.90743358115
9.92876688465
9.95261680872
9.9788929938
10.0074955934
10.0383151938
10.071298139
10.106432521
10.1437045201
10.1830802241
10.2245071791
10.2679257001
10.3132764055
10.3605007636
10.4095397073
10.4603337988
10.5128335402
10.5670163478
10.6227793859
10.6800707202
10.739079475
10.8004213421
10.8641292543
10.9311867556
11.001635447
11.0745066351
11.1512319943
11.2305583459
11.3111744892
11.3919416118
11.4715676869
11.550115976
11.628731382
11.6827755236
11.7332634508
11.7834664821
11.8329259447
11.8812941125
11.9286508493
11.9746645549
12.0188555604
12.0607874375
12.1001824503
12.1368638963
12.170673056
12.201429594
12.2289253884
12.2529314861
12.2732081244
12.2895145546
12.3016189245
12.3093083704
12.3123938393
12.3107180523
12.304167259
12.2926803453
12.2762537304
12.2549434095
10.8808122916
10.8457945469
10.807126661
10.7651061874
10.7200671478
10.6723765976
10.622427388
10.5706295455
10.5173987927
10.4631495445
10.4083007358
10.3532140498
10.2982287246
10.2436556804
10.1897921021
10.1368986784
10.0851875096
10.0348232953
9.98600935957
9.93890491286
9.89357803846
9.85005839106
9.80846381921
9.76896796769
9.7314095325
9.69569669592
9.65947610391
9.60345999963
9.54643295518
9.48998972915
9.4352080515
9.38127788497
9.32806072317
9.27600671447
9.22557927016
9.17786231751
9.13405917734
9.09327427669
9.05506222589
9.01922674795
8.98638425052
8.95712051482
8.9312617488
8.90846793161
8.88847689186
8.87117287076
8.85674656431
8.84535264737
8.83693820167
8.83135123713
8.82843365791
8.82803427262
8.83009103806
8.83464143117
8.84170210909
8.85122707767
8.86313611014
8.87734549727
8.8937310126
8.91219673092
8.93270942309
8.95525840295
8.97982159775
9.00635742784
9.03481131402
9.06512588554
9.09723663744
9.13106410725
9.16653852966
9.20361446371
9.24226276362
9.2824575076
9.3241674316
9.36735723805
9.41199028211
9.45802721765
9.50542395409
9.55413821784
9.60414489916
9.65541487919
9.70781260067
9.76167604964
9.81748171297
9.8761549339
9.93710575379
10.0013392509
10.0678293898
10.135544864
10.2028280215
10.269077538
10.3347997227
10.3908423565
10.4331595182
10.4752587379
10.5172391839
10.5584629551
10.5989491161
10.6388188313
10.677906073
10.7159451814
10.7528409931
10.7883918253
10.822254406
10.854045188
10.883455908
10.9102629892
10.9342826883
10.9553348891
10.9732292259
10.9877654085
10.9987395048
11.005951773
11.0092155743
11.0083661136
11.0032630584
10.9937998802
10.9799154349
10.9616006015
10.9389012034
10.9119192035
9.56701241053
9.52968402544
9.48946040171
9.44666008369
9.40163023764
9.35473836884
9.30636764769
9.25691150905
9.20677013224
9.15635656839
9.10603582441
9.05611215193
9.00686777635
8.95857060251
8.91152156387
8.86590182733
8.82183139203
8.77941036478
8.73891370321
8.70041026936
8.66381006478
8.62909851637
8.58955529685
8.53618035342
8.48256595693
8.43003567491
8.37938973697
8.3296523519
8.28094220244
8.2337257184
8.18836099324
8.14669093281
8.10829880907
8.0725444867
8.03914516841
8.00832866243
7.98079221766
7.95643494375
7.93492679977
7.91596407436
7.89948176927
7.8856271973
7.87446092169
7.86588662741
7.85974910796
7.85588529437
7.85419210063
7.85468127872
7.8573640545
7.86219938577
7.86911646158
7.87801253889
7.8887816014
7.90137128492
7.91576543794
7.93194629111
7.94988135319
7.96952947608
7.99082528513
8.01369294552
8.03807395351
8.06393064256
8.09123630555
8.11996420461
8.15008326521
8.18155892653
8.2143516838
8.24841442871
8.28369724923
8.32015435122
8.35774814779
8.39644823163
8.43622660415
8.47705681584
8.5189134061
8.56176738868
8.60558619502
8.65034948137
8.69603962364
8.74261480769
8.78997750988
8.83926623261
8.89071255189
8.94482216669
9.00033156021
9.05572975802
9.11032217887
9.1646765548
9.2044501198
9.23905067796
9.27347470113
9.30753843134
9.34094099629
9.37382040996
9.40631724323
9.43817904447
9.46928131256
9.49962521389
9.52911955814
9.55757734731
9.58486176612
9.61081001531
9.63516928703
9.65762198651
9.67787127891
9.69567914496
9.71085225825
9.7232164748
9.73260152294
9.73883729344
9.74175700818
9.74120308491
9.73703489638
9.72913575648
9.71741395792
9.70181364465
9.6823241226
9.65898364356
9.63188162187
9.60115988992
8.29157099703
8.25409564217
8.2145000443
8.173116248
8.13028385994
8.08634714085
8.04166189
7.99659271449
7.95153052308
7.90687996407
7.86289661352
7.8198095161
7.77783640045
7.73723215723
7.69834979452
7.6611573515
7.6256754449
7.59200233205
7.5482393393
7.49742607562
7.44710308038
7.39834890636
7.35146619634
7.305781246
7.26147840531
7.21896055028
7.17868297267
7.14223953987
7.1087901278
7.07785203089
7.04915578019
7.02338760169
7.00070134957
6.98081510939
6.96340544957
6.94828751438
6.93553321483
6.92519461692
6.91718124563
6.91132890105
6.90746546469
6.90550425474
6.90543572983
6.90723744808
6.91085124808
6.91618798523
6.92313869832
6.93163846558
6.94166225787
6.9531900381
6.96619366793
6.98062679366
6.99642537152
7.01353180911
7.03190726961
7.05152581376
7.0723655889
7.09440283683
7.11760522046
7.14193156024
7.16733839006
7.19378587027
7.22124156109
7.24967835706
7.27907132933
7.30939560313
7.34062392062
7.37272659254
7.40567243648
7.43942826474
7.4739611088
7.50924085105
7.54523993827
7.58193415501
7.6193010773
7.6573149649
7.69595593524
7.73522198503
7.77507564586
7.81547046722
7.85650433745
7.89988867394
7.94428299228
7.98822769794
8.03196438671
8.06442801499
8.0921562011
8.11967921266
8.14662137743
8.17296959083
8.19889954871
8.22441416243
8.24936085612
8.27372693084
8.2975796254
8.32080948016
8.34329722037
8.36499097627
8.3858151579
8.40562889267
8.42429581814
8.44167609287
8.45757792133
8.47174621598
8.48391649126
8.49385866103
8.50138316152
8.50632793359
8.50854567283
8.50789824822
8.50425736275
8.49750847912
8.487557079
8.47433400899
8.45779621958
8.43793622308
8.41478732247
8.38842692
8.35898006489
8.32662077621
7.0611792583
7.02573823504
6.9889466349
6.95113439549
6.91259335411
6.87361946801
6.83453073013
6.79566003496
6.75742001813
6.72015835125
6.68395632051
6.64895556398
6.61533532587
6.57994508563
6.53213053392
6.48428957742
6.43762245801
6.39291467827
6.34988104043
6.30821499062
6.26819797629
6.23018937418
6.19487086987
6.16308050897
6.13413463275
6.10765298242
6.08347737613
6.0622397672
6.0438703834
6.02805208056
6.01445780741
6.00302699169
5.99380459764
5.98673070319
5.98165162062
5.97838701548
5.97680563558
5.97686231277
5.97851785502
5.98170556079
5.98632365632
5.99227044042
5.99948478982
6.00793318888
6.01758606437
6.02840448688
6.04033207563
6.05331362856
6.06731014518
6.08229618077
6.09825228089
6.11515632764
6.13297872614
6.1516852916
6.17124290913
6.19162361493
6.21280554427
6.23476898421
6.25749279489
6.2809539906
6.30512655109
6.32998119659
6.35548918466
6.38162432301
6.40836308054
6.4356836041
6.4635635926
6.49198050378
6.52091255548
6.55033672017
6.58022820052
6.61056196682
6.64131356994
6.67246049847
6.70398006354
6.73585014546
6.76806872774
6.8006236146
6.83347609163
6.86657434522
6.90016636363
6.93411239396
6.96499342676
6.98662113595
7.00798104227
7.0287670193
7.04894726397
7.06871141983
7.08797694605
7.10669413584
7.12492914887
7.14271139807
7.15996934138
7.17666109783
7.19280633512
7.20834764607
7.22318943903
7.23726401255
7.25050249999
7.26279452103
7.27401729802
7.28405129545
7.29274993655
7.29991433363
7.30532290531
7.30876952803
7.31007999866
7.30911002986
7.30573739345
7.29985647594
7.29137723926
7.28022729847
7.26635622774
7.24974091376
7.23038670024
7.20832552108
7.18362186637
7.15638144997
7.12675597057
7.09494236863
5.88476057415
5.85339174427
5.8214156793
5.78911652997
5.75666938252
5.72431849641
5.69234909425
5.6610767795
5.62611478513
5.58215513076
5.53802713055
5.49477718849
5.45302199577
5.41311524691
5.3744481847
5.33718429791
5.30170389667
5.2683195707
5.23792351669
5.21061631737
5.18591140349
5.16355299869
5.14358672603
5.12638167501
5.11180075204
5.09955443949
5.08936998957
5.08121014768
5.07506955429
5.07083707655
5.06833431149
5.06738206266
5.06788448518
5.06978292163
5.07300473622
5.07745137407
5.08301145601
5.08960496198
5.09718175698
5.1057015043
5.11511641925
5.12536935385
5.13640919598
5.14819924401
5.16071403997
5.17393221943
5.18782937019
5.20237736227
5.21754871507
5.23332059428
5.2496755001
5.26659817222
5.28407313934
5.30208295952
5.3206071925
5.33962438874
5.35911507666
5.37906135897
5.39944554224
5.42025076849
5.44145970238
5.4630522165
5.48500644952
5.50730038176
5.52991295208
5.55282432413
5.57601496874
5.59946576508
5.62315889835
5.64707665358
5.67120033176
5.69551074602
5.7199882418
5.74461253421
5.76936158379
5.79422585621
5.81921251386
5.84428395919
5.86942496487
5.89460516797
5.91915807674
5.93502001596
5.95052626411
5.9654013789
5.97982120421
5.99373719678
6.00710692279
6.02001671573
6.03246325625
6.04441839901
6.05590753271
6.06695733862
6.0775352172
6.08760016959
6.09714862553
6.10614613217
6.11452020682
6.12220373169
6.12913473213
6.13522677502
6.14037661366
6.14448564213
6.14744349865
6.14910073797
6.14928284361
6.14781860385
6.14455910511
6.13938321801
6.13219512393
6.12292055521
6.11150509798
6.09791469832
6.08213795917
6.06419663595
6.04414308031
6.02202489853
5.99792033987
5.97195374712
5.94429428373
5.91514997645
4.77291923564
4.7473152415
4.7161032968
4.67922573543
4.64146232853
4.60364820799
4.5663638894
4.53002929477
4.49481955182
4.46040570446
4.42703686414
4.39510926095
4.36494859921
4.33695104613
4.31182947989
4.28912834548
4.26860941165
4.250183846
4.2341097364
4.22053503665
4.2092852171
4.20011398059
4.19283695492
4.18741220489
4.18378853095
4.18183633751
4.18138424885
4.1822736632
4.18441428148
4.18773051065
4.19213218831
4.19750527041
4.20374881281
4.21079112653
4.21857721393
4.22705246372
4.23615648097
4.24583283535
4.25603787793
4.26673977543
4.27791269341
4.28953068673
4.30156723429
4.31399846233
4.32680552684
4.33997417209
4.3534924368
4.36734807985
4.38152717241
4.39601517297
4.41079886456
4.42586639622
4.44120696252
4.45680983625
4.47266243263
4.48875016284
4.50505788166
4.52157056675
4.53827323923
4.55515157773
4.57219157763
4.58937800461
4.60669437661
4.62412346512
4.64164799207
4.65925113754
4.67691652579
4.69462828713
4.71237147369
4.73013162289
4.74789415719
4.76564498663
4.78336905291
4.80104842367
4.81866795567
4.83623884261
4.85374674672
4.87116684009
4.88849230877
4.90572054204
4.92123452117
4.93118077954
4.94061400735
4.94955715928
4.95806816648
4.96611602846
4.97368175855
4.9808183116
4.98754909431
4.9938654892
4.99977841757
5.00530942293
5.01044710502
5.01515949702
5.0194333021
5.02324595505
5.0265455819
5.02927453815
5.03137989917
5.03279555749
5.03344039167
5.03323815288
5.03210926574
5.02994678497
5.02662237094
5.02200521868
5.01597863
5.00844881512
4.99934660835
4.98862601905
4.97626284208
4.96225397325
4.94661928967
4.92942954752
4.91077958861
4.89067860488
4.8692094693
4.84651082624
4.82275791993
4.79815362901
3.67996507962
3.65192712346
3.62383059132
3.59559823385
3.56755037984
3.54013950497
3.51369901455
3.48850014614
3.46496286748
3.44349370526
3.4238419134
3.40591814086
3.38974115614
3.37538758529
3.36314304299
3.35294454687
3.34463358908
3.33806485289
3.33316531919
3.32990296017
3.32819657303
3.32791064923
3.32889429993
3.33102001355
3.33419961876
3.33834827396
3.34337097505
3.34916001383
3.35562388758
3.36269178334
3.37030376302
3.37839908314
3.38691688367
3.3958047088
3.40502141588
3.41453381993
3.42431207007
3.43432774865
3.44455566874
3.45497576335
3.46557349212
3.47633747888
3.48725697004
3.49832107506
3.50951967427
3.52084457668
3.53228935784
3.54384810167
3.55551403562
3.56727903827
3.57913452815
3.59107214014
3.60308376619
3.6151611957
3.62729525297
3.63947555466
3.65169079143
3.66392936026
3.67617971297
3.6884302918
3.70066948641
3.71288516306
3.72506475016
3.73719537456
3.74926407984
3.76125811111
3.77316528329
3.78497392831
3.79667278008
3.80825089821
3.81969766911
3.83100377983
3.84215785029
3.85314622604
3.86397117586
3.87464729472
3.88514813829
3.89547377347
3.90561759489
3.91557447043
3.92530720886
3.93470812724
3.94351338249
3.94966379561
3.95349771589
3.9569040525
3.95991684715
3.96257982825
3.96492506634
3.96695793106
3.96868583494
3.97012603329
3.9712789167
3.97212366431
3.97264573547
3.97282967962
3.97264048666
3.9720343751
3.97097009016
3.96939942026
3.9672631786
3.96450770603
3.96108002041
3.95690833665
3.95190539367
3.94598041922
3.93905109995
3.93105216425
3.92193917235
3.91168902723
3.90029943976
3.88778740001
3.87419737514
3.85796460962
3.83659714033
3.81331153014
3.78851269926
3.76250443741
3.73556062155
3.70795759008
2.68440722631
2.66566651879
2.64766195213
2.63058384232
2.61442572168
2.59927499677
2.58523287474
2.57239986196
2.56090856315
2.55094653886
2.54249896128
2.5354905267
2.52985940646
2.525561182
2.52260268681
2.52095349161
2.52056749631
2.52134060239
2.52314773089
2.5258852801
2.52946911419
2.53381487639
2.53883384494
2.54443653647
2.55054554931
2.55709472618
2.56402475474
2.57127717133
2.57879591694
2.58653226217
2.59444657047
2.6025062117
2.61068133552
2.61894471443
2.62727343327
2.63565007408
2.64406131856
2.6524956385
2.66094252413
2.66939317989
2.67784164025
2.68628384814
2.69471623618
2.70313497854
2.71153600021
2.71991594364
2.72827201712
2.73660099421
2.74489897086
2.75316112865
2.7613821615
2.76955692064
2.7776800006
2.78574521322
2.79374556844
2.80167357653
2.8095211927
2.81728040908
2.82494366375
2.8325030259
2.83995008297
2.84727613237
2.85447252098
2.86153078026
2.86844263333
2.87520008731
2.88179592501
2.88822345029
2.89447596419
2.90054688688
2.90643027671
2.91212132485
2.9176121943
2.92289947591
2.92800489177
2.93292204561
2.93764909474
2.94218808879
2.94653490081
2.95067927198
2.95468908103
2.9587897745
2.96267335418
2.96606592075
2.9687666485
2.97084723525
2.97240388166
2.97348134558
2.97411912149
2.97435188635
2.97419190338
2.97364175161
2.97270867635
2.97139050698
2.96966850365
2.96752110966
2.96492532004
2.96184961905
2.95825458166
2.9540987044
2.94933784099
2.94392933788
2.93783272144
2.93100588944
2.92340284042
2.91497194789
2.90566032779
2.89542056652
2.88421826199
2.87203813327
2.85888835776
2.84479851603
2.82983691224
2.81402098423
2.79717823981
2.77942074276
2.76095657411
2.74200682711
2.7227887522
2.70351841655
1.83063673844
1.82155852125
1.81314731327
1.80555468299
1.79883148611
1.79300297086
1.78804794607
1.78396174486
1.78076728008
1.77850503163
1.77718411417
1.77677371943
1.77722417361
1.77848320815
1.78050040517
1.78322549477
1.78663824939
1.790629799
1.79509852035
1.79996735533
1.80517686022
1.81067516831
1.81641387017
1.82234566237
1.82842530969
1.83461189022
1.84087091263
1.84717307672
1.85349124599
1.85980077205
1.86608166981
1.87231922223
1.8785012752
1.8846171902
1.89065818711
1.89661852976
1.9024946317
1.90828344903
1.91398218843
1.91958889629
1.92510318131
1.93052504736
1.93585403107
1.9410893266
1.94622995342
1.9512755879
1.95622597916
1.96107970689
1.96583462684
1.97048810841
1.97503743938
1.97948041367
1.98381447433
1.9880359868
1.99214068174
1.99612425733
1.99998220578
2.00371044511
2.00730565007
2.01076395792
2.01408089644
2.01725193776
2.02027287115
2.02313989265
2.0258495242
2.02839864506
2.03078500255
2.03300676064
2.03506179902
2.03694807718
2.03866439514
2.0402092461
2.0415812445
2.04279331122
2.04386268743
2.04478645595
2.04557189428
2.04621810345
2.04672266663
2.04707965615
2.04730986196
2.04748429078
2.04753484143
2.0474257164
2.04705959641
2.04633749955
2.04525546579
2.04383803309
2.04211848578
2.04012792481
2.03788613105
2.03540490504
2.0326932794
2.02975291032
2.02657784764
2.02315930451
2.01948498564
2.01553897294
2.01130303038
2.0067569438
2.00187807275
1.99664862472
1.99105442786
1.98507743072
1.97869698326
1.97189216418
1.96464412677
1.95693869526
1.94876996752
1.94014393372
1.93108144827
1.92161825269
1.91180723084
1.90175567426
1.8915770295
1.88125500635
1.87084555188
1.86045391194
1.85020356419
1.84022272198
1.12514512082
1.12259080891
1.12048294129
1.11888586533
1.11781289631
1.11720324133
1.11702731401
1.1172966484
1.11803266945
1.11924776604
1.12093780973
1.12308117326
1.12564416094
1.1285908047
1.13188142441
1.13549016299
1.13931487394
1.14327752652
1.14734052247
1.15148051834
1.15567538668
1.15990214275
1.16413880693
1.16836441216
1.17255849327
1.17670221991
1.18078054786
1.18478173299
1.18869505773
1.19251099335
1.19622273075
1.1998262085
1.20331799996
1.20669519914
1.20995595547
1.21310023894
1.21612869839
1.21904146316
1.22183852876
1.22452054086
1.22708918087
1.22954583375
1.23189109216
1.23412533355
1.23624901367
1.23826332562
1.24016940259
1.24196722938
1.24365641203
1.24523648707
1.24670723005
1.24806907468
1.24932214558
1.2504657091
1.2514988281
1.2524208523
1.2532311346
1.25392961091
1.25451693166
1.25499317699
1.25535801935
1.25561133974
1.25575341551
1.25578489596
1.25570669098
1.25552001104
1.255226774
1.25482907915
1.25432863452
1.25372734882
1.2530275835
1.2522298882
1.25134804446
1.25040431667
1.24940420917
1.24835120552
1.24724466528
1.24608407953
1.24486973159
1.2436008864
1.24228611016
1.24093178311
1.23952139158
1.23803505415
1.23643683823
1.23468959759
1.23278510551
1.23073903167
1.22857793422
1.22632591085
1.2240001431
1.22161328685
1.21917393508
1.21668444941
1.21414466694
1.21155364798
1.20890681142
1.20619806594
1.20342186111
1.20057111702
1.19763653931
1.19461412133
1.19150248907
1.18829478872
1.18498198597
1.18155654946
1.17801325552
1.17434960469
1.17056717462
1.16667338548
1.16268308126
1.15861876895
1.15451085424
1.15040715619
1.14636176083
1.14239634632
1.13853651809
1.13482515376
1.13131696849
1.12807214693
0.567194192787
0.568280784855
0.569547891545
0.570987748622
0.572488330694
0.573669418042
0.574937166149
0.576345041968
0.577919626756
0.579668980085
0.581587583698
0.583660935161
0.585869366621
0.58819353771
0.590612104345
0.593126958255
0.595199791624
0.597149942873
0.599009561781
0.600786462969
0.602480178361
0.604086927089
0.605602218103
0.607021366896
0.608339762881
0.6095535845
0.6106604343
0.611658587963
0.61254618868
0.613321878338
0.613985459798
0.614537462931
0.61497818479
0.615308071061
0.615528079007
0.615639927581
0.615645390311
0.615545926758
0.615343095135
0.615038929109
0.614635985153
0.614136668051
0.6135432297
0.612858088608
0.612083923766
0.611223943288
0.610281374389
0.60925912085
0.608160250208
0.606987995522
0.605745896777
0.604437920372
0.603067932558
0.601639605578
0.600156775889
0.598623513356
0.597043953984
0.595422617447
0.593764307119
0.592073536735
0.590354782712
0.588612691395
0.586852060878
0.585077807399
0.583294901033
0.581508405573
0.579723619538
0.57794576802
0.57617982989
0.574431019926
0.572703385965
0.571001150285
0.569371513347
0.567837777838
0.566375321208
0.564976819359
0.563642811072
0.562376288351
0.561180394272
0.560057893073
0.559016109351
0.558053481125
0.557160006115
0.556320893234
0.555519214142
0.554748588927
0.554014607468
0.553331588473
0.552716299215
0.552181271448
0.55173467409
0.551382331559
0.551127264484
0.550969110654
0.550907156763
0.550940012392
0.551063668131
0.551273810202
0.551566314378
0.55193513118
0.552372922929
0.552875717726
0.55343892933
0.554053301719
0.554709108713
0.555397405332
0.556109410054
0.556836608448
0.557571539438
0.558308774084
0.559045735412
0.559782709727
0.560523735864
0.561276948019
0.56204489785
0.562825577698
0.563621173357
0.564441187768
0.565300028164
0.566215660385
0.145869777133
0.146603988125
0.14736922781
0.148145342704
0.148914535807
0.149634784565
0.150311818799
0.150960307512
0.151590455657
0.152207274563
0.152811895438
0.153402946094
0.153977700993
0.154533667376
0.155068098721
0.155584565954
0.156040781986
0.156435156964
0.156776721095
0.157071433643
0.157321629276
0.157527951073
0.157690534834
0.157809264224
0.157883910136
0.157914398862
0.157900992905
0.157844035202
0.157743728414
0.157600367431
0.157414548867
0.157187038701
0.156918511474
0.156609691806
0.156261464241
0.155874945032
0.155451286325
0.154991589216
0.154497028861
0.153968950641
0.153408875721
0.152818315368
0.152198785587
0.151551890834
0.150879332281
0.150182975031
0.149464700503
0.148726318784
0.147969704369
0.147196775052
0.146409520514
0.145610031214
0.144800350619
0.143982456332
0.143158354085
0.14233007932
0.141499644552
0.140669128176
0.13984064222
0.139016180372
0.138197695438
0.137387146644
0.136586485339
0.135797647272
0.135022538882
0.134263050924
0.133521096836
0.132798532998
0.132097120045
0.131418689305
0.130764152884
0.130136552274
0.129562319763
0.12903242949
0.128541495443
0.128087894445
0.127671981269
0.127294878307
0.126957758411
0.126661673266
0.126409013295
0.126199954735
0.126032174549
0.125901883301
0.125804434004
0.125737834221
0.125703502553
0.125705761089
0.125749754206
0.125839323833
0.125977116827
0.126165067081
0.126404145843
0.126694350003
0.127035706907
0.127427904269
0.127869685601
0.128359761694
0.128896788118
0.129478566125
0.130102387781
0.130766533064
0.131468625508
0.13220449622
0.132969881922
0.133760570534
0.134572000483
0.135399270579
0.136237388833
0.137081592831
0.137927646873
0.138771907497
0.139611656523
0.14044543569
0.14127032313
0.142081623856
0.142875519351
0.143650573987
0.144407384948
0.145148430452
0.0104358567281
0.0104938159011
0.0105493626346
0.0106024938196
0.0106522588458
0.0106960672015
0.0107342070748
0.0107679319264
0.0107982506672
0.0108257640293
0.0108507626593
0.0108733503088
0.0108935108056
0.0109112342006
0.0109264806413
0.0109395769224
0.0109479843219
0.0109514256737
0.0109506184274
0.0109460832349
0.0109380424334
0.0109265855411
0.0109117712995
0.0108936255204
0.0108721508423
0.0108473649127
0.0108193248901
0.0107880877502
0.0107536848678
0.0107161618557
0.0106756011553
0.0106320991779
0.010585733596
0.0105365926619
0.0104847837982
0.0104304399247
0.0103736912916
0.0103146599224
0.0102534791
0.0101903001102
0.010125289748
0.0100586053133
0.00999040233389
0.00992084556992
0.0098501058872
0.00977836866219
0.00970581329519
0.00963260568016
0.00955891879131
0.0094849254739
0.00941080182147
0.00933673086458
0.00926288346543
0.00918942034619
0.00911650428993
0.00904429785164
0.00897295666515
0.00890264200682
0.008833515555
0.00876572169719
0.00869940151025
0.00863469651559
0.00857174552766
0.00851068458762
0.0084516463149
0.00839476194966
0.00834016599876
0.00828798631432
0.00823834216489
0.00819135974678
0.00814708502189
0.00810558827034
0.00806772814919
0.00803387769054
0.00800377167613
0.00797729752756
0.00795449191088
0.00793544890247
0.0079202688744
0.00790904244576
0.00790195573553
0.00789906753371
0.00790027232385
0.00790536652345
0.00791407678048
0.00792628589126
0.00794209070308
0.00796178837999
0.00798574770267
0.00801425792473
0.00804753183004
0.00808573792722
0.00812897755583
0.00817727531407
0.00823065191185
0.0082890989302
0.00835252437814
0.00842081700869
0.00849384824245
0.00857140798455
0.00865321813056
0.00873905410865
0.00882862690132
0.00892147612753
0.00901709572309
0.0091149528795
0.00921445804556
0.00931496556693
0.00941579397748
0.00951625313329
0.0096156726433
0.0097134158123
0.00980891275797
0.0099017066599
0.00999127797633
0.0100770032642
0.0101583448957
0.010234979426
0.0103067922678
0.0103738717784
0.00142058951685
0.00141877763281
0.00141511044431
0.00140977314835
0.00140293749402
0.00139470558386
0.00138524383604
0.00137475776236
0.00136346267569
0.00135155388452
0.0013391872884
0.00132648819489
0.00131355679575
0.00130047646834
0.0012873147965
0.00127413600233
0.00126089476337
0.00124758145177
0.00123422339565
0.00122085232003
0.00120748228583
0.00119411467686
0.00118075064259
0.00116738981374
0.00115402335993
0.00114063827668
0.00112722920095
0.00111379789234
0.00110034173398
0.00108685560254
0.00107334206125
0.00105981239262
0.00104627628201
0.0010327418594
0.00101922091789
0.00100573186482
0.000992296145076
0.00097893235241
0.000965658526741
0.000952495795972
0.000939469671594
0.000926605180593
0.000913923864406
0.000901447122435
0.000889196869261
0.000877197105552
0.000865472486177
0.000854043284483
0.00084292803334
0.000832145478173
0.000821713793316
0.000811652534929
0.000801980317816
0.000792712059209
0.000783861324052
0.000775442204174
0.000767467588937
0.000759950301109
0.000752905027608
0.000746344371535
0.000740278480071
0.000734717861986
0.000729673418023
0.000725156059389
0.000721176745746
0.000717746530215
0.00071487796101
0.000712584388895
0.000710877880956
0.000709770903587
0.000709273649015
0.000709399656871
0.000710185421542
0.000711651199996
0.000713808530868
0.000716669965826
0.00072025148107
0.000724572131937
0.000729653105998
0.00073551262979
0.000742179363842
0.000749685075585
0.000758049841959
0.000767289782046
0.000777413205586
0.000788427385176
0.000800340560177
0.000813167259852
0.000826936007649
0.00084167257244
0.000857394421054
0.000874119779925
0.00089186200314
0.000910616240775
0.000930369494543
0.000951106697187
0.000972791544077
0.000995369462632
0.00101877952979
0.00104294234428
0.00106774749207
0.00109308158881
0.00111882808453
0.00114482383116
0.00117087060892
0.00119676138151
0.00122227686685
0.00124718329033
0.00127123715298
0.00129419108334
0.00131580088254
0.0013358324408
0.00135406912339
0.00137032807506
0.00138446099002
0.00139634426459
0.00140588927431
0.001413055211
0.00141785135121
0.0014203373414
)
;

boundaryField
{
    bottomWall
    {
        type            calculated;
        value           nonuniform List<scalar> 
120
(
5.36511922543e-15
5.37031198617e-15
5.33883249556e-15
5.1537266801e-15
4.76669334667e-15
4.4956830741e-15
4.45462217609e-15
4.60651349463e-15
4.91881849437e-15
5.38785428032e-15
6.01037325338e-15
6.69025697291e-15
7.37977652167e-15
8.07400704374e-15
8.76854412722e-15
9.45949150397e-15
1.01734831568e-14
1.09980238116e-14
1.19592758732e-14
1.3070766003e-14
1.43439961172e-14
1.57714064392e-14
1.72391777139e-14
1.86309997012e-14
1.9859389959e-14
2.08204102835e-14
2.1406606278e-14
2.15315407811e-14
2.14618513961e-14
2.1461295702e-14
2.1460727617e-14
2.14601387004e-14
2.14595693927e-14
2.1459022564e-14
2.14585055686e-14
2.14580186433e-14
2.14575632154e-14
2.1457139482e-14
2.14567481407e-14
2.1456389738e-14
2.14560649493e-14
2.14557743896e-14
2.14555185733e-14
2.14552977138e-14
2.14551115718e-14
2.14549596016e-14
2.14548417759e-14
2.14547604561e-14
2.1454715075e-14
2.14547030861e-14
2.14547229466e-14
2.14547728139e-14
2.14548506607e-14
2.14549542899e-14
2.14550813779e-14
2.14552295153e-14
2.1455396234e-14
2.14555790657e-14
2.14557755652e-14
2.14559833543e-14
2.14562001411e-14
2.14564237531e-14
2.14566521584e-14
2.14568834759e-14
2.14571160012e-14
2.14573482092e-14
2.14575787753e-14
2.14578065444e-14
2.14580305192e-14
2.14582498021e-14
2.14584635716e-14
2.14586711223e-14
2.14588718886e-14
2.14590654584e-14
2.14592515889e-14
2.1459430172e-14
2.1459601228e-14
2.14597648023e-14
2.14599209682e-14
2.14600698406e-14
2.14602115828e-14
2.14603464372e-14
2.14604747317e-14
2.1460596849e-14
2.14607132272e-14
2.14608243083e-14
2.14609305842e-14
2.14610325555e-14
2.14611306172e-14
2.14612256243e-14
2.14613185066e-14
2.1461416979e-14
2.15307898409e-14
2.14057788926e-14
2.0819643357e-14
1.98586845519e-14
1.86303874026e-14
1.7238666103e-14
1.57709962067e-14
1.43436763087e-14
1.30704098275e-14
1.19588435661e-14
1.09975114516e-14
1.01728883877e-14
9.45883056202e-15
8.76784799725e-15
8.07329685262e-15
7.37906407908e-15
6.68954324076e-15
6.00964748291e-15
5.38705978067e-15
4.91786566402e-15
4.60528875866e-15
4.45288135159e-15
4.49300359172e-15
4.76243897185e-15
5.14925344066e-15
5.33667611085e-15
5.37020458978e-15
5.36523189152e-15
)
;
    }
    topWall
    {
        type            calculated;
        value           nonuniform List<scalar> 
120
(
5.74725694574e-15
5.74725823634e-15
5.74726084839e-15
5.74726465006e-15
5.74726951899e-15
5.74727538241e-15
5.74728212187e-15
5.74728959096e-15
5.74729763628e-15
5.74730611878e-15
5.74731492734e-15
5.74732397279e-15
5.74733318368e-15
5.7473425007e-15
5.74735187565e-15
5.74736126281e-15
5.7473706945e-15
5.74738017751e-15
5.74738969241e-15
5.74739921663e-15
5.7474087401e-15
5.74741826186e-15
5.74742778107e-15
5.74743729803e-15
5.74744681904e-15
5.7474563533e-15
5.74746590465e-15
5.7474754719e-15
5.74748505683e-15
5.74749466315e-15
5.74750428899e-15
5.74751392637e-15
5.74752356833e-15
5.7475332091e-15
5.74754284028e-15
5.74755244876e-15
5.74756201929e-15
5.74757153856e-15
5.7475809938e-15
5.74759036989e-15
5.74759964871e-15
5.74760881241e-15
5.74761784565e-15
5.74762673316e-15
5.74763545936e-15
5.74764400715e-15
5.74765235893e-15
5.7476605003e-15
5.74766841807e-15
5.74767609882e-15
5.74768352968e-15
5.74769069665e-15
5.7476975865e-15
5.74770418863e-15
5.74771049334e-15
5.74771649059e-15
5.74772217124e-15
5.74772752609e-15
5.74773254472e-15
5.74773721816e-15
5.74774153913e-15
5.74774550021e-15
5.74774909357e-15
5.74775231146e-15
5.7477551461e-15
5.7477575896e-15
5.74775963301e-15
5.74776126682e-15
5.74776248243e-15
5.74776327098e-15
5.7477636252e-15
5.74776353543e-15
5.74776297572e-15
5.74776193158e-15
5.7477603948e-15
5.74775835647e-15
5.74775580521e-15
5.74775272742e-15
5.74774910804e-15
5.74774493405e-15
5.74774018505e-15
5.74773483844e-15
5.74772887988e-15
5.7477222979e-15
5.74771508657e-15
5.74770724077e-15
5.74769875456e-15
5.74768961767e-15
5.74767980971e-15
5.74766931235e-15
5.74765811319e-15
5.74764619921e-15
5.7476335609e-15
5.74762020176e-15
5.74760613101e-15
5.74759135941e-15
5.74757591282e-15
5.7475598301e-15
5.74754315469e-15
5.74752594313e-15
5.7475082741e-15
5.74749022832e-15
5.74747188886e-15
5.74745337189e-15
5.74743481866e-15
5.74741637661e-15
5.74739820193e-15
5.74738046113e-15
5.74736332768e-15
5.74734697774e-15
5.74733158525e-15
5.74731731697e-15
5.74730432719e-15
5.74729274617e-15
5.74728267949e-15
5.74727421524e-15
5.74726741647e-15
5.74726231232e-15
5.74725889611e-15
5.74725712538e-15
)
;
    }
    inlet_half0
    {
        type            cyclic;
    }
    inlet_half1
    {
        type            cyclic;
    }
    outlet_half0
    {
        type            cyclic;
    }
    outlet_half1
    {
        type            cyclic;
    }
    sideRight_half0
    {
        type            empty;
    }
    sideRight_half1
    {
        type            empty;
    }
    sideLeft_half0
    {
        type            empty;
    }
    sideLeft_half1
    {
        type            empty;
    }
}


// ************************************************************************* //
