/*--------------------------------*- C++ -*----------------------------------*\
| =========                 |                                                 |
| \\      /  F ield         | OpenFOAM: The Open Source CFD Toolbox           |
|  \\    /   O peration     | Version:  2306                                  |
|   \\  /    A nd           | Website:  www.openfoam.com                      |
|    \\/     M anipulation  |                                                 |
\*---------------------------------------------------------------------------*/
FoamFile
{
    version     2.0;
    format      ascii;
    arch        "LSB;label=32;scalar=64";
    class       volScalarField;
    location    "5000";
    object      omega;
}
// * * * * * * * * * * * * * * * * * * * * * * * * * * * * * * * * * * * * * //

dimensions      [0 0 -1 0 0 0 0];

internalField   nonuniform List<scalar> 
15600
(
1974.79302041
1972.88351726
1984.51627932
2055.79392499
2222.71483174
2356.70527156
2378.4284236
2300.00411642
2153.97254689
1966.46001335
1762.78569622
1583.64619519
1435.68033109
1312.23566472
1208.29636554
1120.03906294
1041.43289341
963.354888254
885.923204077
810.58753539
738.636563577
671.785363013
614.588478398
568.675871931
533.500778316
508.875658825
494.940667494
492.068826272
493.666636884
493.67941932
493.692487464
493.706035544
493.719133228
493.731714406
493.743609784
493.754813813
493.765293555
493.775044383
493.784050153
493.792298212
493.799772937
493.806460101
493.812347806
493.817431079
493.82171538
493.825213228
493.827925219
493.82979697
493.83084152
493.831117473
493.830660338
493.829512526
493.827720716
493.825335488
493.82241034
493.819000749
493.81516354
493.810955539
493.806433044
493.801650807
493.796661589
493.791515398
493.786259005
493.780935705
493.775584727
493.770241167
493.764935503
493.759694315
493.754540547
493.749494846
493.744576106
493.739800553
493.73518119
493.730727489
493.726445032
493.722336293
493.718400796
493.714637492
493.711044682
493.707619719
493.704358837
493.701256454
493.698305022
493.69549573
493.692818493
493.690263141
493.687818356
493.685472617
493.683216834
493.681031338
493.678894739
493.676629571
492.085988404
494.959798154
508.894404113
533.519728979
568.694561796
614.606718216
671.802837383
738.653032317
810.609624324
885.955229823
963.399769724
1041.49378192
1120.1173264
1208.39229915
1312.35109936
1435.81894485
1583.81516027
1762.99858355
1966.75003274
2154.38987639
2300.61578226
2379.35825446
2358.11073456
2224.70042402
2057.57982631
1985.31816059
1972.92297209
1974.75155114
346.545647615
349.193695293
368.928231958
368.21552225
378.806861898
395.459153618
399.585709306
387.196656022
363.143001144
331.883760547
297.777802218
267.625824029
242.753398063
222.155370295
204.874922209
190.240823542
177.135010369
164.071029033
151.00975464
138.161598718
125.772285101
114.301137966
104.456112714
96.4920198844
90.4764074169
86.3281081758
84.358176648
86.6023214226
88.462755167
88.1055254042
87.8062946127
87.5617352517
87.369918001
87.209446732
87.0723098159
86.9453824829
86.8226354719
86.6985240065
86.570149803
86.4355052856
86.293586524
86.1439730125
85.9868118369
85.8226842452
85.6520885543
85.4769895275
85.3180082189
85.1662979404
85.0252332879
84.8809876377
84.7350151042
84.5882813548
84.4417066799
84.2961593688
84.1524465611
84.0113108241
83.8734261284
83.7393970143
83.6097582017
83.4849758525
83.3654490441
83.2515104465
83.1434297474
83.0414125735
82.945610717
82.856121324
82.7730168218
82.6963435397
82.6261539783
82.5624853719
82.505304417
82.4545025025
82.4099182628
82.3713386298
82.3385713569
82.3114212985
82.2897655713
82.2735146118
82.2625148917
82.2566671645
82.2557668929
82.2598503581
82.2687544408
82.2830400394
82.3025478837
82.3290212231
82.3618829894
82.4055793251
82.4580501863
82.5280602632
82.6110988752
82.8030655596
82.8066529176
83.0865916469
85.3734750371
89.3756194103
95.1741670551
102.744694747
112.173551789
123.133383818
134.986920602
147.462035969
160.418226771
173.65888918
187.342465922
202.744886154
220.80960676
242.210818975
267.733771239
298.367146354
332.854644798
365.470886185
391.676257847
407.099498442
407.843416594
395.415101367
396.073874968
396.86650837
385.566132878
356.811607554
139.290677563
134.069655318
131.948295482
125.866746827
125.36237027
129.210366628
130.254959411
126.791188994
119.215297875
109.109587014
98.0757778434
88.299153765
80.1118911708
73.2591918854
67.5163018202
62.6670921442
58.3672085324
54.0954776233
49.8375052621
45.6763528381
41.7027427298
38.0363197326
34.9440464261
32.5289106026
30.6894723094
29.6625068646
29.5472758175
29.53903366
29.6536103082
29.6446552262
29.6406062448
29.6197023611
29.5903730347
29.5541674616
29.5121679107
29.4653603783
29.414512859
29.3603321547
29.3034226224
29.2443165225
29.1834774106
29.1213293148
29.0583737248
28.9955758168
28.9342597759
28.865178164
28.7591629075
28.6539341031
28.5543874255
28.4578921177
28.3646836015
28.2747699091
28.1881714146
28.104909193
28.0250004225
27.9484571075
27.8752841435
27.8054792689
27.739032797
27.6759278088
27.6161400931
27.5596371382
27.5063781283
27.4563115308
27.4093786007
27.3655121989
27.3246533997
27.2867520059
27.2517851686
27.2197377998
27.1905641245
27.164184379
27.1404952419
27.1193696653
27.1006981738
27.0843741758
27.0703420591
27.0585656825
27.0489700491
27.0415108188
27.0360799589
27.0327118975
27.0313248111
27.0322817531
27.0355215518
27.042189938
27.0520292826
27.0680931961
27.0892830666
27.1220823069
27.1609498133
27.1841606503
27.1378913209
27.2832408805
27.9740171396
29.1859470421
30.9792255016
33.3154163344
36.220743202
39.5739847957
43.232290536
47.1124921012
51.2018984971
55.4669350104
60.0562135873
65.2579209674
71.331760365
78.5084248027
86.9941313812
96.9699479545
107.79286903
118.178257492
126.462984569
130.884601837
130.708152619
128.709571544
130.932882994
138.569165468
146.650526912
146.509261246
80.4408764457
75.9620961612
78.2058378162
77.5282156291
64.3350924934
58.5872513097
58.3705199745
57.3402582125
54.1869585159
49.7438488004
44.9066619466
40.6289802093
37.0303701878
34.0698565544
31.6216267112
29.5449281065
27.6333681494
25.6636960576
23.6419696814
21.6401053883
19.7533721974
18.084638552
16.7432351128
15.7776267493
15.2114613144
15.1238745075
15.4011941074
15.5362821301
15.2809825873
14.970873851
14.7879689729
14.6664722685
14.5867245558
14.5331423627
14.4965309374
14.4710423231
14.452961423
14.439823947
14.4299774461
14.4222761477
14.4159151744
14.4103373531
14.4051623124
14.3996281972
14.3886082197
14.3680379887
14.3398884002
14.3128012953
14.287059046
14.2619252422
14.2373951358
14.2133975759
14.1898885037
14.1668398402
14.1442346652
14.1220642653
14.1003252716
14.0790180512
14.0581452129
14.0377104816
14.0177175689
13.9981686717
13.9790634009
13.9603968368
13.9421603922
13.9243414392
13.9069317513
13.8899294509
13.8733488197
13.8572086802
13.8415115936
13.826241679
13.8113680109
13.7968441206
13.7826273779
13.7686724305
13.7549567363
13.7414623271
13.7281482583
13.7149837682
13.7019033423
13.6889031345
13.6759201234
13.6630982218
13.6503760255
13.6382772609
13.6266417162
13.6169747557
13.6086517669
13.6049414165
13.6019932033
13.5886652062
13.5519829051
13.5880725995
13.8889219639
14.4320741274
15.2393352852
16.2858270346
17.5736339243
19.0457082925
20.6528993908
22.3572707081
24.1549105131
26.0369537609
28.0880092621
30.4004052562
33.0663524024
36.1830227114
39.8216582744
43.9964215455
48.3237969158
52.4012839801
55.5319779313
56.9427080462
56.5156162472
55.8411111457
58.7793184464
65.5288464171
77.2606792346
83.3396611532
51.8548362945
49.6656430083
54.6386573289
61.6579643228
47.376360852
32.355909112
30.8537743061
30.8202692132
29.4128148566
27.179567902
24.7525902816
22.619108082
20.8335292598
19.4176292758
18.250687454
17.1991832569
16.1184673932
14.9338747717
13.6956242742
12.495603722
11.4273685489
10.5579678974
9.91879434535
9.53002245594
9.41582995117
9.57675838336
9.87410790939
9.9967538864
9.7063078792
9.39503222617
9.24106175556
9.15826062791
9.11707388346
9.10001196865
9.09735588324
9.10337031769
9.11457836863
9.12877047565
9.14451961161
9.16086894475
9.17715775141
9.19288159975
9.20741340502
9.21895083663
9.22574725939
9.22818740848
9.2276752186
9.2268749648
9.22567808844
9.22386310593
9.22144716671
9.21842221336
9.21479539449
9.21058234251
9.205804334
9.20048643787
9.19465577906
9.18834051736
9.18156890297
9.17436851855
9.16676550002
9.15878356181
9.15044323278
9.14176080311
9.13274890758
9.12341699339
9.1137766661
9.10384370014
9.09364332032
9.0832018676
9.07253395645
9.06164141967
9.05051506671
9.0391350936
9.02748230697
9.01553531698
9.00328551782
8.99072434551
8.97782831448
8.96457803656
8.95093543243
8.93689680352
8.92243152069
8.90762640345
8.89246793033
8.87727671293
8.86201803153
8.84762197397
8.83382703338
8.82264280532
8.81189572039
8.80054204235
8.77594844072
8.77591016678
8.93903426961
9.25039509668
9.71627030835
10.3198228278
11.0559982649
11.8913226834
12.801602293
13.7653100406
14.778494981
15.8372762771
16.9902737816
18.2770136701
19.7358386346
21.4119370494
23.3348636497
25.4889613195
27.6506225026
29.6501546361
31.1687779085
31.8449542112
31.6537057358
31.4143707159
33.4345071912
37.6179484088
45.8377791678
51.7545720499
35.7222030536
35.0033604415
39.8929798313
51.5403114701
42.9639498835
21.6698375231
17.8775764358
18.2680600415
17.7272436001
16.5830905655
15.329494646
14.2327279598
13.3261647277
12.6286842738
12.0135160833
11.3649583084
10.6121264446
9.77969169106
8.94467152873
8.18712558913
7.56490923746
7.10332784802
6.80178253245
6.66770617995
6.71059109436
6.90367126274
7.133789023
7.20984050786
6.98668565895
6.76645663697
6.67026068477
6.62652569843
6.6120595603
6.61415653573
6.6257198638
6.64268083575
6.66257416004
6.68385486299
6.70553179994
6.72694367668
6.74761824676
6.76712660809
6.78482842906
6.79958481969
6.81135224385
6.82048940239
6.82783617136
6.83441806079
6.84014060153
6.84493740868
6.84883574769
6.85185205904
6.85401129387
6.85534285113
6.8558788077
6.85565274726
6.85469867964
6.85305039396
6.85074084976
6.8478016606
6.8442625438
6.84015066032
6.83549010168
6.83030134533
6.82460184902
6.81840689643
6.81173342189
6.8046016544
6.79703793107
6.78906798736
6.78070810999
6.77196482875
6.76283633682
6.75331356699
6.74338788041
6.73304999612
6.72229959577
6.71113537449
6.69954587808
6.68752245439
6.67504718974
6.66212718575
6.64876115431
6.63502941991
6.62096648948
6.60683276458
6.59269864357
6.57928031968
6.56658777771
6.55614733828
6.54697785355
6.54279750474
6.52874277514
6.5173634921
6.61659288375
6.82063604257
7.13030207506
7.53325129566
8.02239306001
8.57495672652
9.17627426466
9.81262428185
10.480343876
11.1775122763
11.9355804249
12.7760715864
13.7173466205
14.7829946018
15.9874023722
17.3115561437
18.6140511534
19.8044458178
20.7150258461
21.1495592025
21.0928646394
21.0072949307
22.3672230076
25.0800703151
30.2421242902
34.5791681141
26.1214393008
26.0923167729
29.8963470922
42.9092254966
41.3754744883
18.2117004459
11.217207887
11.5041856925
11.4332171172
10.8940446704
10.2831960456
9.74738142171
9.30403637141
8.95446005819
8.58230085331
8.11418213984
7.54741218996
6.94983586383
6.38780231107
5.91088217394
5.54633523722
5.29978933107
5.16393666088
5.14157660409
5.23273249088
5.4055998526
5.57647054141
5.62473791073
5.46784283955
5.31962160405
5.26048311801
5.23802164693
5.23589046436
5.24526949824
5.26106449811
5.28038227012
5.30143964065
5.32312112929
5.34470554018
5.36570637138
5.3857601555
5.40450896574
5.42138842707
5.43602898519
5.44853551659
5.45919383936
5.46850894195
5.47693760799
5.48442340363
5.49095202758
5.49655117997
5.501244029
5.50505901427
5.50802725706
5.51018132701
5.51155442662
5.51217964831
5.51208951475
5.51131553544
5.50988781177
5.50783460731
5.50518186146
5.50195283461
5.49816784881
5.49384490698
5.48900067428
5.4836533855
5.47782408065
5.47153797169
5.46481877872
5.45768225694
5.45013637617
5.44218268217
5.43381772588
5.4250388529
5.41584397399
5.40623803271
5.39622484318
5.38580111604
5.3749663175
5.36371642906
5.35206853406
5.34004218019
5.32772095631
5.31517329931
5.302637244
5.29025419732
5.27863663681
5.26797623054
5.25955823148
5.25318687659
5.25443851416
5.2479105269
5.23387290534
5.29834185387
5.4427866926
5.66633986324
5.95945171963
6.3146598619
6.71504983117
7.1505338106
7.61169019288
8.09532336445
8.60056652329
9.14971412092
9.75672758082
10.4314688453
11.1874659162
12.0326419524
12.9497730958
13.8422428009
14.6533546264
15.2833238348
15.6104267599
15.617450659
15.5897777852
16.5333378117
18.4433550589
21.857833424
24.8883280636
20.1128468173
20.3603771088
23.0446560218
35.3795085555
39.2810541893
18.4901459679
8.02780948763
7.62299000529
7.77634672543
7.57794938502
7.32658406642
7.10234085826
6.90659625028
6.72818519781
6.47708920298
6.12306698236
5.70030400545
5.27801791268
4.9011864442
4.59759411597
4.38012473306
4.24865294031
4.19615653508
4.22290785133
4.32396941475
4.46999723818
4.6001192034
4.63446456641
4.52415106257
4.4220887119
4.38451703224
4.37336581878
4.37694346292
4.38891966872
4.40549574044
4.42451992111
4.44463828008
4.4650018553
4.48505475425
4.50441583426
4.52278831396
4.53987543194
4.55530178404
4.56898046274
4.5810142342
4.59162000246
4.6011093196
4.60970727705
4.61738385153
4.62414345092
4.63001145376
4.63501176508
4.63917190619
4.64252127626
4.64509021979
4.64690941404
4.64800931459
4.648419795
4.64816979044
4.64728696616
4.64579735675
4.64372498268
4.64109159723
4.63791659541
4.63421764066
4.63001167142
4.62531718622
4.62015512123
4.61454931133
4.60852159629
4.60208693457
4.59525392217
4.58802614508
4.58040376185
4.57238809803
4.5639818321
4.55519343781
4.54603031036
4.53649479159
4.52659223961
4.51632822269
4.50572740607
4.49482343115
4.48370374481
4.47245890861
4.46131501393
4.45045906154
4.44043895742
4.4315624764
4.42496573837
4.42096336622
4.42563130476
4.42419136132
4.41068162731
4.45434687448
4.56171810423
4.7317722765
4.95687668141
5.22980409638
5.53728463604
5.87177825722
6.22645352208
6.59857556318
6.98791890759
7.4112990442
7.8789120658
8.39659423387
8.97267781395
9.61194932546
10.2997914741
10.9664846735
11.5724414483
12.05211074
12.3212789506
12.3589773967
12.3525683974
13.0253511556
14.4421497728
16.8670067705
19.0482435598
16.1379264462
16.4801679068
18.3111024726
29.0593096609
36.343392708
20.2349398088
6.98280325316
5.38911150274
5.56842346759
5.55204347979
5.49213392198
5.4356299409
5.37061916935
5.28072974171
5.10412720399
4.83844928652
4.5283749472
4.23047975449
3.97425121229
3.77655533685
3.64468002127
3.57725419479
3.56830697174
3.61632842391
3.71417658667
3.8368420681
3.93947979162
3.9664242902
3.88720838222
3.81476601123
3.7903515319
3.78570179413
3.79215992685
3.80499998199
3.82128388138
3.8393458031
3.85811646837
3.87692265358
3.89531756597
3.91299039706
3.92969376418
3.94518778548
3.9592580092
3.97189731286
3.98319570507
3.993314579
4.00245125154
4.01072549626
4.01812327519
4.02465568829
4.03034541902
4.03521524852
4.03929067409
4.04259868783
4.04516703461
4.0470237275
4.04819660854
4.04871304537
4.04859962391
4.04788185195
4.04658384035
4.04472798428
4.04233477675
4.03942281968
4.03600944246
4.03211168422
4.0277481279
4.02293948333
4.01770844797
4.01207541171
4.00605471874
3.9996554403
3.99288271729
3.98573937936
3.97822970465
3.97035980411
3.96214065898
3.95358222796
3.94469084964
3.93547618413
3.92595054639
3.9161441113
3.90609998766
3.89590829605
3.88567355639
3.87561309864
3.86594156962
3.85716016971
3.8496482224
3.84443463158
3.84216206329
3.84877788053
3.85068488672
3.83883789664
3.86929021081
3.95182479929
4.08588559086
4.26526681679
4.48320928424
4.72891986003
4.99642428605
5.28054945287
5.57896830369
5.89187636032
6.23251802221
6.60894395261
7.024934515
7.48593483971
7.99508307177
8.54027775089
9.06935716429
9.55255538785
9.94299817287
10.1767325922
10.2288872824
10.2273355193
10.7177041822
11.801757189
13.6187210817
15.2607429047
13.3665589349
13.727401166
14.9879013523
23.8211733022
33.1867049506
22.2279915102
7.36081382757
4.18646129176
4.20376788836
4.27423342675
4.30849894209
4.33677350546
4.33924691112
4.29822863768
4.17359701193
3.97631719246
3.74923552161
3.53629578617
3.35817780468
3.22659586612
3.14650276839
3.11631759049
3.13079127226
3.18720071646
3.27774319461
3.38167777621
3.46520678845
3.48783686073
3.42986644163
3.37732921179
3.36154488328
3.36101876888
3.36913046552
3.38223353561
3.39798989456
3.41506934671
3.43260272525
3.45004022579
3.4670124969
3.48326024807
3.49857784935
3.51277458464
3.52573887821
3.5374842554
3.54808594758
3.55766312348
3.5663437396
3.57419579196
3.58121459786
3.58741335081
3.59281235793
3.59743285711
3.60129828912
3.6044334054
3.60686365895
3.60861480806
3.60971255239
3.61018226489
3.61004871277
3.60933578128
3.60806618082
3.60626116989
3.60394041199
3.60112204818
3.5978232974
3.59406139336
3.58985507976
3.58522495651
3.58019292161
3.57477834952
3.56899523128
3.56285315085
3.5563586078
3.5495166058
3.54233378768
3.53481890318
3.52698481723
3.51884338204
3.51040385654
3.50167909557
3.49268626347
3.48345949241
3.47404823743
3.46454399186
3.455059876
3.4458050918
3.43701002394
3.42913868483
3.42261193881
3.41837376764
3.41727128887
3.42483982811
3.42887174326
3.41899183709
3.44072810776
3.50575898582
3.61421867681
3.76102855197
3.93998088061
4.14207395432
4.36236930876
4.59680504391
4.8434078709
5.10266814652
5.38535591003
5.69816055804
6.0437578181
6.42591262768
6.84687894432
7.29682788121
7.73581752439
8.14018009924
8.47365440397
8.68352734005
8.74116130726
8.7359316742
9.09822765934
9.94498904068
11.3572992298
12.6427129146
11.3452015799
11.6931838676
12.599013293
19.5406231894
29.9932935225
23.7035420257
8.59371537169
3.68910159801
3.34807492659
3.44223270727
3.51839324208
3.58573183327
3.62185873651
3.60916227474
3.52179367064
3.37541344488
3.20743070271
3.05229559948
2.92578606019
2.83692113195
2.78942688841
2.78167157078
2.80883537334
2.86746192026
2.94988688443
3.03902328755
3.10879828177
3.12878623349
3.08595972268
3.04750747444
3.03781099272
3.04018179074
3.04941919225
3.0626352221
3.0779286974
3.09421228284
3.11076463173
3.12712739007
3.14298960344
3.15813209521
3.17238403164
3.18559895982
3.19772111771
3.20876843382
3.21880223853
3.22791036156
3.23617757427
3.24364487553
3.25031300785
3.25619549757
3.2613107546
3.26567856809
3.26932062838
3.27225985288
3.27451987769
3.27612472585
3.27709849632
3.27746511797
3.27724808736
3.2764702034
3.27515329002
3.27331794575
3.27098342738
3.26816775785
3.26488830177
3.26116265063
3.25700985817
3.25245059919
3.24750630343
3.24219570913
3.23653270211
3.23052746712
3.2241877803
3.21752052917
3.21053435829
3.20324015937
3.19565229089
3.18778405186
3.17964689236
3.17125608379
3.16263233962
3.15381261765
3.14485058837
3.13583814882
3.12689310382
3.11821685159
3.11004729805
3.10281704456
3.09696809931
3.09337281705
3.09299704661
3.10084999635
3.10614211997
3.09818153369
3.11402674137
3.16627069423
3.25577001193
3.37837403374
3.52844485465
3.69833754017
3.88383964209
4.08166252106
4.29014272469
4.50999050985
4.75018299437
5.0164677112
5.31090689558
5.63626666701
5.99435968321
6.3774049054
6.75437667542
7.10551914559
7.40056385015
7.5928799353
7.65030798035
7.63630730863
7.90550441236
8.57683071468
9.70266810129
10.7392088708
9.8152239035
10.1379364169
10.8321803497
16.1033013496
26.8252184172
24.5148489713
10.230035156
3.74716757451
2.82207253879
2.88239589631
2.97291690968
3.05520922401
3.10701303102
3.11113533621
3.05039572295
2.94108615583
2.81500291976
2.69984047246
2.60842641522
2.54812176974
2.52183956661
2.52789852643
2.56176318621
2.61961071133
2.69428970931
2.77169471513
2.8312970476
2.84968606721
2.81814267955
2.79014755319
2.78504618513
2.78966197454
2.7998192581
2.81318290529
2.82818138336
2.84391000477
2.85976108426
2.87534707236
2.8904032117
2.90474294085
2.91822425151
2.93073891971
2.94225782155
2.95279925746
2.96241251599
2.97116244356
2.97910635449
2.98627051698
2.99265882597
2.99828454056
3.00316465242
3.00731777445
3.01076424033
3.01352558136
3.01562409856
3.01708258116
3.01792403397
3.01817144575
3.01784753619
3.01697449538
3.01557371489
3.013665553
3.01126923297
3.00840296827
3.00508450956
3.00133197874
2.99716490418
2.99260423349
2.98767122898
2.98238431418
2.97675748703
2.97080163015
2.96452576523
2.95793848324
2.95105019507
2.94387361293
2.93642434221
2.92871682644
2.92076420048
2.91258359569
2.90419836086
2.8956474525
2.88698733069
2.87830943031
2.86973360116
2.86145356483
2.85370907196
2.84690514321
2.84149089206
2.83827565792
2.83828363295
2.84596956017
2.85190178905
2.8456650054
2.85746695405
2.90012174183
2.9751468663
3.07917622578
3.20713014965
3.35242808218
3.51139146978
3.68128913898
3.86073496282
4.0506136816
4.25855787024
4.4896160585
4.7455034044
5.02839797371
5.33995868184
5.67427735173
6.00704845957
6.32095330318
6.58882648818
6.76698572357
6.820111755
6.79393963012
6.99379143696
7.53208766987
8.4457970907
9.29984411134
8.62188690559
8.91539760876
9.48523659962
13.3814970099
23.7570363012
24.6487350865
12.1302013016
4.27794017728
2.54109899096
2.49664142005
2.58410863823
2.66873601951
2.72656151987
2.74070360901
2.6989638305
2.6166093139
2.52058968052
2.43372659891
2.3668772669
2.32623423952
2.31409551461
2.32873007174
2.36583705394
2.42148498166
2.48918090302
2.55721743843
2.6091574351
2.62666676663
2.60388093313
2.58399127993
2.58257586319
2.58908812263
2.60011479377
2.61373593938
2.62863587583
2.64405165346
2.65946583706
2.67454767947
2.68907034992
2.70287471333
2.71584321635
2.72789679259
2.73901958081
2.74922861779
2.75856324293
2.76707157064
2.7747931689
2.78174598512
2.78793578093
2.79337544156
2.79808097717
2.80207014828
2.8053623279
2.8079780878
2.80993883775
2.81126658475
2.81198368951
2.81211264375
2.81167582133
2.81069521817
2.80919218624
2.80718720623
2.80469979104
2.80174861548
2.79835203233
2.7945288597
2.79029926263
2.78568465564
2.7807064032
2.77538288869
2.7697284108
2.76375464508
2.75747185423
2.75089021677
2.7440217528
2.73688078401
2.72948400763
2.72184680561
2.71398363856
2.70591309328
2.69766049745
2.68926623153
2.68078846031
2.67231756396
2.66397357535
2.65594260553
2.64846230781
2.64191282626
2.63674062492
2.63369796096
2.63382455102
2.64103588887
2.64715763722
2.64239423135
2.65139482241
2.6867161762
2.75043145982
2.83984775944
2.95041784063
3.07641952671
3.21458363721
3.36259620588
3.51932609032
3.68580460899
3.86862721287
4.07229325202
4.2983214477
4.54856613613
4.82474145217
5.12268212308
5.4232291211
5.71036231925
5.95804054806
6.12355878821
6.16914025026
6.12845563791
6.27608575118
6.71158296465
7.46295957295
8.17763295567
7.66821660156
7.93248982457
8.42743414323
11.2490050712
20.8574696105
24.1898738094
14.0702247787
5.08768795463
2.47740359621
2.23258967454
2.29966186579
2.37938313014
2.43780733977
2.45776815664
2.42965609435
2.36710224307
2.29306039021
2.22672313192
2.17750977014
2.15071847587
2.14815950476
2.16807030591
2.20638054871
2.25922003051
2.32078218652
2.38128810579
2.42739723872
2.44455450209
2.42881828731
2.41545730707
2.41715949844
2.42538822068
2.4373114154
2.45132846939
2.46632670947
2.48165598259
2.4968723747
2.51169202832
2.5259201479
2.53942116754
2.55209812015
2.56389347392
2.57479825355
2.5848277296
2.59401329643
2.60239097045
2.60998871741
2.61681967562
2.62289077422
2.62821463054
2.63280666309
2.63668410766
2.63986574852
2.6423715879
2.64422254316
2.64544024033
2.64604679294
2.64606458475
2.64551602095
2.64442326537
2.64280797285
2.64069106297
2.63809262123
2.63503202342
2.63152841952
2.62760148004
2.62327216217
2.61856253346
2.6134943045
2.60808605752
2.60235255847
2.59630636753
2.58995900005
2.58332214779
2.5764093342
2.56923635247
2.56182089745
2.55417914909
2.54632663564
2.53828310149
2.53007539267
2.52174485572
2.51335057394
2.50498146355
2.496756402
2.48885394361
2.48150689778
2.47507253187
2.46998785281
2.4669523395
2.46699096891
2.47351603327
2.47949566621
2.47594490277
2.48299301142
2.51262096947
2.56733597539
2.64502601366
2.74164372131
2.85217464139
2.97367573624
3.10415902729
3.24273449923
3.3905624807
3.55341799407
3.73534845558
3.93776561023
4.16238371489
4.41114123495
4.68151268972
4.95825209383
5.22547871146
5.45043694156
5.59522746183
5.6381312682
5.58912470294
5.69760065488
6.05241946324
6.67648491191
7.28126488476
6.89083273657
7.12760053207
7.57367655155
9.58984326908
18.1569457179
23.2536453273
15.8586038517
6.18123647636
2.64422552493
2.06726203605
2.08879866814
2.15790280533
2.21349347659
2.23651231589
2.2182493333
2.17046101985
2.11280937992
2.06169064494
2.02540671422
2.00854214824
2.01251885591
2.03557285836
2.07387700574
2.12372779913
2.17997623086
2.23440308837
2.2760614113
2.29326933772
2.2833936636
2.27547471299
2.27993447768
2.28979776342
2.3026845292
2.3172443641
2.33252844808
2.34797820332
2.36321083866
2.37798209692
2.39212482793
2.40552402646
2.41809983764
2.42981075234
2.44065157752
2.45063586721
2.45978885972
2.46813790496
2.47570334352
2.48249551839
2.48852217817
2.49379586841
2.49833176558
2.50214689612
2.50525979881
2.50769026087
2.50945906642
2.51058781963
2.51109874119
2.5110144533
2.51035772825
2.50915121981
2.50741719053
2.50517728119
2.50245240339
2.49926285108
2.49562875106
2.49157077474
2.48711082054
2.48227178784
2.4770759577
2.4715423247
2.4656862731
2.45952133743
2.45306030954
2.44631634882
2.43930441157
2.43204167475
2.42454677855
2.41683660646
2.40892756773
2.40084035426
2.39260297877
2.38425739687
2.37586305443
2.36750709907
2.35930629122
2.35143168166
2.34410932552
2.33767514886
2.33255196209
2.32938974669
2.32917765844
2.33486995471
2.34046169741
2.33787180333
2.34355234816
2.36870701093
2.41615421792
2.48428249452
2.56950866569
2.66741234006
2.77532006862
2.89151192719
3.01533207174
3.14805795102
3.2947992819
3.45921749842
3.64267517718
3.84688700552
4.074163575
4.32351114536
4.58232454406
4.82636460806
5.02042916432
5.14040344434
5.18416970192
5.14287785609
5.22217479065
5.51289282928
6.03525379203
6.55122752561
6.24674793794
6.45845524878
6.86799811548
8.30278482964
15.6696549478
21.9590978408
17.3178889561
7.52037045784
3.05228154139
1.99899399912
1.93467987339
1.98598326226
2.03594111864
2.05998688507
2.0488507091
2.0122373408
1.96703464346
1.92741168262
1.9007636545
1.89109501843
1.89952325563
1.92431678811
1.96190672972
2.00881688449
2.06050231955
2.11001498155
2.14828985814
2.16586515674
2.16100259455
2.1577611086
2.16475125448
2.17622701313
2.19016550579
2.20541516309
2.2211611161
2.23692029416
2.25236153823
2.26727464551
2.28151670095
2.29499085082
2.30763137024
2.31940898291
2.33032079664
2.34037896461
2.34960410964
2.35801746582
2.3656343817
2.37246361773
2.37851360691
2.38379705573
2.38832921697
2.39212720774
2.3952096392
2.39759640897
2.39930849604
2.4003678099
2.40079700094
2.40061924528
2.39985798799
2.39853666646
2.39667842927
2.39430589703
2.39144104115
2.38810527608
2.38431987546
2.38010665508
2.37548859905
2.37048961164
2.36513275489
2.35943763149
2.35342038519
2.34709561531
2.34047742427
2.33358041465
2.32642093029
2.3190174801
2.31138962681
2.30355489613
2.29553044975
2.28733777121
2.2790057577
2.27057672498
2.26211006371
2.25369092991
2.24543327421
2.23750070036
2.23011119177
2.22358055231
2.2183141344
2.21491505695
2.21432239316
2.2190804078
2.22410040056
2.22223774942
2.22695362198
2.2485584368
2.29006645742
2.35029442491
2.42608639721
2.51352805371
2.61017722354
2.71454770906
2.82621636619
2.9465682164
3.08015905557
3.23031125173
3.39838164263
3.58620450511
3.79658863661
4.02977445805
4.26937506749
4.48270307493
4.6458960473
4.74634673189
4.78850060286
4.76817045543
4.82480992029
5.06432632821
5.50430282015
5.94713623122
5.70584818031
5.89510986759
6.27309521949
7.302567114
13.4295503306
20.4061309333
18.2903577391
9.05880445089
3.64130193225
2.04333534006
1.83082509586
1.85250547068
1.893600284
1.91686814061
1.91078033231
1.88270910987
1.84710238116
1.81629217954
1.79691246686
1.79249187987
1.80391535496
1.82951577942
1.86599392943
1.91013143865
1.95792580646
2.0034730688
2.03920815955
2.05740674701
2.05694307577
2.057833692
2.067215289
2.08031969969
2.09540971992
2.11149344985
2.12786653396
2.14410888467
2.15993349605
2.17515987139
2.18966657156
2.20337261864
2.21622501592
2.22820307983
2.23930594016
2.24954478199
2.25893691376
2.26749936443
2.27524427633
2.28217960126
2.28831445327
2.29366194667
2.2982377069
2.30205922832
2.30514549285
2.3075168126
2.3091946673
2.31020157669
2.31056092165
2.31029672664
2.30943339532
2.30799542351
2.30600710701
2.30349228996
2.30047422518
2.29697564179
2.29301912538
2.28862777766
2.28382580988
2.27863830054
2.27308929389
2.26719918476
2.26098501252
2.25446253467
2.24764720802
2.24055507016
2.23320382545
2.22561328911
2.2178039448
2.2097939271
2.2016010622
2.19324749362
2.18476280802
2.17618948748
2.16758655635
2.15903701503
2.15065150541
2.14258624547
2.13505025556
2.12834021754
2.12284183815
2.11911360872
2.11803536356
2.12178846157
2.12609821166
2.12475090438
2.12877693925
2.1475396042
2.18414563417
2.2377736523
2.30565770281
2.3843199356
2.47152444608
2.56600195022
2.6675646794
2.77769537111
2.90047501127
3.03892252847
3.19442844909
3.3690529169
3.5661288254
3.78443666275
3.99793334417
4.18143818348
4.32082180346
4.40638546438
4.4450456815
4.44594256306
4.48757916668
4.6864526672
5.05894468094
5.44063786825
5.24643544575
5.41575832656
5.76367770238
6.51964063975
11.4666976458
18.6860513499
18.7602218028
10.6933668296
4.44003011768
2.2343987206
1.78033408492
1.75168586299
1.77906055004
1.79952316166
1.79672099034
1.77517035985
1.7470274803
1.72304237555
1.70918650818
1.7085946314
1.72197974773
1.74776647182
1.78293096767
1.82452358912
1.8690226184
1.91138779659
1.9452627704
1.9642973592
1.9677831516
1.97241470887
1.98410993196
1.99888501775
2.01523331066
2.03229202894
2.04944854193
2.06633572401
2.08270467045
2.09840108686
2.11332275967
2.12740282928
2.1405994707
2.15289849914
2.16430098732
2.17481762234
2.18446348669
2.19325285211
2.2011959004
2.20830030505
2.21457594214
2.22003658733
2.22469852122
2.22857989279
2.23170034026
2.23408088044
2.23574378586
2.23671247774
2.23701135523
2.23666557322
2.23570076799
2.23414275795
2.23201723763
2.22934951044
2.22616432661
2.22248592106
2.2183383559
2.21374616057
2.20873491357
2.20333103493
2.19755974644
2.19144241214
2.18499710195
2.17824083028
2.17119046159
2.1638634731
2.15627891608
2.14845790554
2.14042186209
2.13218951744
2.12377928593
2.11521389342
2.10652346527
2.09775050204
2.0889534293
2.08021297111
2.0716361029
2.06337172378
2.05561930961
2.04865726925
2.04285026787
2.03871416939
2.03706424239
2.03976307809
2.04325760589
2.04223599318
2.04575560477
2.06222306785
2.09474841114
2.14281082432
2.20399736812
2.2752107171
2.35440667565
2.44052967679
2.53363276463
2.63528387839
2.7491436139
2.87795681637
3.02318835992
3.18720089283
3.37319807744
3.57159686605
3.75838469738
3.91828479701
4.03946099498
4.11361756591
4.14814986457
4.16215496042
4.19762940892
4.36457978093
4.68126386942
5.01124356028
4.85248714187
5.00413826294
5.32222051135
5.89909038339
9.78959626481
16.8804377613
18.7556981617
12.2896670571
5.45104747349
2.58895812341
1.79658007967
1.68256269984
1.68800006373
1.70287524936
1.70161373871
1.68491238634
1.662570401
1.64389207815
1.63424317242
1.63642568789
1.651029805
1.67659281641
1.71036619298
1.74966737494
1.79139754258
1.83123539461
1.86380756303
1.88386049622
1.89096675386
1.89906009026
1.91303525543
1.92954158328
1.94725961268
1.96543140383
1.98352070177
2.00120513343
2.01826887839
2.03458095267
2.05005650378
2.06464135038
2.07830344882
2.09103391015
2.10283578805
2.11371973771
2.1236995234
2.13278777484
2.1409936132
2.14832482986
2.15479220189
2.16041042585
2.16519671356
2.16917014189
2.17235128449
2.17476214649
2.17642607895
2.1773676899
2.17761267904
2.17718760867
2.17611961723
2.17443610562
2.17216441524
2.16933154229
2.1659639497
2.16208757092
2.15772811173
2.15291167371
2.14766534247
2.1420170459
2.13599337533
2.12961683769
2.12290667058
2.11588125132
2.10855891485
2.10095859269
2.09310067879
2.08500759757
2.07670173558
2.0682024072
2.05952858185
2.0507035121
2.04175775046
2.03273370247
2.02368902111
2.01470206545
2.00587589046
1.99735214998
1.98932042234
1.98204158956
1.9758584719
1.97124618169
1.96895295711
1.9705628738
1.97316210548
1.97229778385
1.97542845031
1.99002546195
2.0191277761
2.06245847696
2.11792133924
2.18275419195
2.25509896461
2.33412167856
2.42012280308
2.51473780535
2.62124141167
2.74213124193
2.87898589052
3.03432982924
3.2060856121
3.38263214762
3.5478212236
3.68918977589
3.79629238021
3.86183546888
3.89230871376
3.91158596439
3.94604977394
4.08779888482
4.35794657391
4.64377827433
4.51191433974
4.64787259595
4.93624268288
5.39875705423
8.38841310423
15.0572347581
18.3248050929
13.7178993645
6.6543895381
3.07589387276
1.9051498633
1.64968557277
1.61882842043
1.62378825481
1.62200746473
1.60861019372
1.59068797946
1.57611003743
1.56964634121
1.57380425793
1.58908772352
1.61416052753
1.64654406855
1.68381340088
1.72323997133
1.76110419697
1.79283848616
1.81407140824
1.82456011504
1.83592004212
1.85217479305
1.87048712747
1.88969012923
1.90911112822
1.92827751594
1.94690480614
1.96480601015
1.98187101321
1.99803075164
2.01324250851
2.02748288734
2.04074761448
2.05304183186
2.06437660333
2.07476513346
2.0842192878
2.09274780696
2.10035892714
2.10706450943
2.11288044009
2.11782513869
2.12191888442
2.12518346543
2.12764215899
2.12931968102
2.13024211272
2.13043673792
2.12993180469
2.12875622442
2.12693924192
2.12451009526
2.12149770931
2.11793047865
2.11383623283
2.10924249405
2.10417708472
2.09866873795
2.09274705547
2.08644018826
2.07977195914
2.07276291572
2.06543291351
2.05780183013
2.0498900738
2.04171938577
2.03331352003
2.02469584564
2.01588628119
2.00690432898
1.99777373715
1.98852540475
1.9792015547
1.96985893721
1.96057348169
1.95144414543
1.94260541861
1.93423679976
1.92658232281
1.91996260936
1.91481384431
1.91181688841
1.9123133421
1.91395579732
1.91309989715
1.915911239
1.92896811178
1.95517850847
1.99445732108
2.04498973898
2.10431205183
2.17075518668
2.24372393918
2.32377185972
2.41257574978
2.51304263026
2.62744071207
2.75718903954
2.90200579022
3.05733459164
3.21567740997
3.36361223719
3.49032295613
3.58656772202
3.64559153825
3.67235235591
3.69185767557
3.72650842843
3.84787740856
4.07890319362
4.32676275172
4.21542155827
4.33737634154
4.59656664716
4.98700272387
7.24093871249
13.2689266621
17.5291573684
14.8176046129
8.01333213219
3.73550846231
2.13372372093
1.66485627057
1.57298350821
1.56083831538
1.55570643948
1.54396013833
1.5291976176
1.5177045552
1.51360324321
1.51911520648
1.53467989662
1.55909345953
1.59013702916
1.625628893
1.66316367747
1.69952778164
1.73081888507
1.75338022353
1.76708444447
1.78158079279
1.80014108776
1.82034575939
1.84115241422
1.86195772133
1.88234205175
1.90205296314
1.92092861761
1.9388776617
1.95584547123
1.97179975318
1.98672487966
2.00062082253
2.01349496024
2.02535917072
2.0362267367
2.04610947029
2.05501627588
2.06295613313
2.06994220928
2.07599186333
2.08112500607
2.08536340004
2.08873033304
2.09125064503
2.09295071045
2.09385837745
2.09400280494
2.09341421222
2.092123561
2.09016220761
2.08756154248
2.08435266131
2.08056611604
2.07623183784
2.07137934588
2.06603833793
2.06023933578
2.05401378069
2.04739157164
2.04039802191
2.03305513956
2.02538438447
2.01740725836
2.00914567782
2.00062273879
1.99186352682
1.98289244462
1.97373003433
1.96439632685
1.9549155563
1.94531891247
1.93564836716
1.9259596697
1.91632627314
1.90684291725
1.89763701957
1.88887794658
1.8807935219
1.87368216014
1.86794293668
1.86419052806
1.8635559132
1.86419405085
1.86321526431
1.86574207569
1.87751515425
1.90126518145
1.93705144365
1.98330660478
2.03783642275
2.09917238549
2.16698313723
2.24207655236
2.32613156614
2.42167399766
2.53024010881
2.6518147107
2.78447670752
2.92571195807
3.06919007708
3.20319998213
3.31830941815
3.40608864796
3.46002573782
3.4834257062
3.50016606729
3.5342083384
3.63851534673
3.83636267067
4.05135394117
3.95574028455
4.06511511215
4.2962068032
4.64056897314
6.31691707039
11.560684106
16.4419468089
15.4989417706
9.45496679397
4.58354298945
2.47869226967
1.7496545375
1.55603570319
1.51445923771
1.50164593426
1.48948927714
1.47657974986
1.46723858617
1.46479783551
1.47116054957
1.48670419672
1.51035367715
1.54013489188
1.57409168181
1.6100999369
1.645373284
1.67656238801
1.70059328576
1.71740355285
1.73495816201
1.75587163334
1.77806487209
1.80059720118
1.82292162878
1.84466252615
1.86559445423
1.88557747431
1.9045371276
1.92243205014
1.93923946366
1.95495085548
1.9695702604
1.98310746616
1.99557553257
2.00698836218
2.01735830933
2.02669490884
2.03500818371
2.04231286909
2.04862810046
2.05397557629
2.05837883573
2.06186296371
2.06445466649
2.06618228453
2.06707574032
2.06716637193
2.06648666765
2.0650699281
2.06294989898
2.06016038827
2.05673491386
2.05270642026
2.04810715594
2.04296882733
2.03732316917
2.03120263383
2.02464066671
2.01766910048
2.01031491635
2.00260174453
1.99455278798
1.98619126804
1.97754063973
1.96862534192
1.95947182032
1.95010555578
1.94054773987
1.93081894467
1.92094390074
1.91095405276
1.90089106611
1.89080961416
1.88078063983
1.87089458907
1.86127190889
1.85207188276
1.84350674022
1.83585294944
1.82947431337
1.82492160804
1.82314307845
1.82273986775
1.82152246572
1.82377423256
1.83446131459
1.85610302572
1.88886044094
1.93138155163
1.98172013933
2.03862939771
2.10207301748
2.17310361048
2.25332158666
2.34423814683
2.44632497149
2.55882804289
2.68085525977
2.810324264
2.94152143092
3.06426334464
3.1700949274
3.25108555071
3.30082642299
3.32108306253
3.33340936236
3.36531877643
3.45481107983
3.62425316562
3.81063080414
3.72710116296
3.82508878309
4.02966075621
4.34271489294
5.58185335782
9.98254567102
15.1437028554
15.7480684037
10.8649992271
5.61330454087
2.94650466369
1.93128296506
1.57977421532
1.48757101394
1.45999356954
1.44450442133
1.43188145443
1.42372389981
1.4222889023
1.42906558087
1.44434451029
1.46716329525
1.49577206659
1.52841974911
1.56322593107
1.59776617603
1.62915378488
1.65479291342
1.67464785713
1.69522552095
1.71855828712
1.74284502053
1.76722822799
1.79120672962
1.81444136603
1.83672931259
1.8579495966
1.87804294873
1.89698021253
1.9147473034
1.9313423632
1.94677342018
1.96105286041
1.97419525716
1.98621559912
1.99712730162
2.00694096124
2.01566796999
2.02332493759
2.02993310731
2.03551628093
2.04010008526
2.04371171841
2.04638007644
2.04813579346
2.0490111935
2.0490401165
2.04825763465
2.0466996913
2.04440271332
2.04140320365
2.03773736535
2.03344078208
2.02854824711
2.02309385566
2.01711154902
2.01063585255
2.00370237765
1.99634507099
1.98859276316
1.98047088302
1.97200453758
1.96321875593
1.95413855736
1.9447897233
1.93520007858
1.92539622447
1.91540003391
1.90523265029
1.89491933042
1.88449175371
1.87399123174
1.86347130187
1.85300037213
1.84266455179
1.83257743271
1.82288834544
1.8137945345
1.80555099344
1.79848812023
1.79309581509
1.79016383147
1.78869025097
1.78713222928
1.78910016466
1.79885235067
1.81867356545
1.84878900284
1.88803220417
1.93469177085
1.98777479166
2.04757302475
2.11533241352
2.19194567011
2.27779343089
2.37307510472
2.47756011907
2.59055619138
2.7100993045
2.83111709398
2.94464621896
3.0428796083
3.118186022
3.16419841786
3.18136078361
3.18847819038
3.2166598902
3.29287947586
3.43776589151
3.59909987211
3.52486241304
3.61246330113
3.79245740577
4.08165501693
5.00064688899
8.57635230349
13.7160591767
15.5837706536
12.099879053
6.80425869603
3.57633818524
2.21119946671
1.66502705929
1.48696490276
1.43255169997
1.40918838657
1.39471009127
1.38657843171
1.38545665515
1.39222447085
1.40701872722
1.42895557129
1.4564811262
1.48802556338
1.52191770412
1.55604033092
1.58789616153
1.61528368874
1.63816357835
1.66176561296
1.68759989198
1.71409262334
1.74045464571
1.76622227732
1.79108661228
1.81486360265
1.83744853277
1.85879569742
1.87888710761
1.89771681944
1.91528910507
1.93161606278
1.94671287881
1.96059593967
1.97328172825
1.98478519082
1.99511841405
2.00429453508
2.01233239843
2.01925572157
2.02509074996
2.02986553289
2.03360972296
2.03635475608
2.03813391476
2.0389822775
2.03893653283
2.03803467338
2.03631560815
2.03381875364
2.03058359956
2.02664931037
2.02205436792
2.01683635062
2.01103195604
2.00467751064
1.99780975478
1.99046662269
1.98268434489
1.97449378747
1.96592238714
1.95699729871
1.9477454684
1.93819350998
1.92836853006
1.9182997442
1.90801490915
1.89753661775
1.88688663432
1.87609079133
1.86518099441
1.85419815612
1.84319462584
1.83223625703
1.82140480612
1.81080714098
1.80058283642
1.79091476402
1.78203708161
1.77424868111
1.76798208277
1.76388950976
1.761322769
1.75933420426
1.76099651396
1.76992748954
1.78816366712
1.81596172764
1.85231417097
1.89574113953
1.94554777194
2.00236645118
2.06723520984
2.13994260715
2.22070879205
2.30996614853
2.40756605509
2.51283376378
2.6239801363
2.73648335844
2.84231448685
2.93409985365
3.00437733883
3.04681008088
3.060779265
3.06239665401
3.08551921124
3.14958094247
3.27304132135
3.41234455632
3.34524285082
3.42330248697
3.5808683271
3.84926741598
4.54067604695
7.363437519
12.2365115461
15.0486318539
13.0317123521
8.09325870088
4.38136842775
2.59045414264
1.83643846798
1.5256789666
1.42365233477
1.38490004734
1.36533018266
1.35564614061
1.35399252711
1.36027865864
1.37435333007
1.39534863659
1.4218664617
1.45248912896
1.4857214907
1.51970682236
1.55227733771
1.58155818289
1.6074804348
1.63413989924
1.66257188778
1.69138928942
1.71985979092
1.7475510151
1.77417936403
1.79957621306
1.82365052696
1.84636853855
1.86772238396
1.88771376752
1.90635265849
1.92365536407
1.93964008426
1.95432529313
1.96772933172
1.9798691179
1.9907586804
2.00041335637
2.00885465056
2.0161091633
2.02220595441
2.02717586018
2.03105136121
2.0338668174
2.03565854845
2.03646477222
2.03632540163
2.03528171232
2.03337592364
2.0306507694
2.02714903352
2.02291313207
2.01798471654
2.01240440398
2.00621172006
1.99944556459
1.9921450338
1.9843505332
1.97610073106
1.96742873131
1.95836416998
1.94893644443
1.93917452435
1.92910663694
1.91876118016
1.90816875871
1.89735830585
1.88635318149
1.8751758438
1.86385277038
1.85241609169
1.8409062723
1.82937442236
1.81788382237
1.80651188242
1.79535889654
1.78455493871
1.77426912898
1.76471556078
1.75616354473
1.74899198239
1.74373361956
1.74005596221
1.73755762516
1.73888351194
1.74707696607
1.7639206765
1.78967529689
1.82347010076
1.8640662142
1.91111800854
1.9655007812
2.02736056408
2.09625452885
2.1725516834
2.25661935514
2.34828376539
2.44692207844
2.55090957981
2.65615285055
2.75534734482
2.84140775513
2.90696502083
2.94573827214
2.95630883865
2.95241522972
2.96954280814
3.02232907925
3.12693975837
3.24677102811
3.18512642941
3.25436897146
3.3917223261
3.64004663359
4.17367845531
6.34712780735
10.7682840491
14.2040303392
13.5793791179
9.38991525806
5.356134609
3.11050694208
2.0950594581
1.62642829127
1.44194654345
1.37482100684
1.34491050922
1.3312952107
1.32793683286
1.33312828208
1.34618300174
1.36613953087
1.39169537818
1.42154692097
1.45434031799
1.48843800239
1.52195180554
1.55327815179
1.58229404995
1.6120718069
1.64320928771
1.6744740884
1.70518256565
1.73492963467
1.76345336398
1.79059763559
1.81628254482
1.84048453111
1.86320474078
1.88445199174
1.9042416651
1.92259444043
1.93953175817
1.95507443678
1.96924300797
1.98205678426
1.99353223527
2.00368746714
2.01254714955
2.02014122275
2.02650196639
2.03166340423
2.03566125839
2.03853323878
2.04031913249
2.04106071971
2.04080154755
2.03958656685
2.03746167612
2.03447327484
2.03066776413
2.02609111561
2.02078843308
2.01480363789
2.00817932084
2.00095715341
1.99317872679
1.98488706643
1.97612337894
1.96692320559
1.95731863559
1.94734150271
1.93702290371
1.92639268421
1.9154804776
1.90431825615
1.89293612731
1.88135827797
1.86960796264
1.85771239397
1.84570392756
1.83362251973
1.82151798349
1.80945100516
1.79749467604
1.78574288993
1.7743165261
1.763371587
1.75310297699
1.74375236618
1.73564891081
1.72922138514
1.72441937888
1.72134163642
1.72229441774
1.72981010715
1.7454188042
1.76936281682
1.80089235435
1.83903538518
1.88383926457
1.93595659309
1.99491588988
2.06050629559
2.13298269543
2.21258098613
2.29911696658
2.3920249899
2.48980162468
2.58868303091
2.68192982078
2.76264901322
2.82353654143
2.85841793194
2.86532310968
2.85606216762
2.86666745401
2.9089536152
2.99687150805
3.09942061225
3.04191664986
3.10297400519
3.22228442617
3.45028306192
3.87644006853
5.51706879228
9.3581380537
13.1225545181
13.7273165432
10.5642613081
6.47175705419
3.79285836575
2.44516058974
1.80909972047
1.50318664846
1.38524280091
1.33603037137
1.31463574206
1.30778165768
1.31098450025
1.32257886828
1.341320102
1.36590710693
1.39509655267
1.42763523699
1.46206576954
1.49673670228
1.53026950842
1.56246138807
1.59544217616
1.62940119933
1.66323680429
1.69630932808
1.72823936361
1.75878441256
1.78779833616
1.81520969487
1.84100314769
1.86518753416
1.88777820574
1.90879577541
1.92826548796
1.94621226626
1.96265952298
1.97763029413
1.99114669614
2.00322820574
2.01389642806
2.02317979653
2.03111210021
2.03772928223
2.04306899672
2.0471706691
2.05007583561
2.05182823015
2.05247366206
2.05205976075
2.05063557697
2.04825108216
2.04495671085
2.04080281842
2.03583924786
2.0301148461
2.02367711435
2.01657195456
2.00884402136
2.00053755854
1.99169827056
1.98237001199
1.97259097095
1.96239596709
1.95181947621
1.94089481447
1.92965342982
1.91812610786
1.90634613907
1.89434476589
1.88214708312
1.86977728265
1.85726342207
1.84463807635
1.83194061363
1.81921947652
1.80653272842
1.79394919212
1.78155656408
1.76946688156
1.75782367575
1.74680361676
1.73662267946
1.72756414958
1.71996612812
1.71403038066
1.7103124115
1.71085203625
1.71773088071
1.73223348316
1.75456679807
1.78409542164
1.82015380127
1.86310733733
1.91305955758
1.96957116333
2.03239609297
2.10162041938
2.17735920979
2.25942490556
2.34729314283
2.43954206526
2.53265808771
2.62034401152
2.69584395905
2.75192991554
2.78259672543
2.785549167
2.77115732123
2.77507450365
2.80760209397
2.88066998047
2.96782906939
2.913426407
2.96686253601
3.07017443086
3.27744545731
3.63070469575
4.85320273084
8.05364365001
11.8862907772
13.4901808817
11.5000654155
7.66797896062
4.64123350383
2.92427223599
2.06941957418
1.6332716892
1.42807006344
1.34368578721
1.30794697969
1.29467749522
1.29448165079
1.30391578048
1.32112099552
1.34464367215
1.37321982286
1.40564296041
1.4405951536
1.47662243091
1.51253131804
1.5480092716
1.58429675304
1.62119647541
1.65772150572
1.69327540888
1.72750562027
1.76018841329
1.79118541141
1.82043064551
1.84791453268
1.87365191788
1.89766403324
1.9199766349
1.94061975559
1.95962205857
1.9770098073
1.99280885208
2.00704450347
2.01973989701
2.03092109093
2.04062098848
2.04887778637
2.05573157444
2.0612241292
2.06539909859
2.06830238064
2.06998219246
2.07048888834
2.06987466939
2.06819314535
2.06549877793
2.06184642612
2.05729074652
2.05188577776
2.04568440341
2.0387379854
2.03109601405
2.02280629985
2.0139158832
2.00447323794
1.99452488813
1.98411188306
1.97327209514
1.96204285129
1.95045975448
1.93855580972
1.92636284019
1.91391536904
1.90124567812
1.88837988679
1.87534331652
1.86216499613
1.84887769766
1.83552009106
1.82213915047
1.80879027444
1.79553809601
1.78246435445
1.76967264029
1.75729466809
1.74548988605
1.73445051137
1.72441776061
1.71565046559
1.70857573306
1.70416508137
1.70425027325
1.71051878459
1.72402142346
1.74491846787
1.77269703159
1.80705353837
1.84839902419
1.89654558198
1.95107117782
2.01160150221
2.07804599752
2.15041172563
2.22850448432
2.31182310803
2.39899373166
2.48668905688
2.56896197934
2.63917157833
2.69020612693
2.71629504695
2.71502011108
2.69580278785
2.69315528196
2.71666860086
2.77649619424
2.84991966053
2.79779347794
2.84412421593
2.93330935882
3.11973609031
3.42267620159
4.32978691521
6.89860442444
10.5817604442
12.908065026
12.0951336804
8.853297725
5.63572676295
3.55678257116
2.42229210873
1.84173465511
1.52440886798
1.37728213192
1.31551004879
1.29082411828
1.28488786521
1.291000005
1.30609694893
1.32831139856
1.35623048927
1.38861470061
1.42423693646
1.46180084144
1.5002610929
1.53915777548
1.57886704949
1.61882134498
1.65814086916
1.6962763511
1.73290657632
1.76782769959
1.80090703455
1.83208041723
1.86134076406
1.88870663323
1.91420436557
1.93786487846
1.95972323588
1.97981211068
1.99816089891
2.01479859411
2.02975405625
2.04305483088
2.05473269293
2.0648258347
2.07337745808
2.08043232112
2.08603687115
2.09023956528
2.09309126673
2.09464527663
2.09495706237
2.09408392856
2.09208453689
2.08901827585
2.08494483512
2.07992352213
2.07401289731
2.06727019254
2.05975087399
2.05150826868
2.04259357714
2.03305676996
2.02294913979
2.01231980811
2.00121290986
1.98966975032
1.97773070342
1.96543368092
1.9528131615
1.93990185939
1.92673540041
1.9133469248
1.89976375519
1.88601260144
1.87212359742
1.85812965794
1.84406860363
1.82998580621
1.81593393783
1.8019735608
1.78818074524
1.77465106753
1.76150507994
1.74888605751
1.73696437838
1.72594287303
1.71601090046
1.7077965765
1.70264907306
1.70223929164
1.70791358112
1.72050472353
1.74012174968
1.76640094011
1.79941425522
1.8394421138
1.88620532799
1.93915096858
1.99776468548
2.06178847853
2.13113134362
2.20558716138
2.28466129378
2.36700053035
2.44941466926
2.5262406618
2.59095597584
2.63662509555
2.65777147305
2.65203273683
2.62835926673
2.61948251613
2.6347413583
2.68276657743
2.74392105494
2.69341490476
2.7331237977
2.80986007573
2.97578516058
3.24233347214
3.91953652232
5.91596503163
9.2807238359
12.0440453357
12.3002330207
9.90263757692
6.72451053316
4.34695587056
2.90301254224
2.11999244002
1.69267322124
1.45380871904
1.34524881731
1.30021753938
1.28449248741
1.28529904263
1.29727875959
1.31768979635
1.34475889647
1.37708548574
1.41346668987
1.45271696821
1.49390122541
1.53636237161
1.57960754974
1.62271119915
1.66490276299
1.70568986236
1.74479124217
1.78202599718
1.81726484822
1.85044054041
1.88154397107
1.91059413992
1.93762159448
1.96266257318
1.98575740598
2.00694303977
2.02625233528
2.04371781412
2.05937217842
2.07324824244
2.08538518369
2.09582740394
2.10462372038
2.11182411477
2.11748031882
2.12164626349
2.1243784566
2.12573595461
2.12577995862
2.12457344855
2.12218066138
2.11866635877
2.11409547743
2.10853234507
2.10204031958
2.09468124639
2.08651497296
2.0775989105
2.06798786747
2.05773488225
2.04689407689
2.03551696237
2.02365100471
2.01134139383
1.99863170232
1.98556209716
1.97216840092
1.95848404708
1.94454558318
1.93038669876
1.91603620537
1.90152254366
1.88687707355
1.87213274542
1.85732632749
1.84250140764
1.82770784257
1.81300230465
1.79845554394
1.78415558371
1.77021245363
1.75675431935
1.74393161014
1.73191231678
1.72082477692
1.71147577001
1.70555585973
1.70461325291
1.70970280829
1.72145794436
1.73994231855
1.76499225093
1.79699184054
1.83608724129
1.88183028221
1.93351155995
1.99047588331
2.05231168598
2.11884042534
2.18983979666
2.26480794986
2.34239216339
2.41950360747
2.49071848758
2.54965504984
2.5896248818
2.6054933511
2.59511046026
2.5674180117
2.55278479634
2.56056356188
2.59809833418
2.64830386859
2.59889555499
2.63244625935
2.69821635362
2.84445262068
3.08268023453
3.5969128111
5.1081824889
8.0304969079
10.9747981375
12.1142550081
10.6940112989
7.83816734922
5.27308682681
3.53356170626
2.50104301793
1.92877293854
1.59611049309
1.41171719635
1.33012352064
1.29733628642
1.28935699867
1.29644064987
1.31411900436
1.33989565111
1.37199071953
1.40912346261
1.45015503883
1.4942151018
1.54038151857
1.58725434697
1.6335602612
1.67865175712
1.72211035346
1.76370841174
1.80329300657
1.84073502992
1.87595707557
1.90894163943
1.93970317742
1.96827563201
1.9947008674
2.01902463734
2.04128838644
2.06152885673
2.07978260068
2.09608635574
2.11047917118
2.12300987516
2.13373005149
2.14269470817
2.14995963412
2.1555825353
2.15962357022
2.16214565219
2.16321433845
2.16289723108
2.16126358916
2.15838376962
2.15432839429
2.14916797531
2.14297220634
2.13580953757
2.12774667
2.11884805651
2.10917541531
2.09878737291
2.08774018451
2.07609077384
2.06389264421
2.051196879
2.03805308587
2.02450808689
2.01060413384
1.99637821304
1.98186429938
1.96709962952
1.95211794224
1.93695000619
1.9216264301
1.90617986856
1.89064311978
1.87505163813
1.85944698796
1.84387608465
1.82839198947
1.81306055724
1.79796273116
1.78319862165
1.76888234191
1.75514622698
1.74212684309
1.72989885732
1.71942688299
1.71270841361
1.71119993532
1.71571128066
1.72669752495
1.74420031905
1.76832063409
1.79967175355
1.83818571468
1.88318198697
1.93380249174
1.98925946311
2.04900563459
2.11278803429
2.18036654396
2.2512224209
2.32399020418
2.39565802597
2.46101349848
2.51385112619
2.54780373041
2.55811221954
2.542970925
2.51179400171
2.49192172598
2.49300385324
2.52126836281
2.56173143036
2.51300751945
2.54085328696
2.59695707853
2.72470912781
2.93901494188
3.33998410663
4.46293259495
6.87553941235
9.78601486516
11.5727237048
11.1296510693
8.86678579906
6.28457508801
4.31139694184
3.01587316614
2.2459179741
1.80615060647
1.53849825978
1.39397010036
1.33065297066
1.30757197283
1.30658049843
1.319825336
1.3434354493
1.37486025652
1.41257148087
1.4553773382
1.50240725281
1.55238053303
1.60291316952
1.65239481876
1.700329537
1.746398842
1.79044848924
1.83236017177
1.87199926533
1.90926741043
1.94412956745
1.97658811618
2.00667984831
2.03445277697
2.05995802499
2.08324165047
2.10434482366
2.12330884914
2.14017455927
2.15498830768
2.16781153226
2.17870390448
2.18772709049
2.19494329475
2.2004169802
2.20421538505
2.20640867129
2.20706971358
2.20627323372
2.20409539609
2.20061314974
2.19590344291
2.19004273527
2.18310636782
2.17516811431
2.16629971574
2.15657039534
2.14604635273
2.13479022161
2.12286164568
2.11032029699
2.09722102559
2.08361889507
2.06956853368
2.05511986468
2.04031688641
2.02519752461
2.00979615228
1.99415042245
1.97829334357
1.96225841455
1.94607893247
1.92978879076
1.91342033622
1.89700739523
1.88058920354
1.86420956173
1.84791835593
1.83177705772
1.81585998485
1.80025786591
1.78507179001
1.77041781207
1.75640438706
1.7430589946
1.73148432903
1.72395188293
1.72185175815
1.72579203736
1.73607408132
1.75276600221
1.77631080336
1.80737820366
1.84556064545
1.88996880935
1.93960484156
1.99356144071
2.05117941256
2.1121485565
2.17621261024
2.24283017874
2.31061547169
2.37661819519
2.43582275508
2.48224323879
2.50990459709
2.51444418363
2.49450055316
2.46050055684
2.43585457794
2.43103550162
2.45118294217
2.48302156163
2.43465796932
2.45724865676
2.50482388183
2.61557220993
2.80827976571
3.1311025484
3.95812824668
5.86324901509
8.57250941297
10.7429792984
11.1710157003
9.68318475021
7.31578953621
5.20587889477
3.67722963081
2.67966033944
2.08272737996
1.73205612221
1.51463284768
1.39776377234
1.34773128718
1.33282053307
1.33850435526
1.35830013326
1.38814620096
1.42596683596
1.47034841001
1.52031149709
1.57408889763
1.62818879351
1.68067815266
1.73125965935
1.77975186065
1.826100812
1.87022970294
1.91198729521
1.95123708845
1.9879135092
2.02199557083
2.05352309819
2.08255102679
2.1091353258
2.13332656647
2.15517108565
2.1747160312
2.19200625617
2.20709659841
2.22006486997
2.23097943132
2.23990887065
2.24692245106
2.25209229274
2.2554936775
2.25720498387
2.25730715379
2.25588279512
2.25301558452
2.24878956423
2.24328838446
2.2365947531
2.22878986477
2.21995296107
2.21016091609
2.19948779504
2.18800437036
2.17577742734
2.16287020632
2.1493450819
2.13525731161
2.12066643472
2.1056327034
2.09020863305
2.07443941172
2.05836366394
2.04201612271
2.02543458039
2.00865014345
1.99170030806
1.97462158522
1.95744880788
1.94021343592
1.92294733309
1.90568703881
1.8884730064
1.87135263155
1.85438359729
1.83763397927
1.82118555926
1.80512738372
1.78956099781
1.77457000971
1.7601405599
1.74749432642
1.73914522582
1.73643792348
1.73981867185
1.74947042642
1.76556533837
1.78895493569
1.81999973495
1.85797930144
1.90182593939
1.95041400837
2.00273723661
2.05805551999
2.11602266041
2.17637041399
2.23853165182
2.30109659635
2.3611680866
2.41392272772
2.45364075841
2.47480190872
2.47345443753
2.44873975118
2.41243889255
2.38361210476
2.37372590861
2.38685582491
2.41111693304
2.36286378985
2.3806507128
2.42069740973
2.51607846324
2.68852023379
2.95683234837
3.56728293617
5.01845546341
7.40168700527
9.71172372432
10.8309376912
10.1791829883
8.26685248604
6.16537249085
4.4688195852
3.25255999269
2.46139126934
1.98500370216
1.69972494942
1.52080978646
1.42408557095
1.38419846688
1.37641706021
1.38930156327
1.41579346441
1.45270712715
1.49810279434
1.5506873607
1.60803789653
1.66537342704
1.72045819204
1.77326346255
1.82379356334
1.87212937893
1.91823921571
1.96193295966
2.00300806346
2.04135022343
2.07689857037
2.10969776268
2.13981055373
2.16729632029
2.19220968163
2.21460315295
2.23453140042
2.2520432093
2.26720322535
2.28011004905
2.29084064212
2.29947051269
2.30607671772
2.31074000306
2.31354479816
2.31457867604
2.31393150723
2.31169446608
2.30795928269
2.30281750167
2.29635974885
2.28867516041
2.279850867
2.26997159021
2.2591192942
2.24737281875
2.23480746778
2.22149423727
2.20750021878
2.19289053025
2.17771962386
2.16205218218
2.14595447747
2.1294805175
2.11267588793
2.09557971989
2.0782272833
2.06065630362
2.0428943093
2.02498482052
2.00696786615
1.98887849958
1.97074672936
1.95260218268
1.93447829616
1.91641187747
1.89844889773
1.88064387874
1.86305888078
1.84576703666
1.82884627687
1.81238535905
1.79644633774
1.78097947366
1.76730657454
1.75815375437
1.75483746321
1.75767952121
1.76680212191
1.78264300757
1.80621539032
1.83736125388
1.87512761924
1.91829208732
1.96562111781
2.01604051629
2.06876693678
2.12344141299
2.17978835622
2.23721277121
2.29427958997
2.34814160933
2.39417033548
2.42695813479
2.44149039207
2.43424159483
2.40488403713
2.36636962381
2.33429502806
2.32023020235
2.32739157127
2.3450621813
2.29673178217
2.31017061033
2.34357598273
2.42527724026
2.5784652849
2.80744904972
3.26429205445
4.34060541659
6.3166830751
8.57739777544
10.1625398689
10.2959849691
9.01784937136
7.11726499581
5.34583978284
3.96014840862
2.96945264855
2.32802516716
1.94024456673
1.70523033474
1.55695159151
1.47715446108
1.44457557863
1.44459255478
1.46427651545
1.49821523264
1.54336407559
1.59769321908
1.65792015454
1.71771882861
1.77457158311
1.8288144712
1.88069478724
1.93046943144
1.97814415705
2.02344550832
2.06606028046
2.10579814626
2.14253793269
2.17633305293
2.20725452253
2.23536207609
2.26071339691
2.28336854111
2.30339224729
2.32083773319
2.33578103167
2.34834536415
2.35861513428
2.36667253241
2.37260332668
2.37649811446
2.37845161993
2.37856158928
2.37692761117
2.37364999676
2.36882892358
2.36256367792
2.3549519573
2.34608931653
2.336068715
2.32498017417
2.3129105122
2.29994307956
2.28615746991
2.27162879298
2.25642825756
2.24062406876
2.22426871693
2.20743265971
2.19018777838
2.17258766707
2.1546773991
2.13649658895
2.1180815822
2.09947005633
2.08068374988
2.06177524259
2.04278765988
2.02375493709
2.00470503246
1.98566528351
1.96666564109
1.94773891528
1.92893127003
1.91029457018
1.89188480952
1.87376662129
1.85600770929
1.83868570682
1.82184453675
1.80540392368
1.79076679598
1.78084274698
1.7769334381
1.7792787252
1.78804302876
1.80408968654
1.82798414412
1.85919480791
1.8965796614
1.93878240415
1.98449464834
2.03261519457
2.08235839416
2.13337417501
2.18538223979
2.23775700528
2.28903808948
2.33642913011
2.37550430654
2.40121055197
2.40907580789
2.39601884857
2.36226505651
2.32151036166
2.28714096303
2.2697833951
2.27197216343
2.28398653771
2.23544352056
2.24499533792
2.27255667252
2.34223545331
2.477222706
2.67623778962
3.02638337627
3.81236725813
5.36417567181
7.44019669843
9.24780726663
10.0277788653
9.45743265248
7.95776455167
6.25128088012
4.76646837076
3.61136466689
2.79115422151
2.26311633228
1.9417528581
1.74647046388
1.62629839343
1.56148476845
1.53854327371
1.54458768774
1.5713647531
1.61362196014
1.66765278082
1.72913318
1.78982420765
1.84691790452
1.90123623933
1.95331978442
2.00364520589
2.05221909153
2.09859684566
2.14228341996
2.18297596928
2.22046892607
2.25483159767
2.28614156392
2.31445351112
2.33982668243
2.3623301433
2.38204259117
2.3990256354
2.41336857142
2.425218616
2.43466428185
2.44179463771
2.44670551029
2.44949877066
2.4502805956
2.44915977707
2.44624622875
2.44164974894
2.43547910849
2.42784131421
2.41884097132
2.40857978252
2.39715617528
2.38466504416
2.37119758445
2.35684115132
2.34167912286
2.32579035908
2.30925020106
2.29213108504
2.2744846247
2.25638640162
2.23791056277
2.21910764195
2.20002165317
2.1806930073
2.16116012443
2.14146130062
2.12161018984
2.10167204155
2.08169097041
2.06169783367
2.04171819506
2.02177753769
2.00190210257
1.9821203597
1.96248097097
1.94303317291
1.92382643734
1.90491696113
1.88636313776
1.86823305022
1.85055615679
1.83322717466
1.81771057378
1.80707231067
1.80261044139
1.80454422826
1.81333349091
1.82985606279
1.85403155826
1.8850976524
1.9217587944
1.96256038075
2.00616592275
2.05149328291
2.09779318934
2.14474057831
2.19204908935
2.2390584475
2.28428382407
2.32498388796
2.35694658709
2.37551026401
2.37676713479
2.35809807714
2.32030883338
2.27749840495
2.24153980132
2.22169821231
2.21984849266
2.22709119646
2.17824420313
2.18437479111
2.20681893883
2.26604661441
2.38407527219
2.55875359116
2.83531525462
3.4075722635
4.57513210108
6.36623546328
8.18867375309
9.41621254702
9.52378465338
8.57378460664
7.1000399874
5.619300477
4.35877407347
3.38423789109
2.69866036247
2.25710228908
1.98607406844
1.82453816246
1.73094898965
1.68338851051
1.67172147205
1.6865120475
1.7210302672
1.77029858577
1.82958539434
1.88816924127
1.94280633415
1.99493702541
2.04539110515
2.09490288121
2.1433758721
2.19002329269
2.23405836568
2.27502288637
2.31260905012
2.3469089072
2.37799732121
2.40591575028
2.43072339295
2.4524989137
2.47133920047
2.48737101354
2.50072385366
2.51147674564
2.51971392502
2.52553242126
2.52904043253
2.53035344114
2.52959119869
2.5268753595
2.52232764696
2.51606850154
2.50821616555
2.49888600694
2.48818996627
2.47623614425
2.46312854418
2.4489669368
2.43384682907
2.41785948354
2.40109199567
2.38362692052
2.3655437735
2.3469216867
2.32785141431
2.3083985699
2.28860842918
2.26852574335
2.24819422998
2.22765579461
2.20695199886
2.18612422533
2.16517932943
2.14419498267
2.12321076617
2.10225276812
2.08134469138
2.06051144333
2.03977587496
2.01916200915
1.99872366526
1.97850634446
1.95855218121
1.93890914757
1.91962740602
1.90076689508
1.88234656892
1.86424211986
1.84795894551
1.83669384637
1.83176318163
1.83356534033
1.84280255263
1.85975333307
1.88395735603
1.91447694777
1.94989608952
1.98871502256
2.02962319041
2.0716010916
2.1139662923
2.1564263431
2.19868276624
2.24003533756
2.27897680672
2.31282796751
2.33760361577
2.34906338617
2.34386971702
2.31988146771
2.27852233731
2.23397785972
2.19698125063
2.17536473394
2.17033650647
2.17364083564
2.12443498958
2.12761235988
2.14561098669
2.19584000543
2.29835781209
2.45214551922
2.67741717586
3.09817200707
3.95128688552
5.3969529127
7.09906743307
8.54652393118
9.21206329293
8.86717158044
7.78673982307
6.44203032522
5.16261189082
4.0860598385
3.25857089841
2.6800428143
2.30416055037
2.07489508076
1.94118512007
1.87069975398
1.84315573544
1.84647543017
1.87289255321
1.91656472147
1.97012905824
2.02169047653
2.06927425284
2.11560549092
2.16161148167
2.20831692066
2.25527500359
2.30103003153
2.3443348627
2.38455056427
2.42149606032
2.45511173808
2.48536272691
2.51226478022
2.53587751879
2.55629130585
2.57362329613
2.58805906902
2.59975883908
2.60874662063
2.61511465922
2.61897662121
2.620459689
2.61969768553
2.61682725507
2.61198509646
2.6053059842
2.59692146335
2.58695909242
2.57554195538
2.56278828874
2.54881124427
2.53371882287
2.51761392256
2.50059447963
2.4827536622
2.4641801153
2.44495761108
2.42516636272
2.40488673186
2.38423287641
2.363262356
2.34200084765
2.32048979868
2.29877394703
2.27689750703
2.25490569498
2.23284784686
2.21079659595
2.18876952737
2.16678839418
2.14487574607
2.12305552148
2.10135434659
2.07979404882
2.05839551512
2.03721779466
2.01629939273
1.99567471497
1.97538442642
1.95547191557
1.93599005171
1.91695105755
1.8982180181
1.8813168063
1.86955751723
1.86442658353
1.86653771369
1.87626475557
1.89334742535
1.91711250688
1.94649035501
1.97999740647
2.0161515078
2.05371865691
2.09177516305
2.12972345739
2.16730203453
2.20419046023
2.2396433169
2.27213481234
2.29905762674
2.31666740434
2.32116705449
2.30977947417
2.28085601661
2.23648710558
2.19060995929
2.15302770845
2.13024486309
2.1228149066
2.12295849564
2.07336833155
2.07405860552
2.08823896463
2.13078794334
2.21939422948
2.35459737386
2.54299928936
2.8589577396
3.47318232189
4.5728191769
6.06398012683
7.53107506268
8.56984248774
8.79335464887
8.20698350809
7.13862183201
5.94961821512
4.84901107799
3.92705766998
3.22056339478
2.72579846968
2.40549203263
2.20945636657
2.09969519058
2.04850221606
2.03811070354
2.05778091925
2.09986698812
2.15038540608
2.19565547641
2.23408716308
2.26977425471
2.30731895265
2.34894745636
2.39324534594
2.43706736424
2.47854329157
2.51688186811
2.55203895457
2.5837773497
2.61196673016
2.63661733536
2.65780487855
2.67564110547
2.69026482824
2.70184692709
2.71054363703
2.71646627087
2.71974591364
2.7205270477
2.71896205448
2.71520494128
2.70940822034
2.70172069776
2.69228597319
2.68124161031
2.66871884834
2.65484253212
2.63973108263
2.62349654993
2.60624480548
2.58807580234
2.56908386008
2.54935795921
2.52898191299
2.50803388899
2.48658574761
2.46470873023
2.44248080707
2.41996252958
2.3971993024
2.37423621653
2.35111951204
2.32789447355
2.30460664283
2.2813061323
2.25810711377
2.23499206615
2.21197235228
2.18907053349
2.16631362102
2.14373321963
2.12137075253
2.09926994158
2.07744784773
2.05593000347
2.03474546414
2.01393002452
1.99352236413
1.97356905238
1.95407697541
1.93490134549
1.91764831535
1.90573884718
1.90079828071
1.90332500567
1.91319088199
1.92986004325
1.95251585734
1.98000205241
2.01083283691
2.04360237421
2.07719055221
2.11078734876
2.14388483955
2.17624330513
2.20750901187
2.23688781611
2.2628418975
2.28284798141
2.29341651425
2.29120701499
2.27397838963
2.24058923378
2.19385573346
2.14708358626
2.10929697026
2.08586502416
2.07672331424
2.07442294564
2.02444578899
2.02310765348
2.03405905048
2.07011054415
2.14647518534
2.2649028324
2.4255077761
2.66966886787
3.1119615849
3.91420177557
5.13007454734
6.49287080766
7.69281833137
8.36303875993
8.29332019507
7.61546086637
6.62847059529
5.59617767146
4.65435849875
3.86478839675
3.26040347173
2.83551486976
2.55900561898
2.39220676094
2.30293736323
2.26769962794
2.27246178487
2.30814617432
2.35573681088
2.39868551322
2.43263376369
2.460753479
2.48960559061
2.52438793132
2.56463424488
2.6046404894
2.6421303839
2.67630676143
2.70697285061
2.7340036708
2.7573700349
2.77713541031
2.79341951813
2.8063680301
2.81614415597
2.82292525873
2.82688535879
2.82819522053
2.82701877664
2.82352403538
2.81787845974
2.81024499994
2.8007803291
2.78963367307
2.77694611293
2.76285042965
2.74747139591
2.73092617378
2.71332462819
2.69476963611
2.67535747814
2.65517823181
2.63431609878
2.61284968191
2.59085197377
2.56838972587
2.5455212418
2.52230319503
2.49879087215
2.47503942319
2.45109845644
2.42701268735
2.40282604422
2.37858005541
2.35431188253
2.33006441704
2.30589526062
2.28183456652
2.25790787704
2.23414360475
2.21057326654
2.18723215007
2.1641741376
2.14146273078
2.11909491665
2.09709149069
2.07548210073
2.05430395681
2.03359605433
2.01340609659
1.99373770145
1.97441588121
1.95710455636
1.94533387103
1.94062593409
1.94316951905
1.9525503992
1.9680662223
1.98880479883
2.0135779511
2.04095907847
2.06966164628
2.09869862458
2.12737627138
2.15527068193
2.18215098703
2.20762020115
2.23083528381
2.25025603671
2.26345730124
2.26721717272
2.25865584284
2.23603183003
2.19872775216
2.15035892336
2.10311651559
2.0654499774
2.04180949721
2.03156080232
2.0274678143
1.97711782877
1.97419593898
1.98247237557
2.01307828939
2.07886049419
2.18216975846
2.32066476132
2.5152556913
2.83818673034
3.41041294399
4.33463005235
5.51950866659
6.70575670046
7.63835478603
8.02436337542
7.79206193565
7.11465157286
6.23964827013
5.35608074714
4.55649922119
3.8875106084
3.37114096983
3.00659160871
2.76713659932
2.62337592509
2.55039209889
2.52957236945
2.54906082672
2.58726651564
2.62422064676
2.65454694688
2.68059606668
2.70566845323
2.73581141637
2.76876170835
2.80046669982
2.82936329131
2.85493332133
2.87701800065
2.89561539492
2.91078923351
2.92265617555
2.93136856697
2.93709052976
2.93999323668
2.94025907673
2.93807141347
2.93360598707
2.92702548655
2.91849145942
2.90816100373
2.89618430408
2.88270357647
2.86785246489
2.851755781
2.83452972728
2.81628251885
2.79711502528
2.77712121968
2.75638855853
2.73499841308
2.71302646096
2.69054295522
2.66761292274
2.64429607876
2.62064622106
2.5967091384
2.57252833653
2.54814888362
2.52361718057
2.4989745117
2.47425786978
2.4495030454
2.42474300695
2.4000032872
2.37531567978
2.35071219554
2.32623335854
2.30191072413
2.27777613552
2.25386188079
2.23020142901
2.206836941
2.18381722739
2.16117815567
2.13895485014
2.11718531037
2.09591407042
2.07518523781
2.0550546476
2.03552564096
2.01638429421
1.99921013629
1.98750803568
1.98264218774
1.98457284031
1.99271198408
2.00625751438
2.02425349017
2.04553313664
2.06877565036
2.09283750042
2.11686774637
2.14028098061
2.16272647392
2.18396978366
2.2035646793
2.22062347672
2.23361635172
2.24023143556
2.23752495917
2.22307238765
2.19558947848
2.15500041606
2.1058133863
2.05844440124
2.02118305696
1.99771629323
1.9868850633
1.98158193741
1.9308851301
1.9268029318
1.93292263171
1.95901316469
2.01579428245
2.10563461289
2.22572034413
2.38518210699
2.62681001749
3.03315942585
3.70027360634
4.65563740533
5.72902165007
6.73199801194
7.43353926478
7.62893865922
7.32812323519
6.70348666622
5.94944315638
5.20333770226
4.53472297731
3.97692133793
3.54488349571
3.23357833858
3.02631052545
2.90400057715
2.84653644522
2.84002490299
2.86019700031
2.88283529658
2.90209661875
2.92001288836
2.94212602502
2.96581846439
2.98649335095
3.00461506416
3.02012586954
3.03289799994
3.04288768827
3.0501323696
3.05469905123
3.05668814689
3.05622513372
3.05344415297
3.04848472286
3.04149850107
3.03264077611
3.02205411123
3.00986845945
2.99621086856
2.98120480106
2.96496869946
2.9476150843
2.92924985577
2.90997188182
2.88987312736
2.8690392336
2.84755010112
2.82548022472
2.80289894655
2.77987078272
2.75645571249
2.73270933816
2.70868300199
2.68442374481
2.65997384489
2.63536944333
2.61064442366
2.5858360995
2.56098226107
2.53611479476
2.51126126979
2.48644770002
2.46169774743
2.43702852606
2.41246179177
2.38802469888
2.36374928934
2.33966133813
2.31578747039
2.29215441696
2.26878916334
2.24572535306
2.22300245907
2.20066591511
2.17875856166
2.1573245399
2.1364128638
2.11607067153
2.0963585649
2.07727989767
2.05861138424
2.04178618962
2.03005356175
2.0246024969
2.02529863449
2.03148281046
2.04232174307
2.05686979817
2.07402543013
2.09260386143
2.11161326698
2.13033248129
2.14827275598
2.16514585452
2.18070529295
2.19445505864
2.20547165388
2.2122508223
2.21260913966
2.20388778748
2.18410353871
2.15239087294
2.10921860732
2.05995773323
2.01279714223
1.97622950397
1.95327683291
1.94231233815
1.93631050723
1.88530097119
1.88045344698
1.88489609606
1.90728927674
1.95652482879
2.03456187265
2.13886828689
2.27239001765
2.45874772503
2.75060260323
3.21974508751
3.93311242567
4.83927208353
5.78273596895
6.61691041276
7.13943359338
7.22190420157
6.91378444457
6.36732373518
5.73291721354
5.11301230898
4.56446183433
4.10969412869
3.75592139702
3.49869572854
3.32701938131
3.22695509153
3.18606311549
3.17629151785
3.17294017283
3.17123139519
3.17554834746
3.18409954795
3.18988896988
3.19251180266
3.19326099818
3.1925241704
3.19030665969
3.1865634674
3.18126796938
3.17440657346
3.16599284797
3.15606694001
3.14468551087
3.13191796592
3.11785048647
3.10257873425
3.08619152814
3.06876971152
3.05039268069
3.03113938385
3.01108770819
2.9903136497
2.9688902548
2.94688674073
2.92436824832
2.9013961453
2.87802835432
2.85431941087
2.83032047123
2.80607946047
2.78164121459
2.75704751102
2.73233710264
2.70754571927
2.68270574081
2.65784528711
2.63299062226
2.60817104473
2.58341638383
2.55875143387
2.53419658639
2.50977029069
2.48548918339
2.46136558748
2.43741457698
2.41365966283
2.39012486684
2.36682874453
2.34378973498
2.32102672483
2.29855928682
2.27641400717
2.25462451988
2.23322825044
2.21226269738
2.19176784954
2.1717887691
2.15236932209
2.13357017201
2.11539529005
2.09764162435
2.08152314563
2.06981777704
2.06354348909
2.06258318472
2.06630714677
2.07392263266
2.08454448537
2.09717021366
2.11076995744
2.12450522138
2.13777675038
2.15018298169
2.16149134218
2.17144047609
2.17948962352
2.18469210926
2.18558569878
2.18012927481
2.16595112735
2.14148884169
2.10626904458
2.06126863734
2.01235271398
1.96591307576
1.93037098459
1.90823771576
1.89751782083
1.89125673337
1.83997430933
1.83472112186
1.83792370179
1.85733375702
1.90032428931
1.96820308831
2.05883038971
2.17227770792
2.32048057124
2.53504397769
2.8638796885
3.36789400793
4.07479843716
4.89393611747
5.71267118897
6.40236134618
6.79822481565
6.82480914861
6.54595618725
6.08768017702
5.56619223924
5.06155529598
4.61784206684
4.25240931543
3.96930086223
3.76245142597
3.62450011819
3.54582540483
3.50053563301
3.46755298388
3.44161185809
3.42221990872
3.40433109052
3.38637315368
3.36838081743
3.35062709036
3.33314131782
3.31578345613
3.2983837777
3.28078744841
3.26285909348
3.24449459299
3.22562376559
3.20620421672
3.18621699806
3.16566746826
3.14457900831
3.12297920512
3.10089551248
3.07835807677
3.05540064684
3.03206028949
3.00837657786
2.98439014713
2.96014129324
2.93566928844
2.91101234708
2.88620762881
2.86129094984
2.83629650146
2.81125680218
2.78620268097
2.7611631649
2.73616541679
2.71123472533
2.68639425976
2.66166437939
2.63706405733
2.61261440161
2.58833747871
2.56425211284
2.54037344859
2.51671469434
2.49328765921
2.47010147594
2.44716688291
2.42450202603
2.40212572562
2.38005226499
2.35829449555
2.33686541481
2.31577892177
2.29505496882
2.27472079042
2.25480491578
2.23533582598
2.21634406899
2.19786533094
2.17993545401
2.16261080745
2.14589494562
2.12962517801
2.11471633083
2.103302541
2.09623722711
2.09349216197
2.09454764208
2.09871302369
2.10520489517
2.11314623557
2.12167585181
2.13010991681
2.13796691566
2.14492825129
2.15081518483
2.15535406713
2.15796890502
2.15770485155
2.15315796708
2.14244084804
2.12346607334
2.09506695479
2.0571434355
2.01109727527
1.96280175923
1.91762633117
1.88344770445
1.86240136462
1.85223626709
1.84608383476
1.7945731617
1.78923260819
1.79158468394
1.80862851607
1.84650598451
1.90579350819
1.98458904115
2.08185026709
2.20288532299
2.3654564902
2.59928020861
2.94733970082
3.45750141137
4.1173924643
4.84096104458
5.54759218048
6.12101913061
6.4325892803
6.44286510236
6.21290176501
5.84327152573
5.42502165744
5.021987299
4.66660935514
4.37421948446
4.14662701899
3.98021188527
3.86962298601
3.79244499486
3.72940627911
3.675161
3.62633430935
3.58219001121
3.54169156549
3.50411626718
3.4690176074
3.43601165868
3.40472567908
3.37482271721
3.34600865349
3.3180266897
3.29066023631
3.26373430993
3.23711113047
3.2106857667
3.18438520661
3.1581629394
3.13198743717
3.10583568764
3.0796927339
3.05355149026
3.02741232153
3.00128214249
2.97517259068
2.94909813915
2.92307502031
2.8971208906
2.87125451523
2.84549511812
2.81986181163
2.7943733671
2.76904804114
2.74390331011
2.71895570405
2.69422075612
2.66971279917
2.64544442598
2.62142727783
2.59767445315
2.57420028559
2.55101756087
2.5281366124
2.50556627066
2.48331438359
2.46138713137
2.43979172202
2.4185408433
2.39764901207
2.37712799591
2.35698788793
2.337238523
2.31789044137
2.29895869078
2.28046466762
2.26243123021
2.24488080083
2.22783656775
2.21132579351
2.19537640127
2.1800386061
2.16531439354
2.15109438006
2.13793770656
2.12722229657
2.1196371046
2.11526355083
2.1137374932
2.11451137166
2.11693355442
2.12027365388
2.12385143356
2.12714183379
2.12978199066
2.13153715601
2.13228445469
2.13174429733
2.12931765388
2.12405719526
2.11463199072
2.09931646531
2.07629992521
2.04478218523
2.00501140702
1.95869765131
1.91141601952
1.86789534449
1.83536433643
1.81562748938
1.8062630662
1.80051716189
1.74882788255
1.74367199916
1.74551124503
1.76071309211
1.79443856625
1.8465691411
1.91523631107
1.99908659368
2.0999756309
2.22710798541
2.39778098694
2.63911025492
2.98958517563
3.47874565453
4.07072346453
4.70342326071
5.31153627639
5.79204448293
6.05144810874
6.07018124709
5.89780535892
5.61251059889
5.28672996628
4.96847585508
4.68497891359
4.44929064576
4.26344882513
4.12647784659
4.02048294402
3.92928866675
3.84817645121
3.77532110108
3.70965857726
3.65008003584
3.59560680868
3.54545810537
3.49897783487
3.45559658581
3.41482757005
3.37625601706
3.33952329413
3.30432058748
3.27038693479
3.23750509607
3.20549744601
3.17422437933
3.1435795089
3.11347972803
3.083857855
3.05465989724
3.02584366748
2.99737809095
2.96924216693
2.94142272513
2.91391207395
2.88670660627
2.85980625065
2.83321389207
2.80693438105
2.78097370479
2.75533861269
2.73003629855
2.70507398517
2.6804586715
2.65619704934
2.6322953166
2.6087587512
2.58559209147
2.56280112464
2.54039294298
2.51837430826
2.49675074378
2.47552690364
2.45470691678
2.43429398931
2.4142920777
2.39470907578
2.37555529035
2.35684008633
2.33857180117
2.32075858484
2.30340921407
2.28653579565
2.27015564783
2.25428841857
2.23895392553
2.22417219711
2.20996611248
2.19635908265
2.18339634308
2.1710789639
2.15935949011
2.14842155448
2.13884740131
2.13116056816
2.12552547275
2.1217368825
2.1194092167
2.11804131239
2.11706613465
2.11599573695
2.11447002109
2.11224894581
2.10918518597
2.10521514407
2.10006119682
2.09311425944
2.08344937634
2.06982073416
2.05066896443
2.02444809577
1.99068993111
1.94995018048
1.9041183202
1.85829178431
1.81674564246
1.78609081134
1.76783602288
1.75945572575
1.75434617846
1.70253391654
1.69778498829
1.69939361947
1.71318850213
1.7435572848
1.78979228109
1.84990616847
1.92251065536
2.007839863
2.11014584375
2.2387818983
2.40982701823
2.64793278209
2.98558379104
3.4329824823
3.95267904623
4.50173593093
5.02117872105
5.42819013752
5.65679383267
5.69523554112
5.58074043589
5.37287579092
5.12605030016
4.87834190315
4.65245639059
4.45878821746
4.30154026107
4.17180681091
4.0585306158
3.95718479857
3.865911843
3.78350981433
3.70879465297
3.64068032795
3.57824500274
3.52069200562
3.46732709425
3.4175574383
3.37087973715
3.32685984077
3.28512074758
3.24533793601
3.20723485942
3.17057889404
3.13517955922
3.10088384722
3.06756708347
3.03512553509
3.00347260774
2.97253671928
2.94226052572
2.91259974818
2.88352039008
2.85499590086
2.82700557461
2.79953394674
2.77257005803
2.7461061618
2.72013667604
2.69465771208
2.66966664251
2.64516156888
2.62114103475
2.59760394242
2.57454935464
2.55197610805
2.52988293245
2.50826946509
2.48713669127
2.46648609893
2.44631893994
2.42663624632
2.40743897593
2.38872776436
2.37050390472
2.35277150824
2.33553707718
2.31880740456
2.30258913245
2.28688918877
2.27171537115
2.25707818389
2.24299247171
2.22947603598
2.21654789854
2.20422765693
2.19253717711
2.18149886846
2.1711553421
2.16150840857
2.15257708752
2.14418196203
2.13614378124
2.12881368075
2.12239087759
2.1168047614
2.11182730334
2.10711527094
2.10227640344
2.09702340761
2.09116641428
2.08459215752
2.07724370977
2.06911883503
2.05994929339
2.0491282011
2.03576593399
2.01871071095
1.99656987238
1.96804577805
1.93296099341
1.89212093785
1.84747029799
1.80354158265
1.7642534492
1.73565721149
1.71900737831
1.71173468041
1.70742589582
1.65555355584
1.6513822404
1.65298487767
1.66572169983
1.69337290061
1.73477799536
1.7877600314
1.85093063085
1.92385137227
2.00812046794
2.10828977604
2.23343431351
2.39796874928
2.62392153404
2.9358513029
3.33149831413
3.78093104006
4.24979133323
4.68878182573
5.03540813428
5.2431734895
5.30265970802
5.24047771746
5.09923964998
4.91894216507
4.72899691044
4.54741376631
4.38369762162
4.23910967626
4.11096942258
3.99613688228
3.89246276622
3.79858223046
3.71327998624
3.63543579903
3.56408338836
3.49837984595
3.43758332413
3.3810545944
3.32824713794
3.27868684532
3.23195941209
3.18770513194
3.14561368914
3.10541972173
3.06690112107
3.02987407855
2.99418438315
2.9597009309
2.92631207647
2.89392335806
2.86245696676
2.83185037061
2.80205277312
2.7730218426
2.74472217208
2.71712491288
2.69020702483
2.66394967467
2.63833697015
2.61335545377
2.5889936393
2.56524145436
2.54209000667
2.51953153228
2.49755911343
2.47616620726
2.45534663884
2.43509532421
2.41540876313
2.39628462832
2.37772115396
2.35971692206
2.34227083206
2.32538192138
2.30904991307
2.29327648564
2.27806529301
2.26342091352
2.24934855908
2.23585435641
2.22294573587
2.21063259027
2.19892853655
2.18785041269
2.17741715216
2.1676489766
2.15856836669
2.15019871773
2.14258173136
2.1357209878
2.12970143022
2.12401527791
2.11781541893
2.11124229513
2.10450919315
2.09764823967
2.090567486
2.08307655014
2.07496029209
2.06613335513
2.05657637284
2.04630284971
2.03534558126
2.02376228992
2.01129966094
1.99736365182
1.9811105138
1.96148807024
1.93726705094
1.90737735204
1.87188407025
1.83177084595
1.78893181902
1.74731915244
1.71054343466
1.68414850184
1.6691800599
1.66308248129
1.6596771739
1.60781621703
1.60434145822
1.60610480583
1.61805001126
1.64347871241
1.68091748316
1.72800196282
1.78330295825
1.84613446223
1.91679632893
1.99712372202
2.09194680988
2.20936376462
2.36196816284
2.56888776043
2.84664684273
3.18757005098
3.56725750507
3.9584700814
4.32309042797
4.61611678543
4.80370185492
4.87863700092
4.85791461623
4.76971418024
4.64187727689
4.49628313854
4.34662981283
4.20329894447
4.07171608037
3.95239469742
3.84416856886
3.74562324457
3.65561906172
3.57313207299
3.49727233282
3.42725361429
3.36237360752
3.30201799598
3.24565627775
3.19282503412
3.14311750736
3.09617839335
3.05169708244
3.00940319266
2.96906588173
2.93048927195
2.89350485546
2.85796699868
2.82375003717
2.79074600208
2.75886460477
2.72803149498
2.69818391345
2.66926742017
2.64123492817
2.61404693183
2.58767077625
2.56207855794
2.5372455704
2.51314995694
2.48977247773
2.4670960941
2.44510584943
2.42378881755
2.40313351859
2.38312918308
2.36376599559
2.34503591871
2.326933076
2.30945334455
2.29259369963
2.27635183971
2.26072605096
2.24571508264
2.23131848077
2.21753684257
2.20437207338
2.19182741406
2.17990755836
2.16861882007
2.15796927157
2.14796935457
2.13863274298
2.12997628996
2.12201942265
2.114783452
2.10829211795
2.10257055996
2.09766032906
2.09356684058
2.09043492983
2.08747686619
2.08327824783
2.07774878721
2.07112580934
2.06349867349
2.05489977063
2.04527471718
2.03457504191
2.02290719133
2.01041355129
1.99722713485
1.9834638699
1.96923532629
1.95430619985
1.9381040509
1.91983910482
1.89856121309
1.87319757687
1.8428807555
1.80786440687
1.76923195668
1.72875242939
1.68983210972
1.65578918038
1.63169972774
1.61844633018
1.61354097812
1.61108535964
1.55931683893
1.55660767767
1.55864223938
1.56998478191
1.59355588492
1.62769648558
1.66990642864
1.71868058733
1.77323775553
1.83330499483
1.89930418318
1.97359989854
2.06061707578
2.16713317781
2.30414754196
2.48737046339
2.72642389286
3.01111337467
3.32255840251
3.63961132697
3.93426361259
4.17444606961
4.33737930303
4.41722576785
4.42281429364
4.37094137249
4.27994174809
4.16382033899
4.04061045115
3.92229943038
3.81156979418
3.70900888027
3.61446726684
3.52721801008
3.44652567303
3.37176352047
3.3023309962
3.23765795722
3.17723357689
3.12062119026
3.06743904698
3.01734687566
2.97004016297
2.92524380953
2.88271162283
2.84222839503
2.80360903827
2.76669191124
2.73133578384
2.69741684685
2.66482652339
2.63347231403
2.60327606533
2.57416944653
2.54609152357
2.51898873806
2.49281576679
2.46753455179
2.44311120603
2.41951419739
2.39671496552
2.37468851218
2.35341314452
2.33287027653
2.31304421118
2.29392060175
2.27548544088
2.25772712765
2.24063744891
2.22421102964
2.20844435564
2.19333501491
2.17888136059
2.16508244394
2.15193800278
2.13944878025
2.12761458452
2.11643614873
2.10591672257
2.09606220923
2.08688079501
2.07838267614
2.07058026408
2.063488746
2.0571262514
2.05151362209
2.04667392441
2.04263276399
2.03941750781
2.03707003762
2.0355975144
2.0351949857
2.0348532339
2.03268945546
2.02837798342
2.02216430417
2.01422605373
2.00469085267
1.99361846162
1.9811064819
1.96742898343
1.95286891466
1.93766168779
1.92199267289
1.90601635952
1.8895162798
1.87194872332
1.85258387208
1.8305733274
1.80499071855
1.77514329894
1.74141622745
1.70491614758
1.66725491172
1.63134712906
1.60021173302
1.57849042343
1.56694626048
1.5632065021
1.56169695983
1.51011217497
1.50819144202
1.51055532886
1.52141344864
1.54337691773
1.57470821856
1.61284744679
1.65621122325
1.70396057639
1.75559344148
1.81087204865
1.8708084154
1.93773917536
2.0152543195
2.10899529253
2.22837828474
2.38530828807
2.58332353493
2.8128898183
3.0594939864
3.30705013623
3.5346795302
3.72173016287
3.85378026543
3.92548289771
3.94017242164
3.90699710041
3.83534908619
3.74598301185
3.65506584749
3.56691769062
3.48209641059
3.40139688305
3.3250279008
3.25326114588
3.18591561809
3.12260013198
3.06295621813
3.0067103653
2.95362882041
2.90348120228
2.85604077922
2.81108606666
2.7684043492
2.72780109139
2.68910566421
2.65217579092
2.61688473149
2.58311744117
2.55076813795
2.51974075721
2.48995063779
2.4613255341
2.43380107153
2.40731889309
2.3818271916
2.35728178225
2.33364490159
2.31087974875
2.28894949544
2.26782169203
2.24746981638
2.22787196407
2.20900988044
2.1908684802
2.17343123297
2.15668085811
2.14060886221
2.12521195466
2.11048858116
2.09643772171
2.08305875703
2.07035164555
2.05831712119
2.04695682399
2.03627379743
2.02626289119
2.01692449588
2.00826505547
2.00029454084
1.99302499553
1.98647014213
1.98064559645
1.97556936598
1.97126215201
1.96774736128
1.9650508022
1.96320086853
1.9622279254
1.96217500648
1.9630514022
1.96509158523
1.96712998802
1.9668488427
1.96384939088
1.95829533682
1.95044492962
1.94052761168
1.92870606338
1.91519645233
1.90040192363
1.88471177696
1.86843670215
1.85181149776
1.83501906443
1.81786123767
1.79982913838
1.78025733485
1.7583968323
1.73345533069
1.70488541802
1.67314750246
1.63930745071
1.60483863591
1.57218752633
1.54407266154
1.52473671981
1.51486027194
1.51222329204
1.51161431419
1.46031496781
1.45916468552
1.46186938509
1.47229935287
1.49280683233
1.52166086931
1.55632262739
1.59515938569
1.63728178938
1.68209869307
1.72910583576
1.77862713387
1.83184356552
1.8906423627
1.95784434394
2.03815081502
2.13920465951
2.26832045321
2.4259009812
2.60395436993
2.7911957526
2.97457610009
3.14041800856
3.27627058064
3.37276578424
3.42541793799
3.43497412057
3.4041345779
3.35134426868
3.29295390783
3.23378701118
3.17483745671
3.11615564686
3.05836060821
3.00217430331
2.94797809254
2.89566784206
2.8453361155
2.79719947503
2.75126488755
2.70743086001
2.66558817446
2.62560386551
2.58735240964
2.55072950578
2.5156655825
2.48209247838
2.44993303094
2.41910689763
2.38953496215
2.36114405489
2.33386854235
2.30765695861
2.28246265415
2.2582404822
2.23494836833
2.21254899928
2.19101052495
2.17029150715
2.15034912122
2.13115485653
2.11268962905
2.09493778919
2.07788579767
2.06152236282
2.04582469793
2.030772122
2.01637491538
2.00263955761
1.98956816799
1.97716140906
1.96542011381
1.95434597285
1.94394180189
1.93421167107
1.92516155855
1.91676425948
1.90903155538
1.9019802436
1.89562655179
1.88998681668
1.88507848177
1.88092078482
1.87753529365
1.87494623677
1.87318061461
1.87226801346
1.87224070293
1.87313309775
1.87499066144
1.87782504866
1.88190033436
1.88596504053
1.8873910687
1.88565124609
1.88091821357
1.87352122118
1.86377231746
1.85190983416
1.83823264843
1.8232287022
1.80735227672
1.79095841023
1.77430869806
1.75759896556
1.74064891809
1.72299038413
1.70402581272
1.68310190193
1.65954686232
1.63293009929
1.60373707201
1.57295191306
1.54197733582
1.5127156647
1.48765938283
1.47068104432
1.46240057821
1.4607755605
1.4609884566
1.4100862089
1.40965438105
1.41267217871
1.42267883071
1.44180155754
1.46837983784
1.49996892222
1.53493406804
1.57234847588
1.61158195084
1.65204398901
1.69373793828
1.73723304223
1.78350835895
1.83398953138
1.89089607068
1.95801183906
2.04042738006
2.14217731438
2.26223577721
2.3940364939
2.52856769091
2.65656033074
2.76946960863
2.8595235833
2.92078021962
2.95013043861
2.94603143372
2.92224430571
2.89204580513
2.85936033233
2.82475883882
2.78871504589
2.75170431921
2.71390174483
2.67574354963
2.63762651646
2.59990374959
2.56286984386
2.52671173403
2.49153307228
2.45739123437
2.42421562517
2.39201915386
2.36084859567
2.33081493515
2.30188505861
2.2740015526
2.24711313725
2.22118022701
2.1961667785
2.17205933658
2.14884266519
2.12649276704
2.10497993691
2.08427402848
2.0643481901
2.04518286883
2.02671399932
2.00889500037
1.99172815163
1.97521267317
1.95934148571
1.94410671728
1.92950121831
1.91552011077
1.90216228421
1.88942500804
1.8773050747
1.86580089484
1.85491257794
1.84464178256
1.83499167939
1.82596693482
1.81757381365
1.80981857098
1.80271436344
1.79627463322
1.79051259243
1.78544352985
1.78108515275
1.77745760133
1.77458355322
1.77248844985
1.77120070883
1.77075184357
1.77117636836
1.77251187504
1.77479857352
1.77808657279
1.78239318788
1.78799772094
1.79364760698
1.79647921713
1.79592176068
1.79218591742
1.78565019002
1.77663911445
1.76543132711
1.75238012192
1.73801904173
1.72282892384
1.70717893826
1.69133646041
1.67549735246
1.65950058021
1.64292490458
1.62524349105
1.6058941481
1.58431192663
1.5601575456
1.53390330901
1.50643410713
1.47913816275
1.45329087573
1.43126720137
1.41658186378
1.40980232523
1.40907862683
1.4100104933
1.35962588475
1.35983424516
1.36310683531
1.37265542573
1.39040310265
1.41480489426
1.44356903577
1.47511072939
1.50849151486
1.54306378223
1.57822254071
1.61383409118
1.65016058087
1.68770331812
1.72719325124
1.76969488712
1.81688602974
1.87118309026
1.9356568487
2.01219883698
2.09920927267
2.19148535721
2.28252210704
2.3663395626
2.43717890782
2.49010305323
2.52185855775
2.52957256922
2.5223762413
2.50996303234
2.49506374739
2.47832555953
2.45985198702
2.43973040866
2.41803890581
2.3948672513
2.37061071858
2.34566388041
2.32020432104
2.29446833801
2.26869126519
2.24304595349
2.21766590478
2.19264016487
2.16804269913
2.1439438822
2.1203876031
2.09736698643
2.07489248203
2.05299871104
2.03169891458
2.01109509636
1.99117641436
1.97191907361
1.95330516069
1.93532315154
1.91797562799
1.90125936279
1.88514250401
1.86958794958
1.85460196904
1.84017998409
1.82631265233
1.81299473494
1.8002238213
1.78800894476
1.77636074308
1.76526690987
1.75471944098
1.7447155507
1.73525571222
1.72634249146
1.7179801345
1.71017437821
1.70293251215
1.69626237495
1.69020320564
1.68476618219
1.67996166146
1.67580394699
1.67231103151
1.669504042
1.6674070567
1.66604720443
1.66545484813
1.66566374975
1.66671110172
1.66863768856
1.67148764315
1.67531431106
1.68014771544
1.68625714884
1.69276730796
1.69676745577
1.69754745557
1.69524839039
1.69002775321
1.68223983882
1.67226591728
1.66050240024
1.6474856426
1.63368675882
1.61946320221
1.60507322078
1.59070535638
1.57622147243
1.56125316979
1.54534587544
1.52802297911
1.50881310973
1.48744705351
1.46436149742
1.44033389421
1.41668928799
1.39424029947
1.3751892983
1.36270541709
1.35731471063
1.35736943795
1.35890192827
1.30916278736
1.30991501712
1.31336274141
1.32239142864
1.33873140527
1.36098246935
1.38704871527
1.41544185584
1.44524514547
1.4758126614
1.50655227965
1.5372753868
1.56809538414
1.59926919937
1.63117560668
1.66434843523
1.69952367781
1.73760084512
1.77999671298
1.82833038702
1.88316905786
1.94274057414
2.00342815483
2.06107118661
2.11159142128
2.15134126899
2.17748401296
2.18733416251
2.18665731233
2.18227882254
2.1761175662
2.16890780768
2.1605607474
2.15092886675
2.13993502315
2.12759671335
2.11404140305
2.09940235449
2.0838022524
2.06738401207
2.05031198746
2.0327493311
2.01493455991
1.99695122333
1.97889131629
1.96077828985
1.94271711399
1.92480201697
1.90710303567
1.88966940428
1.87251492287
1.85567836198
1.83919189432
1.82308100831
1.80736634097
1.79207963058
1.77729152364
1.76299279891
1.74920441909
1.73594670187
1.72318469237
1.71087557534
1.69901608063
1.68761056442
1.67666314154
1.66617822989
1.65616261456
1.64661993153
1.63755155261
1.62895906111
1.6208451234
1.61321374123
1.60607034486
1.59942165968
1.59327580762
1.58764180619
1.58253602597
1.57797519853
1.57397554573
1.57055409558
1.56772962507
1.56552310765
1.56395799867
1.56306050246
1.56285979697
1.56338820794
1.56468128565
1.56677797799
1.56972055155
1.57355911353
1.57832855086
1.58427684394
1.59064829565
1.5948539405
1.5962373626
1.59475911157
1.59068514459
1.58432701709
1.57595574608
1.56591106569
1.55468411251
1.54271314666
1.53033261943
1.51778522931
1.50524901046
1.49261188899
1.47956149122
1.46571419097
1.45067179168
1.43404336316
1.41561300035
1.39577240729
1.3751802918
1.3550245535
1.33589368782
1.31971583952
1.30931746652
1.30519175952
1.30589684667
1.30790449369
1.2589441006
1.26013401389
1.26366512308
1.27209730306
1.28697316261
1.3070535102
1.33046588463
1.35585432796
1.38235683067
1.40935132252
1.43627360126
1.46291512711
1.48931615163
1.51561082309
1.54199873693
1.56875987782
1.59623058969
1.62465966565
1.65447176481
1.68636555385
1.72097232449
1.75805594957
1.79626511647
1.83330140621
1.86663540622
1.89376160494
1.91244424515
1.92037434751
1.9212256037
1.91958835687
1.91679049335
1.91317389263
1.90880533469
1.90366744403
1.89771845996
1.89099685465
1.8835816248
1.87538428882
1.86636353589
1.8565396803
1.84597730453
1.83476531025
1.82301673946
1.81084946861
1.79835341238
1.78558705561
1.77261499112
1.75953823511
1.74643481301
1.73334821563
1.72032351963
1.70732208411
1.69439263117
1.68159079945
1.66896173371
1.65654256979
1.64435882828
1.63242857573
1.62079877037
1.60955314556
1.59872851546
1.58831958456
1.57827116904
1.56858934963
1.5592853042
1.5503677327
1.54184537575
1.53372417713
1.52600829936
1.51870211662
1.51181044283
1.50533898049
1.49929455374
1.49368492789
1.48851905628
1.48380700552
1.47956272492
1.47580155647
1.4725397326
1.46979467369
1.46758529696
1.46593230478
1.46485852048
1.46438921873
1.46455236085
1.46537875677
1.46690217001
1.46915949726
1.47219084644
1.47604235851
1.48074726687
1.48653221388
1.49251155518
1.49643406805
1.49766118885
1.49631478756
1.49281971149
1.48747412074
1.48045946756
1.47203682417
1.46260902264
1.45253943761
1.44210727823
1.43151858296
1.4209301383
1.41025286912
1.39922811662
1.38753740232
1.37485141559
1.36084625819
1.34534723724
1.32869683722
1.31141953891
1.29456673703
1.27858474539
1.26512751636
1.25667499693
1.25368366537
1.2549123499
1.25727016762
1.20922557898
1.21074479724
1.21426414839
1.22201985596
1.2353684046
1.25323770991
1.27399310287
1.29643451641
1.31978143667
1.34345800426
1.36694193578
1.39002237017
1.4127011351
1.43504924532
1.45717480846
1.4792308429
1.50137763876
1.5236214477
1.54597016549
1.56854257663
1.59153620533
1.61493838463
1.63838236035
1.66100376748
1.68148360232
1.69828315094
1.71000759104
1.71486618153
1.7151246357
1.71381498851
1.71180277876
1.70927111979
1.70625883116
1.70277270567
1.69880661207
1.69436015194
1.68944549112
1.68405520386
1.67817403935
1.67179367045
1.66491946865
1.65757131657
1.64978245635
1.64163863461
1.63316972701
1.62439344102
1.61534030333
1.60605709741
1.59659680641
1.58700749672
1.57735652848
1.56766721828
1.55796100584
1.54826514218
1.53861012895
1.52900689264
1.51941235352
1.50986672808
1.50042750576
1.49114805112
1.48208715709
1.47329652823
1.46480417993
1.45664473802
1.44881142716
1.44130113395
1.43411878203
1.42727043407
1.42076290925
1.41460330345
1.40879813882
1.40335454742
1.39828056073
1.39358476214
1.38927681756
1.38536751153
1.38186928233
1.37879615878
1.37616370806
1.37398893242
1.37229018974
1.37108732822
1.37040202663
1.37025814633
1.37068193422
1.37170214169
1.37335014224
1.37566012572
1.37866930012
1.38242068108
1.38694745781
1.3924501997
1.39809964191
1.40187705922
1.40315654912
1.40214744421
1.39917945018
1.39457542641
1.38858181599
1.38146040143
1.37356127614
1.36518381848
1.35654840024
1.34781175707
1.33909722927
1.33032712555
1.321285734
1.3117086084
1.30132376623
1.28986142208
1.27718070316
1.26356659605
1.24940254438
1.23563818408
1.22259958613
1.21167972352
1.20501833289
1.20302955969
1.20466207291
1.20725216068
1.16026319516
1.16200785501
1.16542450837
1.17243020565
1.18419593936
1.1998153643
1.21789526773
1.23740369539
1.25765947999
1.27815131478
1.29841250484
1.31824240418
1.3376220026
1.35658749345
1.37519861138
1.39354173232
1.41169473554
1.42958360426
1.44708264772
1.46408240649
1.48050134436
1.49619921527
1.51101497969
1.52467503513
1.53664121268
1.54617237005
1.55248069785
1.55450695391
1.55389540806
1.55227627642
1.55017115256
1.54770075815
1.5448996904
1.54178487072
1.53836660677
1.5346518006
1.53064706661
1.52635578184
1.52177761185
1.51691074037
1.51175452625
1.5063116823
1.50058964545
1.49460824612
1.48838791435
1.48194660009
1.47530228336
1.4684757288
1.46149111554
1.45437408593
1.44715498114
1.43986076934
1.4325147809
1.42513812183
1.41775169136
1.41034423716
1.40290932589
1.39548013014
1.38808979884
1.38074819724
1.37346686412
1.36629129458
1.35930307015
1.35253034002
1.3459864366
1.33969202357
1.33367743671
1.32794358186
1.32249359069
1.31733416276
1.3124730511
1.30791956808
1.30368307168
1.29977266395
1.29619850773
1.29297178484
1.29010440625
1.2876094083
1.28550137887
1.28379631534
1.2825113711
1.28166492945
1.28127697314
1.281369436
1.28196631541
1.28309370275
1.28477988611
1.28705553713
1.28995423204
1.29351443591
1.29776674536
1.30288793622
1.30791987836
1.31135913199
1.31275808089
1.31215244048
1.30980420329
1.3060100285
1.30101203115
1.29507636389
1.28852908059
1.28163773803
1.27459374785
1.26752404492
1.26053181613
1.25354204556
1.24636801452
1.23878843614
1.23057756255
1.22150953797
1.21147224147
1.20067280378
1.18938851898
1.17848763148
1.16817252575
1.1595934144
1.15456420777
1.15345177693
1.15538064462
1.15809770315
1.11230708753
1.11418315494
1.11741641542
1.1236126494
1.13375900506
1.14710846563
1.16250484852
1.17908728491
1.196282907
1.21365679016
1.23080864055
1.24755802736
1.2638758213
1.2797766192
1.29529187371
1.31046838316
1.32534294154
1.33981749487
1.35373904862
1.36695233887
1.3792877091
1.39051691763
1.4005052424
1.40914034796
1.41619493061
1.4215166179
1.42474421364
1.42526912394
1.4239061995
1.42179675338
1.41931011382
1.41654468401
1.41353595296
1.41030464275
1.40686620598
1.40323270451
1.39941405011
1.39541830236
1.39125170275
1.38691894105
1.38242363907
1.37776908782
1.37295908844
1.36799982842
1.36289962011
1.35766805201
1.35231547779
1.34685298442
1.34129267676
1.33564760365
1.32993243754
1.32416290245
1.31835472693
1.3125228472
1.30668016861
1.30084458451
1.29504820264
1.28926098996
1.28348662732
1.27774378133
1.27204826214
1.26642107827
1.2608832208
1.25543948444
1.25012287608
1.24496367667
1.23998647985
1.23520787303
1.23066010785
1.2263601351
1.22231253374
1.21852483311
1.21500599934
1.21176578044
1.20881536695
1.20616625136
1.20382972811
1.20181789569
1.20014441307
1.19882413901
1.1978727346
1.19730680123
1.19714434926
1.19740513974
1.19811064626
1.19928397071
1.20094991855
1.2031351772
1.20586834903
1.2091808017
1.21309979605
1.21777140749
1.22245732561
1.22554572626
1.2267573835
1.22621711353
1.22436956525
1.22138491369
1.21739710426
1.212644572
1.20742001784
1.20194983204
1.19640501819
1.19090416063
1.18551644597
1.1801872525
1.17475795136
1.1690448898
1.16286060913
1.15601717907
1.14842066187
1.14017540489
1.13158997807
1.12331461685
1.11549157659
1.10905402721
1.10550374591
1.10515360757
1.10728804887
1.11004349181
1.06559844891
1.06752523801
1.07050878953
1.07585540308
1.08437243016
1.09546276531
1.10819709993
1.12188176498
1.13605372386
1.15035935971
1.16447050851
1.17823244981
1.19161176853
1.20460252037
1.21721582209
1.22945895313
1.24135391226
1.25278934104
1.26362736143
1.27381094266
1.28317089095
1.29143935975
1.29879362578
1.30504677557
1.30991726603
1.3131766156
1.31465740214
1.31406213007
1.31188100833
1.30915654842
1.30618566263
1.30303321802
1.29971667963
1.29624667116
1.29263344137
1.28888701664
1.28501702405
1.28103254568
1.27694200231
1.27275308371
1.26847270433
1.26410707158
1.25966190022
1.25514287621
1.25055603783
1.24590795285
1.2412056525
1.23645647226
1.23166802065
1.22684819071
1.22200537059
1.21714863372
1.2122875269
1.20743166436
1.20258891629
1.19779484248
1.19308067749
1.18844632574
1.183884676
1.17938004883
1.17492117989
1.17051470233
1.16617421397
1.16191059282
1.15773810526
1.15366385622
1.14968603403
1.14582933699
1.14212021659
1.13857955944
1.13522800273
1.13209839396
1.12919945095
1.1265384498
1.12412589251
1.12197303834
1.12009092252
1.11849108122
1.11718642215
1.11619069767
1.1155180209
1.11518317898
1.115202286
1.11559307712
1.11637461335
1.11756712143
1.11919211562
1.12127261573
1.12383222252
1.12689780322
1.13049215665
1.13473363797
1.13920724534
1.142397354
1.14406488359
1.14429087443
1.14317573459
1.14092020404
1.13771382187
1.13408639046
1.13017203712
1.12605605631
1.12193216251
1.11791730384
1.11405444346
1.11029783016
1.10651202801
1.10254833938
1.09825100061
1.09346458962
1.0880883489
1.0821343049
1.07613860548
1.07025465713
1.06470024018
1.06021823357
1.05800809462
1.05832258886
1.06059060106
1.06331453756
1.0203695431
1.02228113072
1.02496505176
1.02944385555
1.03635230766
1.0452323203
1.05536752365
1.06622286022
1.07744099923
1.08874850949
1.09988853438
1.11072771689
1.12122934052
1.13135685181
1.14111750889
1.15051379703
1.15955804993
1.16819211316
1.17635839779
1.18423291195
1.19161381713
1.19823627733
1.20381513968
1.20829119607
1.21160510335
1.21346916453
1.21371627697
1.21213173347
1.20939296456
1.20628647232
1.20302204078
1.19963133214
1.19612564071
1.19251319418
1.18880199965
1.18500006952
1.18111546709
1.17715629105
1.17313068102
1.16904669364
1.16491214385
1.1607344872
1.15652078444
1.15227775932
1.14801191991
1.14372968726
1.13943744415
1.13514150593
1.13084810364
1.12656339592
1.12229354799
1.11804486071
1.11382377063
1.10963672917
1.10548971546
1.10139197269
1.09735339694
1.09341803292
1.08959314266
1.08587044199
1.08224279568
1.0787034238
1.07524893167
1.07187745514
1.06859093083
1.06539344139
1.0622884993
1.05928438155
1.05637410989
1.05356430253
1.05087532659
1.04832762857
1.04593817567
1.04373014877
1.04173158902
1.03995388579
1.03840637695
1.03709943308
1.03604658068
1.0352622819
1.03476085455
1.03455672866
1.03466498637
1.03510212425
1.03588574025
1.03703415257
1.03856644232
1.040502642
1.04286278212
1.04566974561
1.04894127996
1.05277219338
1.05683143977
1.06019733693
1.06259557823
1.0639773845
1.06418762377
1.06339830091
1.06182472287
1.05955330291
1.05683042278
1.05388694113
1.05108186337
1.04848946168
1.04609904797
1.04383391682
1.04160003469
1.03928029889
1.03673869751
1.03383884582
1.03045210627
1.0266141891
1.02301333433
1.0193717751
1.01591914571
1.013234732
1.0122427919
1.0131393445
1.01548607917
1.0181265282
0.976846284438
0.978690744293
0.981041405755
0.984656461478
0.990008651567
0.996767492714
1.00441327528
1.01255792433
1.02094150693
1.02936551429
1.03763869118
1.04564173007
1.05335212243
1.06077472272
1.06787606032
1.07473128918
1.08162816627
1.0884778806
1.09509683909
1.1011963084
1.10673199221
1.11163673733
1.11547192055
1.11820373712
1.11988901741
1.12046606578
1.11983696152
1.11783830871
1.11497734634
1.11182846162
1.10855194271
1.10518754247
1.10174396099
1.09822617356
1.09463958091
1.09099028117
1.08728462516
1.0835293749
1.07973212674
1.07590046396
1.0720417788
1.06816322327
1.06427169119
1.06037381987
1.05647601128
1.05258446324
1.04870518187
1.0448439694
1.04100641591
1.0371979072
1.03342365825
1.02968876897
1.02599824202
1.02235695185
1.01876955486
1.0152409124
1.01177598096
1.00838385289
1.00507291509
1.00185575156
0.998742635107
0.995732373134
0.992822327389
0.990010349991
0.987295377273
0.984677294209
0.982156078711
0.979733380628
0.977410177008
0.975188888346
0.97307048919
0.971044436656
0.969121891095
0.967317900357
0.96564639995
0.964120895971
0.962753822881
0.9615707027
0.96059301801
0.959832748874
0.959301481696
0.959011909932
0.958979198011
0.959220817673
0.959755340952
0.960602017509
0.961780768065
0.963312388209
0.965219553172
0.967526304297
0.970251740092
0.973473565501
0.976962085836
0.980074337932
0.982631020176
0.984608014365
0.986004782288
0.986852791454
0.987226270073
0.986899416384
0.98610165984
0.985098109903
0.983932672664
0.982741946212
0.98165414299
0.98077160635
0.980012910928
0.979234439
0.97831237729
0.977118418831
0.975549140871
0.973893041139
0.972399495826
0.970826382501
0.969312900894
0.96827382294
0.96838392939
0.969788434919
0.972171326932
0.97469078684
0.935251886688
0.936988656836
0.938986819207
0.941762757371
0.945640827619
0.950406677377
0.955719585591
0.961325270808
0.967052221038
0.972773054121
0.978362762512
0.983737235575
0.988944627992
0.994130439745
0.999310189034
1.00446941628
1.00951437104
1.01446473989
1.01923395194
1.0234300641
1.02701414291
1.02996366002
1.03218937104
1.03363078075
1.03425631373
1.0340337537
1.03293361595
1.03087116019
1.0282000117
1.02530975662
1.02231400541
1.01925156807
1.01613137567
1.01295760604
1.00973437507
1.00646626759
1.00315848226
0.99981659498
0.996446171587
0.993052965597
0.98964286142
0.986221774854
0.982795584269
0.979370083685
0.975950952412
0.972543734946
0.969153820436
0.965786419034
0.962446544927
0.95913901156
0.955868440372
0.952639279536
0.949455812314
0.946322149084
0.943242214902
0.940219804985
0.93725860966
0.934362660776
0.931536208853
0.928784125829
0.926111686383
0.923523237566
0.921022047048
0.918610579464
0.916290776596
0.914064308471
0.911932628422
0.909897208611
0.907959455316
0.906120710467
0.904382265824
0.902743876991
0.901207181338
0.899768340677
0.898419587197
0.897167692834
0.896023019249
0.894997040188
0.894100240516
0.893343389754
0.892738064037
0.892295696422
0.892041050099
0.891995156316
0.892171926455
0.892585609155
0.893252177692
0.894189005816
0.895417543029
0.89696112903
0.898840656319
0.901114551055
0.903650544416
0.906065922493
0.908264090508
0.910242377166
0.912010352199
0.913584497653
0.914990126828
0.916227669229
0.917332236358
0.918372933743
0.919195473747
0.919876258541
0.920548504231
0.921226906185
0.921908368045
0.922552161485
0.923103222285
0.923486708309
0.923771756527
0.924239831523
0.924640980787
0.924903655006
0.925118269497
0.925546543793
0.92663138453
0.92846801034
0.930849685119
0.933219809835
0.895809344607
0.897405457773
0.899043262113
0.901022320567
0.903534759676
0.906470894686
0.909650598763
0.912940276951
0.916254337158
0.919543412688
0.922764876844
0.925949323915
0.929084542346
0.932177285392
0.935308741228
0.938478218734
0.941408376725
0.944102107366
0.946567784869
0.948735460122
0.950541467022
0.951932146376
0.952857233616
0.953284119224
0.953191267526
0.95256155856
0.951384408645
0.949622823832
0.947480870713
0.94517875563
0.94278263355
0.940313713153
0.937781952132
0.935194426856
0.93255718543
0.929875706256
0.927155507115
0.924402062796
0.921620307703
0.918815222762
0.915991893818
0.913155475477
0.910311135334
0.907464006276
0.904619149665
0.90178152668
0.898955973314
0.896147177658
0.893359662947
0.890597778594
0.887865699171
0.885167428709
0.882506803268
0.879887489207
0.877312983615
0.874786628848
0.872311630552
0.869891111424
0.867528143427
0.865225822202
0.862987324758
0.860815814256
0.858714331912
0.856685742761
0.854732707225
0.85285769793
0.851063020891
0.849350854089
0.847723279731
0.846182258852
0.844729702671
0.843367244626
0.842096375202
0.840917978126
0.839832063223
0.838839614712
0.837943320248
0.837136732927
0.836417357268
0.835791808256
0.835268484427
0.834856579721
0.834565197135
0.834403744163
0.834382491625
0.834512633357
0.834806336822
0.835276035693
0.835943619237
0.836834852073
0.837964240848
0.839363980092
0.840974183537
0.842615018215
0.844247451651
0.845879967681
0.847533389945
0.849228903481
0.850983589841
0.85280945159
0.854723745444
0.856743366461
0.858850564916
0.861022500099
0.863256447634
0.865439815578
0.867561797945
0.869636489844
0.871650639851
0.873693984008
0.875841942555
0.878024553151
0.880056051077
0.881904788277
0.883608731217
0.885298051746
0.887210264896
0.889393266223
0.891734810416
0.893930648209
0.85874027305
0.860166662101
0.861444782031
0.862683316736
0.863960394641
0.865258791691
0.866540759045
0.867782346634
0.868978191747
0.870117956687
0.871207619532
0.872309489982
0.873395660455
0.87438801627
0.875307677827
0.876177839475
0.876968177542
0.877652259836
0.87821221065
0.878623318889
0.878861997421
0.878907064948
0.878742025148
0.878356929437
0.877745487945
0.876904115613
0.875833437562
0.874523206606
0.873038287218
0.871447322178
0.869771765337
0.86802087153
0.866200979306
0.864317977249
0.862377656198
0.860385660179
0.858347527754
0.856268724447
0.854154599095
0.852010377556
0.849841161758
0.847651945865
0.845447614472
0.843232935874
0.841012554175
0.83879098099
0.836572586453
0.834361590107
0.832162053652
0.829977877103
0.827812798436
0.825670395726
0.823554089363
0.821467143588
0.819412669986
0.817393635897
0.815412875953
0.813473105833
0.811576936207
0.809726894629
0.807925452867
0.806175040334
0.804478046845
0.802836822997
0.801253673392
0.799730855104
0.798270580003
0.796875018946
0.795546315039
0.794286577159
0.793097898813
0.791982338061
0.790941881628
0.789978445726
0.789093800077
0.788289466378
0.787567027605
0.78692730916
0.786371012741
0.785899701063
0.785515755426
0.785222921848
0.785015716405
0.784892948161
0.784860765194
0.78492705601
0.785099951023
0.785388543992
0.785800867797
0.786343029206
0.78702483959
0.787863021982
0.788848678142
0.789941564248
0.791142599893
0.792475000494
0.793959449608
0.795609019097
0.797433892786
0.79944343646
0.801646796092
0.804048436829
0.806644623959
0.809422587405
0.81236644529
0.815435383907
0.818609057503
0.821905215526
0.825306811665
0.828798969496
0.832327586046
0.835765814117
0.839061694187
0.842173783795
0.845079006307
0.84778864763
0.850358950118
0.852790007557
0.855047536368
0.857043116021
0.824277439887
0.825524260116
0.826559648276
0.827411912416
0.828111190531
0.828679907377
0.829137706834
0.829503593875
0.829798584631
0.830025542438
0.830195627108
0.830332911746
0.830447503257
0.830526130468
0.830562302503
0.830557156084
0.830504509584
0.830393633344
0.830216373846
0.829964777908
0.82963149596
0.829210590749
0.828698004195
0.828091527094
0.827390482195
0.826595493592
0.825708845721
0.824730534905
0.823665630841
0.822520752405
0.821300787746
0.820010625128
0.818655060252
0.817238986207
0.81576735555
0.814245088293
0.812677053702
0.811068073997
0.809422908043
0.807746232187
0.806042626082
0.804316565212
0.802572414953
0.800814424904
0.799046723396
0.797273311952
0.795498059539
0.79372469692
0.791956812186
0.790197848346
0.788451103116
0.786719730395
0.785006742321
0.783315011579
0.781647275181
0.780006141052
0.778394096782
0.776813519016
0.775266683201
0.773755776317
0.772282912742
0.770850148428
0.769459492999
0.768112920888
0.766812378123
0.765559788606
0.764357060927
0.763206094829
0.762108791656
0.761067056805
0.760082810107
0.759157990151
0.75829453447
0.757494386642
0.75675948966
0.756091678079
0.755492726452
0.75496432635
0.754508090235
0.754125636854
0.753818592157
0.753589069858
0.753437742399
0.753365134035
0.753373155234
0.753465062421
0.753645059384
0.753917843896
0.754279291997
0.754727936622
0.755272580206
0.755923895079
0.756690796597
0.757580164293
0.758602308144
0.759762016567
0.761067855313
0.762532174791
0.764166909714
0.76598288436
0.767989363072
0.770193384299
0.7725991868
0.775207281479
0.77801496633
0.781013037745
0.78418180389
0.787503286597
0.790979193036
0.794523668899
0.798078713205
0.801591535933
0.805006818592
0.808270532789
0.811334843763
0.814161612007
0.816729120217
0.819023703676
0.821043299308
0.822790120856
0.793753878078
0.794819484191
0.795705698877
0.796434451285
0.797029174598
0.797511543877
0.797899755129
0.7982090593
0.798453717169
0.798642546625
0.798782474678
0.798883056727
0.798952752001
0.798992890082
0.79900148881
0.798977047841
0.798916932749
0.798816373242
0.798669919514
0.798471847748
0.798216476323
0.797898515665
0.797513419676
0.79705765956
0.796528811698
0.795925469159
0.795247424616
0.794494418435
0.793667589666
0.792770090964
0.791805733441
0.790778264177
0.789691407593
0.788549059554
0.787355271123
0.78611416631
0.784829900427
0.783506639183
0.782148534851
0.780759702327
0.779344199105
0.777906009548
0.776449032435
0.774977071018
0.773493824873
0.772002882871
0.770507716844
0.769011675961
0.767517982358
0.766029728542
0.764549876597
0.763081258865
0.761626579443
0.76018841631
0.758769224778
0.757371342985
0.755996999109
0.75464831921
0.753327335449
0.752035995962
0.750776176624
0.749549692867
0.748358311484
0.747203762783
0.746087750751
0.745011962487
0.743978077602
0.742987776928
0.742042753014
0.741144716495
0.740295405461
0.73949659413
0.738750085034
0.738057715077
0.737421362436
0.736842879295
0.736324080939
0.735866802933
0.735472896367
0.735144163928
0.734882279525
0.734689049206
0.734566128892
0.734515027999
0.73453742176
0.734635449665
0.734811740578
0.73506943408
0.735409459179
0.735831976688
0.736339748192
0.73693785285
0.737632641857
0.738430001214
0.739336365712
0.740346835785
0.741463927593
0.742698459716
0.744061408283
0.745562812573
0.747211730999
0.74901604749
0.750982223466
0.753114940418
0.755417028757
0.757889711897
0.76051141622
0.763238436348
0.766065425017
0.768960749587
0.771880726178
0.774778632734
0.777606480415
0.780318023256
0.782872360528
0.785236288675
0.787387340694
0.789313732069
0.791013131985
0.792489866899
0.767799756545
0.768681474566
0.76941377389
0.770013523479
0.770498948268
0.770888098531
0.771196999422
0.771439019579
0.771625545655
0.771765293039
0.771864597315
0.771929030559
0.771963707904
0.771971671688
0.771953680579
0.771909277331
0.771837140562
0.771734874609
0.771599293648
0.771426668254
0.771212999432
0.770954257856
0.770646615598
0.770286687764
0.769871712783
0.769399593632
0.768869030381
0.768279157164
0.767629800926
0.766922092428
0.766158142695
0.765340410436
0.764471538158
0.763554409404
0.762592123576
0.761587927932
0.76054517066
0.759467267987
0.758357672973
0.757219846926
0.756057235124
0.754873246439
0.753671236347
0.75245449301
0.751226225885
0.749989556256
0.748747509215
0.747503006953
0.746258863554
0.745017781534
0.743782350097
0.742555044789
0.741338228185
0.740134151437
0.73894495708
0.737772683486
0.73661927075
0.735486567313
0.734376337071
0.73329026761
0.732229979659
0.731197036938
0.730192956465
0.729219219606
0.728277282535
0.727368586441
0.726494567853
0.725656668481
0.724856345932
0.7240950822
0.723374393226
0.722695838645
0.722061021753
0.721471595848
0.720929273246
0.720435788807
0.719992881698
0.719602344281
0.719266030812
0.718985789032
0.718763368919
0.718600532207
0.71849912767
0.718461035714
0.718488107986
0.718582267969
0.718745566291
0.71898028066
0.719288342708
0.719671306465
0.720131062511
0.720670342669
0.721293020105
0.722003140739
0.722804758821
0.723698264195
0.724684143711
0.725765716097
0.726948042689
0.728236752515
0.729637315689
0.731154599242
0.732792533929
0.734553841498
0.736439738243
0.738450164457
0.740577015307
0.742798193065
0.745095572944
0.747446444126
0.749820745639
0.752182667177
0.754493592235
0.756715478033
0.758814119618
0.760761293568
0.762536528401
0.764128233686
0.765533012242
0.766754152589
0.745876161974
0.746581259519
0.747162448225
0.747633270258
0.748008280762
0.748302157214
0.748528435905
0.748698734336
0.748822769915
0.748908299107
0.748961137159
0.748985668789
0.748985379645
0.74896274405
0.748919020473
0.748854425351
0.748768382359
0.748659580709
0.748526112857
0.748365585235
0.748175277452
0.747952297905
0.747693734982
0.747396825773
0.747059113115
0.746678526301
0.746253492291
0.745782862464
0.745265975524
0.74470300406
0.744094912881
0.743443114225
0.742749316845
0.74201551787
0.741243963715
0.740437089576
0.739597473353
0.738727799723
0.737830826747
0.736909355661
0.735966204843
0.735004187436
0.734026092228
0.733034667509
0.732032607583
0.731022541464
0.730007023394
0.728988524995
0.727969429118
0.726952025429
0.725938507673
0.724930972366
0.723931418621
0.722941749
0.72196377158
0.720999203445
0.720049675433
0.719116737684
0.718201865781
0.7173064678
0.716431892254
0.715579436509
0.714750355702
0.713945872406
0.713167186299
0.712415483962
0.71169194897
0.71099777185
0.710334160566
0.709702349848
0.709103610885
0.708539261226
0.708010669083
0.707519260253
0.707066526918
0.706654010356
0.706283288653
0.705956008899
0.705673898891
0.705438720822
0.705252200964
0.705116067833
0.705032159579
0.7050024184
0.70502878213
0.705113164768
0.705257463842
0.705463619439
0.705733622808
0.706069482617
0.70647317258
0.706946787513
0.707492942009
0.708114388454
0.708813710824
0.709592374725
0.710451228813
0.711391437171
0.712414802886
0.713523627402
0.714720329881
0.716007064377
0.717385383751
0.718855971456
0.720418320104
0.722070527812
0.723807448097
0.725617412704
0.727485193088
0.729391919449
0.731314696261
0.73322647065
0.735097453458
0.736897607069
0.738599321364
0.740179381414
0.741620348499
0.742911630946
0.744049321942
0.74503537756
0.727523099991
0.728064666956
0.728503614821
0.728851172524
0.729119321746
0.729320146532
0.72946498593
0.729563800599
0.729624986972
0.729655344835
0.729660093929
0.729643065851
0.729607037403
0.729553927617
0.729484842931
0.729400146622
0.729299582343
0.729182348567
0.729047202946
0.728892537205
0.728716467603
0.728516931447
0.728291783727
0.728038907048
0.727756324129
0.727442272666
0.727095293388
0.726714245219
0.72629834888
0.725847380184
0.725361684487
0.724842000513
0.724289365654
0.723705098793
0.723090764825
0.722448125146
0.721779097087
0.721085720382
0.720370125856
0.719634506822
0.718881093922
0.718112133133
0.717329866582
0.71653651605
0.715734268873
0.714925265971
0.714111591722
0.713295265548
0.712478235206
0.711662371765
0.710849466179
0.710041227279
0.709239280937
0.708445170323
0.707660357335
0.7068862253
0.706124082804
0.705375168336
0.704640655605
0.703921659627
0.703219243585
0.702534426161
0.701868189357
0.701221486955
0.700595253213
0.699990411854
0.69940788544
0.698848604851
0.698313519182
0.697803605109
0.697319876386
0.696863393524
0.696435270253
0.696036680909
0.695668868904
0.695333140539
0.695030859491
0.69476346768
0.694532495965
0.694339537221
0.694186200291
0.694074121189
0.694005041259
0.693980822778
0.694003366972
0.694074561403
0.694196256833
0.694370280268
0.694598551289
0.694883134924
0.695226088288
0.695629398433
0.696095192847
0.696625581788
0.697222415453
0.697887124255
0.698620747576
0.69942400667
0.700297486972
0.701241776484
0.702257403559
0.703344656215
0.704503355139
0.705732635284
0.70703068082
0.708394374826
0.709818711752
0.711295598638
0.712813538367
0.714357483071
0.715909339233
0.717448166046
0.718951006094
0.720394527153
0.721756978913
0.723019809788
0.724168815213
0.725195016335
0.726094723923
0.726869087287
0.712359154945
0.712753071237
0.71306215324
0.713295904635
0.713464421993
0.713577849941
0.713645766774
0.713676700769
0.71367791696
0.713655358196
0.713613655138
0.713556224354
0.713485467242
0.713402969674
0.713309636259
0.713205789824
0.713091269918
0.712965501903
0.712827579234
0.712676332425
0.712510387626
0.712328230058
0.712128267459
0.711908901205
0.711668601755
0.711405965468
0.711119778993
0.710809054102
0.710473068617
0.710111480727
0.709724348226
0.709312034522
0.708875153472
0.708414557859
0.707931314815
0.707426669729
0.706902014191
0.706358857971
0.705798802335
0.705223515188
0.704634708736
0.704034119572
0.70342349103
0.702804557742
0.702179032237
0.701548593394
0.700914876583
0.700279465407
0.699643885021
0.699009597012
0.698377995747
0.697750406044
0.697128081997
0.696512206889
0.695903894206
0.695304189791
0.694714075009
0.694134470726
0.693566241945
0.693010203159
0.692467124384
0.691937737661
0.69142274403
0.690922821032
0.690438630531
0.689970826873
0.689520065438
0.68908701142
0.688672348993
0.688276790275
0.687901084426
0.687546026869
0.687212466693
0.686901314303
0.686613549659
0.686350222291
0.686112450859
0.685901437823
0.685718478763
0.685564948439
0.685442273696
0.685351936816
0.68529552527
0.685274749564
0.68529139097
0.685347251816
0.685444124485
0.685583777552
0.685768062157
0.685998984243
0.68627859472
0.686608873006
0.686991790557
0.687429212921
0.687922719424
0.688473627935
0.689083017785
0.689751592238
0.690479646637
0.691267147865
0.692113758832
0.693018780462
0.693981031538
0.69499870096
0.696069157567
0.697188633224
0.698351940714
0.699552132987
0.700779926353
0.70202324284
0.70326757495
0.704496357662
0.705691640033
0.706835243857
0.707910168665
0.708901835675
0.709799008471
0.710594482542
0.711285218637
0.711872080395
0.700076760355
0.70033950997
0.700532424586
0.700663669968
0.700741896424
0.700775764889
0.700773466812
0.700742346033
0.700688704937
0.70061773622
0.700533525039
0.700439113594
0.700336632205
0.700227456113
0.700112344673
0.699991555988
0.699864946354
0.699732042425
0.69959211032
0.699444226659
0.699287323308
0.699120234484
0.69894174204
0.698750623526
0.698545702625
0.698325889291
0.698090224348
0.69783791183
0.697568353025
0.697281216595
0.696976452725
0.69665423848
0.696314943788
0.695959124357
0.695587506208
0.695200961117
0.694800483105
0.694387166747
0.693962185943
0.693526773671
0.693082203377
0.692629772086
0.692170785208
0.691706543042
0.691238328934
0.690767398952
0.690294973003
0.689822227351
0.689350288517
0.688880228555
0.688413061621
0.687949741743
0.687491161653
0.687038152641
0.686591485421
0.68615187201
0.685719968504
0.685296378613
0.684881657832
0.68447631825
0.684080833978
0.683695647037
0.683321173672
0.682957811138
0.682605944798
0.682265955559
0.681938227681
0.681623156849
0.681321158596
0.681032676737
0.680758191939
0.680498230421
0.680253371657
0.680024256086
0.67981159319
0.679616164949
0.679438828764
0.67928052901
0.679142305526
0.679025287913
0.67893068147
0.678859769785
0.678813946204
0.678794728529
0.678803727506
0.678842609263
0.678913068224
0.679016801573
0.679155590462
0.67933135526
0.679546092062
0.679801767907
0.680100312466
0.680443534737
0.68083298327
0.681269983116
0.681755674251
0.682290873316
0.682875957186
0.683510849892
0.684195024532
0.684927476619
0.685706659164
0.686530387604
0.68739571089
0.688298675024
0.689234136519
0.690195699218
0.691175362238
0.692163107224
0.69314707252
0.694113897417
0.695049291525
0.695938914246
0.696769415886
0.697529384196
0.698210062674
0.698805876276
0.699314565035
0.699737013032
0.690435431721
0.690582546423
0.690672709577
0.690713019523
0.690710972106
0.690674049565
0.690609328876
0.690523175569
0.690421074924
0.690307565675
0.690186238231
0.690059784199
0.689930093334
0.689798375569
0.689665282637
0.689531018272
0.689395435427
0.689258111406
0.689118408652
0.688975549057
0.688828652618
0.688676776796
0.688518952381
0.688354218607
0.688181658203
0.688000425473
0.68780977639
0.687609093077
0.687397908734
0.687175950432
0.686943146889
0.686699593133
0.686445526699
0.686181321667
0.6859074782
0.685624605751
0.685333406175
0.685034657508
0.684729197716
0.684417908867
0.68410170231
0.683781505022
0.683458247164
0.683132850933
0.682806220688
0.682479234292
0.68215273564
0.681827528355
0.681504370671
0.681183971477
0.680866987474
0.680554021374
0.680245621052
0.679942279608
0.679644436339
0.679352478587
0.679066744383
0.678787525762
0.678515072658
0.678249597377
0.677991279603
0.67774027186
0.677496705338
0.677260696144
0.677032351845
0.676811778323
0.676599086956
0.676394402073
0.676197868726
0.676009660582
0.675829987962
0.675659106053
0.675497322577
0.675345005473
0.675202590832
0.675070588292
0.674949586086
0.674840261115
0.674743387174
0.674659834534
0.674590564485
0.674536633354
0.674499213759
0.674479606249
0.674479221168
0.674499553236
0.674542162072
0.674608643417
0.6747006934
0.67482013885
0.674968901849
0.675148920423
0.67536211473
0.675610312969
0.675895139644
0.676218028206
0.676580251065
0.676982816062
0.67742634047
0.677910985638
0.67843641932
0.67900177801
0.679605615443
0.680245832495
0.680919585832
0.681623121819
0.682351639899
0.683099300436
0.683859060267
0.68462241055
0.685379476467
0.686119301471
0.686830320423
0.687501051775
0.688120897847
0.688680877615
0.689174187399
0.68959659868
0.689946568606
0.690225112886
0.683254205059
0.683299254043
0.683298728835
0.683258844429
0.683186137972
0.683087114932
0.682967923251
0.682834099494
0.682690422339
0.682540851763
0.682388526079
0.682235803278
0.682084339177
0.681935186472
0.681788898105
0.68164562598
0.681505210886
0.6813672566
0.681231183602
0.681096304914
0.680961861382
0.680827056916
0.680691089239
0.680553177695
0.68041258906
0.680268657663
0.680120805557
0.679968559339
0.679811566527
0.679649620427
0.679482662203
0.679310755227
0.679134065982
0.67895285723
0.678767479351
0.678578357849
0.678385980718
0.678190886126
0.677993650003
0.677794873849
0.677595173193
0.677395166881
0.677195467261
0.676996671361
0.676799353053
0.676604056203
0.676411288773
0.676221517892
0.676035165932
0.675852607547
0.675674167655
0.675500120303
0.675330688351
0.675166043956
0.675006309852
0.674851561379
0.674701829186
0.674557102519
0.674417333033
0.674282439067
0.674152310431
0.674026813567
0.673905797061
0.6737890975
0.673676545607
0.673567972648
0.673463217122
0.673362131709
0.673264590509
0.673170496452
0.673079788889
0.672992451356
0.672908519125
0.672828086791
0.672751316126
0.672678442595
0.672609781751
0.672545738701
0.672486816439
0.672433618973
0.672386851562
0.672347326615
0.672315979742
0.672293879738
0.672282219368
0.672282299958
0.672295519182
0.672323343987
0.672367366646
0.672429313757
0.672511026041
0.672614401587
0.67274135793
0.672893768961
0.673073375353
0.673281774846
0.673520433996
0.67379061106
0.674093244612
0.674428869489
0.674797552447
0.675198835373
0.675631677799
0.676094392043
0.676584568876
0.677098958038
0.677633364689
0.678182665226
0.6787407455
0.679300367426
0.679853258709
0.680390356101
0.680902200058
0.681379491188
0.681813723511
0.682197766118
0.682526309149
0.682796169581
0.68300637754
0.683158073398
0.678404209609
0.678358262875
0.678277144534
0.678166304554
0.678031449619
0.677878239748
0.677712014794
0.677537581475
0.677359086282
0.6771799609
0.67700291934
0.6768299941
0.67666260261
0.676501631117
0.676347523661
0.676200369057
0.676059981735
0.675925971671
0.675797791266
0.675674810157
0.675556347629
0.67544170482
0.675330192086
0.675221152236
0.67511398054
0.675008139572
0.674903172697
0.67479871475
0.674694501473
0.67459038237
0.67448631817
0.674382360084
0.674278632854
0.674175326327
0.674072686827
0.67397100659
0.673870613408
0.673771860721
0.67367511779
0.673580760157
0.67348916065
0.673400681064
0.673315664586
0.673234429038
0.673157260923
0.673084410286
0.673016086373
0.672952454093
0.672893631339
0.672839687113
0.672790640438
0.672746460017
0.672707064585
0.672672323944
0.672642060682
0.672616052535
0.672594035294
0.672575706221
0.67256072789
0.672548732438
0.672539326229
0.67253209487
0.672526608517
0.672522427476
0.672519108041
0.67251620857
0.672513295812
0.672509951454
0.672505778946
0.672500410525
0.672493514448
0.672484802413
0.672474036959
0.672461038999
0.67244569564
0.672427967396
0.672407895516
0.672385611286
0.672361344739
0.672335430292
0.672308310886
0.672280545704
0.672252823925
0.672225974378
0.672200962706
0.67217888406
0.67216095529
0.672148496756
0.672142979547
0.672146023131
0.672159383719
0.672184914388
0.672224531245
0.672280162217
0.672353676143
0.672446859999
0.672561413881
0.672698888937
0.672860593095
0.673047505076
0.673260197649
0.67349876656
0.673762762608
0.674051122789
0.67436209993
0.674693168802
0.675040943185
0.675401182839
0.675768777836
0.676137696589
0.676501081349
0.6768514653
0.677181107643
0.677482449433
0.677748626154
0.677973940518
0.678154226382
0.678287091538
0.678371986827
0.678410121367
0.675802041039
0.675673504079
0.675519661611
0.675345271237
0.675155290448
0.674954616863
0.674747857741
0.674539150647
0.674332053802
0.674129498059
0.673933784838
0.673746618719
0.673569165812
0.673402127005
0.673245816099
0.673100236803
0.672965154875
0.672840162413
0.672724718394
0.672618220344
0.67252003361
0.672429520595
0.672346065172
0.672269092477
0.672198084799
0.672132592634
0.672072243443
0.672016747647
0.671965902691
0.671919597758
0.671877807687
0.671840574728
0.671807992526
0.671780196124
0.671757352606
0.671739651104
0.671727293426
0.671720485384
0.67171942854
0.671724312399
0.671735307219
0.671752557481
0.671776176077
0.671806239237
0.671842782178
0.671885795471
0.671935222085
0.671990955158
0.672052836493
0.672120655753
0.672194150315
0.672273005751
0.672356856894
0.672445289492
0.672537842435
0.672634010525
0.672733247696
0.672834970637
0.672938562772
0.673043378563
0.673148748173
0.673253982417
0.673358377969
0.673461222798
0.673561801804
0.67365940267
0.673753321911
0.673842871133
0.673927383544
0.674006220695
0.674078779452
0.674144499175
0.674202869019
0.674253435451
0.674295810122
0.674329677591
0.67435480335
0.674371043268
0.674378352845
0.674376794771
0.674366545905
0.674347906695
0.674321314285
0.67428735281
0.674246755504
0.674200404185
0.67414932127
0.674094673445
0.674037794898
0.673980192602
0.673923537312
0.67386963591
0.67382040439
0.673777828099
0.673743906686
0.673720626221
0.673709942859
0.673713729123
0.673733693497
0.673771298697
0.673827681484
0.673903573862
0.673999226568
0.674114333782
0.674247960318
0.674398458984
0.674563398053
0.674739555421
0.674922918185
0.675108672974
0.675291302559
0.67546478058
0.675622859219
0.675759448187
0.675869036876
0.675947086173
0.67599033278
0.675996989646
0.675966805742
0.675900998665
0.675404332705
0.675199033389
0.674978101552
0.674745647305
0.674505929703
0.674263135002
0.674021182514
0.673783574018
0.673553300334
0.673332800268
0.673123960116
0.672928143866
0.672746245685
0.672578755287
0.672425827721
0.672287352235
0.672163016863
0.672052366643
0.671954838795
0.671869829847
0.671796721471
0.671734906496
0.67168381033
0.671642907631
0.671611734817
0.671589897992
0.671577078079
0.671573033072
0.671577597971
0.671590683809
0.671612268877
0.671642381696
0.671681085375
0.671728466286
0.671784623791
0.671849660155
0.671923671404
0.672006739164
0.672098923214
0.672200254729
0.67231073026
0.672430306456
0.672558895541
0.672696361544
0.672842517227
0.672997121684
0.673159878578
0.67333043503
0.67350838117
0.673693250311
0.673884519685
0.674081611709
0.674283895744
0.67449069037
0.674701266139
0.67491484878
0.675130622769
0.675347735218
0.67556530004
0.675782402361
0.675998103245
0.676211444656
0.676421454618
0.676627152562
0.676827554845
0.677021680431
0.677208556757
0.67738722578
0.677556750275
0.677716220382
0.677864760407
0.678001535865
0.678125760753
0.678236705119
0.67833370308
0.678416160994
0.678483566101
0.678535496325
0.678571630198
0.678591756049
0.678595781204
0.678583743055
0.678555822504
0.678512355554
0.67845383954
0.678380938436
0.678294475018
0.678195449851
0.678085055526
0.677964682983
0.677835917448
0.67770052069
0.677560411362
0.677417635595
0.677274325375
0.677132670738
0.676994897561
0.676863219354
0.676739767318
0.676626514418
0.676525196114
0.676437228604
0.676363626834
0.676304923402
0.676261091
0.676231462547
0.676214661516
0.676208582411
0.676210389604
0.676216523927
0.676222791402
0.676224533626
0.676216873825
0.676195033987
0.67615468625
0.676092281973
0.676005311103
0.675892473724
0.675753736351
0.675590282413
0.677203691537
0.676925107315
0.676640629066
0.676353749835
0.676068062904
0.675787074053
0.675514039184
0.675251839179
0.675002902037
0.674769169437
0.674552098735
0.674352691939
0.674171543961
0.674008901983
0.673864728679
0.673738764454
0.67363058566
0.67353965678
0.673465361458
0.67340706431
0.673364133159
0.67333596162
0.673321987363
0.673321705669
0.673334678806
0.673360541067
0.673399000785
0.673449839415
0.673512908101
0.673588122577
0.673675452255
0.673774903675
0.673886504921
0.674010293238
0.674146303884
0.674294559656
0.674455061622
0.674627781027
0.674812652188
0.675009566295
0.675218366093
0.675438841421
0.675670725588
0.67591369255
0.676167354814
0.676431262006
0.676704900062
0.676987691045
0.677278993595
0.67757810394
0.677884257413
0.678196630421
0.678514342839
0.678836460846
0.679162000193
0.679489929818
0.679819175767
0.68014862536
0.680477131551
0.680803517481
0.681126581289
0.681445101121
0.681757840289
0.682063552575
0.682360987664
0.682648896732
0.682926038184
0.683191183549
0.683443123647
0.683680675025
0.683902686676
0.684108047041
0.68429569133
0.684464609239
0.684613853199
0.684742547021
0.68484989516
0.684935193046
0.684997837832
0.685037339051
0.685053329759
0.685045579245
0.685014007476
0.684958698427
0.684879909962
0.684778084429
0.684653840405
0.684508005639
0.68434162657
0.684155976453
0.683952556231
0.683733085331
0.68349948943
0.683253880374
0.682998526003
0.68273582543
0.682468285113
0.682198475317
0.681928968319
0.681662268194
0.681400734227
0.681146498866
0.680901382746
0.680666809172
0.680443721437
0.680232501173
0.680032896493
0.679843988562
0.679664181433
0.679491208975
0.679322208153
0.679153861877
0.678982605615
0.678804891681
0.678617482444
0.678417728397
0.678203791787
0.677974797425
0.677730888944
0.677473197213
0.681226002797
0.680875538854
0.680529175753
0.680189813747
0.679860403211
0.679543788295
0.679242573336
0.678959021111
0.678694990339
0.678451910691
0.678230788413
0.678032235318
0.677856514272
0.67770359408
0.67757320753
0.677464908183
0.677378123301
0.677312200126
0.677266434052
0.677240124712
0.67723259462
0.677243208232
0.67727138689
0.677316619206
0.677378467322
0.677456569083
0.67755063714
0.677660455119
0.677785871276
0.677926790162
0.678083159904
0.678254955634
0.678442163736
0.67864476859
0.678862740628
0.679096025389
0.679344533937
0.679608134622
0.67988664603
0.68017983102
0.680487391793
0.680808965923
0.681144123319
0.68149236407
0.681853117054
0.682225739237
0.6826095156
0.683003659686
0.683407314781
0.683819555609
0.684239390509
0.684665763994
0.68509755969
0.685533603659
0.685972668114
0.686413475407
0.686854702259
0.68729498418
0.68773292002
0.688167076643
0.688595993835
0.689018189369
0.689432164183
0.689836407653
0.690229402984
0.690609632729
0.690975584444
0.691325756501
0.691658664167
0.69197284602
0.69226687065
0.692539343723
0.69278891543
0.693014288443
0.693214226504
0.693387563609
0.693533213957
0.693650182982
0.693737579062
0.693794625648
0.693820674221
0.693815218742
0.693777911562
0.693708578842
0.693607233847
0.693474092611
0.693309564345
0.693114298992
0.69288919311
0.692635401207
0.692354341732
0.692047695561
0.691717401085
0.691365642674
0.690994830437
0.690607580222
0.690206690792
0.689795104899
0.689375854253
0.688951994521
0.688526531928
0.688102342137
0.687682083749
0.687268109518
0.686862378806
0.686466371737
0.686081012024
0.685706619483
0.685342886547
0.684988876111
0.684643074323
0.68430350335
0.683967889415
0.683633879654
0.683299285165
0.682962315576
0.682621772529
0.682277184288
0.681928863449
0.681577892437
0.687529015602
0.687106271087
0.686698020565
0.686306593677
0.685934315634
0.685583380622
0.685255745248
0.684953049024
0.684676567436
0.68442719642
0.684205462874
0.684011555026
0.683845366585
0.683706548539
0.683594563219
0.683508736661
0.683448307174
0.683412465837
0.68340038309
0.683411258875
0.683444337786
0.683498924586
0.683574395761
0.683670206643
0.683785894508
0.683921077821
0.684075452432
0.684248784951
0.684440903674
0.684651687519
0.684881051602
0.685128930286
0.685395261034
0.685679970352
0.685982961116
0.686304101112
0.686643213058
0.687000066101
0.687374368658
0.687765762498
0.688173817972
0.688598030305
0.689037816927
0.689492515755
0.689961384288
0.690443599431
0.690938257965
0.69144437765
0.691960898958
0.692486687321
0.693020535808
0.693561168177
0.694107242234
0.694657353562
0.695210039587
0.695763783881
0.696317020636
0.696868139297
0.69741548925
0.697957384613
0.698492109204
0.699017921662
0.699533060625
0.700035749994
0.700524204285
0.7009966341
0.701451251733
0.701886276945
0.702299943012
0.702690503172
0.703056237405
0.703395459624
0.703706525353
0.70398784002
0.704237867999
0.704455142433
0.704638275966
0.704785972661
0.704897040831
0.7049704067
0.705005129216
0.705000416386
0.704955643027
0.704870368606
0.704744353849
0.704577581543
0.704370244469
0.70412280929
0.70383601871
0.703510907149
0.70314881219
0.702751380328
0.702320569277
0.701858644443
0.701368167567
0.700851982285
0.700313194231
0.699755136866
0.699181322373
0.698595381367
0.698000992646
0.697401803342
0.696801341525
0.696202924779
0.69560956803
0.69502389214
0.694448039395
0.69388361182
0.693331632007
0.692792526344
0.6922661543
0.691751889673
0.691248750617
0.690755572588
0.69027120644
0.689794714313
0.689325536247
0.688863610898
0.688409434765
0.687964063271
0.69620208249
0.695705065299
0.695233443629
0.694788997708
0.694373442108
0.693988327935
0.693634962321
0.693314350713
0.693027165983
0.692773743543
0.69255409812
0.692367956948
0.692214804026
0.692093930166
0.692004484224
0.69194552197
0.691916051132
0.691915066177
0.691941574623
0.691994641026
0.692073398777
0.692177062133
0.692304934337
0.692456411409
0.692630982006
0.692828223628
0.693047795851
0.693289430879
0.693552921809
0.693838109032
0.694144864124
0.694473072151
0.694822614918
0.695193356096
0.695585127808
0.695997718618
0.696430863102
0.696884232998
0.697357429844
0.697849978968
0.698361324729
0.698890826923
0.699437758299
0.700001303104
0.700580556499
0.701174524731
0.70178212598
0.702402191854
0.703033469531
0.703674624397
0.704324243109
0.704980836994
0.705642845737
0.706308641386
0.706976532698
0.707644769652
0.708311548106
0.708975014563
0.709633270964
0.710284379521
0.710926367743
0.711557233561
0.712174950498
0.712777472907
0.713362741287
0.713928687716
0.714473241437
0.714994334613
0.715489908412
0.715957919538
0.716396347158
0.716803200309
0.7171765259
0.71751441745
0.717815024711
0.718076564242
0.718297331082
0.718475711725
0.718610198266
0.718699403743
0.718742078912
0.718737130683
0.718683642073
0.718580892782
0.718428379148
0.718225840361
0.717973242616
0.717670861861
0.717319281507
0.716919413365
0.716472514937
0.715980202286
0.71544445954
0.714867643062
0.714252478305
0.713602051369
0.712919793165
0.712209450144
0.711475040557
0.710720798441
0.709951106239
0.70917041609
0.708383161583
0.70759366385
0.706806034708
0.706024078723
0.705251199912
0.704490325602
0.703743850152
0.703013600231
0.70230083889
0.701606314681
0.700930354338
0.700272994295
0.699634137394
0.699013713232
0.698411819822
0.697828831348
0.697265458225
0.696722761847
0.707366921614
0.706792189403
0.706254354799
0.705754668203
0.705294244978
0.704873995847
0.704494572029
0.704156329337
0.703859314102
0.703603270173
0.70338766344
0.703211719327
0.703074468632
0.702974797154
0.702911495214
0.702883303929
0.702888957555
0.702927212504
0.702996874772
0.703096837458
0.703226089406
0.7033837238
0.703568942825
0.703781058063
0.704019487019
0.704283746155
0.70457344105
0.704888254023
0.705227929706
0.705592258949
0.705981060907
0.706394164302
0.706831389819
0.70729253432
0.707777356634
0.708285564925
0.708816805728
0.709370654709
0.709946609
0.710544080999
0.711162393524
0.711800776191
0.712458363011
0.713134191042
0.713827199982
0.714536232557
0.71526003559
0.715997261754
0.71674647198
0.717506138344
0.718274647387
0.71905030374
0.719831334012
0.72061589099
0.721402058133
0.722187854215
0.722971238067
0.723750113415
0.724522333695
0.725285706892
0.726038000559
0.72677694692
0.727500247998
0.728205580802
0.728890602596
0.729552956307
0.730190276095
0.730800193135
0.731380341779
0.73192836623
0.732441927692
0.732918712078
0.733356438443
0.733752868288
0.734105815898
0.734413159828
0.73467285567
0.734882950302
0.73504159757
0.735147075503
0.735197805255
0.735192371901
0.735129546958
0.735008312036
0.73482788229
0.734587738487
0.734287605867
0.733927559115
0.733508014362
0.733029756238
0.732493961444
0.731902218772
0.731256545918
0.73055940125
0.72981368848
0.729022754475
0.728190378208
0.727320746463
0.726418415055
0.725488256666
0.724535395971
0.723565131648
0.722582846966
0.721593913167
0.720603587545
0.719616908054
0.718638589969
0.717672934849
0.716723756099
0.715794324158
0.714887344295
0.714004973487
0.713148876441
0.712320317605
0.711520278976
0.710749587071
0.710009030714
0.709299456051
0.708621826382
0.707977248554
0.721179281382
0.720521997394
0.71991379818
0.719355420865
0.718847389037
0.718389971103
0.717983151027
0.717626614608
0.717319753175
0.717061683836
0.716851283256
0.716687231
0.716568058416
0.716492199175
0.716458038201
0.716463956229
0.716508370242
0.716589756592
0.71670668106
0.716857829442
0.717042013232
0.717258174834
0.717505388739
0.717782858429
0.718089909462
0.718425979168
0.718790603572
0.719183401958
0.719604059611
0.720052309169
0.720527910712
0.721030631683
0.721560228165
0.722116428039
0.722698915855
0.723307319459
0.723941198432
0.724600034352
0.725283222749
0.72599006663
0.726719771432
0.727471441294
0.728244076606
0.729036572664
0.72984771931
0.730676201403
0.731520599997
0.732379394224
0.733250963825
0.734133592168
0.735025469681
0.735924697595
0.736829291916
0.737737187709
0.738646243631
0.739554246603
0.740458916545
0.741357911186
0.742248830851
0.743129223237
0.743996588374
0.74484838366
0.745682028899
0.746494911424
0.747284391296
0.748047806683
0.748782479446
0.749485720966
0.75015483845
0.750787141804
0.751379951076
0.75193060458
0.75243646786
0.752894943705
0.75330348337
0.753659599134
0.753960878367
0.754204999291
0.754389748459
0.754513040084
0.754572937424
0.754567676257
0.754495690365
0.754355638631
0.754146432272
0.753867273267
0.753517626264
0.753097350071
0.752606682092
0.75204627235
0.751417213846
0.750721069976
0.74995989887
0.749136272837
0.748253290689
0.747314582011
0.746324301371
0.745287109048
0.744208136847
0.743092939394
0.741947431329
0.740777809453
0.73959046158
0.738391866724
0.737188487437
0.735986655885
0.734792459228
0.733611632958
0.732449467327
0.73131073082
0.730199620904
0.729119748614
0.728074158577
0.727065382915
0.726095522001
0.725166339511
0.724279356978
0.723435935918
0.722637336292
0.721884752617
0.737831401465
0.737085299415
0.736401238254
0.735779453687
0.735219879686
0.734722134771
0.734285518627
0.733909021236
0.733591345444
0.733330941914
0.733126053743
0.732974767199
0.732875065132
0.732824879735
0.732822142004
0.732864825437
0.732950985362
0.733078775896
0.733246484338
0.733452554124
0.733695587773
0.733974348746
0.734287759064
0.734634892614
0.735014964629
0.735427317853
0.735871406018
0.736346775154
0.736853043327
0.737389879253
0.737956980186
0.738554050151
0.739180779857
0.73983682858
0.740521807961
0.741235267733
0.741976683452
0.742745446163
0.743540853864
0.744362104648
0.745208291365
0.746078397696
0.746971295551
0.747885743612
0.748820386899
0.74977375721
0.7507442743
0.75173024777
0.752729879601
0.753741267165
0.754762406646
0.755791196779
0.756825442815
0.757862860755
0.758901081836
0.759937657106
0.760970062053
0.761995701309
0.763011913322
0.764015975029
0.765005106698
0.765976476828
0.766927207081
0.767854377284
0.768755030567
0.769626178705
0.77046480773
0.77126788387
0.772032360044
0.77275518301
0.773433301186
0.774063673296
0.774643278022
0.77516912487
0.775638266464
0.776047812392
0.776394944796
0.776676935926
0.776891167702
0.777035153494
0.777106562252
0.77710324507
0.777023264063
0.776864923315
0.776626800395
0.776307791392
0.775907074534
0.775424273312
0.774859430667
0.774213050956
0.773486137797
0.772680229324
0.771797430413
0.770840440013
0.769812571141
0.768717761808
0.767560574858
0.766346183715
0.765080342486
0.763769340307
0.76241994013
0.761039300261
0.759634880748
0.758214339725
0.756785419032
0.755355820478
0.753933078559
0.752524437143
0.751136735647
0.749776309322
0.748448912143
0.747159668943
0.74591305982
0.744712936918
0.743562569404
0.742464707599
0.741421654642
0.740435335431
0.739507352654
0.738639030947
0.757555171965
0.756712426222
0.755945533968
0.755254235182
0.75463786975
0.754095391955
0.753625393525
0.753226136522
0.752895596085
0.75263151164
0.752431443971
0.752292834938
0.752213066888
0.75218951894
0.752219618072
0.752300882798
0.752430962168
0.752607646144
0.752828906255
0.753092909928
0.753398020944
0.753742797929
0.754125988304
0.754546517823
0.755003476246
0.755496099717
0.756023750534
0.756585894961
0.757182079715
0.757811907629
0.758475013013
0.759171037912
0.759899610331
0.760660324629
0.761452724007
0.762276285174
0.763130405209
0.76401439051
0.764927447634
0.76586867593
0.766837061804
0.767831474498
0.768850663236
0.769893255528
0.77095775655
0.772042549427
0.773145896313
0.774265940179
0.775400707211
0.776548109685
0.777705949257
0.778871920561
0.78004361508
0.781218525235
0.782394048688
0.783567492709
0.784736078616
0.785896946258
0.787047158514
0.788183705822
0.789303510836
0.790403433145
0.791480274046
0.792530781416
0.793551654762
0.794539550544
0.795491087836
0.796402854441
0.797271413656
0.798093311767
0.798865086355
0.799583275599
0.800244428774
0.800845118175
0.801381952683
0.801851593149
0.802250769786
0.802576301822
0.802825119508
0.802994288712
0.803081038217
0.803082789812
0.802997191083
0.802822150626
0.802555874724
0.802196918197
0.801744140336
0.801196904488
0.800555038205
0.79981888467
0.79898934911
0.798067942487
0.797056822046
0.795958826857
0.794777505626
0.793517134542
0.792182723056
0.790780004645
0.78931541089
0.787796028499
0.786229539136
0.78462413947
0.78298844425
0.781331378024
0.779662052814
0.777989633023
0.776323193886
0.774671580151
0.773043270615
0.771446253684
0.769887921351
0.76837498841
0.766913441256
0.765508518073
0.764164718791
0.762885838916
0.761675018425
0.7605347972
0.759467167734
0.758473625985
0.780625887654
0.77967688463
0.778818497775
0.778049969703
0.77737003403
0.776776958642
0.776268596029
0.775842441108
0.775495695633
0.775225337322
0.77502819108
0.774900999302
0.774840488763
0.774843431704
0.774906699624
0.775027307729
0.775202454352
0.775429524193
0.775706137331
0.776030153653
0.776399671074
0.776813020607
0.777268756449
0.777765641536
0.778302629145
0.778878841152
0.779493543772
0.780146121568
0.780836050405
0.78156286983
0.782326155585
0.78312549352
0.783960455847
0.784830579737
0.78573534826
0.786674173757
0.787646383673
0.788651208624
0.789687772457
0.790755084216
0.791852031884
0.792977377776
0.794129755303
0.795307666912
0.796509483134
0.797733442601
0.798977652917
0.800240092249
0.80151861144
0.802810936612
0.804114672184
0.805427304231
0.806746204157
0.808068632547
0.809391743155
0.810712586963
0.812028116312
0.813335189081
0.814630572948
0.815910949755
0.817172919918
0.81841300691
0.819627661844
0.8208132682
0.821966146782
0.823082561035
0.824158722801
0.8251907987
0.826174917259
0.827107176847
0.827983654595
0.828800416527
0.829553529092
0.830239072382
0.830853155237
0.831391932424
0.831851624175
0.832228538303
0.832519095069
0.832719855041
0.832827550048
0.832839117329
0.832751736853
0.832562871186
0.832270308895
0.831872217327
0.831367098962
0.830754025836
0.830032582583
0.829202930521
0.828265863887
0.827222862429
0.826076140741
0.82482869245
0.823484326142
0.822047690456
0.820524286133
0.818920461778
0.817243391632
0.815501034867
0.813702075875
0.811855841753
0.809972201131
0.808061450416
0.806134182004
0.804201135996
0.802273042523
0.800360460702
0.798473619822
0.79662226838
0.794815537752
0.793061827595
0.7913687186
0.789742916091
0.788190225262
0.786715554949
0.785322943738
0.784015601542
0.782795958329
0.781665720646
0.807366472419
0.806299477675
0.805338912544
0.804483512591
0.803731384529
0.803080079162
0.802526670186
0.802067838424
0.801699959591
0.801419193164
0.801221569537
0.80110307255
0.801059715329
0.801087607438
0.801183012418
0.801342393762
0.801562455443
0.801840137302
0.802172674686
0.802557591379
0.802992695853
0.803476072778
0.804006068998
0.804581274805
0.805200501109
0.805862753202
0.806567202036
0.807313154077
0.808100020366
0.808927285238
0.809794475573
0.810701131996
0.81164678283
0.812630920562
0.813652980935
0.814712324771
0.815808222576
0.816939841552
0.818106234665
0.819306331761
0.820538932638
0.821802701944
0.823096165432
0.824417707369
0.825765569109
0.827137848694
0.828532501437
0.829947341205
0.831380042089
0.832828140598
0.834289038254
0.835760004596
0.837238180593
0.838720582157
0.840204103687
0.841685521703
0.843161498582
0.844628586312
0.846083230488
0.84752177451
0.848940463693
0.850335449462
0.851702793723
0.853038473443
0.854338385534
0.855598352183
0.856814126757
0.857981400581
0.859095810569
0.860152947699
0.861148366711
0.862077597266
0.862936156776
0.863719565179
0.864423361874
0.86504312505
0.865574493724
0.866013192769
0.866355061136
0.866596083505
0.86673242548
0.866760472441
0.866676872081
0.86647857932
0.866162909021
0.865727579205
0.865170699743
0.864491008818
0.863687812185
0.8627610636
0.86171143037
0.860540355008
0.859250113996
0.857843871292
0.856325722816
0.854700729183
0.852974934412
0.851155366652
0.849250019345
0.847267812421
0.845218532367
0.843112745863
0.840961693364
0.838777168972
0.836571377362
0.834356770135
0.832145869866
0.829951087225
0.827784536713
0.825657857035
0.823582042622
0.821567293834
0.819622892701
0.817757109432
0.815977142748
0.81428909352
0.812697967889
0.811207704699
0.809821219795
0.808540467577
0.838152006907
0.83695272107
0.835876837064
0.83492256549
0.834087356824
0.833368005324
0.832760757814
0.832261426131
0.831865500196
0.831568258617
0.831364873665
0.831250507725
0.831220399554
0.831269938745
0.831394728007
0.83159063138
0.831853816473
0.832180741114
0.832568226013
0.833013434282
0.833513865983
0.834067345866
0.834672004883
0.835326256798
0.836028770508
0.836778438808
0.837574344711
0.838415726713
0.839301943553
0.840232438792
0.841206706342
0.842224258527
0.843284597391
0.844387188657
0.845531438616
0.846716674093
0.847942125626
0.849206913201
0.850510034093
0.851850352894
0.853226593757
0.854637334679
0.856081003096
0.857555872569
0.859060060716
0.86059152823
0.862148079106
0.863727361501
0.865326868796
0.866943941214
0.868575767854
0.870219389208
0.871871700284
0.873529453686
0.87518926258
0.876847603787
0.878500821033
0.880145128176
0.88177661291
0.883391240848
0.884984859282
0.886553201029
0.888091888611
0.889596438696
0.891062266948
0.892484693406
0.893858948611
0.895180180963
0.896443465027
0.897643810687
0.898776173822
0.899835468764
0.900816582714
0.901714392412
0.902523783253
0.903239671136
0.903857027465
0.904370907606
0.904776483042
0.905069077478
0.905244206958
0.905297624174
0.905225367037
0.905023809048
0.904689724745
0.904220295863
0.903613231951
0.902866857619
0.901980160235
0.900952857635
0.899785471238
0.898479398416
0.897036982051
0.895461574217
0.893757589742
0.891930547097
0.889987094142
0.887935013798
0.885783208263
0.883541661743
0.881221379524
0.878834296205
0.87639316297
0.873911420208
0.871403040952
0.868882349334
0.866363823858
0.863861890184
0.861390708869
0.858963964501
0.856594662753
0.854294943435
0.852075917745
0.849947536647
0.847918495678
0.845996178058
0.844186634507
0.842494596252
0.840923514692
0.839475627697
0.873414328003
0.872065324133
0.870857968377
0.869789920639
0.868857937477
0.868058008682
0.867385497933
0.866835285589
0.866401909306
0.866079698564
0.865862899493
0.865745786968
0.865722762801
0.865788438699
0.865937704259
0.866165778063
0.866468252106
0.866841068713
0.867280608608
0.867783654887
0.868347386085
0.868969359831
0.869647489435
0.870380015377
0.871165472263
0.872002651986
0.872890564488
0.873828397925
0.874815478651
0.875851231108
0.876935139059
0.878066710084
0.879245443847
0.88047080313
0.881742188093
0.883058914057
0.88442019301
0.885825117842
0.887272648659
0.888761601458
0.890290639337
0.891858266061
0.893462820819
0.895102473965
0.896775224103
0.898478896356
0.900211142158
0.901969439611
0.903751093731
0.905553237325
0.907372832302
0.909206671589
0.911051381959
0.912903426603
0.914759107369
0.916614567212
0.918465792884
0.920308617509
0.922138724012
0.923951649191
0.925742787073
0.927507392387
0.929240584577
0.930937352161
0.932592557601
0.934200942782
0.935757135458
0.937255657437
0.9386909338
0.940057302904
0.941349028315
0.94256031287
0.943685315064
0.944718167989
0.945653001031
0.946483964701
0.947205259111
0.947811166515
0.948296088093
0.948654585294
0.948881425687
0.948971633624
0.948920545742
0.948723867469
0.948377752522
0.947878781739
0.947224169419
0.946411793576
0.945440274681
0.944309057242
0.943018493331
0.941569925826
0.939965769383
0.938209585127
0.93630614383
0.93426147552
0.932082902767
0.929779051155
0.927359836216
0.924836427325
0.922221184889
0.919527561235
0.916769980518
0.91396370324
0.911124653561
0.908269216904
0.905414019588
0.902575694319
0.89977063693
0.897014761209
0.894323258621
0.891710371729
0.889189190921
0.886771483157
0.884467560238
0.882286190707
0.880234555915
0.878318248408
0.876541306948
0.874906287609
0.913646382988
0.912126419631
0.910767747529
0.909567443418
0.908521525007
0.907625122285
0.906872652337
0.906257994988
0.90577466348
0.90541596538
0.905175149395
0.905045534923
0.905020623666
0.90509419226
0.905260366889
0.905513677878
0.905849106532
0.906262051326
0.906748433628
0.907304643826
0.907927533042
0.908614392272
0.909362923485
0.91017120545
0.911037654714
0.911960982441
0.912940148874
0.913974317836
0.915062811394
0.916205064412
0.917400580833
0.918648894121
0.919949532095
0.921301984534
0.922705674346
0.924159932756
0.925663978915
0.92721690237
0.928817647506
0.930465000537
0.932157579468
0.933893826844
0.935672003465
0.937490182933
0.939346247654
0.94123788615
0.943162592395
0.945117665582
0.947100209317
0.949107131609
0.951135145251
0.953180769044
0.955240330372
0.95730996722
0.959385629514
0.961463080849
0.963537900566
0.965605485532
0.967661053354
0.969699646613
0.971716135776
0.973705222299
0.975661442539
0.977579172119
0.979452630901
0.981275888623
0.983042871789
0.984747373034
0.98638306158
0.987943494322
0.989422129352
0.990812342056
0.992107443847
0.993300703851
0.994385373637
0.995354715554
0.996202035359
0.996920719589
0.997504277867
0.997946390397
0.998240960531
0.9983821728
0.998364556371
0.998183048498
0.997833089184
0.997310576453
0.996612145661
0.995735168111
0.994677846675
0.993439313102
0.992019724886
0.990420361061
0.988643715812
0.986693585098
0.984575140021
0.982294985784
0.979861203039
0.977283362961
0.974572516428
0.971741158791
0.968803164084
0.965773676168
0.962668980244
0.959506358544
0.956303898316
0.953080265151
0.9498544557
0.94664553247
0.943472346002
0.940353251822
0.937305829423
0.934346613067
0.931490845503
0.928752265177
0.926142936629
0.923673130299
0.9213512543
0.919183838012
0.917175562668
0.915329337608
0.959405918543
0.957689127584
0.956154799259
0.954799389871
0.953618127991
0.952605222967
0.951754076519
0.951057494129
0.950507888644
0.950097470218
0.949818417447
0.949663026204
0.949623836195
0.949693734386
0.949866037054
0.950134548531
0.950493610205
0.950938055264
0.951463333984
0.952065439549
0.952740898443
0.953486744536
0.954300484042
0.955180055058
0.956123781861
0.957130324534
0.958198626281
0.95932786162
0.960517385136
0.961766679922
0.963075308166
0.964442867014
0.965868949555
0.967353108441
0.968894823394
0.970493473377
0.972148314049
0.973858458203
0.97562285791
0.977440289466
0.979309341839
0.981228408543
0.983195680089
0.985209137035
0.987266544656
0.98936544905
0.991503176056
0.993676830364
0.995883293395
0.998119222238
1.00038104892
1.00266498083
1.00496700312
1.00728288024
1.00960815611
1.01193815514
1.01426798364
1.01659253059
1.01890647086
1.02120426976
1.02348018558
1.02572827232
1.02794238363
1.03011617731
1.03224312049
1.03431649548
1.03632940729
1.03827479463
1.04014544213
1.04193399277
1.04363296344
1.04523476356
1.04673171659
1.04811608498
1.04938009847
1.0505159866
1.05151601631
1.0523725351
1.05307801995
1.05362513206
1.05400677724
1.05421617249
1.05424691851
1.05409307103
1.05374925192
1.05321058074
1.05247303017
1.05153339403
1.05038940125
1.0490398295
1.04748461678
1.04572497135
1.04376347949
1.0416042052
1.03925277435
1.03671644362
1.03400415055
1.03112653277
1.02809591889
1.02492629387
1.02163322897
1.01823376007
1.01474624987
1.01119023425
1.00758620703
1.00395536505
1.00031933027
0.99669984993
0.993118480066
0.989596260472
0.986153389085
0.98280890677
0.979580405234
0.976483770527
0.973532974024
0.970739919094
0.968114347945
0.965663810269
0.963393689777
0.961307286211
1.01131797748
1.00937293548
1.00763319852
1.00609456326
1.00475141637
1.00359698304
1.00262357831
1.0018228575
1.0011860559
1.00070421066
1.00036835873
1.00016970687
1.00009977461
1.00015050958
1.00031437771
1.00058442692
1.000954337
1.00141836347
1.00197148319
1.00260929739
1.00332802062
1.00412444936
1.00499592002
1.00594026148
1.00695574185
1.00804100986
1.00919503403
1.01041704386
1.01170647202
1.01306289581
1.01448598119
1.01597543349
1.01753095414
1.01915219966
1.02083874488
1.02259005159
1.02440544361
1.02628408487
1.02822495885
1.03022685098
1.0322883353
1.0344077655
1.03658326578
1.03881272215
1.04109377542
1.04342381588
1.04579998187
1.04821915819
1.05067797243
1.05317279267
1.05569972544
1.05825461517
1.06083304685
1.06343034677
1.06604158171
1.06866155897
1.07128482725
1.07390567618
1.0765181396
1.07911600104
1.08169279578
1.08424181335
1.08675610166
1.08922847181
1.0916515036
1.09401755163
1.09631875364
1.09854704401
1.10069416832
1.10275169754
1.1047110462
1.10656349388
1.10830021017
1.10991228324
1.11139075259
1.11272664642
1.11391102541
1.11493503281
1.1157899513
1.11646726625
1.11695873513
1.11725646411
1.11735299052
1.11724136331
1.1169152717
1.11636895145
1.11559762555
1.11459743543
1.11336557717
1.11190043331
1.11020170049
1.1082705149
1.10610957583
1.10372325967
1.1011177152
1.09830094333
1.0952828564
1.09207530094
1.08869204953
1.08514876655
1.08146293233
1.0776537047
1.07374177122
1.06974918583
1.06569912588
1.06161560424
1.05752315666
1.05344650272
1.04941018608
1.04543820286
1.04155362732
1.03777824703
1.03413222214
1.03063378291
1.02729897959
1.02414149487
1.02117252496
1.01840073314
1.01583227266
1.0134708753
1.0700755865
1.06786429405
1.0658829798
1.06412674353
1.06258907863
1.06126216375
1.06013715715
1.05920448978
1.05845414453
1.05787591332
1.05745962435
1.05719533521
1.0570734938
1.05708506639
1.05722163677
1.05747547589
1.05783958907
1.05830765371
1.05887418206
1.0595343993
1.06028423177
1.06112026942
1.06203971593
1.06304033335
1.06412038031
1.06527854405
1.06651387026
1.06782569652
1.06921358732
1.0706772675
1.07221655871
1.07383132443
1.07552142202
1.07728665639
1.07912673814
1.08104124819
1.08302961018
1.08509106604
1.08722465206
1.08942917821
1.09170321287
1.09404507289
1.09645281281
1.09892421388
1.10145677515
1.10404770639
1.10669392648
1.10939206127
1.1121384379
1.11492908124
1.1177597102
1.12062573628
1.1235222666
1.12644410421
1.12938574588
1.13234138141
1.13530489386
1.13826985752
1.14122954158
1.14417691718
1.14710465909
1.15000514815
1.15287047584
1.15569244951
1.15846259832
1.16117217972
1.16381218897
1.16637337625
1.16884626455
1.17122116613
1.17348820376
1.17563733553
1.17765838362
1.17954106739
1.18127504129
1.18284993852
1.18425542216
1.18548124397
1.1865173105
1.18735375643
1.18798102426
1.18838995227
1.18857186807
1.18851867971
1.18822302163
1.18767813568
1.18687840701
1.18581925024
1.18449727181
1.18291042272
1.18105814394
1.17894150869
1.17656336355
1.17392845772
1.17104354975
1.16791749886
1.1645613339
1.16098827873
1.15721374404
1.15325529341
1.14913255969
1.14486708481
1.14048216152
1.13600266054
1.13145475428
1.12686559067
1.12226294095
1.11767481626
1.11312905954
1.10865292261
1.10427263899
1.10001300629
1.09589699407
1.09194539328
1.08817652347
1.08460600943
1.0812466358
1.07810828496
1.0751979568
1.07251986455
1.13643798163
1.13391479851
1.13164828391
1.12963281012
1.12786093218
1.12632372567
1.12501112778
1.12391227695
1.12301583547
1.12231028515
1.12178418664
1.12142639752
1.12122625247
1.12117370518
1.12125943664
1.12147493282
1.12181252025
1.12226531532
1.1228273852
1.12349360568
1.1242596502
1.12512194482
1.12607760885
1.12712439055
1.12826059582
1.12948500955
1.13079681483
1.13219551794
1.13368087545
1.1352528186
1.13691138098
1.13865663735
1.14048865061
1.14240741929
1.14441282992
1.14650461681
1.14868233186
1.15094531714
1.1532926771
1.15572325414
1.15823561112
1.16082802067
1.16349845243
1.16624455948
1.1690636671
1.17195276368
1.17490849918
1.17792718259
1.181004774
1.18413687954
1.1873187459
1.19054525767
1.1938109415
1.1971099661
1.20043613848
1.20378290269
1.20714333934
1.2105101616
1.21387571961
1.21723201022
1.22057067851
1.22388302042
1.22715998794
1.23039219474
1.23356992275
1.2366831292
1.23972145798
1.24267426217
1.24553062657
1.24827938683
1.25090915401
1.25340834303
1.25576520568
1.25796786928
1.26000438111
1.26186276015
1.26353105748
1.2649974254
1.26625019473
1.26727795945
1.26806966802
1.26861472425
1.26890309254
1.2689254023
1.26867310718
1.26813834757
1.2673145874
1.26619644616
1.26477989201
1.26306241921
1.26104321298
1.25872331001
1.2561057585
1.25319576381
1.25000080637
1.2465307451
1.24279789681
1.23881706231
1.23460551707
1.23018297777
1.22557150838
1.22079533163
1.21588066021
1.2108555155
1.20574941105
1.20059298197
1.1954175876
1.19025487807
1.18513633245
1.18009278026
1.1751539182
1.17034783716
1.16570057662
1.16123572406
1.15697407765
1.15293338551
1.14912817216
1.14556966031
1.14226578736
1.13922130949
1.21122578398
1.20833640012
1.20573262015
1.20340807069
1.20135433498
1.19956134036
1.19801774974
1.19671135197
1.19562943188
1.19475910821
1.19408762764
1.19360260974
1.19329224777
1.19314546507
1.19315203294
1.19330265894
1.19358899155
1.19400363465
1.19454023078
1.19519334451
1.19595844429
1.19683184637
1.19781064431
1.19889263489
1.20007623637
1.20136039769
1.20274450557
1.20422830043
1.20581179489
1.20749518777
1.20927878183
1.21116291566
1.21314790545
1.21523398528
1.21742125281
1.21970962353
1.22209879792
1.22458823076
1.22717709878
1.22986427189
1.23264829301
1.23552736706
1.23849934597
1.24156171215
1.24471156449
1.24794560679
1.25126014698
1.2546510943
1.25811394884
1.26164379503
1.26523529375
1.26888267852
1.2725797615
1.27631993368
1.28009615949
1.28390097501
1.28772648675
1.29156436486
1.29540584924
1.29924176344
1.30306251666
1.30685810661
1.31061812532
1.31433176489
1.31798782521
1.32157472202
1.32508050138
1.32849287033
1.33179922558
1.33498667545
1.33804206732
1.34095201968
1.34370296016
1.34628117148
1.34867284484
1.35086414198
1.35284126726
1.35459054916
1.35609853011
1.35735206397
1.35833841984
1.35904539753
1.35946144458
1.35957577873
1.35937854636
1.35886069579
1.35801469893
1.35683432451
1.35531487022
1.35345336887
1.3512487737
1.34870213782
1.34581679463
1.34259852053
1.33905566329
1.335199258
1.33104311733
1.32660385607
1.32190087884
1.31695634771
1.31179507485
1.30644429677
1.30093349568
1.29529421185
1.28955967872
1.28376440033
1.2779437024
1.2721332427
1.26636849088
1.26068419162
1.25511382368
1.24968907053
1.24443931988
1.23939121106
1.23456825102
1.22999051361
1.22567443579
1.22163272173
1.21787435595
1.21440471608
1.29531276537
1.29199332695
1.28899096426
1.286298558
1.28390670367
1.28180415221
1.27997825535
1.27841541154
1.27710148744
1.27602220193
1.27516345766
1.27451161453
1.27405371228
1.27377764196
1.27367227369
1.2737275581
1.27393447758
1.2742851944
1.27477294814
1.275392044
1.27613780459
1.27700649946
1.27799526248
1.27910200758
1.28032533545
1.28166442908
1.28311894716
1.28468893018
1.2863747099
1.28817681152
1.29009586
1.2921325045
1.29428735482
1.29656091343
1.29895351351
1.30146526677
1.30409602804
1.3068453613
1.30971250186
1.31269632236
1.31579530986
1.31900755483
1.32233073395
1.32576209006
1.32929841504
1.33293603524
1.33667081214
1.34049813994
1.34441293211
1.34840961351
1.35248210933
1.35662383994
1.36082773023
1.36508621069
1.36939121034
1.3737341542
1.37810596114
1.38249703337
1.38689726567
1.3912960663
1.39568235997
1.40004459059
1.40437072694
1.4086482685
1.41286425495
1.41700527684
1.4210574955
1.42500668534
1.42883827048
1.43253734795
1.4360887169
1.43947691388
1.44268625763
1.44570090575
1.44850492057
1.4510823448
1.45341728771
1.45549402061
1.45729708057
1.45881138138
1.46002233072
1.46091596166
1.46147906129
1.46169931888
1.46156544696
1.46106716067
1.46019588275
1.45894449602
1.45730762482
1.45528186966
1.45286601191
1.45006121243
1.44687121392
1.44330252102
1.43936453754
1.43506969518
1.43043355493
1.42547482654
1.42021535127
1.41468007174
1.40889690662
1.40289647578
1.39671191373
1.39037867956
1.38393413342
1.37741705271
1.37086712382
1.36432439063
1.35782867403
1.35141897717
1.34513288842
1.33900599606
1.33307133203
1.32735886461
1.32189506413
1.31670255854
1.31179989574
1.30720142785
1.30291732008
1.29895367254
1.38961428656
1.38579084276
1.38231886705
1.37919051712
1.37639540755
1.37392110652
1.37175363911
1.36987799311
1.36827859655
1.36693975149
1.36584600592
1.36498245706
1.36433499691
1.36389049904
1.36363695693
1.36356359824
1.36366079377
1.36392027712
1.36433496344
1.36489895682
1.36560749644
1.36645687198
1.36744432661
1.3685679613
1.36982662905
1.37121981493
1.37274751393
1.37441012691
1.37620836046
1.3781431158
1.38021538187
1.38242615211
1.38477635532
1.38726677859
1.3898979962
1.39267031037
1.39558371343
1.3986378505
1.40183197543
1.40516491062
1.40863502099
1.41224020389
1.4159778696
1.41984491753
1.42383771518
1.42795207984
1.43218328207
1.43652604458
1.44097452551
1.44552230889
1.45016238925
1.45488716526
1.45968845463
1.46455749746
1.46948494692
1.47446086544
1.47947472095
1.48451537197
1.48957108285
1.49462955598
1.49967793571
1.50470280933
1.50969021093
1.51462562738
1.5194940122
1.52427980182
1.52896694478
1.53353896014
1.53797898226
1.5422697812
1.54639379105
1.55033314891
1.554069751
1.55758532577
1.56086151762
1.56387997956
1.56662247519
1.5690709889
1.57120784373
1.57301582604
1.57447831626
1.57557943813
1.57630419855
1.57663867163
1.57657000054
1.57608675877
1.57517922937
1.57383941963
1.57206132875
1.56984120433
1.56717776706
1.56407242944
1.56052952164
1.55655648868
1.55216403367
1.54736625943
1.5421807808
1.53662873444
1.53073475424
1.5245269452
1.51803673355
1.51129852668
1.50434952301
1.49722952648
1.48998045081
1.48264576174
1.4752699008
1.4678976696
1.46057359253
1.45334127069
1.44624273378
1.43931780076
1.43260346537
1.42613332934
1.4199371119
1.41404025566
1.40846364995
1.40322349204
1.39833129065
1.39379399693
1.49507318699
1.49066166933
1.48663944598
1.48299800116
1.47972600144
1.47680985146
1.4742342586
1.47198280347
1.47003847764
1.46838417123
1.46700308752
1.46587907743
1.46499690869
1.46434246788
1.46390291051
1.46366678708
1.46362391182
1.46376563268
1.46408460293
1.46457479047
1.46523141637
1.46605085612
1.46703052729
1.46816878194
1.46946478735
1.47091838876
1.47252996966
1.4743003372
1.4762306124
1.47832210399
1.48057618635
1.4829942083
1.48557741867
1.48832687884
1.49124338134
1.49432738226
1.49757896161
1.50099778293
1.50458304205
1.50833341947
1.51224705089
1.51632151946
1.52055383421
1.52494040198
1.52947700149
1.53415876036
1.53898016341
1.54393505463
1.54901661651
1.55421735795
1.55952909302
1.56494293384
1.57044931521
1.57603800196
1.58169807547
1.58741792721
1.59318525253
1.59898703158
1.60480955667
1.6106384812
1.61645882252
1.62225495646
1.62801061685
1.63370890394
1.63933230849
1.64486273919
1.65028156643
1.6555697011
1.66070764319
1.66567549096
1.67045296505
1.67501945573
1.67935409967
1.68343587931
1.68724373031
1.69075665326
1.69395383119
1.69681475314
1.6993193451
1.70144810803
1.70318226234
1.70450391668
1.70539621993
1.70584358447
1.70583155575
1.70534758785
1.70438086741
1.70292259796
1.70096626056
1.69850789364
1.69554633617
1.69208346525
1.68812444613
1.68367794522
1.67875627503
1.67337554829
1.66755580101
1.66132098615
1.65469893937
1.64772135954
1.64042362297
1.63284435722
1.62502525721
1.61701091488
1.60884823116
1.6005857659
1.59227308696
1.58396009646
1.57569635158
1.56753038147
1.5595089961
1.55167659257
1.54407447607
1.53674022414
1.52970713035
1.52300375195
1.51665358775
1.51067491246
1.50508077367
1.49987913273
1.61264483846
1.60755182569
1.60289005189
1.59865040434
1.59482066149
1.5913861099
1.58833017337
1.58563505277
1.58328232805
1.58125350333
1.57953046653
1.57809585567
1.57693335244
1.57602789871
1.57536586055
1.57493516304
1.57472511566
1.57472673368
1.57493246484
1.57533619902
1.57593319684
1.57671997506
1.57769417754
1.57885445561
1.58020033475
1.58173205796
1.58345042633
1.58535667398
1.58745234857
1.5897391683
1.59221888253
1.59489317222
1.59776357092
1.60083136566
1.6040975037
1.60756251518
1.61122647282
1.61508894892
1.61914895613
1.62340489052
1.62785449838
1.63249487315
1.63732243238
1.64233288452
1.64752119628
1.65288156397
1.65840743053
1.6640914929
1.66992567575
1.6759011149
1.68200812805
1.68823620953
1.69457407159
1.70100965657
1.7075301147
1.71412179191
1.72077022165
1.72746010542
1.73417536249
1.74089920127
1.74761411267
1.75430184891
1.76094341752
1.76751910047
1.77400850028
1.78039058678
1.78664376132
1.79274595558
1.79867467076
1.80440696095
1.80991945397
1.81518842124
1.82018989315
1.82489979689
1.82929409145
1.83334889581
1.8370406175
1.84034608563
1.84324269291
1.84570854636
1.84772262644
1.84926497769
1.85031687611
1.85086108594
1.85088164878
1.8503648956
1.84929909554
1.84767480744
1.84548518369
1.84272628288
1.83939732842
1.83550096193
1.83104351689
1.82603524515
1.82049045735
1.81442768909
1.8078698339
1.80084411311
1.79338203012
1.78551935923
1.77729590424
1.76875496189
1.75994316543
1.75091034262
1.7417088005
1.7323925586
1.72301662634
1.71363629741
1.7043064607
1.69508090185
1.68601157421
1.67714784248
1.66853572379
1.66021716633
1.6522294134
1.64460448217
1.63736878909
1.63054295432
1.62414179184
1.61817446213
1.74328417165
1.73740871902
1.73201146781
1.72708280816
1.72260971396
1.71857642245
1.71496513026
1.71175670669
1.70893136386
1.70646926274
1.7043510195
1.70255810413
1.70107315861
1.69988022678
1.69896493616
1.69831463188
1.6979181609
1.69776625529
1.69785119989
1.69816684654
1.69870853271
1.6994729491
1.70045799179
1.70166263089
1.7030867627
1.70473103179
1.70659664936
1.70868525789
1.71099880281
1.71353937039
1.71630902842
1.71930971809
1.72254317176
1.72601080094
1.72971358912
1.73365200299
1.73782595322
1.74223475045
1.74687703647
1.75175071536
1.75685291672
1.76218000105
1.76772753617
1.7734902568
1.77946202224
1.78563578197
1.79200360812
1.79855671112
1.80528540312
1.81217907308
1.81922614831
1.82641409875
1.83372950463
1.84115807075
1.84868458445
1.85629289508
1.8639659084
1.87168557837
1.87943299528
1.88718847828
1.89493153777
1.90264082521
1.91029412894
1.91786842529
1.92533996575
1.93268435151
1.9398766211
1.94689135581
1.9537026788
1.96028419678
1.96660903535
1.97264996479
1.97837958069
1.98377048952
1.98879546543
1.99342758379
1.99764035067
2.00140783961
2.0047048431
2.0075070369
2.0097911562
2.01153521167
2.01271867833
2.01332277366
2.01333020338
2.01272633507
2.01149875283
2.00963764092
2.00713612632
2.00399062824
2.00020112904
1.99577143948
1.99070949522
1.98502759331
1.97874251979
1.9718757277
1.96445347842
1.95650677945
1.94807132634
1.93918749647
1.92990001647
1.92025729757
1.91031134935
1.90011767039
1.8897343427
1.87922112324
1.86863868345
1.85804793478
1.84750938138
1.83708242562
1.82682459077
1.81679067553
1.8070318858
1.79759500301
1.78852165186
1.7798476999
1.77160282548
1.76381029156
1.75648693131
1.74964331623
1.88793859201
1.88117540621
1.87494355546
1.86923304713
1.86403015003
1.85931813676
1.85507804811
1.85128948336
1.84793134156
1.84498249159
1.84242232661
1.84023119475
1.83839074214
1.836884154
1.83569636158
1.83481414715
1.83422592671
1.83392217786
1.83389503483
1.83413831852
1.83464744539
1.83541927428
1.83645193764
1.8377446988
1.83929779002
1.84111221119
1.84318952289
1.8455317016
1.84814100381
1.85101978269
1.85417030493
1.8575946344
1.86129454903
1.8652714146
1.86952606058
1.87405867802
1.87886878482
1.88395518304
1.88931587792
1.89494799298
1.90084773124
1.90701039551
1.91343036448
1.9201010404
1.92701479253
1.93416292088
1.94153571558
1.94912248086
1.9569114777
1.96488988471
1.97304375504
1.98135804765
1.9898167313
1.99840278585
2.0070981206
2.01588354931
2.02473880252
2.03364255724
2.04257258069
2.05150581959
2.06041828824
2.06928498214
2.07807990814
2.0867762097
2.09534631717
2.10376205103
2.11199472604
2.12001521839
2.12779387122
2.13530039707
2.14250398739
2.14937355445
2.15587800199
2.16198644932
2.16766838502
2.17289378278
2.17763321833
2.18185800586
2.1855403612
2.18865358417
2.19117225662
2.19307248926
2.194332142
2.19493109552
2.19485100684
2.19407659034
2.19259509919
2.19039673979
2.18747504947
2.18382728057
2.17945467575
2.17436273955
2.16856155652
2.16206603338
2.15489600334
2.14707641697
2.13863748848
2.12961459529
2.12004820755
2.10998386492
2.09947169446
2.08856563808
2.0773235076
2.06580686815
2.05407983311
2.04220801871
2.03025785262
2.01829604683
2.00638904973
1.99460234635
1.9829995849
1.97164158677
1.96058532381
1.94988294775
1.93958094723
1.92971946354
1.92033180157
1.91144417748
1.90307570586
1.89523858982
2.04755163014
2.03979584338
2.03263213223
2.02605023677
2.02003582376
2.01457129004
2.0096365951
2.00521013109
2.00126953708
1.99779243584
1.99475703723
1.99214260054
1.98992980195
1.98810098467
1.98664040139
1.98553422057
1.98477047695
1.98433935496
1.98423280085
1.9844445632
1.98497008672
1.98580633517
1.98695159975
1.98840534676
1.99016804263
1.99224092671
1.99462577533
1.9973247489
2.00034025129
2.00367472212
2.00733042466
2.01130932237
2.01561299913
2.02024251691
2.02519826981
2.03047986702
2.03608610916
2.04201494997
2.04826339715
2.05482740609
2.06170184489
2.06888053971
2.07635624667
2.08412057753
2.09216392547
2.1004754406
2.10904313273
2.11785389293
2.12689339448
2.13614603648
2.14559491725
2.15522192528
2.1650078762
2.1749324588
2.18497408843
2.19510990656
2.20531584557
2.21556674661
2.22583655664
2.2360983328
2.2463239921
2.2564842223
2.26654863089
2.27648600792
2.28626454373
2.29585194045
2.30521550452
2.31432206483
2.32313771941
2.3316277767
2.33975707587
2.34749041866
2.35479291917
2.36163021321
2.36796855762
2.37377489853
2.37901696775
2.38366342377
2.38768403658
2.39104989805
2.39373364935
2.39570976484
2.39695481935
2.39744768479
2.39716944135
2.39610461386
2.39424062965
2.39156826906
2.38808206957
2.38378073786
2.37866741817
2.37274996253
2.36604126989
2.35855952886
2.35032828643
2.34137665477
2.33173945543
2.32145708468
2.31057542296
2.2991457251
2.28722391279
2.27486983033
2.2621475144
2.24912489895
2.23587216017
2.22246065805
2.20896255849
2.19545061419
2.18199772774
2.16867615921
2.15555644593
2.14270618079
2.13018878391
2.118062372
2.1063788038
2.09518291916
2.08451200358
2.07439552133
2.06485511484
2.05590482604
2.22308274413
2.2142364822
2.20605237273
2.19851998827
2.1916244843
2.1853474596
2.17966785464
2.1745629022
2.17000901559
2.16598259406
2.16246067611
2.15942143261
2.1568445578
2.15471152697
2.15300588138
2.15171302851
2.15082069734
2.15031861663
2.15019844786
2.15045375752
2.15107989094
2.15207377205
2.15343368775
2.15515912872
2.1572506039
2.15970938381
2.16253723033
2.16573623887
2.16930869773
2.17325685068
2.17758264896
2.1822876243
2.18737281942
2.19283862545
2.19868460618
2.20490936756
2.21151055697
2.21848483068
2.22582772334
2.23353351599
2.24159522189
2.2500046681
2.25875244777
2.26782780642
2.27721855541
2.28691109551
2.29689057536
2.30714087073
2.31764441285
2.32838213043
2.33933349776
2.35047673045
2.36178890138
2.37324574328
2.38482143355
2.39648870981
2.40821904336
2.41998292472
2.43175002897
2.44348894414
2.45516674472
2.46674905275
2.47820046532
2.4894850058
2.50056634792
2.51140788261
2.52197273034
2.53222327363
2.54212074593
2.55162548385
2.56069768366
2.56929803741
2.57738804763
2.58493010362
2.59188746075
2.59822424653
2.60390555025
2.60889759064
2.61316794295
2.61668579163
2.6194221954
2.62135041513
2.62244624455
2.62268797871
2.62205691994
2.62053795604
2.6181193807
2.61479328685
2.61055597371
2.60540838161
2.59935634128
2.59241083576
2.58458836019
2.57591116021
2.56640725128
2.55611064806
2.54506149165
2.53330591347
2.52089587707
2.50788880944
2.49434663552
2.480335474
2.46592603862
2.45119270276
2.4362113202
2.42105859367
2.40581244078
2.39055219561
2.37535813221
2.36031035061
2.34548730956
2.33096427698
2.31681186656
2.30309475575
2.28987064425
2.27718944309
2.2650927153
2.2536134135
2.24277590586
2.23259623957
2.41554882363
2.40552968033
2.39625411708
2.38771160513
2.3798868499
2.3727607012
2.36631111198
2.36051416842
2.35534505145
2.35077891308
2.34679158094
2.34336008142
2.34046305176
2.3380810076
2.33619665073
2.334794489
2.33386172019
2.33338753176
2.33336309632
2.33378157274
2.33463796985
2.33592891691
2.33765241953
2.3398076982
2.34239499602
2.34541528642
2.34886996194
2.35276067836
2.35708922101
2.36185722698
2.36706589269
2.37271585357
2.37880713456
2.38533895619
2.39230951722
2.39971586295
2.40755392561
2.41581848965
2.4245030035
2.43359943034
2.44309829264
2.45298879013
2.46325868984
2.4738941541
2.48487967809
2.49619823599
2.50783146879
2.5197595208
2.53196077789
2.54441187996
2.55708796716
2.56996300376
2.58300968325
2.59619895994
2.60949986975
2.62287996814
2.63630565584
2.64974274024
2.66315624147
2.6765095121
2.68976379869
2.7028788501
2.71581381694
2.72852782118
2.74097998784
2.75312940492
2.7649349027
2.77635374798
2.78734140992
2.79785276051
2.8078434585
2.8172705591
2.82609250326
2.8342689056
2.84176038966
2.84852857158
2.85453619505
2.85974736699
2.86412785355
2.86764538919
2.87026998336
2.87197430045
2.87273404833
2.872527607
2.87133745869
2.86914964021
2.86595422188
2.86174553915
2.85652258618
2.85028947056
2.84305563099
2.83483608481
2.82565180931
2.81552997193
2.80450388608
2.79261327377
2.77990434753
2.7664297735
2.7522482539
2.73742355419
2.72202351781
2.70612113253
2.68979427833
2.67312325259
2.65618851936
2.63907156972
2.6218565371
2.60463061251
2.5874830427
2.57050329834
2.55377902429
2.53739412284
2.52142709431
2.50594966622
2.49102572501
2.47671050143
2.46305002007
2.45008086411
2.43783024279
2.4263163065
2.62609271429
2.6148441552
2.60443422839
2.5948523205
2.58608270249
2.57810547807
2.57089759295
2.56443394072
2.55868839603
2.55363476574
2.54924754747
2.54550248153
2.54237697985
2.53985041014
2.5379043588
2.53652217301
2.53569027301
2.53539702262
2.53563277651
2.53638992974
2.53766277985
2.53944726271
2.54174067702
2.54454152948
2.54784934095
2.55166430582
2.55598693385
2.56081791066
2.56615797885
2.57200759651
2.57836659571
2.58523409336
2.5926084689
2.60048711164
2.60886615118
2.61774036437
2.62710327409
2.63694707647
2.64726235375
2.65803796038
2.66926119382
2.6809178962
2.6929921948
2.70546628288
2.71832049376
2.73153368824
2.74508330554
2.75894487181
2.77309173501
2.78749533774
2.80212586667
2.81695258085
2.83194303494
2.84706229826
2.8622732126
2.87753748758
2.89281608138
2.90807017473
2.9232596889
2.93834147264
2.95326966131
2.96799753743
2.9824788803
2.99666825984
3.01052050371
3.02399059652
3.03703284778
3.04959800401
3.06163458633
3.07309206521
3.08392253439
3.09408054322
3.10352234491
3.11220535422
3.12008795683
3.12712959774
3.13329104734
3.13853475089
3.14282521271
3.146129367
3.14841691956
3.14966078991
3.14983749642
3.14892656258
3.14691249297
3.14378374285
3.13953327919
3.13415878024
3.12766302469
3.12005435803
3.11134686529
3.10156060112
3.09072199322
3.07886406478
3.06602631429
3.05225502309
3.03760324724
3.02213111576
3.00590453526
2.98899311063
2.97147026832
2.95341728971
2.93491946903
2.9160611304
2.89692544188
2.87759862434
2.85817280004
2.83874559244
2.81941766867
2.80028975409
2.7814599513
2.7630215796
2.74506147244
2.72765864356
2.71088328135
2.69479598756
2.67944726872
2.6648773474
2.65111628057
2.6381843305
2.85608375773
2.84358740604
2.83204086302
2.82143338703
2.81174877165
2.802966314
2.79506185899
2.78800897461
2.78178005591
2.77634735921
2.77168381969
2.76776362919
2.76456267547
2.76205885053
2.76023209917
2.75906431208
2.75854073372
2.75864841732
2.75937638821
2.76071574756
2.76265952964
2.76520239125
2.76834030717
2.77207043939
2.77639094491
2.78130056018
2.78679820017
2.79288286272
2.79955352434
2.80680868736
2.81464600845
2.82306228909
2.83205346427
2.84161423433
2.85173775669
2.86241568848
2.87363832375
2.88539438541
2.89767060504
2.91045181304
2.92372130855
2.93746073796
2.95164956608
2.96626494552
2.98128218208
2.99667546925
3.01241726597
3.02847728441
3.04482264369
3.06141874994
3.07823058091
3.09522242498
3.11235552119
3.12958748203
3.14687395418
3.16417062913
3.18143315342
3.19861874256
3.2156811224
3.23256832631
3.24922608481
3.26560153115
3.28164412779
3.29730479481
3.31253443454
3.32728418563
3.34150292053
3.35513194793
3.36811202161
3.38038895326
3.39191360165
3.40263964742
3.41252199113
3.42151623656
3.42957880144
3.43666729143
3.44274096922
3.44776123419
3.45169208951
3.45450056299
3.45615706257
3.45663589207
3.45591548707
3.45397780714
3.45081068403
3.4464063586
3.44076202976
3.43387999949
3.42576805967
3.41643996984
3.40591558601
3.39422107494
3.38138933528
3.36746022706
3.35248036335
3.33650346531
3.31959021762
3.30180935502
3.28323376727
3.26393715868
3.243998616
3.22351115839
3.20256611194
3.18124716952
3.15963810582
3.13783201837
3.11593337041
3.09405444025
3.07231032026
3.05081472135
3.02967701211
3.00900018497
2.98887937435
2.96940071897
2.95064050916
2.9326645242
2.91552758457
2.89927341493
2.88393481082
2.86953406022
3.10725538505
3.09354512311
3.08091466905
3.06935304506
3.05884345631
3.04936425186
3.04088998084
3.03339262936
3.02684279974
3.02121084452
3.01646775023
3.01258573195
3.00953867579
3.00730245345
3.00585441849
3.00517500644
3.00524735587
3.0060565202
3.00758947246
3.00983526531
3.01278488537
3.01643087887
3.02076703663
3.02578831484
3.03149063383
3.03787033855
3.0449237957
3.05264738416
3.06103737042
3.07008925973
3.07979749571
3.09015559648
3.10115605935
3.11278978866
3.12504585462
3.13791185936
3.15137393718
3.16541622677
3.18002038406
3.19516629034
3.21083254801
3.22699558702
3.24362886925
3.26070330751
3.27818855041
3.29605391399
3.3142657605
3.33278623791
3.3515750226
3.37059113004
3.38979487027
3.40914525509
3.42859487842
3.44809185542
3.46758439919
3.48702313474
3.50635922955
3.52554722032
3.54453122039
3.56324670667
3.58163108056
3.59962778712
3.61718422156
3.63424867872
3.65076814347
3.66668994552
3.68195464221
3.69648885115
3.7102276945
3.7231184316
3.73511407513
3.74616861412
3.7562356901
3.76526900447
3.77322311352
3.78005417437
3.78572059617
3.79018360631
3.79340776121
3.79536138847
3.79601692016
3.79535148845
3.793346705
3.78998872978
3.78527032899
3.77918907623
3.77174788806
3.76295510303
3.75282484762
3.74137752979
3.72863995374
3.71464551391
3.69943461921
3.68305498278
3.66556129883
3.6470156193
3.62748709429
3.60705450258
3.58579554012
3.56378458325
3.54110922014
3.51788110163
3.49419011406
3.47011074089
3.44572822462
3.42115002343
3.39650083167
3.37191278202
3.34751780491
3.32344320671
3.29980934071
3.27672825444
3.2543027012
3.23262531522
3.21177795618
3.19183115304
3.17284370544
3.15486258028
3.13792310663
3.12204943194
3.381885796
3.36706368277
3.35347309742
3.34110265538
3.32993478575
3.31994664299
3.31111114431
3.30339826383
3.29677630575
3.29121316816
3.28667729694
3.28313827456
3.28056725932
3.27893717328
3.27822186955
3.27839950427
3.27945033378
3.28135637786
3.2841014929
3.28767162633
3.29205462668
3.29723977401
3.30321751522
3.30997946465
3.31751814127
3.32582623031
3.33489632574
3.3447210301
3.35529268014
3.36660239457
3.37864016066
3.39139511644
3.40485508414
3.41900574111
3.43383079916
3.44931294563
3.4654330842
3.48216930452
3.49949674836
3.51738973735
3.53582167229
3.55476227493
3.57417722689
3.59403018499
3.61428528826
3.63490723203
3.65585401
3.67707772209
3.69853010464
3.72016469876
3.74193889603
3.76380492977
3.78570197958
3.80756716264
3.82934340743
3.85097891051
3.87242161246
3.89362466929
3.91451312538
3.93500628543
3.95503824917
3.97455437827
3.99350239681
4.01182783097
4.02947272335
4.04637998586
4.06247442354
4.07766094912
4.09188097836
4.10509189011
4.11725056324
4.12831017788
4.13822193106
4.14693713748
4.15440867967
4.160591945
4.16544551011
4.1689316953
4.17101705901
4.17167282453
4.17087514358
4.16860573518
4.16485072603
4.15960312377
4.15286221938
4.14463263802
4.1349246013
4.12375397627
4.1111425693
4.09711867225
4.08171724529
4.06498003758
4.04695599679
4.02770176364
4.00728112491
3.98576535484
3.96323310091
3.93977473238
3.91546581227
3.89037750784
3.86461725843
3.83832486158
3.81156432319
3.78439177675
3.75690596822
3.72924480514
3.70156323188
3.67401671133
3.64675376656
3.61991367077
3.59362592454
3.56801000789
3.54317497772
3.51921893899
3.49622854636
3.47427850642
3.45343117641
3.43373644795
3.41523193192
3.39794342385
3.68303040296
3.66728459151
3.65294689052
3.64000527818
3.62844112592
3.61822999945
3.60934264198
3.60174633762
3.59540632614
3.59028724113
3.58635411735
3.58357292891
3.58191100641
3.58133678041
3.58181970748
3.5833344195
3.58585703565
3.58936511421
3.59383796065
3.59925699446
3.60560542809
3.61286769227
3.62102938383
3.63007732053
3.63999907065
3.65078195323
3.66241332158
3.67488062305
3.68817066305
3.70226833592
3.71715788404
3.7328229148
3.74924494995
3.7664026143
3.7842730876
3.80283365434
3.82205854029
3.84191776036
3.86237857627
3.88341016024
3.90498024647
3.9270491451
3.94957270513
3.97250741085
3.99581365726
4.01945171257
4.04336588024
4.06749575627
4.0917872694
4.11619157849
4.14066582444
4.16514950464
4.18956009836
4.21382676871
4.23789397046
4.26171103012
4.28522296614
4.30838088006
4.33106853529
4.35319438743
4.37470472451
4.39555317188
4.41568677787
4.43504526137
4.45356348272
4.4711777652
4.4877813556
4.50325569112
4.51758215155
4.5307313484
4.54265816596
4.55331068414
4.56263594592
4.57058279086
4.57710323542
4.58215321272
4.58569309125
4.58768811366
4.5881088216
4.58693143555
4.58413798149
4.57971678839
4.57366133447
4.56597408308
4.55666252724
4.54573978974
4.53322494509
4.51914290904
4.50352444397
4.48640692089
4.46783471
4.44785901752
4.4265383446
4.40393948905
4.38013638626
4.35521045416
4.32925135059
4.3023613798
4.27459722453
4.24603010893
4.21681709584
4.18712707668
4.15693702944
4.12629604256
4.09535252853
4.06429715832
4.03332049326
4.00259835864
3.97229096903
3.94254524839
3.91349659456
3.88526958245
3.85797791075
3.83172398456
3.80659844677
3.78267963655
3.76003309401
3.73871135884
3.71875409506
3.70018853922
4.01481983238
3.99844499647
3.98368320392
3.97052149742
3.95893977096
3.94891137527
3.94040402412
3.93338127791
3.92780419871
3.92363300559
3.92082805987
3.91935028016
3.91916145487
3.92022301392
3.9224998444
3.92596070418
3.93057568097
3.9363159446
3.9431543898
3.95106602649
3.96002736975
3.97001587392
3.98101044044
3.99299126272
4.00593886573
4.01983295457
4.03465411799
4.05038302666
4.06699874498
4.08447761694
4.10279729816
4.12193464354
4.14186249783
4.16255030781
4.18396835306
4.2060887249
4.22887631071
4.25229039401
4.27629007536
4.30084196285
4.32590642344
4.35142914996
4.37735524712
4.403637128
4.43023544028
4.45710361605
4.48416075577
4.51133583969
4.5385769467
4.56583774023
4.59307624836
4.62020203803
4.64710187635
4.67371456328
4.69999709525
4.72589995541
4.7513621231
4.77632542101
4.80059113062
4.82409776695
4.84682757339
4.86873741622
4.88976452076
4.9098369515
4.92887999327
4.94681677665
4.9635780779
4.97911195774
4.99335913205
5.0062511216
5.01771922747
5.02769841228
5.03612863483
5.04295547655
5.04813045415
5.05161117298
5.05336149268
5.05335172772
5.05155890616
5.04796697268
5.04256679487
5.03535613836
5.02634033102
5.01553293074
5.00295261771
4.98862408531
4.97257832303
4.9548521778
4.93548819946
4.91453584337
4.89205148012
4.86809799436
4.8427462264
4.81607542594
4.78817053557
4.75912600506
4.72904538717
4.69803448678
4.66621653457
4.63373048392
4.60069862252
4.56727206712
4.53322373664
4.49869431693
4.46394187518
4.42921928406
4.39474144066
4.36069157165
4.32723229415
4.29451230414
4.26266922913
4.23183041516
4.20211272088
4.17362192727
4.14645212605
4.12068499633
4.09638909418
4.073619481
4.05241774158
4.03281240205
4.38284592734
4.36626718996
4.35153877362
4.33864637817
4.32756775509
4.31827302167
4.31072552139
4.30488355646
4.30070245221
4.2981364085
4.29713926035
4.29766468658
4.29966611779
4.30309558015
4.30791186788
4.31407541283
4.32154745398
4.33029011731
4.34026753197
4.3514457881
4.36379183451
4.37727340836
4.39186067223
4.40752485979
4.42423654178
4.4419650375
4.46068312458
4.48036257223
4.50097146811
4.52247510039
4.54484526097
4.56805014247
4.59205012968
4.6168038678
4.64227666414
4.66843606044
4.69523165474
4.72260980882
4.75052472878
4.77894619309
4.80781997387
4.83706868419
4.8666317983
4.89646618927
4.92653744548
4.95678036698
4.98706887177
5.0173410024
5.04756172669
5.0776889043
5.10767459915
5.13736179039
5.16661423172
5.19542669231
5.22376908562
5.25158086894
5.27878697637
5.30529707997
5.33104655358
5.35597432788
5.37999926016
5.40302858249
5.42496750421
5.4457227176
5.46520510474
5.48332217969
5.50004859305
5.51540307652
5.52927322015
5.54155043426
5.55214484172
5.56098119925
5.56799552645
5.57313354353
5.57634985493
5.5776074691
5.57687758289
5.57413950415
5.5693806939
5.5625967007
5.55379100556
5.54297410088
5.53016605754
5.5153941437
5.49869204409
5.48009924719
5.45966137889
5.43742890043
5.41345784788
5.38781152019
5.36055875472
5.33177481975
5.30154490561
5.26996016565
5.23711649524
5.20312481985
5.1680998951
5.13214935719
5.09547158666
5.05827206311
5.02063841355
4.98270184064
4.94423408248
4.90539808653
4.86656027953
4.82799813111
4.78991740667
4.75248969975
4.71587054096
4.68020559856
4.64563216823
4.61227899052
4.58026540581
4.5497003389
4.52068138359
4.49329374612
4.4676091837
4.443685389
4.42156588516
4.40128043205
4.79467196462
4.77847397517
4.76440063298
4.75243565758
4.74255351589
4.73471940019
4.72889020925
4.72501678121
4.72304659957
4.72292558763
4.72459823831
4.72800757447
4.73309411078
4.7397992213
4.74807208595
4.75786154363
4.76911599408
4.78178522419
4.79582178384
4.8111793548
4.82781130275
4.84567245571
4.86472237041
4.8849200249
4.90622192385
4.92858419957
4.95197234787
4.97634544139
5.00165589251
5.02785666696
5.05491789417
5.0827938716
5.11142698355
5.14076674206
5.17077986987
5.20142773168
5.23263176191
5.26432902828
5.29647962373
5.32906348584
5.36198892189
5.39514877668
5.42849928472
5.46201430663
5.49566207328
5.52932638401
5.56281701716
5.59614584968
5.62929919298
5.66222539324
5.69484545548
5.72708664282
5.75889333664
5.79018938539
5.82087597597
5.85084540522
5.87999268205
5.90818709332
5.93551584632
5.96189859944
5.98717664154
6.01120511768
6.03385779725
6.05502143853
6.07459364716
6.0924768417
6.10859764436
6.1229192323
6.13538343143
6.14591799548
6.1544521063
6.16092353318
6.16528041508
6.16748122819
6.16749421303
6.16529680872
6.16087531782
6.15422470113
6.14534853182
6.13425878462
6.12097507804
6.10552341025
6.0879403679
6.06826980331
6.0465611384
6.02286834995
5.9972497164
5.96976528672
5.9404812823
5.90947010276
5.87680739586
5.84257821392
5.80687884496
5.76980496029
5.73146746211
5.69198964858
5.65148426683
5.61008069786
5.56793354492
5.52520646643
5.48209045455
5.43863741747
5.39503622422
5.3515965225
5.30858223533
5.26617935701
5.22454416932
5.18382473396
5.14416590932
5.10570920983
5.06859144776
5.03294312766
4.99888673867
4.96653519558
4.93599051
4.90734224153
4.88066595646
4.85602234887
4.83345706283
4.81300115057
5.26052482718
5.24548846943
5.23289373957
5.22272121773
5.21494001411
5.20950759135
5.20637129192
5.20547145682
5.2067449771
5.21012617442
5.21554570599
5.22293040497
5.23220145533
5.24329076325
5.25613135316
5.27065517598
5.28679245259
5.30447724978
5.32364727054
5.34423853686
5.36618540399
5.3894269803
5.41391109712
5.43957885783
5.46636728288
5.49421826503
5.52309368269
5.5529307828
5.58366103925
5.61522901544
5.64761265072
5.68073616159
5.71451989187
5.74891578265
5.78390338941
5.81942510929
5.85535180276
5.89163690249
5.92826553088
5.96522486756
6.00233324093
6.03947481908
6.07667538789
6.11392326331
6.15116329631
6.18832572021
6.22536655511
6.26222093772
6.29879063342
6.33496680166
6.37061824506
6.4057644531
6.44042346255
6.47441869001
6.5075735763
6.53973135533
6.57075360423
6.60049615422
6.62888920109
6.65585975247
6.681301552
6.70509476114
6.72712252329
6.74727710182
6.76546113512
6.78158803402
6.79557380681
6.8073416884
6.81684281521
6.82403953508
6.82889752615
6.83138651546
6.83148275943
6.82917060109
6.82444281327
6.81730041044
6.80775246032
6.79581590904
6.78151563416
6.76488404101
6.74595882699
6.72478446185
6.70141675972
6.67591672593
6.6483469755
6.61877218962
6.58725592913
6.55386095661
6.51865906438
6.48172271683
6.44313022283
6.40297688826
6.36136154133
6.31837983268
6.2741779967
6.22886391617
6.1825467945
6.13541068594
6.08756374521
6.03911936863
5.99035638238
5.94117528331
5.8924417709
5.844556533
5.79756506252
5.75153438136
5.70657303229
5.66281079722
5.62038608963
5.57943960587
5.54011052595
5.50253367515
5.46683701376
5.43313959711
5.40154976242
5.37216290121
5.34505935812
5.32030339727
5.29794310412
5.27801099314
5.7942607188
5.78141095471
5.77136902887
5.7641100639
5.75959401081
5.75776610435
5.75855971348
5.76190075063
5.76771195544
5.77591069712
5.78640630077
5.79910042223
5.81389216212
5.83069894294
5.84943244076
5.86999905258
5.89230384138
5.91626295846
5.94179489147
5.96880940911
5.9972156015
6.02693666811
6.05790840954
6.09004277352
6.12325245703
6.15747008433
6.19266115443
6.22871769839
6.26555176693
6.30311608725
6.34140837814
6.38027912277
6.41964190604
6.45948161446
6.49979811139
6.54047345643
6.5813084025
6.62235314639
6.66362286153
6.70507205681
6.746654303
6.78833589729
6.83004918344
6.87169467532
6.9131480004
6.95438057763
6.99549897994
7.03631741472
7.07663814477
7.1162883985
7.15510157681
7.1929622827
7.22979472605
7.26548218808
7.2998802711
7.33284014648
7.36421993026
7.39388872507
7.42170150251
7.44754335383
7.47132458721
7.49296160279
7.5123723821
7.52947927181
7.54421136672
7.55650808846
7.56631111225
7.57355647054
7.5782001014
7.58022089501
7.57961258901
7.57637762624
7.57052526512
7.562071599
7.55103955341
7.53745867238
7.52136497383
7.50280079999
7.48181507736
7.45846187297
7.43279661974
7.40488747276
7.37480915884
7.34263570335
7.30843536541
7.2722749649
7.23421024456
7.19430538759
7.15263213711
7.10925436147
7.06426529391
7.01777436655
6.96986740672
6.92066206014
6.87037192352
6.81902665447
6.76678782114
6.71392027339
6.66050037831
6.60667625166
6.5527778913
6.49906377014
6.44629526324
6.39465132203
6.34418027708
6.29495832175
6.24709528333
6.20072246943
6.15598253774
6.11302274908
6.07199038982
6.03302931039
5.99627690142
5.96186181563
5.92990152875
5.90049917785
5.87374098098
5.84969539849
5.82841336883
5.80992912434
6.41475025789
6.40541980717
6.39931987082
6.39641533948
6.39665023433
6.39995083618
6.40623078051
6.41539678217
6.42735255765
6.44198895057
6.45918124251
6.47879300364
6.50070597296
6.52481369943
6.55099517768
6.57911919084
6.60905957289
6.64071630248
6.6739801019
6.70872031938
6.744817333
6.78218500207
6.82074460002
6.86035581408
6.90091177321
6.94235357783
6.98465495481
7.02760890713
7.07114416542
7.11525580746
7.15995695627
7.20493342158
7.25018317617
7.29576405595
7.34166636797
7.3878470061
7.43428905496
7.4809433903
7.52771832494
7.57447363763
7.62130396114
7.66823558373
7.71506297209
7.76158227469
7.80760769976
7.85299007414
7.89765630814
7.9414874982
7.98432573608
8.02600315801
8.0663579629
8.10521839843
8.14242216969
8.17784395944
8.21136984068
8.24288618025
8.27227898498
8.29944661455
8.32426472129
8.34661416477
8.36640473656
8.38357113602
8.39806262303
8.40983761638
8.4188619386
8.42511004546
8.42856236944
8.42919690918
8.42699714576
8.42196163915
8.41410564877
8.40345752424
8.390055285
8.37394467982
8.35517785701
8.33381243784
8.30991106125
8.28354110717
8.25477492679
8.22368516288
8.19034720241
8.1548532978
8.1172928423
8.07773712912
8.03624880329
7.99288238722
7.94767466668
7.9007116711
7.8520507581
7.80175649978
7.74997907291
7.69683702868
7.64239385226
7.58685713369
7.53049889857
7.47326372282
7.41546064389
7.35736888204
7.29924341986
7.24131354268
7.18372963783
7.12700115829
7.07127143032
7.01670737735
6.96346925786
6.9117080125
6.86157496071
6.81322681337
6.76682536616
6.7225347615
6.68051825068
6.64093503695
6.60393718851
6.56966748887
6.53825587565
6.50981504009
6.48443789059
6.46219761981
6.44314850126
6.42732675273
7.14791815845
7.14383298666
7.14346415699
7.14675664467
7.1536273047
7.16397456962
7.17768568262
7.1946425931
7.21472214947
7.23777016853
7.2636072553
7.29205675851
7.32297549229
7.35623194529
7.39164802423
7.4290397372
7.46825042881
7.50917235426
7.55164620121
7.5954814484
7.64054030054
7.68674428427
7.7339833526
7.78202423975
7.83078228169
7.88023844633
7.93035237312
7.98072282988
8.03143877132
8.08255711842
8.13403696535
8.18586533891
8.23802571868
8.29044319133
8.34298941605
8.39567431758
8.44866127112
8.50173521598
8.55467158806
8.60725960575
8.65937382346
8.71093011795
8.76179234939
8.81178901963
8.86074287441
8.90846826677
8.95477048804
8.99950253853
9.04253449983
9.08373402683
9.12297201026
9.16010268402
9.19496343905
9.2274168047
9.25735591106
9.28469344498
9.30935081535
9.33126113784
9.35035235473
9.36654715287
9.37977872453
9.39000105072
9.39718828645
9.40133011271
9.40242771383
9.40049149989
9.39553995159
9.38759586132
9.37668391771
9.36283418639
9.3460868552
9.3264933847
9.30411543377
9.27902316644
9.25129326691
9.22100731618
9.18825091981
9.15311310962
9.11568541646
9.07605179281
9.03431778211
8.99058875691
8.94495033532
8.89743990866
8.84811472006
8.79699874811
8.74412682392
8.68965846311
8.63360775093
8.57610081107
8.51739179465
8.4575995237
8.39681054701
8.33536161134
8.27346569717
8.21139653961
8.14935697943
8.08745515808
8.02602607991
7.96532071003
7.90535465699
7.84632887311
7.78841018288
7.73177694131
7.67663136841
7.6231810304
7.57162842501
7.52217090571
7.47500279581
7.4303158013
7.3882977525
7.34913028806
7.31298610632
7.28002728785
7.25039919055
7.22422481577
7.20160385976
7.18261470198
7.16731553248
7.15574458735
8.02982440489
8.03321804911
8.04087995346
8.05271643074
8.06860078033
8.08839424191
8.11195098012
8.13912104044
8.1697388472
8.20356881284
8.2403528602
8.27988933247
8.32199924483
8.36651776541
8.41316175314
8.46169043981
8.51193607468
8.56379474842
8.61699950621
8.67129094922
8.72656049727
8.78275562161
8.8396760876
8.89695298976
8.95466031772
9.01282308944
9.07136971546
9.13029068368
9.18955318328
9.24905578992
9.30860344341
9.36851625673
9.42868396871
9.48884721322
9.54876565789
9.60826143931
9.66725635081
9.72562162657
9.78318318032
9.83975817621
9.89513611939
9.94912127826
10.0015651807
10.0523319913
10.1012857892
10.1482782131
10.1931233398
10.23565589
10.2757461859
10.3132861901
10.3481808443
10.3803341039
10.4096368152
10.4359816422
10.4592798967
10.4794660757
10.4964926661
10.5103259909
10.5209413777
10.528316189
10.5324296052
10.5332700165
10.5308405836
10.5251599435
10.516260279
10.504184272
10.4889832743
10.4707168141
10.4494489225
10.4252456655
10.3981769073
10.3683185326
10.3357537451
10.3005730374
10.2628727347
10.2227533517
10.1803185505
10.1356737004
10.0889213142
10.0401573531
9.98951983359
9.93709901534
9.88294020663
9.82701535516
9.76942017127
9.71014006512
9.64929014068
9.58714852898
9.52370824159
9.45924863844
9.39407412712
9.3284306003
9.26256531668
9.19663379172
9.13068194806
9.06520250906
9.00024539317
8.93582479518
8.87208003079
8.80921563374
8.74738540503
8.68674712213
8.62745382233
8.56967969084
8.51363557542
8.45955771729
8.40768939155
8.35827068021
8.31153565164
8.26771181771
8.22701935243
8.18966911593
8.15586039073
8.12577964
8.09958849808
8.07741866391
8.05937592661
8.04554461157
8.03598744097
8.03074370013
9.11143993362
9.12520379764
9.14384581008
9.16720019115
9.19507852098
9.22729955661
9.26367751158
9.30401805356
9.34807835712
9.39547453185
9.44588592815
9.49908408185
9.55486204216
9.61299035237
9.67299195484
9.73462141992
9.79774464553
9.86224951558
9.92764010722
9.99365496892
10.0603177885
10.127566593
10.1952806403
10.263407634
10.3318601772
10.4004769594
10.4690638905
10.5380489407
10.6071498478
10.676059184
10.7444888596
10.8123298099
10.8794753817
10.9457592965
11.0109920738
11.074958673
11.1374297783
11.1982473811
11.2572802784
11.3144054828
11.3694618351
11.4222594194
11.4726368208
11.5204684727
11.5656503603
11.6080843351
11.6476524614
11.6842296562
11.7177063505
11.7479965134
11.7750336447
11.7987639267
11.8191369024
11.836100838
11.8496088087
11.8596276212
11.8661412405
11.8691476974
11.8686590302
11.8646985301
11.8572941404
11.8464778015
11.8322890067
11.8147777903
11.7940056487
11.7700439927
11.7429721886
11.7128782929
11.679857274
11.6440068858
11.6054261722
11.5642159043
11.5204801917
11.4743276298
11.4258707432
11.3752248862
11.3225069107
11.2678312626
11.2113006625
11.1530395208
11.0932082417
11.0318025223
10.9688117794
10.9041696172
10.8381137088
10.7706596509
10.7021140588
10.632797815
10.5630503711
10.4931083603
10.4230598981
10.3531511479
10.2836917025
10.2146486149
10.1460198065
10.0779766564
10.010684583
9.94427080862
9.87885951898
9.81461377402
9.75172435919
9.69036904907
9.63071187144
9.57293183983
9.51724222778
9.46389220404
9.41315273146
9.36530138931
9.3206131936
9.27935601998
9.24178807121
9.20815486913
9.17868748244
9.15360045136
9.13306710847
9.11722277785
9.1061790221
9.10002795482
9.0988366801
9.10264155022
10.4662542308
10.4941285584
10.5275145674
10.5661232625
10.6096991199
10.658022667
10.7108548437
10.7679280163
10.8288445598
10.8929935105
10.960063011
11.0298146361
11.101997784
11.1762333225
11.2517353225
11.3284680346
11.4063474463
11.4851487791
11.5646763987
11.6447946751
11.7253000695
11.8058978839
11.8864945426
11.9673620076
12.0481132078
12.1283634782
12.2077754251
12.286235949
12.3635988736
12.4396625212
12.5142231364
12.5870087815
12.6578186334
12.7265166965
12.7929918001
12.8571021577
12.9186599445
12.9775074685
13.0335306402
13.0866465638
13.1367693989
13.1837890274
13.2275897948
13.2680733914
13.305164201
13.3388034878
13.3689374523
13.3955073817
13.4184535801
13.4377268791
13.4532926452
13.4651311428
13.4732367547
13.4776109029
13.4782576035
13.4751866465
13.4684187611
13.4579852202
13.4439297399
13.4263107738
13.4051963502
13.3806596607
13.3527784081
13.321636224
13.2873242581
13.2499409704
13.2095907271
13.1663850458
13.120442465
13.0718851675
13.0208364233
12.9674192143
12.9117568779
12.8539743331
12.7941980429
12.7325552021
12.669170286
12.6041561915
12.5376252157
12.4697286687
12.4006290609
12.3301036897
12.258214283
12.1850302328
12.1109762623
12.0364762699
11.9618312046
11.8871144217
11.8128042729
11.7389912258
11.6656109251
11.5927043822
11.5204179781
11.4488708152
11.3781551763
11.3083627363
11.2396384186
11.1721545552
11.1060714054
11.0415549865
10.9788078403
10.9180323372
10.8594204698
10.8031738303
10.7495186226
10.6987165012
10.6510599648
10.6068588078
10.5664272967
10.5300750786
10.4981014175
10.4707896129
10.4484060918
10.4311928847
10.4193190742
10.4129165333
10.4121062643
10.4169911662
10.4276386318
10.444070725
12.202772451
12.249574819
12.3024581248
12.3609572824
12.4247915822
12.4937089326
12.5673744625
12.645377709
12.7270174044
12.8114637832
12.898560818
12.9880568873
13.0795713366
13.1726613279
13.267054253
13.3624746121
13.4585350066
13.5547340459
13.6512153248
13.7478745504
13.8441435045
13.9394962631
14.0335318343
14.126048312
14.2168228429
14.3055998525
14.3921341012
14.476097094
14.5572920209
14.6355976589
14.7109373891
14.7831537052
14.8520784325
14.9175971361
14.979649652
15.0381622938
15.0930838657
15.1443457621
15.191881427
15.2356443976
15.2756047993
15.3117335335
15.3439917657
15.3723376289
15.396736678
15.417165657
15.4336154616
15.4460842905
15.4545691534
15.4590688482
15.4595878833
15.4561399536
15.4487537639
15.4374713502
15.4223416329
15.4034182077
15.3807614747
15.354438056
15.3245230429
15.2911049844
15.2542836867
15.2141663614
15.170865079
15.1244959171
15.0751794143
15.0230403452
14.9682065637
14.9108106589
14.8509906651
14.7888875968
14.7246433392
14.6583986382
14.5902928562
14.5204648434
14.449053025
14.3761928632
14.3020069432
14.2265969244
14.1501207785
14.072737295
13.9945484149
13.9151477809
13.8350643499
13.7548652006
13.6746942232
13.5950663531
13.5161246691
13.4377868954
13.3601224427
13.2832465409
13.2072420108
13.1321644028
13.0580866259
12.9851334219
12.9134528019
12.8431562209
12.7743787767
12.7073018659
12.6421183697
12.5790225821
12.5182362869
12.4599868874
12.4045010912
12.3520178722
12.302792571
12.2571093028
12.2152846188
12.1776591526
12.1445846633
12.116411802
12.0934808242
12.0761124016
12.0646087081
12.0592276464
12.060098194
12.0673501816
12.0811272086
12.1015422013
12.1286464157
12.1624212985
14.485810448
14.5576843965
14.635969458
14.7200484252
14.8097441239
14.9047100552
15.0043987248
15.1081120229
15.2152367999
15.3253627705
15.4379932575
15.552472871
15.6681015077
15.7843329962
15.9014862719
16.0187818972
16.135446126
16.2507854253
16.3643044874
16.4756258765
16.5843577304
16.6901203453
16.7925418267
16.8912213718
16.9859292825
17.0765420674
17.162998731
17.2451353137
17.3228129806
17.3959735052
17.4646347218
17.5288118444
17.5884906908
17.6436558582
17.6943100442
17.7405213092
17.7823276248
17.8197447089
17.852778118
17.8814336066
17.9057256204
17.9256801073
17.9413234138
17.9526748425
17.9597492331
17.9625607746
17.9611333437
17.9555037001
17.9457133895
17.9318060951
17.9138270323
17.8918247675
17.8658591838
17.8360043439
17.8023446001
17.7649714268
17.7239830312
17.679481545
17.6315742772
17.5803794319
17.5260252299
17.4686476142
17.4083881258
17.3453921225
17.2798079935
17.2117860436
17.1414768397
17.0690331691
16.9946111472
16.9183680001
16.8404606681
16.761043898
16.6802695636
16.5982875569
16.5152454268
16.4312784562
16.3464904607
16.2610135467
16.1750301472
16.0887067518
16.0020665152
15.9153091889
15.8290658448
15.7439122631
15.6596331482
15.5762835743
15.4940164911
15.4129320289
15.3330510834
15.2544323978
15.1771869815
15.101414262
15.0271882212
14.9546219831
14.8838788148
14.815106723
14.7484594181
14.6841278538
14.6223301182
14.5632973981
14.5072839524
14.4545474618
14.4053530024
14.3599871511
14.318749727
14.2819611999
14.2499701741
14.2231502502
14.201889145
14.1865751524
14.1775847846
14.1752699529
14.1799617164
14.1918968857
14.2111042514
14.237753783
14.2720306505
14.3140337704
14.3637540373
14.4210813295
17.5744617199
17.6791219048
17.7908144792
17.909105031
18.0334007561
18.162856992
18.2964605446
18.4332008651
18.5725627644
18.7145122021
18.8578835422
19.0015198706
19.144411624
19.2856619353
19.4246266072
19.5607200288
19.6933535277
19.821964439
19.9458937884
20.0645631492
20.177628442
20.2849132046
20.3863054698
20.4816250275
20.5707564823
20.6536995839
20.7305548516
20.801418737
20.8663636428
20.9254724897
20.9788640345
21.0266857663
21.0690825493
21.1061776842
21.1380688659
21.1649313611
21.1868635367
21.2039482487
21.2162623908
21.2238704624
21.2268285748
21.2251981358
21.2190458504
21.2084359622
21.1934267876
21.1740692549
21.1504172296
21.1225364494
21.0905009242
21.0543909382
21.0142895935
20.9702813867
20.9224595015
20.8709298988
20.8158093893
20.7572238259
20.6953075376
20.6301983932
20.5620375892
20.4909754781
20.4171703452
20.3407866844
20.2619940201
20.1809653354
20.0978758202
20.0129009175
19.9262137386
19.8379872707
19.7483958471
19.6576126074
19.5658085471
19.4731506159
19.3798002332
19.2859144037
19.1916418591
19.0970959151
19.0023680436
18.9076789341
18.8131986537
18.7190797396
18.6254619862
18.533523736
18.4432340638
18.354388797
18.2670227484
18.1813199902
18.0973819453
18.0153189831
17.9351749262
17.8569929368
17.7808743332
17.7069400227
17.6352902051
17.5660445692
17.4993699604
17.4354439381
17.3744547531
17.3166165477
17.2621736144
17.21139726
17.1645850429
17.1220316607
17.0840431327
17.0509600358
17.0231378508
17.00094511
16.9847698865
16.9750197159
16.9721132909
16.9764669387
16.9884796543
17.0085180407
17.0369165244
17.0738078164
17.1190685888
17.173050276
17.2359467779
17.3077543193
17.3883162081
17.4773490367
21.9043409566
22.0532830085
22.2093934096
22.3722108065
22.5403354351
22.7121977304
22.8863033087
23.0614648048
23.2364087263
23.4100144588
23.5812207727
23.7489915744
23.912362704
24.070454636
24.2222380112
24.3670421733
24.5044252624
24.6340537084
24.7555668955
24.8686285161
24.9730815236
25.0689715689
25.1564782385
25.2357939936
25.3071032715
25.3706195132
25.4266076469
25.4753717276
25.517211799
25.5523992916
25.5811809727
25.6038015412
25.6205100398
25.6315366834
25.6370727893
25.6373044508
25.6323911577
25.6224754197
25.6076851978
25.5881291994
25.5638969068
25.5350741628
25.5017504141
25.4640164896
25.4219616125
25.3756678777
25.3252183181
25.2707068374
25.2122364457
25.1499199464
25.0838762167
25.0142264197
24.9411005779
24.8646411783
24.7850010193
24.7023422091
24.6168365392
24.5286590969
24.4379869223
24.3450056005
24.2499071564
24.1528878184
24.0541471145
23.9538865969
23.8523087147
23.7496145148
23.6460001215
23.5416594302
23.4367862456
23.3315711156
23.2262006258
23.1208550848
23.015702721
22.9108981742
22.8065669224
22.7027630595
22.599703508
22.4976230681
22.3966907274
22.297045218
22.1989555688
22.1032871719
22.0099779506
21.9190650239
21.8308196642
21.7453321534
21.6626030658
21.5827020668
21.5056983344
21.4316553155
21.3606695921
21.2928654329
21.228368439
21.1673211747
21.1098989857
21.0563029812
21.0067625907
20.9615283011
20.9208762725
20.8851205178
20.8546087079
20.8296753154
20.8106655097
20.7979747472
20.7920172628
20.7932117817
20.8019833736
20.8187638815
20.8439856368
20.8780684074
20.9214017876
20.9743298402
21.0371204257
21.1099909088
21.1932514673
21.2870611737
21.3912981825
21.5056600058
21.6297004974
21.7628315662
28.2096093773
28.4131627208
28.6211179772
28.8318663283
29.043774462
29.2549958271
29.4642465775
29.6700597296
29.8709339405
30.0652133851
30.2516028978
30.429152088
30.5971367865
30.7550075871
30.9021002863
31.0379884253
31.1623519386
31.2750848855
31.3763086264
31.4662616755
31.5452476318
31.6136467524
31.6719184655
31.7205736378
31.7601201295
31.7910366481
31.8137728811
31.8287793199
31.8365087257
31.8373800249
31.8317528643
31.8199405323
31.8022402741
31.7789282297
31.7502434077
31.7163875932
31.6775339775
31.633840362
31.5854511234
31.5324931292
31.4750727616
31.4132909852
31.3472520927
31.277064458
31.2028400877
31.1246871869
31.042717676
30.9570575448
30.8678435698
30.7752249232
30.679359296
30.5804075138
30.4785410727
30.3739458642
30.2668184134
30.1573639202
30.0457971666
29.932334656
29.8171926225
29.700595952
29.582775581
29.4639651197
29.3443992615
29.2243122554
29.1039370645
28.9835031626
28.8632321667
28.7433415812
28.624048263
28.5055643143
28.3880968054
28.271845496
28.1569749259
28.0436002829
27.9317608118
27.8215574814
27.713386916
27.6074609085
27.503944128
27.402993483
27.3047601547
27.2091948886
27.1165258441
27.027418144
26.9424166094
26.8615249622
26.784776242
26.7122756406
26.6441335047
26.5804461031
26.5213157375
26.4668671681
26.4172463602
26.3726262451
26.3332023054
26.299202965
26.2709037998
26.2486005382
26.2326081694
26.2232866328
26.2210357137
26.2262244343
26.2392266887
26.26048205
26.2904487272
26.3295757802
26.3782993862
26.4370421851
26.5062074235
26.5861646262
26.6772274876
26.7796357278
26.8934942482
27.0190725793
27.1570600512
27.3070222819
27.4683262152
27.6402227436
27.8218112349
28.0120176981
37.7120881956
37.9654506198
38.2177369913
38.4661586085
38.7083239015
38.942959563
39.1687518599
39.384499041
39.589009353
39.7809083447
39.9589837544
40.122426068
40.270834427
40.4041311217
40.5223406795
40.6257110871
40.7141930684
40.7881835033
40.848434716
40.8957977698
40.9310738366
40.9549983563
40.9682718543
40.9716060813
40.9657168829
40.9512783035
40.9288824777
40.8990613685
40.8623238318
40.8191411824
40.7699145395
40.7149730011
40.6546098216
40.589089994
40.5186454105
40.4434640388
40.3637042384
40.2795136751
40.1910322418
40.0983878618
40.0016919074
39.9010568786
39.7966055671
39.6884701005
39.5767911606
39.4617081402
39.3433687064
39.2219422125
39.0976131342
38.9705806956
38.8410530792
38.7092402708
38.575364762
38.4396671727
38.3024001264
38.1638234678
38.0242050507
37.8838109552
37.7429031776
37.6017529798
37.4606383483
37.3198386804
37.1796316573
37.0402911854
36.902087055
36.7652831169
36.6301319718
36.4968805438
36.365775843
36.2370589097
36.1109670771
35.987733473
35.8674526818
35.7500626779
35.6354681721
35.5242784968
35.4168389281
35.3133674087
35.2140473705
35.1190697139
35.0285883212
34.9422319643
34.8600827097
34.78245001
34.7098541251
34.6428502639
34.5818525371
34.5271446625
34.4789113781
34.4372872368
34.4023891993
34.3743466553
34.3533242046
34.3395309322
34.3331916397
34.3345627228
34.34396252
34.3617255005
34.3881923059
34.4237483732
34.4688185838
34.5237622526
34.5889264606
34.6647385556
34.7516346905
34.8500123577
34.9602193757
35.082552542
35.2172524394
35.3644869476
35.5243241417
35.6967047867
35.8814097356
36.0779935925
36.2858128509
36.5041445168
36.7320597036
36.9683683202
37.2116223785
37.4601440668
52.6640640469
52.9445627746
53.2148028901
53.4712441376
53.7130258335
53.9391491683
54.1490387102
54.3419824938
54.5172085013
54.6739578222
54.8116214205
54.9299186661
55.028988887
55.1093283563
55.1716858045
55.2169733989
55.2458690928
55.2598135465
55.2601030254
55.2478390599
55.2240083744
55.1895116629
55.1451636922
55.0917377616
55.0299938867
54.9606472222
54.8843088961
54.8014922075
54.7126641492
54.6182494414
54.518601305
54.4139963636
54.3046764876
54.1908593631
54.0727365813
53.950459603
53.8241596787
53.6939727239
53.5600394384
53.4224960218
53.2814675757
53.1370919409
52.9895308988
52.8389637611
52.6855822485
52.5295774457
52.3711529675
52.2105435842
52.0480043399
51.8838053902
51.718223638
51.5515343909
51.3840264941
51.2160108387
51.0478107724
50.8797530664
50.712168963
50.5453833084
50.3797122443
50.2154820775
50.0530269418
49.8926800446
49.7347687037
49.5796126748
49.4275249335
49.2788104421
49.1337599391
48.9926576967
48.8557902362
48.7234357375
48.595881863
48.4734102063
48.3556915683
48.2420785076
48.1332265992
48.0300858699
47.9330188227
47.8422582983
47.7580281897
47.68056557
47.6100728505
47.5463428365
47.4893472916
47.4391315969
47.3959773449
47.3605300404
47.3334722253
47.315275678
47.3062051386
47.3064461777
47.316144928
47.3354337455
47.3644908793
47.4035634519
47.4528882971
47.5127097538
47.5833444861
47.6651062074
47.7582762262
47.8631655837
47.9801112083
48.1093131226
48.2509246258
48.4052027403
48.5723874404
48.7526151929
48.9459014376
49.1521453087
49.3711310088
49.6025146317
49.8457994012
50.1003053855
50.3651655736
50.6391647137
50.9205078948
51.2074898416
51.4984774844
51.7917077276
52.0851910255
52.3767168584
78.2773966351
78.5421839891
78.7823206267
78.9985114744
79.1927030664
79.3656593513
79.5173307542
79.6471981229
79.754914174
79.8404881124
79.9042502841
79.9468036492
79.9690259838
79.9720129775
79.9570995117
79.9254014035
79.8794568869
79.8212628794
79.7519100594
79.6722107465
79.5829714734
79.4849985205
79.3790298486
79.2657336534
79.1457403408
79.0196306031
78.8878839435
78.7508800262
78.6089540249
78.4624107958
78.3114973848
78.1563994071
77.9972871962
77.8343300526
77.6676867817
77.4974916777
77.3238756518
77.1469946099
76.9670262559
76.7841536529
76.5985579993
76.4104429819
76.2200484387
76.0276379646
75.8334880701
75.6378774084
75.441098518
75.2434777691
75.0453635334
74.8471134378
74.6490877669
74.4516435564
74.2551481767
74.059989495
73.8665642928
73.6752652599
73.4864829232
73.3005995829
73.1179860427
72.9390197091
72.7640850658
72.5935610273
72.4278151332
72.2672045116
72.1120779748
71.9627758471
71.8196248791
71.6829448055
71.5530587173
71.4302756498
71.3149838324
71.2074103022
71.1051183033
71.0074513618
70.9176062908
70.8363033835
70.7638480314
70.7005167871
70.6465917912
70.6023570638
70.5680329284
70.5436888628
70.5294097099
70.5252509318
70.531362275
70.5481412379
70.5761564675
70.6158437815
70.6674621839
70.7312473907
70.8073975337
70.8960596578
70.9974236176
71.1117517292
71.2392330418
71.3800183662
71.5343252399
71.7023118441
71.8840378812
72.0795657995
72.2889385714
72.5119481876
72.748316735
72.9979001985
73.2604565398
73.5355281572
73.8224533713
74.1203921968
74.4283356381
74.7450996906
75.0693135771
75.399408071
75.7336212888
76.0699199452
76.4058261084
76.7388058675
77.066454808
77.3864424316
77.6964305218
77.9940189209
132.790357409
132.976942146
133.126980838
133.251936747
133.35250215
133.430106502
133.485074941
133.518033058
133.529805076
133.521440308
133.494188314
133.44939988
133.388443072
133.312695184
133.223597999
133.122193308
133.011131003
132.891502297
132.764157813
132.629726861
132.488774708
132.341851517
132.189453995
132.03199328
131.869824571
131.703264298
131.532574902
131.357949862
131.179550528
130.997541327
130.812073244
130.623273558
130.431268244
130.236213497
130.038277257
129.837638108
129.634484243
129.42903397
129.221538891
129.012268284
128.801506345
128.589553217
128.37674137
128.163424891
127.949966209
127.736741
127.524129851
127.312528304
127.102349583
126.894002195
126.687894914
126.484437795
126.284035509
126.087097943
125.894036094
125.705248603
125.521122312
125.342042436
125.168383834
125.000510635
124.8387897
124.683577713
124.53521689
124.394039779
124.260370838
124.134528518
124.016826474
123.907569026
123.807059445
123.715580912
123.633806426
123.560808682
123.486873925
123.422685787
123.368799534
123.325365919
123.292672834
123.271016577
123.260697522
123.262003645
123.275139232
123.300373001
123.337962578
123.388057605
123.450778691
123.526252716
123.614746425
123.716480138
123.83165797
123.960588702
124.103537788
124.260686541
124.432253701
124.618478284
124.819428114
125.035109502
125.265565777
125.510674017
125.770156661
126.043717909
126.330941834
126.631053991
126.943265406
127.266899695
127.600989912
127.944242189
128.29513418
128.651949582
129.012783184
129.375546956
129.737985039
130.097699139
130.452166553
130.798754029
131.134746602
131.457444669
131.764253644
132.052786965
132.320914682
132.566695677
328.671906537
328.766530559
328.845562765
328.903482458
328.941308104
328.959840915
328.959825017
328.942215517
328.908424774
328.860350778
328.799962949
328.728939987
328.648796474
328.560767925
328.466005392
328.366140187
328.26198312
328.153815077
328.041772886
327.926436494
327.808421146
327.68811265
327.565699158
327.441444201
327.315601355
327.188223071
327.059191021
326.928525262
326.796374266
326.662728139
326.527458617
326.390544893
326.252139417
326.112305483
325.971060182
325.828414645
325.684531449
325.539635152
325.393879102
325.247383585
325.10030324
324.952928267
324.805541354
324.658372094
324.511648551
324.365572877
324.220448152
324.076622938
323.934352868
323.793898803
323.655498984
323.519377081
323.38584329
323.255201784
323.12768594
323.003519625
322.882943416
322.766136054
322.653296539
322.544705165
322.440578303
322.341094315
322.246434385
322.156777558
322.072301744
321.993169477
321.919522211
321.851552271
321.789463894
321.733390237
321.685519089
321.647362725
321.621219114
321.602299881
321.590546872
321.586156885
321.589301329
321.600159535
321.618935539
321.645818162
321.680933066
321.724566343
321.776975233
321.83831094
321.90869857
321.988177092
322.076849881
322.174766664
322.282066793
322.399034668
322.525879937
322.662755768
322.80987003
322.967388024
323.135281545
323.313519355
323.502074338
323.700696471
323.909030335
324.126715788
324.353198322
324.587610214
324.829200761
325.077222209
325.33049952
325.587612909
325.847017501
326.107027045
326.365812782
326.621423404
326.871817236
327.114905822
327.348576982
327.57075307
327.779518643
327.973095757
328.149817499
328.308261283
328.447328594
328.566180882
1843.48813705
1843.48772308
1843.48688524
1843.48566582
1843.48410407
1843.48222332
1843.4800616
1843.47766584
1843.47508526
1843.47236446
1843.46953908
1843.46663773
1843.46368332
1843.46069488
1843.45768787
1843.45467695
1843.45165176
1843.44861012
1843.44555825
1843.44250342
1843.43944883
1843.4363948
1843.4333416
1843.43028912
1843.42723537
1843.42417737
1843.42111389
1843.41804534
1843.41497111
1843.41189005
1843.40880272
1843.40571172
1843.40261925
1843.39952717
1843.39643818
1843.39335647
1843.39028696
1843.38723388
1843.38420136
1843.38119423
1843.37821831
1843.37527933
1843.37238219
1843.3695318
1843.36673315
1843.36399173
1843.36131318
1843.35870212
1843.35616278
1843.35369945
1843.35131629
1843.34901776
1843.3468081
1843.34469074
1843.34266875
1843.34074538
1843.33892356
1843.33720621
1843.33559671
1843.33409791
1843.33271215
1843.33144181
1843.3302894
1843.3292574
1843.32834832
1843.32756468
1843.32690936
1843.32638539
1843.32599553
1843.32574264
1843.32562904
1843.32565783
1843.32583734
1843.3261722
1843.32666504
1843.32731874
1843.32813694
1843.329124
1843.33028476
1843.33162338
1843.33314641
1843.3348611
1843.33677205
1843.33888294
1843.34119566
1843.34371189
1843.34643349
1843.3493638
1843.35250933
1843.35587596
1843.3594677
1843.3632887
1843.36734201
1843.37162654
1843.37613931
1843.38087688
1843.38583096
1843.39098908
1843.39633734
1843.40185758
1843.40752458
1843.41331245
1843.41919455
1843.42513362
1843.43108436
1843.43699948
1843.44282888
1843.44851915
1843.45401465
1843.45925887
1843.46419602
1843.4687726
1843.47293912
1843.47665379
1843.47988274
1843.48259771
1843.48477847
1843.48641567
1843.48751145
1843.48807943
)
;

boundaryField
{
    bottomWall
    {
        type            omegaWallFunction;
        blending        binomial;
        n               2;
        value           nonuniform List<scalar> 
120
(
1974.79302041
1972.88351726
1984.51627932
2055.79392499
2222.71483174
2356.70527156
2378.4284236
2300.00411642
2153.97254689
1966.46001335
1762.78569622
1583.64619519
1435.68033109
1312.23566472
1208.29636554
1120.03906294
1041.43289341
963.354888254
885.923204077
810.58753539
738.636563577
671.785363013
614.588478398
568.675871931
533.500778316
508.875658825
494.940667494
492.068826272
493.666636884
493.67941932
493.692487464
493.706035544
493.719133228
493.731714406
493.743609784
493.754813813
493.765293555
493.775044383
493.784050153
493.792298212
493.799772937
493.806460101
493.812347806
493.817431079
493.82171538
493.825213228
493.827925219
493.82979697
493.83084152
493.831117473
493.830660338
493.829512526
493.827720716
493.825335488
493.82241034
493.819000749
493.81516354
493.810955539
493.806433044
493.801650807
493.796661589
493.791515398
493.786259005
493.780935705
493.775584727
493.770241167
493.764935503
493.759694315
493.754540547
493.749494846
493.744576106
493.739800553
493.73518119
493.730727489
493.726445032
493.722336293
493.718400796
493.714637492
493.711044682
493.707619719
493.704358837
493.701256454
493.698305022
493.69549573
493.692818493
493.690263141
493.687818356
493.685472617
493.683216834
493.681031338
493.678894739
493.676629571
492.085988404
494.959798154
508.894404113
533.519728979
568.694561796
614.606718216
671.802837383
738.653032317
810.609624324
885.955229823
963.399769724
1041.49378192
1120.1173264
1208.39229915
1312.35109936
1435.81894485
1583.81516027
1762.99858355
1966.75003274
2154.38987639
2300.61578226
2379.35825446
2358.11073456
2224.70042402
2057.57982631
1985.31816059
1972.92297209
1974.75155114
)
;
    }
    topWall
    {
        type            omegaWallFunction;
        blending        binomial;
        n               2;
        value           nonuniform List<scalar> 
120
(
1843.48813705
1843.48772308
1843.48688524
1843.48566582
1843.48410407
1843.48222332
1843.4800616
1843.47766584
1843.47508526
1843.47236446
1843.46953908
1843.46663773
1843.46368332
1843.46069488
1843.45768787
1843.45467695
1843.45165176
1843.44861012
1843.44555825
1843.44250342
1843.43944883
1843.4363948
1843.4333416
1843.43028912
1843.42723537
1843.42417737
1843.42111389
1843.41804534
1843.41497111
1843.41189005
1843.40880272
1843.40571172
1843.40261925
1843.39952717
1843.39643818
1843.39335647
1843.39028696
1843.38723388
1843.38420136
1843.38119423
1843.37821831
1843.37527933
1843.37238219
1843.3695318
1843.36673315
1843.36399173
1843.36131318
1843.35870212
1843.35616278
1843.35369945
1843.35131629
1843.34901776
1843.3468081
1843.34469074
1843.34266875
1843.34074538
1843.33892356
1843.33720621
1843.33559671
1843.33409791
1843.33271215
1843.33144181
1843.3302894
1843.3292574
1843.32834832
1843.32756468
1843.32690936
1843.32638539
1843.32599553
1843.32574264
1843.32562904
1843.32565783
1843.32583734
1843.3261722
1843.32666504
1843.32731874
1843.32813694
1843.329124
1843.33028476
1843.33162338
1843.33314641
1843.3348611
1843.33677205
1843.33888294
1843.34119566
1843.34371189
1843.34643349
1843.3493638
1843.35250933
1843.35587596
1843.3594677
1843.3632887
1843.36734201
1843.37162654
1843.37613931
1843.38087688
1843.38583096
1843.39098908
1843.39633734
1843.40185758
1843.40752458
1843.41331245
1843.41919455
1843.42513362
1843.43108436
1843.43699948
1843.44282888
1843.44851915
1843.45401465
1843.45925887
1843.46419602
1843.4687726
1843.47293912
1843.47665379
1843.47988274
1843.48259771
1843.48477847
1843.48641567
1843.48751145
1843.48807943
)
;
    }
    inlet_half0
    {
        type            cyclic;
    }
    inlet_half1
    {
        type            cyclic;
    }
    outlet_half0
    {
        type            cyclic;
    }
    outlet_half1
    {
        type            cyclic;
    }
    sideRight_half0
    {
        type            empty;
    }
    sideRight_half1
    {
        type            empty;
    }
    sideLeft_half0
    {
        type            empty;
    }
    sideLeft_half1
    {
        type            empty;
    }
}


// ************************************************************************* //
