/*--------------------------------*- C++ -*----------------------------------*\
| =========                 |                                                 |
| \\      /  F ield         | OpenFOAM: The Open Source CFD Toolbox           |
|  \\    /   O peration     | Version:  2306                                  |
|   \\  /    A nd           | Website:  www.openfoam.com                      |
|    \\/     M anipulation  |                                                 |
\*---------------------------------------------------------------------------*/
FoamFile
{
    version     2.0;
    format      ascii;
    arch        "LSB;label=32;scalar=64";
    class       volScalarField;
    location    "5000";
    object      p;
}
// * * * * * * * * * * * * * * * * * * * * * * * * * * * * * * * * * * * * * //

dimensions      [0 2 -2 0 0 0 0];

internalField   nonuniform List<scalar> 
15600
(
-0.0825491310605
-0.0734218743285
-0.0724048670342
-0.0443992926079
-0.0255866943192
-0.0175600622521
-0.0140682475098
-0.0114230293325
-0.00982939704994
-0.0086272392732
-0.00787228477767
-0.00731958177228
-0.00690074865691
-0.00659558393803
-0.00634514159625
-0.00611313362817
-0.00581425802126
-0.00543451897984
-0.00494781406629
-0.00435489378191
-0.00369084250201
-0.00305935053395
-0.00249582260589
-0.00202186536485
-0.00170545139375
-0.00157223403973
-0.00167534204972
-0.00260544878708
-0.00340451133503
-0.00360191380312
-0.00345382861317
-0.00288972537132
-0.00197253132615
-0.000725736543588
0.000814943960712
0.0026252073713
0.00468195283546
0.00696667675033
0.00946271095764
0.0121553643749
0.0150310279179
0.0180769125422
0.0212806683448
0.0246301737215
0.0281134057292
0.0317182309581
0.0354320940352
0.0392425610448
0.0431375544522
0.0471050538073
0.0511332511134
0.0552106354141
0.0593260343119
0.0634686661683
0.067628196171
0.0717947855373
0.0759591390198
0.0801125453221
0.084246906682
0.0883547616901
0.0924292933747
0.0964643399075
0.10045438448
0.10439454931
0.108280565441
0.11210875707
0.115875983129
0.119579607878
0.123217436207
0.126787688858
0.13028903755
0.133720601554
0.137081917873
0.140372917278
0.143593813073
0.146745080511
0.149827338577
0.152841333816
0.155788006639
0.158668390211
0.161483769083
0.164235360416
0.166924754381
0.169553079049
0.172122422868
0.174633523833
0.17708991616
0.17949154637
0.181845459235
0.184150427558
0.186419028716
0.18865331257
0.190820447613
0.193097852525
0.195374267989
0.197799625262
0.200291135425
0.202878479197
0.205490047934
0.20807524757
0.210409778638
0.212294460908
0.213432032891
0.213597534192
0.212522432028
0.210389758176
0.207141379988
0.202467345608
0.195980840551
0.186758113834
0.173220169671
0.151382400961
0.119039156835
0.0733557118209
0.0083814273814
-0.0731945368244
-0.157982367241
-0.171974257392
-0.147964436845
-0.102975342587
-0.0825431805561
-0.073375419454
-0.0723702900625
-0.0446702811774
-0.0258684052415
-0.0177263665496
-0.01416881166
-0.0114928365769
-0.0098713851338
-0.00865102508416
-0.00788017464517
-0.00731814915531
-0.00689207901691
-0.00658134557967
-0.00632757607796
-0.00609539934472
-0.00579948520341
-0.00542429790084
-0.00494321178111
-0.00435522935467
-0.00369272977328
-0.00305924760506
-0.00249279222139
-0.00201556661658
-0.00169666613308
-0.00156174806598
-0.00166418599955
-0.00260122969933
-0.00339799210047
-0.00359216699522
-0.00344272239929
-0.00287690173537
-0.00195825592238
-0.000710207814958
0.000831449097133
0.00264244410197
0.0046996821991
0.00698468183602
0.00948078916019
0.0121733283487
0.0150487029656
0.0180941361919
0.0212972900195
0.0246460551438
0.0281284201038
0.0317322586135
0.0354450241604
0.0392542999973
0.0431480280508
0.0471141990493
0.0511410158774
0.0552169802259
0.0593309319989
0.0634721013295
0.0676301645435
0.071795293307
0.0759582019994
0.0801101880286
0.0842431613634
0.0883496674532
0.0924228951493
0.0964566874755
0.100445531467
0.104384552374
0.108269483357
0.112096650176
0.115862912854
0.11956563661
0.123202627149
0.126772105109
0.130272741012
0.133703652147
0.137064372857
0.140354831394
0.143575238762
0.146726068644
0.149807939282
0.152821596009
0.155767978086
0.158648116825
0.161463296356
0.164214732994
0.166904020217
0.169532287313
0.172101632457
0.174612794961
0.177069328124
0.179471178326
0.18182541691
0.184130817347
0.186400179117
0.188634680111
0.190805244968
0.193096380493
0.195388243839
0.197829836099
0.200336883169
0.202937874979
0.205558662866
0.20814358397
0.210464134924
0.212319668028
0.213413881783
0.213524911068
0.212396186577
0.210213703034
0.206906632977
0.202157644785
0.195565734343
0.186181853125
0.172375204084
0.1501872166
0.117483156149
0.0714524634487
0.00643631876821
-0.0744192370552
-0.1575445842
-0.17114980317
-0.147653360618
-0.102935934204
-0.0825121427405
-0.0732325933076
-0.0721538113881
-0.0448338728391
-0.0261269746741
-0.0178799515475
-0.0142658381191
-0.0115618333262
-0.00991381605901
-0.00867541486452
-0.00788863361894
-0.00731704344522
-0.00688354649519
-0.00656711427955
-0.00630986125803
-0.00607744348458
-0.00578470810752
-0.00541478861411
-0.00494063422061
-0.00435967433492
-0.00370151550944
-0.00306886072775
-0.00250188586971
-0.00202326473445
-0.0017026974728
-0.00156519837168
-0.0016649778031
-0.00260621028708
-0.00339339674356
-0.0035829957905
-0.00343200906634
-0.0028641028699
-0.00194395145254
-0.000694733676121
0.000847649606028
0.00265902564762
0.0047163209936
0.00700110159099
0.00949674015431
0.0121885872084
0.0150630663461
0.0181074193588
0.0213093254312
0.0246566920348
0.0281375164936
0.0317396823219
0.0354507010677
0.0392581894443
0.0431500697987
0.047114346834
0.0511392440496
0.0552132790051
0.059325307341
0.0634645738817
0.0676207685238
0.0717840753177
0.0759452197172
0.0800955087632
0.0842268605907
0.088331827528
0.0924036038342
0.0964360365671
0.100423615353
0.104361467025
0.108245325125
0.112071515421
0.115836897617
0.119538837014
0.123175139614
0.126744024715
0.130244159472
0.133674656606
0.137035044841
0.140325247687
0.143545472073
0.146696189658
0.149778018689
0.152791703616
0.155738183414
0.158618487361
0.16143390187
0.16418564341
0.166875317959
0.169504058938
0.172073996322
0.174585872109
0.17704330453
0.179446234423
0.18180184086
0.184108891452
0.186380522501
0.188616998026
0.190789720383
0.193092270887
0.195397170686
0.197852967693
0.200372841019
0.202984430969
0.205610217404
0.208189347939
0.21048945779
0.212309746214
0.213355624415
0.213409892983
0.212227689604
0.209995078722
0.206626796564
0.201798401254
0.195094335835
0.185540294639
0.171466993626
0.148963272052
0.115977485617
0.0697695146549
0.0050778312204
-0.0744170298167
-0.15535057071
-0.169008739232
-0.146818053035
-0.102811802595
-0.0824199880056
-0.0729437132735
-0.0716354282571
-0.0447861916627
-0.0263673227839
-0.0180144952933
-0.0143522772049
-0.011626288705
-0.00995452051207
-0.00869926754385
-0.00789703445238
-0.00731600580507
-0.00687511084406
-0.00655306838042
-0.00629238917789
-0.00605980161796
-0.00577079626842
-0.00540748931069
-0.00494264494298
-0.00437242364054
-0.00372371745709
-0.00309715530164
-0.00253436188949
-0.00205820767711
-0.00173801889045
-0.00159862678643
-0.00169615668286
-0.00263060347576
-0.00339373591595
-0.00357620375544
-0.00342094547854
-0.00284920497321
-0.00192687782678
-0.000676441101636
0.000866245101403
0.00267727674934
0.00473367990783
0.00701713149826
0.00951106790407
0.0122008941682
0.0150730740879
0.0181148848346
0.021314039572
0.0246584868518
0.0281362414686
0.0317351807489
0.0354429172825
0.0392471397377
0.0431357384405
0.0470967398778
0.0511183979544
0.0551892545267
0.0592981885759
0.0634344661137
0.0675877959712
0.071748378772
0.0759069541056
0.0800548405692
0.0841839653271
0.0882868874651
0.0923568056328
0.0963875690305
0.10037366715
0.1043102251
0.108192972972
0.112018232842
0.115782860688
0.11948421952
0.123120114058
0.126688759969
0.130188816967
0.133619387989
0.136979990201
0.140270537118
0.143491227549
0.14664252932
0.149725061534
0.152739568819
0.155686991161
0.158568356486
0.161384957178
0.164138014094
0.166829159407
0.1694595434
0.172031359992
0.174545375579
0.177005333816
0.179411203316
0.181770362493
0.184081625313
0.186358384253
0.188601030361
0.190776427036
0.193084772725
0.195396141265
0.197859168291
0.200383703967
0.202996684274
0.205616211446
0.208176996792
0.210444513924
0.212219395884
0.213209735333
0.213204682723
0.211970699591
0.209689028559
0.206257689244
0.201345269603
0.194521235818
0.184786905265
0.170448918769
0.147665534254
0.114472394346
0.0682326775339
0.00414618556758
-0.0735049513449
-0.151770971174
-0.165518629518
-0.145175655993
-0.102489168343
-0.0822312017438
-0.0725040344558
-0.0708296894622
-0.0444849173311
-0.0265840567543
-0.0181468901974
-0.0144338606867
-0.0116890063187
-0.00999532338591
-0.00872374582307
-0.00790577723882
-0.00731494554977
-0.00686622483266
-0.00653827041052
-0.0062739461598
-0.00604122957665
-0.00575698505514
-0.00540252004041
-0.00495054733304
-0.00439604362683
-0.00376292411396
-0.00314818796043
-0.00259438351022
-0.00212452608778
-0.00180680317903
-0.00166715368583
-0.00176351853882
-0.00267182678398
-0.0033938309842
-0.00356563604624
-0.0034024318619
-0.00282539316293
-0.00190088214359
-0.000649968957063
0.00089180732752
0.00270101931014
0.0047548846733
0.00703525603316
0.00952566871381
0.0122116073436
0.0150795929748
0.0181169530443
0.0213114547614
0.0246510882858
0.0281238926923
0.0317178000634
0.0354205137394
0.0392197617977
0.0431034380291
0.0470596007247
0.0510765378901
0.0551428212215
0.0592473577805
0.0633794386606
0.0675287946722
0.0716856451539
0.0758407451233
0.0799854251811
0.084111621201
0.0882118979734
0.0922794568697
0.0963081469317
0.100292454646
0.104227500091
0.108109006261
0.111933288025
0.115697194446
0.119398084084
0.123033759097
0.126602429943
0.130102745933
0.133533796163
0.136895081478
0.140186501136
0.143408242574
0.146560768667
0.149644700782
0.152660785955
0.155609967809
0.158493275335
0.16131201204
0.164067409575
0.166761141317
0.169394390518
0.171969448698
0.174487134669
0.176951379644
0.179362224647
0.18172734254
0.184045674339
0.186330747986
0.188584163677
0.190763734437
0.193072146371
0.195382142816
0.197844093811
0.200363221634
0.20296630245
0.205566056807
0.208093217341
0.210312545573
0.212027721426
0.21295043427
0.212877895789
0.211587936736
0.20925308758
0.20575157174
0.200743788332
0.193782601165
0.183843400527
0.169215330287
0.146140981234
0.112745434532
0.0665114292457
0.00313054770448
-0.0724716926855
-0.147808081244
-0.161408426283
-0.142942469393
-0.10193234509
-0.0819463390555
-0.0719534642713
-0.0698515008499
-0.0439760198051
-0.0267254832498
-0.0182776206736
-0.0145164292184
-0.0117514647866
-0.0100371447342
-0.00874947110781
-0.00791514683424
-0.00731385596977
-0.00685657058357
-0.00652211988702
-0.00625373331853
-0.00602091081654
-0.00574267713964
-0.00539946666739
-0.00496382637756
-0.00442941344001
-0.00381679756636
-0.00321799911174
-0.00267622456431
-0.00221485148419
-0.00190079878281
-0.00176240262698
-0.00185867352576
-0.00272395970496
-0.00339438192872
-0.0035527755454
-0.00337875431188
-0.00279576993047
-0.00186933834533
-0.000618727134194
0.000921090184359
0.00272729111964
0.00477734879788
0.00705333103807
0.0095388942561
0.0122196171084
0.0150820879533
0.0181136951042
0.0213022664102
0.0246358392884
0.0281024999186
0.0316902440746
0.0353868392028
0.0391800495463
0.0430577951645
0.0470081693979
0.0510194944991
0.055080373492
0.0591797426363
0.0633069188465
0.0674516553017
0.0716041900511
0.0757552931944
0.0798963066424
0.0840191739992
0.0881164644891
0.0921813807386
0.0962077699297
0.100190113659
0.104123524966
0.108003717607
0.111826997223
0.115590204041
0.119290690836
0.122926256299
0.12649510479
0.129995873936
0.133427637315
0.136789877453
0.140082477669
0.143305612626
0.146459740015
0.149545484296
0.152563596512
0.155515026183
0.158400805573
0.161222253204
0.163980615825
0.166677616768
0.169314481013
0.171893615319
0.174415904658
0.176885497761
0.179302525376
0.181675001082
0.184002007909
0.186297179926
0.188563427212
0.190748217482
0.193054337323
0.195357220286
0.197812281016
0.200318705222
0.202903462004
0.205473240466
0.207955146284
0.210113792253
0.211757116872
0.212601037831
0.212451862887
0.21109826271
0.208702195577
0.205120063185
0.200002612661
0.192884431205
0.182713496865
0.167765083715
0.144374447871
0.110761434277
0.0645434909804
0.00192220325449
-0.0715416491809
-0.143857865432
-0.15713989835
-0.140418994636
-0.101188635757
-0.0815774610906
-0.0713281282827
-0.0687843065171
-0.0433273303669
-0.0267742651139
-0.0183929471853
-0.0146036419714
-0.0118155422893
-0.0100807879106
-0.00877685934976
-0.00792526604804
-0.00731259661622
-0.00684574158088
-0.0065039969839
-0.00623101629625
-0.00599806928594
-0.00572697374059
-0.00539699790847
-0.00498030805549
-0.00446903735559
-0.00388018508189
-0.00329997369308
-0.00277217064025
-0.00232082944555
-0.00201177616001
-0.00187619709466
-0.00197309276443
-0.00278534230135
-0.00340034226503
-0.00354297272663
-0.00335556236032
-0.0027658946798
-0.00183726939428
-0.000587107943306
0.000950392937359
0.00275308518531
0.00479875366824
0.00706971206252
0.00954975973238
0.0122245831871
0.015080849317
0.0181060187294
0.0212879828142
0.0246148362796
0.0280747196732
0.0316556871103
0.0353455643171
0.039132157428
0.0430034225853
0.0469474887012
0.0509527129085
0.0550077305348
0.0591015078061
0.0632233879896
0.0673631469779
0.0715110416553
0.0756578571546
0.0797949464615
0.0839142605348
0.0880083725066
0.0920704856471
0.0960944445508
0.100074725118
0.104006432486
0.107885270224
0.111707533839
0.115470053658
0.119170175924
0.122805695163
0.126374808975
0.129876142797
0.133308754149
0.136672106582
0.139966067022
0.143190796697
0.146346748053
0.149434548618
0.152454953997
0.155408920885
0.158297486004
0.161121984941
0.163883681392
0.166584351758
0.169225265245
0.171808947987
0.174336353139
0.176811850433
0.179235651257
0.181616115341
0.18395239793
0.186258288985
0.188537384123
0.190727830229
0.19303215285
0.195324373183
0.197768966798
0.200257858137
0.202818460769
0.205351264067
0.207780010565
0.209869279817
0.211432098505
0.212189035635
0.21195594557
0.210531301302
0.208065549419
0.204392420561
0.199151960978
0.191859225807
0.181434500172
0.166143185972
0.142418816871
0.108582713599
0.0624032328365
0.000605650627283
-0.0706517378722
-0.139936031278
-0.152829593663
-0.137742728196
-0.100298739269
-0.0811347750005
-0.070645486263
-0.0676755472201
-0.042605325035
-0.0267378998686
-0.0185074179988
-0.0146891245987
-0.0118842348977
-0.0101272957214
-0.00880623064432
-0.00793602286961
-0.00731076211571
-0.00683311170872
-0.00648315585469
-0.00620505460915
-0.00597200156697
-0.00570901807989
-0.00539383350348
-0.00499803132944
-0.00451203756866
-0.00394927269047
-0.00338977276046
-0.00287778618063
-0.00243826118246
-0.00213597565572
-0.0020045781211
-0.0021021407205
-0.00285599150701
-0.00341449466789
-0.0035390124872
-0.00333576504664
-0.00273845862163
-0.00180696622302
-0.00055699169546
0.000978249817919
0.00277732697931
0.00481839479271
0.0070840419951
0.00955823564815
0.0122267858453
0.015076451973
0.0180947760879
0.0212697194848
0.0245894393432
0.0280421333291
0.0316159150525
0.0352986689903
0.0390782495156
0.0429426536281
0.0468800465228
0.0508788216585
0.0549276479485
0.0590155227102
0.0631318164501
0.0672663284976
0.0714093351092
0.0755516368485
0.0796845980226
0.0838001770746
0.0878909510607
0.0919501238382
0.0959715372645
0.0999496613223
0.103879592998
0.107757025297
0.111578243239
0.115340066645
0.119039834809
0.122675337553
0.126244765155
0.129746730682
0.133180275504
0.13654484404
0.139840286851
0.143066751307
0.146224684642
0.149314717042
0.15233760872
0.155294324365
0.158185905823
0.161013706922
0.163779009118
0.16648364258
0.169128920781
0.171717487762
0.174250362523
0.176732129032
0.179163055073
0.181551851072
0.183897617745
0.186214379665
0.188505605814
0.190701882551
0.193005752824
0.195284841658
0.19771625323
0.200183728784
0.202715380973
0.205205542302
0.207574866924
0.209587925064
0.211063459313
0.211726998451
0.211404131543
0.20990189679
0.207358501979
0.203584761624
0.198209328685
0.190726802889
0.180030336315
0.164380232344
0.140313506074
0.106259573392
0.0601529882656
-0.000747268511578
-0.0697358884336
-0.136006626991
-0.148495031707
-0.134966344449
-0.09929345058
-0.0806259444386
-0.069914007259
-0.066566926492
-0.0418620026313
-0.0266022672423
-0.0186594676683
-0.0147553894928
-0.0119595722731
-0.0101775959355
-0.00883763871201
-0.00794703643659
-0.00730777177423
-0.00681804364357
-0.0064590213223
-0.00617543506686
-0.00594242859249
-0.00568841879978
-0.0053892598381
-0.00501582600587
-0.00455673136256
-0.00402197007235
-0.00348520253254
-0.00299101348998
-0.00256530217544
-0.00227164388519
-0.00214537909181
-0.0022432171516
-0.00293566846071
-0.00343748078887
-0.00354164953802
-0.00332036520275
-0.00271442951909
-0.0017792622287
-0.000529056699439
0.00100415254142
0.00279967370454
0.00483609024854
0.00709629269288
0.00956444145782
0.0122264862611
0.0150692932699
0.0180804934778
0.0212481245029
0.0245604097262
0.0280056087186
0.0315718979782
0.0352472224919
0.0390194891836
0.0428767388692
0.0468071740839
0.0507992261246
0.054841598677
0.0589233212327
0.0630337923918
0.0671628356405
0.0713007471853
0.075438343505
0.0795670006033
0.0836786847063
0.0877659770235
0.0918220821863
0.0958408394438
0.0998167129418
0.103744791597
0.107620757816
0.111440886122
0.1152019855
0.11890138814
0.122536878753
0.126106639796
0.12960927201
0.133043800858
0.136409651837
0.139706659537
0.142934957268
0.146094987266
0.149187381794
0.152212905487
0.155172531666
0.15806730775
0.160898606606
0.163667727795
0.16637655474
0.169026444052
0.171620153833
0.174158762087
0.176647060483
0.179085339358
0.181482662987
0.183837923418
0.186165500169
0.188467869301
0.190669962524
0.192974890237
0.195238911676
0.197654821225
0.200097404197
0.202595761417
0.205038194399
0.20734258146
0.209273486012
0.210655866829
0.211220429104
0.21080254314
0.209216497018
0.206587644614
0.202703949387
0.197182184741
0.189495788685
0.178511806558
0.162490767572
0.138078627151
0.103819230388
0.0578267663084
-0.00209987522386
-0.0687670092483
-0.132059360421
-0.144148228583
-0.132116111406
-0.0981945750299
-0.0800557586007
-0.0691395499234
-0.0654855027693
-0.0411180042029
-0.026369767507
-0.0188251504957
-0.0147929234046
-0.0120383847625
-0.0102320979243
-0.00887086830243
-0.00795783429769
-0.00730313654286
-0.00680016030463
-0.00643138789497
-0.00614213891813
-0.00590941761695
-0.00566508453183
-0.00538289333421
-0.00503297769597
-0.00460209828835
-0.00409703987089
-0.00358497012772
-0.00311059859073
-0.00270069309418
-0.00241737265279
-0.00229679565605
-0.00239432449785
-0.00302374966233
-0.00346926262717
-0.00355112601199
-0.0033099008034
-0.00269438888301
-0.00175469883241
-0.000503771019144
0.00102772953489
0.00281985543107
0.00485167504093
0.00710640399305
0.00956842153725
0.0122238323728
0.015059622815
0.0180635196878
0.0212236421812
0.0245282853292
0.0279657755517
0.0315243557851
0.0351920333781
0.0389567703517
0.042806653169
0.0467299227492
0.0507150495024
0.0547507727813
0.0588261550946
0.0629306237731
0.067054027011
0.0711866814225
0.0753194198219
0.0794436302807
0.0835512871495
0.087634976115
0.0916879029062
0.0957039044755
0.099677439425
0.103603588932
0.107478025038
0.111297012048
0.115057348031
0.118756358148
0.122391821703
0.125961912853
0.129465220268
0.13290075403
0.136267921272
0.139566541391
0.142796733635
0.145958935673
0.149053781133
0.152082038673
0.155044690749
0.157942790626
0.16077773068
0.163550828568
0.166264019342
0.168918700617
0.17151773806
0.174062260246
0.176557257403
0.179003000347
0.181408912312
0.183773500222
0.186111670927
0.188423992209
0.190631681212
0.192939249413
0.195186668568
0.197585103152
0.199999664592
0.202460761134
0.204850852086
0.207085379208
0.208928879693
0.210212913424
0.2106734883
0.210155681378
0.208479675394
0.205757486517
0.201754519336
0.196075327009
0.18817165544
0.176885854144
0.160484646021
0.135728525029
0.101280428465
0.0554464238519
-0.0034281783234
-0.0677300047988
-0.12809332817
-0.139800510903
-0.129206775428
-0.0970142198102
-0.0794263813235
-0.0683268097558
-0.0644361000456
-0.0403923045014
-0.026058697103
-0.0189367831045
-0.0148170474389
-0.0121113286502
-0.0102902640853
-0.00890562834104
-0.00796807202665
-0.00729662553337
-0.00677939095737
-0.00640033307227
-0.00610534949528
-0.00587313720079
-0.00563898919232
-0.00537445552608
-0.0050489665225
-0.00464740972726
-0.00417358755732
-0.00368809921893
-0.00323551957482
-0.00284330247801
-0.00257183466512
-0.00245720719641
-0.00255375555391
-0.00311951469984
-0.00350967357263
-0.0035675977283
-0.00330480578226
-0.00267882299361
-0.00173374495598
-0.000481550637501
0.00104864075282
0.00283761510014
0.00486497981474
0.00711429557315
0.00957018546315
0.0122189235438
0.0150476284367
0.0180441298064
0.021196633451
0.0244935123946
0.0279231642688
0.0314739019576
0.0351337966718
0.0388908667579
0.0427332453653
0.0466492126695
0.0506272792033
0.05465622059
0.0587251329465
0.0628234727457
0.0669411132594
0.0710683918292
0.0751961579444
0.0793158120887
0.0834193371006
0.0874993235336
0.091548978645
0.0955621375516
0.0995332537831
0.10345740132
0.107330242307
0.111148031377
0.11490755581
0.118606134058
0.12224153981
0.125811938447
0.129315906973
0.132752440883
0.136120929795
0.139421179038
0.142653293992
0.145817708411
0.148915056442
0.151946110151
0.154911861506
0.157813369727
0.160652046867
0.163429228317
0.166146898158
0.168806491265
0.171410974382
0.173961514067
0.176463287275
0.178916498788
0.181330937575
0.183704529487
0.186052933324
0.188373858529
0.190586720738
0.192898519115
0.195128131352
0.197507430862
0.199891163626
0.20231138325
0.204644954928
0.206805236704
0.208556704538
0.209737792603
0.210089852248
0.209467487319
0.207695414718
0.204871956212
0.200740434856
0.194892961381
0.186759230027
0.175158834382
0.158371294385
0.133274947668
0.0986535338387
0.0530203250891
-0.00471808384564
-0.0666111496186
-0.124106882347
-0.135459356421
-0.126247030464
-0.0957583767966
-0.0787382070787
-0.0674795642377
-0.0634090268369
-0.0397163528496
-0.0256793519063
-0.0189500044838
-0.0148749203016
-0.012170898057
-0.0103497839618
-0.00894170660382
-0.00797761080927
-0.00728823750182
-0.00675585674137
-0.00636605583284
-0.00606528746242
-0.00583373079477
-0.00561009197006
-0.00536370591641
-0.00506337247047
-0.00469208555556
-0.00425088569518
-0.00379376398248
-0.00336486882879
-0.00299208769259
-0.00273381033536
-0.00262519828949
-0.00272006741684
-0.00322228197384
-0.00355848802527
-0.00359114223909
-0.00330541443989
-0.00266811992238
-0.00171678713284
-0.000462744049611
0.00106659744395
0.00285273173655
0.00487585664673
0.00711989460161
0.00956973689735
0.012211840107
0.0150334664631
0.0180225555252
0.0211674054815
0.0244564732345
0.027878231692
0.0314210670706
0.0350731152492
0.0388224510678
0.0426572548862
0.0465658467795
0.0505367781589
0.0545588612542
0.0586212261408
0.0627133586317
0.0668251572684
0.0709469803044
0.0750696941566
0.0791847120332
0.0832840256346
0.0873602308199
0.0914065368935
0.0954167777227
0.0993854023901
0.103307478405
0.107178658686
0.11099518898
0.114753846107
0.118451942363
0.122087245714
0.125657912238
0.129162507819
0.132600014377
0.135969805134
0.139271672793
0.142505709216
0.145672345143
0.148772214249
0.151806091193
0.154774977735
0.157679939006
0.16052240664
0.163303732971
0.166025947632
0.168690518983
0.171300505553
0.173857097652
0.176365645301
0.178826236741
0.181249035899
0.183631176805
0.185989341926
0.188317420364
0.190534852616
0.192852391303
0.195063247832
0.197422011063
0.19977239043
0.202148426138
0.204421690879
0.206503814319
0.208159167685
0.209233223943
0.209472641833
0.208741288751
0.206867086285
0.203934420877
0.19966515567
0.193638833576
0.18526299929
0.173337084937
0.156158249129
0.130720701242
0.0959457298254
0.0505698180265
-0.00595521504051
-0.0653978957841
-0.120097845717
-0.131129735432
-0.123242664476
-0.0944302830512
-0.0779906394942
-0.0666009102061
-0.0623904816198
-0.0391218960682
-0.0252325313379
-0.0188589905803
-0.0150058528083
-0.0122141338857
-0.0104054854399
-0.00897886863814
-0.00798647520787
-0.00727809794849
-0.00672975573575
-0.0063287749428
-0.00602214216783
-0.00579129152801
-0.00557833106785
-0.00535042453956
-0.00507583141988
-0.00473562612959
-0.00432829643161
-0.00390121813811
-0.00349780144561
-0.00314606787534
-0.00290216944932
-0.00279952167316
-0.00289203588965
-0.00333142907475
-0.00361543179641
-0.00362176240712
-0.00331197247578
-0.00266258304388
-0.00170414240059
-0.000447643425524
0.0010813532584
0.00286501420545
0.00488417559873
0.00712313520724
0.00956707603435
0.0122026489104
0.0150172705688
0.0179989973293
0.0211362263459
0.0244175035703
0.0278313810277
0.0313663213461
0.0350105249969
0.0387521225942
0.0425793418783
0.046480543205
0.0504443193754
0.0544595193065
0.0585153071456
0.0626011980325
0.066707115797
0.0708234396502
0.0749410530958
0.0790513823382
0.0831464283165
0.0872187926701
0.0912616873377
0.0952689456319
0.0992350129462
0.103154951203
0.107024404947
0.110839612053
0.114597339393
0.118294893904
0.1219300378
0.125500917253
0.129006087702
0.132444518691
0.135815568413
0.139119018676
0.142354948334
0.145523786259
0.148626164527
0.151662859351
0.154634882512
0.1575433049
0.160389577234
0.163175067621
0.165901848047
0.168571414555
0.171186906901
0.173749523986
0.176264773311
0.178732573138
0.181163474315
0.183553598878
0.185920964266
0.188254684311
0.190475926019
0.19280056908
0.194991914809
0.197328953192
0.199643710433
0.201972538802
0.204182069118
0.206182548753
0.207738193639
0.208701571955
0.208824548378
0.207979930968
0.205997579489
0.202947811812
0.198531766748
0.192316433798
0.183687545699
0.171426026597
0.153845259953
0.128074494557
0.0932602057735
0.0483096316696
-0.00702206149142
-0.0640820551372
-0.116064823692
-0.126815614514
-0.120198041049
-0.0930319698495
-0.0771825849102
-0.0656934321161
-0.0613687238298
-0.0386293051697
-0.0247714286275
-0.018689861346
-0.015163512567
-0.0122395495738
-0.0104504735193
-0.00901639500941
-0.00799477369039
-0.00726637947494
-0.00670129925899
-0.00628868733048
-0.00597605707996
-0.00574586814249
-0.00554362629522
-0.00533439843619
-0.00508600420814
-0.00477756856219
-0.00440522189754
-0.00400974709607
-0.00363349513459
-0.00330429192605
-0.00307583902617
-0.00297905171883
-0.00306860024222
-0.00344638456903
-0.00368019689081
-0.00365940627596
-0.00332466009866
-0.00266245401637
-0.00169607851643
-0.000436501533123
0.00109269076598
0.0028742912563
0.00488981822655
0.00712395542703
0.00956219993893
0.0121914071249
0.0149991587911
0.0179736348156
0.0211033381765
0.0243769084989
0.0277829804565
0.0313100957119
0.0349465182993
0.0386804331297
0.0425001152172
0.0463939652955
0.0503506178423
0.0543589582998
0.0584081847681
0.0624878414943
0.0665878774448
0.0706986926958
0.0748111879005
0.0789168024885
0.0830075470114
0.0870760293898
0.0911154648407
0.0951196869126
0.0990831381876
0.103000876029
0.106868537616
0.110682354184
0.114439083349
0.118136027733
0.121770943831
0.125341967203
0.128847643616
0.132286931637
0.135659176002
0.138964149655
0.142201919083
0.145372912696
0.14847775968
0.151517236549
0.154492365318
0.157404222221
0.160254276306
0.163043910601
0.165775235021
0.168449766786
0.171070715138
0.173639271546
0.176161083614
0.178635844614
0.181074506641
0.183471955586
0.18584788564
0.188185702095
0.190409858001
0.192742779442
0.194914006038
0.197228307135
0.199505416658
0.201784287712
0.203927006511
0.205842761611
0.207295552706
0.208144990102
0.208147992136
0.207185947859
0.205089479215
0.20191481354
0.197343237534
0.190929487709
0.182037456351
0.169425744803
0.151438194764
0.125471562196
0.0908634684205
0.046515116206
-0.00768245358721
-0.0626692339001
-0.112007366906
-0.122520463546
-0.117116730703
-0.091564865003
-0.0763127441134
-0.0647592362839
-0.0603356607713
-0.0382545919066
-0.0243930941267
-0.0184750929828
-0.0152740576635
-0.0122497890123
-0.0104814352236
-0.00905232452191
-0.00800258884284
-0.00725326092986
-0.00667068614832
-0.00624595826496
-0.00592713468116
-0.00569747445081
-0.00550587996161
-0.00531541140818
-0.00509355694899
-0.00481746025707
-0.00448107460705
-0.00411864016904
-0.00377112748725
-0.00346581979283
-0.00325378331956
-0.00316275264042
-0.00324882062231
-0.00356661619831
-0.00375244835004
-0.00370397822867
-0.00334360417402
-0.00266792435365
-0.00169282333645
-0.000429538893575
0.00110041645609
0.00288040864764
0.00489267671863
0.00712229832135
0.00955510560697
0.0121781671819
0.0149792403311
0.0179466350608
0.0210689670566
0.0243349737491
0.0277333756062
0.0312527954201
0.034881558767
0.0386079027015
0.0424201491777
0.0463067391135
0.0502563487521
0.054257899672
0.0583006235844
0.0623740934262
0.066468282987
0.0705736129823
0.0746810011852
0.078781900434
0.0828683312657
0.0869329084041
0.0909688510388
0.0949699938295
0.0989307775346
0.10284625611
0.106712060538
0.110524416844
0.114280074245
0.11797633236
0.121610942052
0.125182027396
0.128688125359
0.132128185111
0.135501539711
0.138807955556
0.14204748751
0.145220565229
0.148327813514
0.1513700077
0.154348180134
0.157263411726
0.160117189457
0.162910909812
0.165646715462
0.168326137975
0.170952442961
0.1735267979
0.176054971442
0.17853637671
0.180982382814
0.183386417081
0.185770212267
0.188110565545
0.190336628999
0.192678782877
0.194829392234
0.197120087552
0.199357760253
0.201584195364
0.203657377086
0.205485721293
0.206832933355
0.207565501143
0.207445210456
0.206361658447
0.204145185588
0.200838061655
0.196102799851
0.189482059364
0.180313851417
0.167335928946
0.149050414451
0.12315428749
0.0888517626766
0.0450520350748
-0.00791521385486
-0.0611707605375
-0.107925071085
-0.118247335202
-0.114001840424
-0.090030099213
-0.0753797929688
-0.0637999018122
-0.0592859988154
-0.0380019908378
-0.0241116516639
-0.0182370810089
-0.0153036465268
-0.0122648897924
-0.0105021539886
-0.00908292670021
-0.00800976242299
-0.00723890530652
-0.00663809518069
-0.00620072472519
-0.00587544664278
-0.00564609808167
-0.0054649784125
-0.00529323876266
-0.00509815049954
-0.00485484468868
-0.00455526198139
-0.00422717690459
-0.00390986537866
-0.00362971325707
-0.00343499189811
-0.00334965609132
-0.00343184653407
-0.00369161825667
-0.00383182391982
-0.00375534176473
-0.00336888130233
-0.00267913836003
-0.0016945664627
-0.000426944337141
0.00110436118186
0.00288323055385
0.00489265619065
0.00711811517281
0.00954579409669
0.0121629817383
0.0149576214225
0.0179181590949
0.0210333301198
0.0242919733093
0.0276828976405
0.0311948085779
0.0348160901859
0.0385350288781
0.042339993028
0.0462194632638
0.0501621575182
0.0541570329092
0.0581933542095
0.0622607224407
0.0663491357498
0.0704490351459
0.0745513554027
0.078647562912
0.0827296885683
0.086790354445
0.0908227844405
0.0948208152795
0.098778886988
0.102692051386
0.106555934551
0.110366758941
0.114121266379
0.117816755087
0.121450970403
0.125022023813
0.128528444464
0.131969173887
0.135343535443
0.138651291567
0.141892486345
0.14506755273
0.148177109396
0.151221928596
0.154203053011
0.1571215679
0.159978977465
0.162776689658
0.16551687451
0.16820107053
0.170832585264
0.173412545559
0.175946820348
0.178434488806
0.180887352971
0.183297166768
0.185688072033
0.188029402655
0.19025627939
0.192608379823
0.194737954571
0.197004289223
0.199200967895
0.201372761363
0.203374038763
0.205112675913
0.206351978846
0.206965034603
0.206718295238
0.205509226694
0.203167063605
0.199720398955
0.194813861968
0.187975458743
0.178511344544
0.165218292792
0.146899221893
0.12112407006
0.0869697186914
0.0436377520476
-0.00797321168748
-0.0595047520449
-0.103818978707
-0.113999133882
-0.11085622426
-0.0884286931541
-0.0743824997476
-0.0628164154852
-0.0582164963692
-0.0378492652701
-0.0238904913126
-0.0179684975096
-0.0152439195825
-0.012328413564
-0.0105159864939
-0.00910358420433
-0.00801547485345
-0.00722342294292
-0.00660368301067
-0.00615310236592
-0.00582104450311
-0.00559170865697
-0.00542079490474
-0.00526764571904
-0.00509943559799
-0.0048892543808
-0.00462717882538
-0.00433462077439
-0.00404885998974
-0.00379503051109
-0.00361847074104
-0.00353884309291
-0.00361689194415
-0.00382089914776
-0.00391793125055
-0.00381331895647
-0.00340051706176
-0.00269619232635
-0.00170145744369
-0.000428872596588
0.00110438307206
0.00288264290774
0.00488967839593
0.00711136960654
0.00953427499567
0.0121459087373
0.0149344104821
0.0178883674503
0.0209966413199
0.0242481753683
0.0276318693439
0.0311365123741
0.0347505428635
0.038462293179
0.0422601774625
0.0461327153169
0.0500686661603
0.0540570218706
0.0580870795397
0.0621484674948
0.0662312076352
0.0703257608105
0.0744230785999
0.0785146410562
0.0825924898116
0.0866492548588
0.0906781655841
0.094673061803
0.0986283839967
0.102539183224
0.106401082086
0.110210301297
0.113963576443
0.117658206272
0.121291930694
0.124862847193
0.128369478179
0.131810759496
0.135186006968
0.138494981937
0.141737718662
0.144914655824
0.148026403737
0.151073729075
0.154057685651
0.156979362272
0.159840279213
0.162641854161
0.165386278501
0.16807508976
0.170711621771
0.173296944439
0.175837004452
0.178330496157
0.180789668915
0.183204401989
0.185601613584
0.187942373255
0.19016890508
0.192531414629
0.194639594528
0.196880898413
0.19903525358
0.201150476106
0.203077850453
0.204724873794
0.205854307643
0.206345442302
0.205969219811
0.204630778962
0.202157605406
0.198564431702
0.193477008042
0.186402809319
0.176652702937
0.16326561435
0.144998703098
0.119142990796
0.0850374947899
0.0422187756882
-0.007998697485
-0.0575383145158
-0.0997028461451
-0.109778681906
-0.107682585211
-0.0867616666409
-0.0733198032591
-0.0618091415867
-0.0571258168923
-0.0377593202586
-0.0237376813857
-0.0176457964093
-0.0151092188554
-0.0124469217232
-0.0105175202043
-0.00911171267604
-0.00801765086691
-0.00720675940882
-0.00656757767037
-0.00610319069994
-0.00576396903803
-0.00553426557514
-0.00537319358107
-0.00523838822964
-0.00509705151941
-0.00492020815502
-0.00469620426436
-0.0044402167283
-0.00418724460129
-0.0039608225825
-0.00380323512035
-0.00372942903306
-0.00380321510391
-0.00395396998151
-0.00401034453617
-0.00387768844528
-0.00343848333302
-0.00271913165672
-0.00171360188378
-0.000435439973388
0.00110037218174
0.00287855822376
0.00488368665079
0.00710204264944
0.00952057163036
0.0121270168003
0.0149097235195
0.0178574255924
0.0209591168521
0.0242038476944
0.027580610443
0.031078278352
0.0346853388224
0.0383901661376
0.0421812195018
0.0460470565279
0.0499764778282
0.0539585091019
0.0579824788466
0.0620380417565
0.0661152427526
0.0702045619834
0.0742969675742
0.0783839533212
0.0824575719848
0.0865104620802
0.0905358593019
0.0945276076486
0.0984801493371
0.102388536139
0.106248388717
0.110055928057
0.113807884803
0.11750156051
0.121134689698
0.124705354031
0.12821207037
0.13165377104
0.135029766681
0.138339820714
0.141583958641
0.14476262749
0.147876426257
0.150926113997
0.153912756131
0.156837443632
0.159701712284
0.162506987432
0.165255475379
0.167948704245
0.170590017356
0.173180412118
0.175725888578
0.17822470992
0.180689583739
0.183108332919
0.18551100411
0.187849663964
0.190074652064
0.192447777276
0.19453424086
0.196749901587
0.198860826862
0.200917829983
0.202769683566
0.204323576735
0.205341522725
0.205708505031
0.205199915398
0.203728495678
0.20111865515
0.197369541199
0.19208659292
0.184775888535
0.174906995354
0.16156742116
0.143134468542
0.117092297423
0.0830794851169
0.0408312865049
-0.00797548076031
-0.0553363565748
-0.0956032906583
-0.105588734214
-0.104483509626
-0.0850300975399
-0.072190865088
-0.0607778478411
-0.0560144106888
-0.0376933470745
-0.0236817737093
-0.0172582459948
-0.0149235397375
-0.0125552041935
-0.0104984103195
-0.00910896404335
-0.00801275992983
-0.00718841323108
-0.00652984953951
-0.00605107202109
-0.00570425687116
-0.00547372535349
-0.00532203443808
-0.00520521569926
-0.00509062728513
-0.00494721129021
-0.00476170157743
-0.00454319121572
-0.00432413424755
-0.00412613120559
-0.00398830414271
-0.00392055137422
-0.00399010216584
-0.00409033443128
-0.00410860090201
-0.00394818228197
-0.00348269412695
-0.00274794626922
-0.00173105571017
-0.00044671821434
0.00109225685359
0.00287092197014
0.00487465213363
0.00709013897118
0.00950472733997
0.0121063912376
0.0148836902991
0.0178255097704
0.020920980819
0.0241592630915
0.0275294428506
0.0310204774512
0.0346208966026
0.0383191118115
0.0421036266881
0.0459630357057
0.0498861803366
0.0538621190308
0.0578802106295
0.0619301351138
0.0660019595853
0.0700861828805
0.0741737893694
0.0782562866559
0.0823257390404
0.0863747942032
0.0903966950135
0.094385290808
0.0983350269064
0.102240957358
0.106098702532
0.109904485881
0.113655034537
0.117347655547
0.120980077979
0.124550365292
0.128057030124
0.131499003707
0.134875594088
0.138186570268
0.141431949847
0.144612190869
0.147727878975
0.150779761822
0.153768916809
0.156696436524
0.159563871307
0.16237265201
0.165124993044
0.167822404201
0.170468220392
0.173063352176
0.175613826548
0.178117435373
0.180587349713
0.183009179701
0.1854164256
0.187751482325
0.189973709613
0.192357402712
0.194421853562
0.196611291424
0.198677897868
0.200675318905
0.20245042929
0.203910067483
0.204815211526
0.205055961307
0.204412322057
0.202803718863
0.200048549198
0.196132599312
0.190661265506
0.183242645437
0.173417056237
0.159936698611
0.141189340073
0.11499355165
0.0811231366287
0.039487931402
-0.00788894510038
-0.0530812632976
-0.0915391833149
-0.101432026785
-0.101261504349
-0.0832351546008
-0.0709951033018
-0.0597217804055
-0.0548842021928
-0.0376182659988
-0.0237384460286
-0.0168477270082
-0.0147031264039
-0.0125821409951
-0.0104648207949
-0.00909941559178
-0.00799717771098
-0.00716694706834
-0.00649041469658
-0.00599679698601
-0.00564194173537
-0.00541004787668
-0.00526717914874
-0.00516787539344
-0.00507978499194
-0.00496975795381
-0.00482302020684
-0.00464275406185
-0.00445862686865
-0.00428998799055
-0.00417269683241
-0.00411135968109
-0.00417685383489
-0.00422947969429
-0.00421219650971
-0.00402448165671
-0.00353300004318
-0.00278256435267
-0.00175381764076
-0.00046272657695
0.00108001187302
0.00285972062681
0.00486258174517
0.00707569455681
0.0094868129621
0.0120841413354
0.0148564613126
0.0177928137184
0.0208824716135
0.024114705444
0.0274786963739
0.0309634853908
0.0345576362751
0.0382495923676
0.0420279012254
0.0458811929035
0.049798349406
0.0537684607583
0.0577809149591
0.0618254160741
0.0658920524503
0.0699713409569
0.0740542818857
0.0781323967102
0.0821977617119
0.0862430344316
0.0902614658298
0.0942469117963
0.0981938222034
0.102097255026
0.105952832085
0.109756781668
0.113505828948
0.117197289647
0.120828887107
0.124398663491
0.127905128701
0.131347215687
0.134724232727
0.13803595784
0.141282401176
0.144464036786
0.147581433035
0.150635320601
0.153626791199
0.156556937848
0.159427324543
0.162239385455
0.164995336001
0.167696658141
0.170346659425
0.17294615083
0.175501157784
0.178008968398
0.18048321445
0.182907167762
0.185318069358
0.187648049705
0.189866301731
0.192260267569
0.194302424557
0.196465069962
0.198486679132
0.200423446648
0.202121002686
0.20348565175
0.204276947325
0.204389553838
0.203607706393
0.20185449117
0.198946711584
0.194886073406
0.189329952251
0.181946916027
0.172022435834
0.158220803551
0.13917605832
0.112865009964
0.0791708870678
0.0381921874147
-0.00773758659709
-0.050845119656
-0.0875155753084
-0.0973117797685
-0.0980190417385
-0.0813781187384
-0.0697322116865
-0.0586397671897
-0.0537380946234
-0.0375096175534
-0.0239131663126
-0.0165224801054
-0.0144548573491
-0.0125000071686
-0.0104619484305
-0.0090841016585
-0.00796946703065
-0.00713959503032
-0.00644878315746
-0.00594033850254
-0.0055770452942
-0.0053431994987
-0.00520849711159
-0.00512611828938
-0.00506414503134
-0.00498733561124
-0.00487949961283
-0.00473810193629
-0.00458980582351
-0.00445141482709
-0.00435542964439
-0.0043010076216
-0.00436277442395
-0.00437086829081
-0.00432058225558
-0.00410621146394
-0.00358918133196
-0.00282284440114
-0.00178181974675
-0.000483421928299
0.00106366860707
0.00284499164859
0.00484752778381
0.00705878610599
0.00946693596222
0.0120604091752
0.0148282161555
0.0177595566358
0.0208438494729
0.0240704768235
0.0274287153807
0.0309076889143
0.0344959852075
0.0381820733012
0.0419545446417
0.0458020635242
0.0497135522172
0.0536781310655
0.0576852159401
0.0617245336898
0.0657861928964
0.0698607277856
0.0739391542558
0.0780130077256
0.0820743769411
0.0861159300624
0.0901309271187
0.0941132318255
0.0980573001341
0.101958195669
0.105811543545
0.109613579416
0.113361028176
0.117051217983
0.120681865905
0.124250988762
0.127757095521
0.131199124078
0.13457638548
0.137888670339
0.14113598326
0.144318819281
0.147437723196
0.15049340369
0.153486969238
0.156419512066
0.159292609067
0.16210769552
0.164866980541
0.167571908068
0.170225738326
0.17282917205
0.17538820235
0.177899590306
0.180377415368
0.18280252126
0.185216128636
0.187539592631
0.189752676557
0.192156383923
0.194175974801
0.196311248469
0.198287384109
0.20016272443
0.201782343964
0.203051654911
0.203728317944
0.203710812834
0.202784912315
0.200881741833
0.197856263153
0.193740594101
0.188203468379
0.18074952062
0.170545813313
0.156421360304
0.137110628869
0.110708217821
0.0772263416516
0.0369510628232
-0.00751581043763
-0.048619789816
-0.0835325172201
-0.09323162562
-0.0947585915402
-0.0794604000275
-0.0684021668311
-0.0575303305521
-0.0525793668664
-0.0373505566511
-0.0242039389509
-0.016338678281
-0.0141742438503
-0.012327458525
-0.0105204348206
-0.00905094949802
-0.00793052822153
-0.00710283250738
-0.00640359086784
-0.00588146342091
-0.00550954696665
-0.00527314844932
-0.00514586991641
-0.00507970576698
-0.00504333297425
-0.00499943128555
-0.00493047488003
-0.00482842336627
-0.00471674377573
-0.00460942556047
-0.0045355153658
-0.00448864669485
-0.00454716281211
-0.00451393037682
-0.00443315878911
-0.00419293347688
-0.00365093932033
-0.00286856523654
-0.00181491581537
-0.000508686554594
0.00104332746476
0.00282683567968
0.00482959979338
0.0070395425511
0.00944525156452
0.012035380375
0.0147991737468
0.0177259928945
0.0208054056598
0.024026906126
0.0273798669072
0.0308534933901
0.0344363850837
0.0381170297982
0.041884063483
0.0457261833558
0.0496323517974
0.0535917181596
0.0575937248216
0.0616281200409
0.06568503157
0.0697550103201
0.073829087518
0.0778988126415
0.081956287438
0.0859941915238
0.0900057950465
0.0939849708772
0.0979261826442
0.101824501412
0.105675557519
0.109475596682
0.113221345313
0.116910148526
0.120539716159
0.124108034467
0.1276136136
0.131055399398
0.134432708662
0.137745350111
0.140993322981
0.144177149014
0.147297342783
0.150354584019
0.153350001424
0.156284685257
0.159160224737
0.161978054073
0.16474036866
0.167448563337
0.170105830082
0.172712751188
0.17527525443
0.177789560956
0.180270172373
0.182695454538
0.185110789188
0.187426332253
0.189633093415
0.192045789788
0.19404254735
0.196149843491
0.198080221949
0.19989366778
0.201435415758
0.202609422358
0.203170967943
0.203020149013
0.201944752078
0.199928078541
0.196869300855
0.192759776903
0.187158442861
0.179478059216
0.168979644649
0.154556251713
0.134994084148
0.10852624888
0.0752968732825
0.0357722602588
-0.00721666336569
-0.0463944118198
-0.0795894100988
-0.089195209749
-0.0914826475633
-0.0774835482337
-0.06700522491
-0.0563917984551
-0.0514110741171
-0.0371299358998
-0.0245852853807
-0.0162537130225
-0.01384909958
-0.0121057052891
-0.0105670124198
-0.00898433907718
-0.00788252194255
-0.00705396621397
-0.00635215721799
-0.00581942150231
-0.00543930501688
-0.00519984390097
-0.0050791900668
-0.005028415554
-0.0050169876088
-0.00500553952999
-0.00497528406638
-0.00491290535016
-0.00483850804598
-0.00476302902473
-0.00471196338911
-0.00467342148331
-0.00472930487493
-0.00465805616558
-0.00454927039786
-0.00428413768502
-0.00371788571053
-0.00291941348701
-0.00185286699337
-0.0005383131582
0.00101917317647
0.00280543149611
0.00480897905355
0.00701815917851
0.00942197633906
0.0120092973014
0.0147696048618
0.0176924239591
0.0207674737569
0.0239843597257
0.0273325506935
0.0308013322589
0.0343793006697
0.0380549547199
0.041816976521
0.0456540950144
0.0495553127169
0.0535098066323
0.0575070442251
0.0615367937423
0.0655892010133
0.0696548329955
0.0737247360397
0.0777904738598
0.0818441618118
0.0858784918991
0.0898867455216
0.0938628060938
0.0978011465837
0.101696847341
0.105545545942
0.109343501018
0.113087442471
0.116774737915
0.120403088353
0.12397044261
0.127475313542
0.130916659517
0.134293807723
0.137606588576
0.140854996381
0.144039587626
0.147160837323
0.150219387491
0.153216392054
0.156152938186
0.159030627112
0.161850889889
0.16461590077
0.167326993246
0.169987269193
0.172597187124
0.175162574229
0.177679110106
0.180161678632
0.182586161438
0.185002217507
0.187308471617
0.189507807162
0.191928535949
0.193902195947
0.195980868358
0.197865388026
0.199616789649
0.201081197344
0.202160367451
0.202606385561
0.20231691047
0.201115154138
0.199066563807
0.19600683763
0.191833230994
0.186047671863
0.178120446368
0.167342183562
0.15262617217
0.13282765958
0.106325057913
0.0733898879106
0.0346625674946
-0.00683526087619
-0.0441646468616
-0.0756850348088
-0.0852059774405
-0.0881937372532
-0.0754492543201
-0.0655419100633
-0.0552224078207
-0.0502355551251
-0.0368417107605
-0.025011815077
-0.0162427961628
-0.0134620298308
-0.0118598136629
-0.0104983035906
-0.00890438201383
-0.00782672670103
-0.00699226846024
-0.00629096615931
-0.00575240773022
-0.00536585465
-0.00512316060847
-0.00500834597922
-0.00497204314223
-0.00498476873861
-0.00500517167032
-0.00501327720173
-0.00499074162188
-0.00495416752779
-0.00491123352364
-0.00488378132787
-0.00485446621066
-0.00490846691635
-0.00480258786108
-0.00466819703176
-0.00437923106354
-0.0037895289474
-0.00297496768855
-0.00189532393024
-0.000571986293652
0.000991493584432
0.00278105431284
0.00478593630576
0.00699491466174
0.0093974050846
0.0119824751298
0.0147398475374
0.0176592130648
0.0207304436125
0.0239432546661
0.0272872116575
0.0307516788394
0.034325230824
0.0379963687007
0.0417538239464
0.0455863562597
0.0494830085479
0.0534329840791
0.0574257739303
0.0614511649051
0.065499319814
0.0695608210842
0.0736267300945
0.0776886250672
0.0817386356656
0.0857694673169
0.0897744139034
0.093747370836
0.0976828221368
0.101575859331
0.105422129353
0.109217906778
0.112959927268
0.116645587633
0.120272577148
0.123838797349
0.127342767933
0.130783465779
0.134160230342
0.137472919201
0.140721522581
0.143906640898
0.147028697526
0.150088285715
0.15308659166
0.156024698455
0.158904219354
0.161726580335
0.164493927249
0.167207518371
0.169870342698
0.172482732897
0.175050378184
0.17756842687
0.180052089313
0.182474802316
0.184890546526
0.187186180422
0.189377049548
0.191804668759
0.193754968578
0.195804319348
0.197643049184
0.199332587358
0.200720695934
0.201706108606
0.20203450578
0.201605953772
0.200349737834
0.198295245259
0.195171860378
0.190848371378
0.184858916568
0.176692269903
0.165633545302
0.150630172417
0.130615276315
0.104110931342
0.0715125674582
0.0336283575228
-0.00636836128181
-0.0419267069022
-0.0718177956839
-0.08126704492
-0.0848944089556
-0.073359343808
-0.0640129964689
-0.0540203947151
-0.0490541100501
-0.0364845573485
-0.0254368287022
-0.0163249407796
-0.0130449622024
-0.0116008679842
-0.0102905684105
-0.00885961478546
-0.00775220322937
-0.00691914140693
-0.00621710261083
-0.00567717246054
-0.00528795431553
-0.00504276052601
-0.00493317893641
-0.00491039103111
-0.00494636124422
-0.00499786499704
-0.00504382645205
-0.00506114239754
-0.0050628011167
-0.00505305272648
-0.0050499778118
-0.0050309022449
-0.00508388946107
-0.00494681019236
-0.00478914333305
-0.00447752260914
-0.00386525641364
-0.00303467778234
-0.0019418042917
-0.000609259198021
0.000960702869141
0.00275409828023
0.00476085346942
0.00697019212433
0.00937193155387
0.0119553214169
0.0147103259897
0.0176268032778
0.0206947785306
0.0239040749584
0.0272443553657
0.0307050610385
0.0342747222832
0.0379418328562
0.0416951790318
0.0455235506527
0.0494160315455
0.0533618498211
0.0573505186485
0.0613718419711
0.0654159985172
0.0694735856999
0.0735356799779
0.0775938744846
0.0816403140008
0.0856677185375
0.0896693957995
0.0936392547136
0.0975717921444
0.101462112717
0.105305875053
0.109099372831
0.112839349894
0.11652323924
0.120148714974
0.123713621863
0.127216488524
0.130656315748
0.134032459922
0.137344811482
0.14059335666
0.143778751465
0.146901351842
0.14996168813
0.152960988704
0.155900331803
0.158781343147
0.161605441986
0.164374738814
0.1670904006
0.169755279754
0.172369584681
0.174938827392
0.177457647137
0.179941508114
0.182361488577
0.18477585856
0.18705957691
0.189241007203
0.191674208455
0.193600885443
0.195620155478
0.197413321537
0.199041526241
0.200355026574
0.201248275934
0.201451820008
0.200922149041
0.199649123242
0.197533427285
0.194285826933
0.189795258661
0.183603609954
0.175192724256
0.163850965573
0.148570187738
0.128361495257
0.10189032423
0.0696723691444
0.0326758376669
-0.00581374094541
-0.0396769290956
-0.0679863365462
-0.0773810654618
-0.0815872092269
-0.0712157635697
-0.0624194863888
-0.05278406655
-0.0478668719992
-0.0360608852953
-0.0258214504418
-0.0165169970196
-0.0127242926951
-0.0113323609375
-0.0100033083078
-0.00883850477956
-0.00763895573272
-0.00683681375631
-0.0061292445004
-0.00558974541016
-0.0052029073907
-0.00495775110787
-0.00485337789722
-0.00484323249921
-0.00490146789503
-0.00498318844561
-0.00506633595596
-0.00512334487584
-0.00516350722156
-0.00518751265828
-0.00520956601804
-0.00520183586125
-0.0052547803573
-0.00508993804371
-0.00491122287228
-0.00457820284018
-0.00394431058978
-0.00309783822194
-0.00199166404405
-0.00064952458657
0.000927370444568
0.00272510423196
0.00473425028207
0.00694450516133
0.00934607350049
0.011928360484
0.0146815738207
0.0175957396614
0.0206610363907
0.0238673916314
0.0272045671115
0.0306620795639
0.0342283867919
0.0378919646398
0.041641662775
0.045466301046
0.0493550050265
0.053297026196
0.0572818982353
0.0612994408573
0.0653398477158
0.0693937308518
0.0734521820402
0.0775068099019
0.081549775281
0.0855738140729
0.0895722492952
0.093539005005
0.0974685928299
0.101356132442
0.105197296544
0.108988400764
0.112726198292
0.116408169944
0.120031973024
0.123595375248
0.127096918516
0.130535637684
0.133910909929
0.13722266403
0.14047088226
0.143656291255
0.146779158635
0.14983993358
0.152839900566
0.15578013255
0.158662268628
0.161487720092
0.164258555666
0.166975831809
0.169642239652
0.172257869034
0.174828014076
0.177346838793
0.17982997139
0.182246264512
0.184658165214
0.186928706534
0.189099795952
0.191537122549
0.193439910749
0.19542827049
0.197176237485
0.198744050787
0.19998555646
0.20078617156
0.200862540654
0.200288568666
0.198952173171
0.196727817893
0.193341246687
0.188680747529
0.182279924702
0.173617851018
0.16199455984
0.146449019583
0.126071159647
0.0996702079719
0.0678770204296
0.0318110049432
-0.00517005252895
-0.037412836512
-0.064189923322
-0.0735501064863
-0.0782746605893
-0.0690205638637
-0.0607625864898
-0.0515118535551
-0.0466728493099
-0.035575579118
-0.0261365772481
-0.0168227965187
-0.0125773115428
-0.0110386192857
-0.00971538754977
-0.00874568012302
-0.0074994446146
-0.00674322882012
-0.00602871804695
-0.00548696778213
-0.00510645926503
-0.00486600431287
-0.00476821136277
-0.00477022258805
-0.00484977751151
-0.00496073696552
-0.00508024743414
-0.00517662243399
-0.00525541304163
-0.0053136587721
-0.00536156685416
-0.00536635491972
-0.00542030537245
-0.00523109868178
-0.00503343473246
-0.00468031495698
-0.00402575639052
-0.00316355210775
-0.00204406026508
-0.000691977476616
0.000892257141322
0.00269479404574
0.00470681706413
0.00691852960063
0.00932050349651
0.0119022632093
0.014654262402
0.0175666963837
0.0206298954834
0.0238338872667
0.0271685352982
0.0306234303009
0.034186922177
0.0378474573834
0.0415939620102
0.0454152863669
0.0493005988689
0.0532391728056
0.0572205607014
0.0612345967389
0.0652714886199
0.0693218628239
0.0733768269007
0.0774280057534
0.0814675774434
0.085488295219
0.0894834991225
0.0934471300889
0.0973737163949
0.10125839454
0.105096852244
0.108885430118
0.112620897005
0.116300795151
0.119922755462
0.12348444558
0.126984428978
0.130421785681
0.133795917659
0.137106797661
0.140354404043
0.143539553687
0.146662398015
0.149723281337
0.152723563783
0.155664313127
0.158547183228
0.161373576842
0.164145515312
0.16686392107
0.169531298149
0.172147628202
0.174717945919
0.177235984534
0.179717429673
0.182129086237
0.184537384004
0.186793517028
0.188953431055
0.191393293841
0.193271917673
0.195228454347
0.196931703072
0.1984406546
0.199613340429
0.200307917128
0.200288791569
0.199659300496
0.198217300794
0.195871651648
0.192340787926
0.187502026697
0.180883339484
0.171966195855
0.160065418335
0.14426969798
0.123749700202
0.0974580848676
0.0661344159416
0.0310396157373
-0.00443672085958
-0.0351332103577
-0.0604285812296
-0.0697755545448
-0.0749592440048
-0.0667758779161
-0.0590436845673
-0.050202339154
-0.0454700889041
-0.0350347520427
-0.0263619949879
-0.0172172116308
-0.0125441083431
-0.010685834723
-0.00945391569918
-0.0085207262065
-0.00738114651357
-0.00661951908689
-0.00591848644736
-0.00536775778815
-0.00499421829853
-0.00476339098874
-0.00467588559081
-0.00469067204427
-0.00479088397046
-0.004930100273
-0.0050850326839
-0.0052202874111
-0.00533768034923
-0.00543056069084
-0.00550500945902
-0.00552352182491
-0.00557957303077
-0.00536930437723
-0.00515462787583
-0.00478271333595
-0.00410843554653
-0.00323068265368
-0.00209790236476
-0.00073556744829
0.000856360775234
0.00266411333313
0.00467945513097
0.00689314243169
0.00929608685793
0.0118778832292
0.0146292353951
0.0175405096303
0.0206021858209
0.0238043856761
0.0271370797333
0.0305899314464
0.0341511378719
0.0378091038629
0.0415528511891
0.0453712617593
0.0492535480854
0.0531890035598
0.0571671977618
0.0611779781334
0.0652115657114
0.0692586014617
0.0733102094671
0.0773580319568
0.0813942657108
0.0854116829998
0.0894036426025
0.0933641041015
0.0972876129717
0.10116932377
0.105004944761
0.108790845814
0.112523810763
0.116201462637
0.11982139651
0.123381149
0.126879315049
0.130315034504
0.133687738264
0.136997448567
0.140244139977
0.143428745661
0.14655126339
0.149611901577
0.152612123515
0.155552992622
0.158436179335
0.161263078259
0.16403565894
0.166754680236
0.169422431905
0.172038803294
0.174608528003
0.177124962063
0.179603726328
0.182009797494
0.184413311407
0.186653829465
0.188801792977
0.191242482523
0.193096645515
0.195020340545
0.196679477727
0.198132002369
0.199236921776
0.199807360356
0.199724134219
0.198990723079
0.197436537512
0.194964627735
0.191280894659
0.186254428509
0.179411279926
0.170237223131
0.158064808496
0.142035785145
0.121403225053
0.0952619247616
0.0644525752867
0.030367155374
-0.00361376929481
-0.0328372584296
-0.0567031270556
-0.0660580508198
-0.0716433886863
-0.0644839018936
-0.057264328475
-0.0488542712357
-0.0442559088077
-0.0344446141347
-0.0264863192004
-0.0176524883769
-0.0125724255483
-0.0102794067513
-0.0092045383348
-0.00820339296648
-0.00725913202814
-0.00644457282852
-0.00579783198209
-0.0052342030635
-0.00486321888914
-0.00464437345618
-0.00457254708935
-0.00460296923131
-0.00472408663839
-0.00489078225535
-0.00508015662627
-0.00525367619603
-0.00540950023195
-0.00553730913875
-0.00563892411601
-0.0056723576941
-0.00573160786514
-0.00550340834831
-0.00527344601654
-0.00488400273484
-0.00419090198098
-0.00329778676933
-0.00215178747913
-0.000778936969951
0.000820973701234
0.00263428447481
0.00465332654824
0.00686946930715
0.00927392807174
0.0118563008803
0.0146075502948
0.0175182169338
0.0205789262702
0.0237798868261
0.0271111848586
0.0305625555487
0.0341219850622
0.0377778239103
0.0415192176859
0.0453350818004
0.0492146740423
0.0531473059643
0.057122562251
0.0611303025621
0.065160760771
0.0692045926716
0.0732529401249
0.0772974639313
0.081330381229
0.0853444851113
0.0893331535023
0.0932903658167
0.0972106898315
0.101089301722
0.104921929007
0.108704972583
0.112435236467
0.116110450996
0.119728159815
0.123285726566
0.126781791568
0.130215574306
0.133586538605
0.136894761149
0.140140213176
0.143323979256
0.14644585274
0.149505865282
0.152505622169
0.155446184279
0.158329240665
0.161156179605
0.163928916183
0.166648007738
0.169315500823
0.171931215075
0.174499542124
0.17701352138
0.179488573109
0.181888102032
0.18428559199
0.186509304806
0.188644588199
0.191084282148
0.192913647259
0.19480333598
0.196419222753
0.197818459877
0.19884212237
0.199300876715
0.199127620173
0.198278073804
0.196608912047
0.194002953548
0.190156970068
0.184934648952
0.177861890434
0.168430538472
0.155994446673
0.139751529642
0.119038507267
0.0930901345809
0.0628396053498
0.0297987876654
-0.00270140197149
-0.0305250964017
-0.0530152466623
-0.0623974465063
-0.068329470187
-0.062146878026
-0.0554262086623
-0.0474665581881
-0.0430271528474
-0.0338105259271
-0.0265062400363
-0.0180826652277
-0.0126750980241
-0.00995400694833
-0.00894610646068
-0.00785635728776
-0.00702820856065
-0.00624852941293
-0.00565417807684
-0.00508992803901
-0.00471319812166
-0.00450456647418
-0.00445225306042
-0.004503507241
-0.00464786810639
-0.00484201057159
-0.00506498576302
-0.00527609663474
-0.00547006136353
-0.00563299332429
-0.00576231747463
-0.00581180789383
-0.00587530142952
-0.00563203193399
-0.00538824130065
-0.00498244809816
-0.00427132943831
-0.00336302359566
-0.00220391445942
-0.000820341506807
0.000787755466045
0.0026068721385
0.00462991420026
0.0068489424351
0.0092554273848
0.0118388764265
0.0145905282638
0.0175011039368
0.0205613682604
0.0237616074812
0.0270920381574
0.0305424667618
0.0341005923806
0.0377546978186
0.0414940932449
0.0453077302624
0.0491849126372
0.0531149677261
0.0570874931215
0.0610923600369
0.0651198149403
0.069160528873
0.0732056631212
0.0772468986097
0.0812764726604
0.0852872008594
0.0892724866109
0.0932263325456
0.0971433273324
0.101018668129
0.104848105128
0.10862807375
0.112355403109
0.116027966335
0.119643233925
0.123198338926
0.126691986605
0.130123503179
0.133492388886
0.136798778535
0.140042641395
0.143225261791
0.146346158851
0.14940513291
0.152403986583
0.155343781387
0.158226226849
0.161052708901
0.163825088039
0.166543670378
0.169210227992
0.171824542046
0.174390623111
0.176901258873
0.179371522251
0.181763532239
0.184153683204
0.186359405471
0.188481304933
0.19091806969
0.192722223607
0.194576553742
0.196150647204
0.197498429618
0.198409204228
0.198781163617
0.198482052383
0.197520338942
0.195731007139
0.192982178995
0.188965244762
0.183539838061
0.176233399053
0.166546102691
0.153856678469
0.137421890903
0.116662989208
0.0909515269786
0.0613036532464
0.0293392673445
-0.00169966810865
-0.0282039650822
-0.0493675615351
-0.0587927266863
-0.0650198150401
-0.0597670837813
-0.0535311453247
-0.0460382551275
-0.0417804315669
-0.0331363610288
-0.026424316769
-0.0184699569224
-0.012874611098
-0.00983357848033
-0.00863347958773
-0.00751588861224
-0.00665045448308
-0.00605614468566
-0.00546073176025
-0.00493458434327
-0.00454726663307
-0.00434248127227
-0.00430933789665
-0.00438600930453
-0.0045587587728
-0.00478222977636
-0.00503858142263
-0.00528670816108
-0.00551846669194
-0.00571663714067
-0.00587411099486
-0.00594067073102
-0.00600932198608
-0.00575344244655
-0.00549693801911
-0.00507583963114
-0.00434737877845
-0.00342402815547
-0.00225196910595
-0.0008575457171
0.000758824921073
0.00258386450867
0.00461109486417
0.00683337199006
0.0092423493651
0.0118273159664
0.0145798168944
0.0174907645854
0.0205510534553
0.0237510360772
0.0270810818859
0.0305310695597
0.0340883132977
0.0377410141152
0.0414787031046
0.0452903709043
0.0491653667023
0.05309303054
0.0570629701558
0.0610650677395
0.0650895824815
0.069127200642
0.0731691028548
0.077206993533
0.081233137296
0.0852403746967
0.089222132728
0.0931724375482
0.0970859021438
0.10095774685
0.104783746482
0.10856037241
0.112284485241
0.115954149429
0.119566734124
0.123119064282
0.126609936545
0.130038819961
0.133405253307
0.136709430792
0.139951322997
0.143132482139
0.146252056274
0.149309539721
0.15230701172
0.155245539657
0.158126854442
0.160952346982
0.163723826896
0.166441282481
0.169106176677
0.171718295282
0.174281231668
0.176787587761
0.179251934785
0.181635413766
0.184016815568
0.186203351986
0.188311164797
0.190742948657
0.192521334302
0.194338834436
0.195873423292
0.197160403414
0.1979448422
0.198210212902
0.197789001563
0.196714966033
0.194798551178
0.191898237398
0.187702150904
0.182067150944
0.174524277015
0.164584405828
0.151654526868
0.135052577398
0.114284789815
0.0888552711135
0.0598528478323
0.0289926316755
-0.000609623592376
-0.0258831914874
-0.0457629967341
-0.0552418989915
-0.0617167139526
-0.0573468302589
-0.0515810806607
-0.0445685464427
-0.0405123264978
-0.0324242395534
-0.0262467407621
-0.0187848837246
-0.0131560882136
-0.009842593311
-0.00820496960349
-0.00719165529757
-0.00618527668569
-0.0057772700066
-0.00522476843728
-0.00475933782657
-0.00436946258859
-0.00415958328676
-0.00414104752487
-0.00424350850309
-0.00445011511705
-0.00470786975758
-0.00499914522347
-0.00528425798986
-0.00555355880669
-0.00578706291331
-0.00597301341574
-0.00605746062025
-0.00613195310405
-0.00586535034148
-0.00559681843275
-0.00516129097518
-0.00441600680666
-0.00347773563863
-0.00229297023601
-0.000887688010252
0.000736878845467
0.00256777808559
0.00459923579138
0.00682503494024
0.0092369066535
0.0118237537129
0.0145774728937
0.0174891857245
0.020549900512
0.0237500206857
0.0270800981192
0.030530083784
0.0340867909375
0.0377383303469
0.0414745252904
0.0452844061327
0.0491573638544
0.0530827471263
0.0570501703435
0.0610495230652
0.065071078101
0.0691055430819
0.073144122696
0.0771785458655
0.0812011019985
0.0852046588255
0.0891826714446
0.0931291923071
0.097038860496
0.100906920268
0.104729172371
0.10850212347
0.112222673168
0.1158891384
0.119498751037
0.123047934631
0.126535614366
0.129961445997
0.133325005401
0.136626543168
0.139866037534
0.143045403912
0.14616328904
0.149218779405
0.152214341511
0.155151055788
0.158030673237
0.160854602405
0.163624611758
0.166340280691
0.169002722865
0.1716117888
0.174170622814
0.176671704364
0.179128944947
0.1815028264
0.183873948539
0.186040075115
0.188133070163
0.190557671665
0.192309488788
0.194089017101
0.195585979268
0.196775245425
0.197452137562
0.197577776969
0.197048481716
0.195858513764
0.193807463254
0.190747090607
0.186364031482
0.180513858864
0.172733387434
0.162546532099
0.149391754253
0.132650097935
0.111912694819
0.0868108220934
0.0584952189
0.0287618888169
0.0005654802669
-0.0235107330136
-0.04220432553
-0.0517421170551
-0.058422456234
-0.054888471649
-0.0495780761883
-0.0430567304738
-0.0392195458599
-0.0316745809592
-0.0259814693452
-0.019008595965
-0.0134728628007
-0.00987398006084
-0.00778478107852
-0.00688179485558
-0.00569596671067
-0.0053475896008
-0.00497811876435
-0.00454618978649
-0.00417797044231
-0.00395915303847
-0.00394771337217
-0.00407223320253
-0.00431374148233
-0.00461174841609
-0.00494260576915
-0.00526636797348
-0.00557352194978
-0.00584262383261
-0.00605728257204
-0.00616016505306
-0.00624082234345
-0.00596458655775
-0.00568419648492
-0.00523494328761
-0.00447319401597
-0.00352013690353
-0.00232306390747
-0.000907109111203
0.000725339089154
0.00256179176843
0.00459732129156
0.00682678827151
0.00924185471792
0.011830831586
0.0145860335226
0.0174988130059
0.0205602658532
0.023760825208
0.0270912677392
0.0305416017332
0.0340979785247
0.0377484389573
0.0414832026294
0.0452913381569
0.0491622683564
0.0530853473966
0.0570501966067
0.0610467167338
0.0650651941351
0.0690963549994
0.0731314283874
0.077162171827
0.0811809041514
0.0851805228936
0.0891545133397
0.0930969560383
0.0970025171913
0.100866464525
0.104684624517
0.108453534157
0.112170140246
0.11583309239
0.119439413208
0.12298500745
0.126469000677
0.129891295785
0.133251497784
0.136549902932
0.139786506064
0.142963709304
0.146079492409
0.149132412992
0.152125470173
0.15505976235
0.15793705451
0.160758793036
0.163526724269
0.166239895672
0.168899023462
0.17150410527
0.174057809624
0.17655254994
0.179001420562
0.181364561198
0.183723720886
0.185868156426
0.187945527399
0.190360508834
0.192084748365
0.193826378119
0.195280151305
0.196336069852
0.196894774384
0.196893779462
0.196259493666
0.194947192391
0.192753547822
0.189524489605
0.184947193932
0.178877463532
0.170860060917
0.160434241889
0.147072946478
0.130221802664
0.109556127286
0.0848278312303
0.0572386428345
0.0286497465645
0.00182324618492
-0.0209646954388
-0.0386982850503
-0.0482901797802
-0.0551393771593
-0.0523944224944
-0.0475243143576
-0.0415022110465
-0.0378990292177
-0.0308863757502
-0.0256365819938
-0.0191331411799
-0.0137845757583
-0.00995648900452
-0.00761076042258
-0.0065357925465
-0.00525047368561
-0.00483793325466
-0.00466330433892
-0.00428904537701
-0.00395748395556
-0.00374351225196
-0.00373134722077
-0.0038717709396
-0.00414495568469
-0.00448469320191
-0.00486075244572
-0.00522777181842
-0.00557480052252
-0.00588056041809
-0.00612422397601
-0.00624578785911
-0.00633243373218
-0.00604658967644
-0.00575393254952
-0.00529154629795
-0.00451357811557
-0.00354596274732
-0.00233727015933
-0.00091116593785
0.000728486576035
0.00256985239999
0.00460904057717
0.00684217229391
0.00926057099361
0.0118517087478
0.0146084401775
0.0175223862161
0.0205846889404
0.0237857941383
0.0271168372393
0.0305678591745
0.0341239319332
0.0377730533327
0.0415061061697
0.0453122166271
0.0491808345652
0.053101315081
0.0570632816198
0.0610566448381
0.0650717080087
0.0690992220027
0.0731304440019
0.0771571632503
0.0811717305737
0.0851670754166
0.0891367145951
0.0930747575061
0.0969758972724
0.100835422879
0.104649183491
0.108413734536
0.112126092548
0.115785436143
0.119388387574
0.122930017913
0.126409807068
0.129828062702
0.133184409827
0.136479165788
0.139712355397
0.142887035235
0.146000256971
0.149049927338
0.152039794731
0.154970974724
0.157845229782
0.160664071671
0.163429254662
0.166139139237
0.168793992608
0.171394065593
0.173941526941
0.176428768639
0.178867915681
0.181219065738
0.183564382214
0.18568573023
0.187746499872
0.190149129531
0.191845260985
0.19354889578
0.194922877379
0.195849514255
0.196262856063
0.196160768571
0.195419088725
0.193976870646
0.191632224563
0.188225951561
0.183447986832
0.177155779911
0.168904195945
0.158250083237
0.144703595734
0.127775907574
0.107225099607
0.0829160542463
0.0560907991471
0.0286592700482
0.00316320269932
-0.0182332050919
-0.0352583807674
-0.0448836788456
-0.051869890535
-0.0498671713238
-0.045422103528
-0.0399044989131
-0.0365480063432
-0.0300575750725
-0.0252190219328
-0.0191581976234
-0.0140560275387
-0.0101210574291
-0.00761595107271
-0.00611047189778
-0.00488736045044
-0.00431053869051
-0.00421030003275
-0.0039792576865
-0.00369689999804
-0.00351053493954
-0.00349544691229
-0.0036424214251
-0.00394279849879
-0.00432150341031
-0.00474363481114
-0.00515847309802
-0.00554987424227
-0.00589529822562
-0.00616890621934
-0.0063092904535
-0.0064011581937
-0.00610442319273
-0.00579862980407
-0.00532384871843
-0.00452999928513
-0.00354836483675
-0.00232924219622
-0.000894061326102
0.000751512494302
0.00259658586037
0.00463861173328
0.00687535263662
0.00929716882275
0.0118901336347
0.0146479630863
0.0175626995973
0.0206254797944
0.0238267715132
0.0271584479586
0.0306107527972
0.0341667958412
0.0378142348216
0.0415451808463
0.0453488573919
0.0492147181803
0.0531321165425
0.0570906800761
0.0610803318477
0.065091395614
0.0691146513706
0.0731413898359
0.0771634367308
0.0811731791534
0.0851635826518
0.0891281995751
0.0930611719658
0.0969572234096
0.100811666604
0.104620374215
0.108379906095
0.112087423856
0.115743156577
0.11934316864
0.122880806337
0.126356003478
0.129769843665
0.133121977298
0.136412695864
0.139642104307
0.142814324306
0.145924824119
0.148970534245
0.151956466285
0.154883789059
0.157754228821
0.160569402074
0.163331112859
0.166036819695
0.168686300606
0.1712802125
0.173820199351
0.176298658301
0.178726602986
0.181064355695
0.183393684924
0.185490373863
0.187533332257
0.189921084721
0.191590410054
0.193244771287
0.194491332617
0.19528426851
0.195576426715
0.195379188637
0.1945232877
0.192942882437
0.190438432571
0.18684680586
0.181862890173
0.175347056648
0.166866395957
0.15599751243
0.14229017327
0.125321499499
0.104930146439
0.0810852645238
0.0550590459869
0.0287934673732
0.004583025771
-0.0154510231224
-0.0318958516761
-0.0415216681785
-0.0486164567376
-0.0473092898581
-0.043273885407
-0.0382632242591
-0.035164020795
-0.0291855105615
-0.0247339145541
-0.0190879933265
-0.014258763736
-0.0103291962662
-0.00761969407143
-0.00575895739173
-0.00455606720934
-0.00379644705955
-0.00364426408266
-0.0035693352624
-0.0033914051378
-0.00324800798237
-0.00324200210883
-0.00338684642112
-0.00370570715764
-0.00412057502926
-0.00458600033985
-0.00504817118135
-0.00548697248711
-0.00587588335272
-0.00618170324586
-0.0063414069329
-0.00643703317433
-0.0061266935424
-0.00580708595174
-0.0053215770955
-0.00451283132599
-0.00351857354819
-0.00229101317648
-0.000848434490423
0.000800907825586
0.00264745669414
0.0046907333606
0.00693107011683
0.00935701117951
0.0119516226879
0.0147100499699
0.0176251501489
0.0206879927204
0.0238890199864
0.0272208492457
0.030674649296
0.0342322805883
0.0378799231212
0.0416106734103
0.0454136974679
0.0492783318503
0.0531938709074
0.0571499145829
0.0611363815656
0.0651436081664
0.0691624026438
0.0731840943378
0.0772005543008
0.0812042179011
0.0851881018205
0.0891458119307
0.0930715437425
0.0969600751831
0.100806768524
0.104607545939
0.108358963389
0.112058410167
0.115707242225
0.119302220347
0.122834808646
0.12630457458
0.12971326051
0.133060501188
0.13634648858
0.139571567097
0.142742003667
0.145850558298
0.14889182533
0.151873170542
0.154795989306
0.157661923509
0.160472811413
0.163230613091
0.165931363381
0.168574247983
0.171160702848
0.173691848022
0.176160088779
0.178575203463
0.18089795251
0.183208857304
0.185279380462
0.187303614187
0.189675417564
0.191317282615
0.192878334692
0.193981357595
0.19463668055
0.194841585709
0.194546151374
0.193567447895
0.191839838775
0.189166624223
0.185382294468
0.180188660113
0.173450141786
0.164748126098
0.153681012397
0.139840186094
0.122868516355
0.102682235067
0.0793451619199
0.0541502876508
0.0290547561623
0.00607958723906
-0.0127034150936
-0.0286115987486
-0.0382038809108
-0.0453814989446
-0.0447234500423
-0.0410822433107
-0.0365781596145
-0.0337449307172
-0.028267274631
-0.0241843875417
-0.0189288126914
-0.0143772543856
-0.0105411949261
-0.00764270970081
-0.00564630763935
-0.00414070526352
-0.00331613757099
-0.00302440189112
-0.00302868610557
-0.00300248490908
-0.00293539028381
-0.00296416537957
-0.00311185581403
-0.0034346665028
-0.0038784103181
-0.0043846813791
-0.00489220333475
-0.00537646571391
-0.00580955331629
-0.00614905129625
-0.00632774323211
-0.0064240665057
-0.00609542443747
-0.00576232779911
-0.0052699601064
-0.00444850180626
-0.00344446037085
-0.0022119236418
-0.000763972487043
0.000886690272042
0.00273180869387
0.00477429686096
0.00701681418682
0.00944799464437
0.0120468046097
0.0148089891643
0.0177279247861
0.0207942949943
0.0239980828533
0.0273290889359
0.0307776142052
0.0343335875966
0.0379844906773
0.0417188703478
0.0455251948358
0.0493923989827
0.0533095890798
0.0572662640008
0.0612522981473
0.0652580184921
0.069274249857
0.0732923548622
0.0773042491918
0.0813024193498
0.0852799376349
0.0892304675955
0.0931482596976
0.0970281418053
0.100865505633
0.104656286056
0.108396885883
0.112084559213
0.115716954618
0.119293498698
0.122812579897
0.126272365537
0.129671737931
0.133010002502
0.136287142532
0.139503882389
0.142668749426
0.145773850788
0.148809676978
0.151785533978
0.154703044364
0.157563706633
0.160369919516
0.163124175301
0.165819870749
0.168455043264
0.1710327677
0.173553746919
0.176010374591
0.178411106046
0.180717253319
0.183007169494
0.185050790464
0.187056886098
0.189409645178
0.190994512198
0.192412657213
0.193382637711
0.193936526866
0.194059371643
0.193656920122
0.192545914131
0.190661488673
0.1878108688
0.183827752182
0.1784225315
0.171464678753
0.162551876055
0.151306199181
0.137362209078
0.120427696529
0.100492649554
0.077705270143
0.0533708444971
0.0294437222853
0.00765065238967
-0.00999485182081
-0.0254014567645
-0.0349306324618
-0.0421673773417
-0.0421124428219
-0.0388499100227
-0.034849251032
-0.0322888990914
-0.0273000206499
-0.0235717548903
-0.0186869252381
-0.0144066248424
-0.0107231503301
-0.00772830283877
-0.00563416275339
-0.00373009059204
-0.00287871726355
-0.00241170197436
-0.00237330536262
-0.0024804801459
-0.00255212536067
-0.00265165819238
-0.00281428030157
-0.00313792964319
-0.00359263826827
-0.0041345365708
-0.0046852669082
-0.00521252169449
-0.00568900666749
-0.00606090578096
-0.00625593611935
-0.0063480064033
-0.0059924496282
-0.0056446150304
-0.00515029224369
-0.00431777700756
-0.00330637388214
-0.00207552104324
-0.000626447458114
0.00102529473098
0.00287059035936
0.00491435137179
0.00715024111614
0.00957415307827
0.0121760727282
0.0149461856969
0.0178741019751
0.0209493003628
0.0241607685097
0.0274949840746
0.0309402020439
0.0344942351266
0.0381481195798
0.041885694719
0.0456949776193
0.0495645302595
0.0534833168575
0.0574407677308
0.0614267401834
0.0654315725206
0.0694461187311
0.0734617788789
0.0774705099815
0.081464839737
0.0854378784555
0.0893833201688
0.0932954312611
0.0971690342117
0.100999472256
0.104782583509
0.108514461848
0.112191831745
0.115808250075
0.1193642003
0.122866175777
0.126312123549
0.129697998942
0.133022774047
0.136285878591
0.139487765696
0.142628701575
0.145711632428
0.148735793171
0.151701950224
0.154610363179
0.157462227344
0.160260578879
0.16300887123
0.165698213945
0.168324574977
0.170892509676
0.17340234615
0.175846415094
0.178231808145
0.180520295152
0.182786502578
0.184800706329
0.186786023933
0.189092389254
0.190564583179
0.191841052092
0.192713677142
0.193192338708
0.19322582282
0.192705494813
0.191451765363
0.189400804694
0.186365091066
0.182178865865
0.176562462337
0.169391315306
0.160281314446
0.148879903868
0.134865883033
0.118010492594
0.0983728495843
0.0761748171095
0.0527263161735
0.0299593275472
0.00929174854887
-0.00732663635822
-0.0222615878953
-0.0317024216308
-0.0389763842931
-0.0394791941225
-0.0365797735517
-0.0330766542184
-0.030794383555
-0.0262811709315
-0.0228959316855
-0.0183673321165
-0.0143481502091
-0.0108465340375
-0.00785012555418
-0.00560791205132
-0.00357246246169
-0.0024265795552
-0.00184809441899
-0.00168001931318
-0.00184500622831
-0.00208064729149
-0.0022899049443
-0.00248553424802
-0.00281043764063
-0.00326590808931
-0.00383718511292
-0.00441777624171
-0.00498694593337
-0.00550780724127
-0.00591096529677
-0.00612038512416
-0.00620549494599
-0.00581137250835
-0.00544234898115
-0.00494681783895
-0.00410184026887
-0.00307886339501
-0.00186209928769
-0.000437203587034
0.00120399601876
0.00305319145602
0.00510309677061
0.00733620515378
0.0097524088503
0.0123559412021
0.0151320527235
0.0180667219059
0.0211484311004
0.0243655424641
0.0277052608863
0.0311560794096
0.0347130063373
0.0383671088027
0.0421037256543
0.0459113069294
0.0497784788469
0.0536943028273
0.0576482853603
0.0616303596784
0.0656309377121
0.0696409443388
0.0736518433522
0.0776556465565
0.0816449261862
0.0856128259709
0.089553059165
0.0934598925034
0.097328125874
0.101153050153
0.104930418287
0.108656212802
0.112327016421
0.115937798884
0.119487884077
0.12298165366
0.126417762988
0.129793150504
0.133106749744
0.136357317356
0.139544488939
0.14265987583
0.145715065561
0.14872191033
0.151672288164
0.15456519131
0.157401062493
0.160180495707
0.162904336675
0.165573152189
0.168186171887
0.170741157923
0.17323704736
0.175665933
0.178033390926
0.180301344579
0.182537849048
0.184501473677
0.186431135118
0.188656446804
0.190017693005
0.191194735296
0.192001515793
0.19240233355
0.192334038968
0.191684084597
0.190276815447
0.188050310761
0.184823425238
0.180431987222
0.174607394847
0.167231903693
0.157941416762
0.14641021643
0.1323618703
0.115628945664
0.0963343035025
0.0747625808029
0.0522213083039
0.030598547756
0.0109903018791
-0.00470491433931
-0.0191879482387
-0.028519754284
-0.0358107556809
-0.0368267718834
-0.0342748793026
-0.0312607718279
-0.0292601324701
-0.0252085395188
-0.0221559362046
-0.0179732607551
-0.0142057878091
-0.0108952927667
-0.00796945075695
-0.00562070508302
-0.00356519577194
-0.00203025009288
-0.00136498314521
-0.00104899168192
-0.00116035667674
-0.00149689148312
-0.00184152131068
-0.00211151025181
-0.00245039597776
-0.0029071153086
-0.00347800030953
-0.0040769989608
-0.00469226927062
-0.0052521474693
-0.00568466253045
-0.00590966997271
-0.00598791381757
-0.00554788472493
-0.00514682311343
-0.0046467161779
-0.003815993606
-0.00281029679979
-0.00160515770887
-0.000200847388446
0.00142967831931
0.00328191460472
0.00533654681178
0.00757809139341
0.0100024349953
0.0126102534931
0.0153882257437
0.0183236688662
0.0214053046682
0.0246216788835
0.0279612107438
0.0314132854604
0.0349697848465
0.0386203085922
0.0423519062508
0.046153382106
0.050013652913
0.0539219994682
0.0578680852307
0.0618419720686
0.0658341816396
0.0698357354662
0.073838179809
0.0778335945802
0.0818146070256
0.0857744046516
0.0897067326558
0.0936058776828
0.0974666504623
0.10128435552
0.105054774205
0.108774049434
0.112438905436
0.116045951959
0.119594043361
0.123084273949
0.126515107302
0.129884425863
0.13319116989
0.136433993263
0.139612445302
0.142721373006
0.145767847064
0.14876131779
0.151696451596
0.154572654765
0.157389595072
0.160145131868
0.162837011204
0.165475535478
0.16806483094
0.170595561627
0.173065137305
0.175465206913
0.177799283184
0.180029779646
0.182220036479
0.184115589821
0.185968734402
0.188114729368
0.189405834304
0.190510632094
0.191250051344
0.191558885275
0.19137483056
0.190583084587
0.1890120577
0.186602585492
0.183180631368
0.178584458209
0.172557500522
0.164989666965
0.155538548523
0.143906479128
0.129861759957
0.1132955137
0.0943882768662
0.0734766258521
0.0518587062071
0.0313553642235
0.0127281569531
-0.00213603951015
-0.0161757610816
-0.0253830667619
-0.032672667384
-0.0341583842203
-0.0319384274469
-0.0294022881522
-0.0276851901838
-0.0240803880719
-0.0213503679741
-0.017506170739
-0.0139837188477
-0.0108642526114
-0.00805206148702
-0.00567582088199
-0.00354738991307
-0.00187905583337
-0.000944136009505
-0.000501023653208
-0.000462839618708
-0.000795251129342
-0.00126479582099
-0.00164754267928
-0.00204994214594
-0.00252223580971
-0.00307093108052
-0.00366966508327
-0.00430146300993
-0.00487842788013
-0.00534113984421
-0.00559185264881
-0.00566062400315
-0.00519376398174
-0.00479422674673
-0.00429965094039
-0.00348829476893
-0.0025128801127
-0.00130749663619
0.000108060846521
0.00174544773389
0.00359966582941
0.00565493855536
0.00790051676888
0.0103303481529
0.0129394025872
0.0157155804543
0.0186474765155
0.0217243252022
0.0249351462116
0.028268906396
0.0317152723533
0.0352650061905
0.0389071595012
0.0426294307227
0.0464206561972
0.0502699673767
0.0541668285317
0.0581010523215
0.0620628288756
0.0660427929578
0.0700320677247
0.0740222872555
0.0780056048934
0.0819747099742
0.0859228444954
0.089843801138
0.0937319091547
0.0975820238191
0.101389511934
0.105150244921
0.108860561416
0.112517331692
0.116117648289
0.119660101988
0.123144456199
0.126569032298
0.129931924689
0.133232027803
0.136468305209
0.139640383787
0.14274649411
0.145790001174
0.148775110232
0.151699273216
0.154562115881
0.157363204673
0.160101133636
0.16277435584
0.165389266845
0.167948557847
0.170445098666
0.172875881462
0.175232436796
0.177516354824
0.179691986051
0.181822455574
0.183655810971
0.185452026247
0.18753547698
0.188764672498
0.189791802501
0.190448637685
0.19065005937
0.190336552734
0.189391685828
0.187648407956
0.185050835203
0.181432506127
0.176634900569
0.170414374974
0.162669307946
0.153080487847
0.141379219001
0.12737791446
0.111022843826
0.0925455610959
0.0723239883799
0.0516392185056
0.0322231932659
0.0145291174742
0.000376544619826
-0.0132197432484
-0.0222926901678
-0.0295642324336
-0.0314773713527
-0.0295737648446
-0.0275021980122
-0.0260689110548
-0.0228954375932
-0.0204777976329
-0.0169660836476
-0.0136850271971
-0.0107538095989
-0.00807555827254
-0.00573919029322
-0.00356052682544
-0.00186292364943
-0.000635001774557
1.26747451958e-05
0.000211305064547
-2.52483410358e-05
-0.000550218216114
-0.00104206709796
-0.00154389211961
-0.00208120564081
-0.00264960825602
-0.00323204378652
-0.00383963487357
-0.00441046136092
-0.00488393527786
-0.00515129107452
-0.00521811702696
-0.00474301492018
-0.00438445983743
-0.00391715922467
-0.00309544946361
-0.00211356017793
-0.00090494136608
0.000521115941068
0.00216431878196
0.00401829159751
0.00607152489575
0.0083150828136
0.0107425615958
0.013346974926
0.0161168819867
0.0190411354994
0.0221091549336
0.0253102333462
0.0286335117202
0.0320686362129
0.0356061084211
0.0392350959345
0.0429436099546
0.0467204654447
0.0505549019529
0.0544364979281
0.0583551740485
0.0623012234217
0.0662653803908
0.0702388627068
0.0742133879872
0.078181179916
0.0821349894085
0.0860681158638
0.0899744046846
0.0938482342533
0.0976845112612
0.101478664577
0.105226637702
0.108924864495
0.112570258756
0.116159937505
0.119692258836
0.123166637498
0.126581498305
0.129934998082
0.13322598124
0.136453627872
0.139617511403
0.142716704864
0.145753110914
0.148728784338
0.151642054923
0.154492272632
0.157279016307
0.160001530444
0.162658988986
0.165253397413
0.167784696256
0.170247876805
0.172639656616
0.174951952377
0.177185250115
0.179306715587
0.181378203469
0.183153529652
0.184900227284
0.18692541138
0.188087439756
0.189022460429
0.189580824009
0.189661151231
0.1892061986
0.188098992335
0.186177506581
0.183389413371
0.179576216044
0.174583424611
0.168181154791
0.160277043541
0.150576376274
0.138840011771
0.124923252106
0.108823491489
0.090816189499
0.0713105893478
0.0515624695895
0.0331966440184
0.0164685198144
0.00283540852656
-0.0103147777753
-0.019248960678
-0.0264875083933
-0.0287871921015
-0.0271843715047
-0.0255618275093
-0.0244109794367
-0.0216528574084
-0.019537042386
-0.0163520655095
-0.0133112698497
-0.0105659751535
-0.00802979031496
-0.00577343792928
-0.00360885909249
-0.00184787517669
-0.000488590504438
0.000432342394031
0.000796498041989
0.000732441030808
0.000263017785119
-0.000276662061909
-0.000878964954153
-0.00151881447562
-0.00216576995668
-0.00277287646149
-0.00337809720949
-0.00394008809048
-0.00439196318736
-0.004644753946
-0.00471596794604
-0.00421951231271
-0.00389089814267
-0.00345298422489
-0.00261039701906
-0.00160632770772
-0.000392034767154
0.00103790065699
0.00268056064892
0.00453103231181
0.00657953239959
0.00881709804156
0.0112370520432
0.0138321668861
0.0165916016719
0.0195042854036
0.022559657621
0.0257470975656
0.0290558399934
0.0324755253942
0.0359965227585
0.0396082099539
0.0432989274686
0.0470575569931
0.0508734239326
0.0547361962991
0.058635877211
0.0625628429732
0.0665079163891
0.0704624030854
0.0744180980327
0.07836728832
0.0823027809137
0.0862179289507
0.0901066258786
0.0939632909366
0.097782868612
0.101560824127
0.105293129949
0.108976235388
0.112607035264
0.11618265269
0.119701279627
0.123162132412
0.126563774912
0.129904473922
0.133183029575
0.136398620433
0.13955067406
0.142638218541
0.145662496927
0.148625046106
0.151524524667
0.1543599759
0.157130786112
0.159836055217
0.162474774745
0.165047120784
0.167551743991
0.169984033321
0.17234010445
0.174612144513
0.176799638698
0.178872276278
0.180888402016
0.182606884827
0.18430244241
0.186264409751
0.187351457574
0.18818153923
0.188628465147
0.188576816064
0.187971093348
0.186695127364
0.184592356711
0.181614182443
0.17761049829
0.172431728849
0.165862541721
0.157820556182
0.148036592626
0.136301274044
0.1225109673
0.106709608303
0.089209190212
0.0704411255002
0.0516271740101
0.0342656228237
0.0185319066183
0.00524621112291
-0.00745771866039
-0.0162524235889
-0.0234444887233
-0.0260914032265
-0.0247738422084
-0.0235828452824
-0.022711431565
-0.0203522479493
-0.0185273297865
-0.015662732594
-0.012862564006
-0.0103024155059
-0.00791177898855
-0.00575487795671
-0.00365781713204
-0.0018692485463
-0.00044064569425
0.000645656326553
0.00124487795321
0.00138599496427
0.00107079455942
0.000570893741699
-8.4699751335e-05
-0.000806253591577
-0.00154817400638
-0.00221917518754
-0.00286342841324
-0.00345380027269
-0.00390311625049
-0.00413968062316
-0.00421000555537
-0.00367814925801
-0.00336884355559
-0.00294452956306
-0.00206320302443
-0.00102869522291
0.000193126723486
0.00162662685684
0.00326915450994
0.00511639109086
0.00715973486089
0.00939031835971
0.0118011760856
0.014384993315
0.0171315093452
0.0200299227712
0.0230697715665
0.026240532805
0.0295315819889
0.0329326230663
0.036433901434
0.040024957585
0.0436944903601
0.0474315307791
0.0512255191142
0.0550662283224
0.0589437440216
0.0628485239203
0.0667714820347
0.0707040147205
0.0746379933288
0.0785657634231
0.0824801833458
0.0863746562674
0.0902431168742
0.094080013311
0.0978803115185
0.101639490735
0.105353523989
0.10901884784
0.112632327671
0.116191118847
0.119693289128
0.123137825662
0.126523354989
0.129848245526
0.133111246739
0.136311438726
0.139448095648
0.142520210806
0.145528530474
0.148474259139
0.151356335783
0.154173629605
0.156925229269
0.159609882628
0.162226166212
0.164773497582
0.167250056798
0.169651164696
0.171972266861
0.17420549687
0.176349068889
0.178374612654
0.18033565783
0.181996811443
0.183637680118
0.185528721145
0.186533640475
0.187248973805
0.187574513993
0.187383028362
0.186620172513
0.185171926761
0.182887662522
0.179722665006
0.175535710505
0.170183086913
0.163464735259
0.155308864008
0.145472551176
0.133775986607
0.120154197132
0.104692608899
0.0877323038
0.0697184209154
0.0518294532612
0.0354167912229
0.0205931677684
0.00760952538752
-0.00464878560313
-0.013303777628
-0.0204370674415
-0.02339363218
-0.0223458643811
-0.0215672638115
-0.0209706752057
-0.0189936274703
-0.0174483712639
-0.0148966951767
-0.0123379336867
-0.00996373998372
-0.00772093193681
-0.00567274987075
-0.00367068390266
-0.00191683324774
-0.000449413891262
0.000711414595418
0.00151803685026
0.001867839056
0.00175057641372
0.00137760203153
0.000769604065759
3.74917406586e-05
-0.00075388144255
-0.00149715420551
-0.00221692475301
-0.00286998178516
-0.00335965099422
-0.00362220495297
-0.00371756510301
-0.00316372223748
-0.00286300674129
-0.00243617456114
-0.00150229233307
-0.000429832048835
0.000806267359006
0.00225059613346
0.00389970129016
0.00574828186685
0.007789391129
0.0100149287019
0.0124178502316
0.0149907382731
0.01772389528
0.0206069784182
0.0236297818054
0.0267819962248
0.0300532303253
0.0334333141621
0.0369124132611
0.0404802198593
0.0441257996103
0.0478383941226
0.051607602399
0.0554233335921
0.0592757698165
0.063155463032
0.0670534363187
0.0709611917683
0.0748706840802
0.0787743175608
0.0826650028731
0.0865361956637
0.0903818699711
0.0941964958138
0.0979750522515
0.101713023631
0.105406373953
0.109051522403
0.112645310013
0.116184914365
0.119668286196
0.123094172092
0.126461181974
0.129767736782
0.133012526149
0.136194522454
0.139312866338
0.142366566654
0.1453559263
0.148281722098
0.15114307703
0.153938760998
0.156667585829
0.159328015035
0.161918287985
0.164437214755
0.166882601132
0.16924972368
0.171533465921
0.17372573428
0.175823342257
0.177799511296
0.179702346607
0.181303913633
0.182885697173
0.184697602927
0.185614566754
0.186207915036
0.186404622478
0.186068133049
0.18514451607
0.183523140912
0.181059860461
0.177714000052
0.17335375244
0.167842242399
0.16099528871
0.152752119721
0.142896431285
0.131277356385
0.117865641767
0.102782797297
0.0863915828202
0.0691427381812
0.0521623144946
0.0366367792964
0.0225840225259
0.00992681435501
-0.00188924415986
-0.0104036073437
-0.017467030612
-0.02069754768
-0.0199041936785
-0.0195174311112
-0.0191895037035
-0.0175774266063
-0.0163003750734
-0.014052890647
-0.0117357753534
-0.00954941986843
-0.00745678089459
-0.00552278864329
-0.00362626732535
-0.00194632324007
-0.000486606431997
0.000725382367181
0.00163914561418
0.00217731627262
0.00226170613318
0.00206801484579
0.00159811502752
0.000920262054495
0.000144958101086
-0.000624725977761
-0.00139078363369
-0.00208474931624
-0.00264432643573
-0.00300184773112
-0.00319850904575
-0.00268846818237
-0.00239210114579
-0.00194103896957
-0.000946363934747
0.000170845967554
0.00143029561751
0.00289346752826
0.00455607526989
0.00641123623462
0.00845392389146
0.0106772837274
0.0130743747155
0.015637687514
0.0183580573843
0.0212257202785
0.0242308580056
0.0273634791542
0.0306135080077
0.03397094937
0.0374259394762
0.0409683409781
0.0445875980472
0.048273217633
0.0520150066669
0.0558030449591
0.0596276250488
0.0634794118285
0.0673495660157
0.0712297199093
0.0751119244249
0.0789886470325
0.0828528585915
0.0866980783332
0.0905183245992
0.0943080885943
0.0980623629379
0.101776638357
0.105446869355
0.109069456878
0.112641219629
0.116159335391
0.11962163734
0.123026643948
0.126372894713
0.129658815839
0.132883029083
0.136044401656
0.139141950071
0.142174661688
0.145142439881
0.148045604112
0.150883317949
0.153654256787
0.156356990828
0.158989743159
0.161550459247
0.16403734557
0.16644775856
0.168776893993
0.17101916683
0.173166219041
0.175213527076
0.177135755486
0.178975280379
0.180513404009
0.1820305239
0.183754762371
0.184578949284
0.185045055556
0.185107422151
0.184622918824
0.183537247211
0.181744260535
0.179106934626
0.175588775799
0.171067912833
0.16541524824
0.158462912165
0.15016135318
0.140320849577
0.128818426517
0.115657141409
0.100988933428
0.0851909019042
0.0687113120366
0.0526143520946
0.0379096540376
0.0245122735778
0.0122037314305
0.00081957008553
-0.00755237516893
-0.0145360681353
-0.0180068287906
-0.0174526287213
-0.0174360137212
-0.0173691023564
-0.0161044898324
-0.015084027794
-0.0131307912913
-0.0110543408736
-0.00905800950588
-0.00711828994003
-0.00530270234564
-0.0035157969835
-0.00192523271022
-0.000517254086639
0.000704218911326
0.00167682695261
0.00234613359986
0.00261664880819
0.00260240486961
0.00228808452637
0.00172854140434
0.00103450242301
0.000316543201214
-0.000425145772671
-0.00112508765289
-0.00172620860297
-0.00214987561639
-0.00246024614328
-0.00210967950426
-0.00192368057337
-0.00144307023725
-0.000370312439494
0.000797091961663
0.00208138487543
0.00356504651176
0.00524371804084
0.00710760606663
0.00915337614815
0.0113757881632
0.0137680330546
0.0163223627363
0.0190300480453
0.0218819675433
0.0248687592423
0.0279807867528
0.0312083238352
0.0345415537557
0.0379705930129
0.0414854973429
0.0450761123166
0.0487322592622
0.0524440035721
0.0562016246225
0.0599955251625
0.0638164999779
0.0676558830381
0.0715054671635
0.0753574139652
0.0792042584201
0.0830390447437
0.0868553745396
0.0906473193612
0.0944093935454
0.0981366088245
0.101824468302
0.105468918164
0.109066339562
0.112613527527
0.116107641967
0.119546402087
0.122928118779
0.126251228583
0.129514126346
0.132715356942
0.135853675641
0.1389279703
0.141937151219
0.144880760383
0.14775867605
0.1505699785
0.153313219265
0.155986732029
0.15858848864
0.161116124105
0.163567265551
0.165938767362
0.168225638227
0.17042186001
0.172518800653
0.174510725942
0.176373630708
0.178144035133
0.179614002052
0.181059961017
0.18268767216
0.183414807745
0.183749900541
0.183673905294
0.18304007726
0.18179307487
0.179832163473
0.177028156646
0.17334883704
0.168682706538
0.162909291262
0.155877247311
0.147548174292
0.137758487743
0.126411645199
0.113539214508
0.0993177510486
0.0841314374473
0.0684180062228
0.0531708268936
0.0392190417999
0.0263876189317
0.0144430732402
0.00347646205413
-0.0047504697836
-0.0116457862136
-0.015325135336
-0.0149949862079
-0.0153259723759
-0.0155110464681
-0.0145760801394
-0.0138004669096
-0.0121305009864
-0.0102921534469
-0.00848753386577
-0.00670374039626
-0.00501039592205
-0.00333543836076
-0.0018389791205
-0.000505304988652
0.000679935115166
0.00166873088859
0.00241063158564
0.00282258083874
0.00296667739195
0.00281063688888
0.00241962985054
0.00186558392323
0.00125216441577
0.000571439711331
-0.000107504809806
-0.000689953668059
-0.00109464045734
-0.00141929597459
-0.00119420196419
-0.00125389819928
-0.000878887136882
0.000258340193721
0.00148641003879
0.00279266407979
0.00429054645162
0.00598193639366
0.00785251409792
0.00989954248904
0.0121195326641
0.0145056988061
0.0170497847305
0.0197433978782
0.022578105064
0.0255450007816
0.028634765387
0.0318380007642
0.0351450046803
0.0385458245899
0.0420307477626
0.0455900671851
0.0492139556158
0.0528927792978
0.0566170240185
0.0603771701002
0.0641641575127
0.0679695407807
0.0717853089437
0.0756037451095
0.0794174492476
0.0832195547515
0.0870037698
0.090764226723
0.0944954623411
0.0981925150042
0.101850907606
0.105466577368
0.109035883493
0.112555595358
0.116022841557
0.119435233045
0.122790894116
0.126088138881
0.12932530114
0.132500837713
0.135613381494
0.13866168151
0.141644528938
0.14456113636
0.147410966478
0.150192927419
0.152905407905
0.155546492543
0.158113876236
0.160604855799
0.163016510536
0.165345171087
0.167585557722
0.16973122013
0.171773227361
0.173704747099
0.175502954614
0.177198525789
0.17859553359
0.179963501646
0.181485714232
0.182111913955
0.182313514476
0.182096450787
0.181313485875
0.179907793854
0.177784799486
0.174823896419
0.170997161012
0.166203758664
0.160332534946
0.153248634534
0.144924452073
0.135221691639
0.12406840956
0.111520577664
0.0977734770038
0.0832112344491
0.0682532951881
0.0538151286615
0.0405492935153
0.0282156008009
0.0166457743563
0.00608048360783
-0.00199828565525
-0.00879771838544
-0.0126560813096
-0.012535077699
-0.0131905321275
-0.0136172916501
-0.0129938825715
-0.0124512578065
-0.0110527723547
-0.00944830354493
-0.00783594705034
-0.00621087461939
-0.00464350266934
-0.00308243700498
-0.00168165964945
-0.000428775057767
0.000694474251621
0.00165782094675
0.00242566199955
0.00292690097466
0.00319925679459
0.00320196065123
0.00297894152833
0.0025857494742
0.00211539524164
0.00154844624478
0.000942070740328
0.000408758366333
3.80973557227e-05
-0.000242631905136
-5.62172598261e-09
-0.00020811362729
-7.13521204681e-05
0.000988205622851
0.00225810373824
0.00359015528425
0.00509612236631
0.00679295109155
0.00866474168382
0.0107086991014
0.0129226326338
0.0152993946542
0.0178300448753
0.0205065993641
0.0233213155448
0.02626562405
0.0293304242686
0.0325066094604
0.0357844957943
0.0391539991901
0.0426057278515
0.0461304893099
0.0497188159909
0.0533613983745
0.0570488921309
0.0607717735804
0.0645211591805
0.0682889024431
0.0720672323048
0.0758485488077
0.0796254948207
0.0833913111553
0.0871398427221
0.0908652830732
0.0945621835125
0.0982256178862
0.101851136296
0.105434662307
0.108972530442
0.1124614822
0.1158986026
0.119281398715
0.122607826938
0.125876067062
0.129084366203
0.132231079659
0.135314707582
0.138333849112
0.141287147773
0.144173512109
0.146992013955
0.149741329266
0.152419646898
0.155024788754
0.157554153627
0.160004683497
0.162372940829
0.164654730437
0.166844413228
0.168935098632
0.170917526232
0.172783858412
0.174512275463
0.176127734539
0.177447330602
0.178730590511
0.18013849821
0.180660358576
0.180727396373
0.180368030997
0.179437711855
0.177878020074
0.17560109591
0.172495615947
0.168537864857
0.163637768225
0.15769399765
0.150587885658
0.142301985973
0.13272206357
0.121798614113
0.109607692614
0.0963574305989
0.0824249863745
0.0682046488788
0.0545299372628
0.0418862256163
0.0300007167198
0.0188117878534
0.00863087730709
0.000703737018236
-0.00599333292527
-0.0100032123797
-0.0100766894606
-0.0110331489981
-0.0116901578326
-0.0113600031898
-0.0110383799113
-0.00989897953311
-0.00852261354602
-0.00710155859222
-0.00563722604925
-0.00419933403063
-0.00275409576608
-0.00144991170809
-0.000278839660235
0.000775105032381
0.00168818640359
0.00244249009721
0.00298987959109
0.00335828189214
0.00349592382558
0.00342091391955
0.00318041297238
0.00286072876301
0.00244018666405
0.00195577458759
0.00151333206165
0.00120606859559
0.000986728945646
0.00126953488404
0.00107394248759
0.00109137551295
0.00196136001124
0.00315022327102
0.00448310855665
0.00599489635546
0.00769424864693
0.00956133894696
0.0115960217173
0.013798767864
0.016161657374
0.0186744587046
0.0213298392189
0.0241207317525
0.0270386494522
0.0300746118995
0.0332198299445
0.0364645971338
0.0397987195317
0.0432132777209
0.0466995861566
0.0502484661026
0.0538509399625
0.0574977652258
0.0611793117937
0.0648869552055
0.0686129667794
0.0723498571725
0.0760900983324
0.0798263158018
0.0835518880712
0.0872608416168
0.0909474178763
0.0946061624504
0.0982321981043
0.101821109546
0.105368795016
0.108871561219
0.112326119567
0.115729498536
0.119079103917
0.122372740001
0.125608444325
0.128784354179
0.131898707159
0.134949858996
0.137936246904
0.140856345928
0.143708777794
0.146492245018
0.149205153809
0.151845462704
0.154410721141
0.156898021919
0.159303947836
0.161624576569
0.16385519995
0.165989778763
0.168020979243
0.169939192296
0.171735663676
0.173389412044
0.174919916278
0.176158036622
0.1773501074
0.17863530793
0.179050102452
0.178983119137
0.17848203032
0.177408026335
0.17570134436
0.173281185736
0.170046091682
0.165976357489
0.160992550473
0.155003466079
0.147906070845
0.139692190038
0.13027008104
0.119610251138
0.107804406556
0.0950677857095
0.0817640864813
0.0682571542143
0.0552978587902
0.0432163307356
0.0317463880702
0.0209403051139
0.0111270216576
0.00335509710484
-0.00323404228724
-0.00736998842671
-0.00762356672859
-0.00885747539914
-0.00973230889002
-0.00967696178431
-0.00956422079375
-0.00867107506684
-0.00751569364709
-0.00628334982353
-0.0049805381428
-0.00367505054363
-0.00234760650165
-0.0011408413047
-5.18192398368e-05
0.000932629691045
0.00178869061417
0.00250546908638
0.00305872944397
0.00348176520492
0.00372160105326
0.00377461815129
0.00367235245314
0.00349114300915
0.00321711268724
0.0028756413134
0.00255690976667
0.00234771333982
0.00221525402237
0.00253641052617
0.00240587993983
0.00245197164314
0.00323648215529
0.00428740944064
0.00552360300836
0.00700197462572
0.00869618641605
0.0105522770322
0.0125696547752
0.0147558027119
0.0171019969909
0.0195930252526
0.0222222014823
0.0249839749021
0.0278701914433
0.0308721366606
0.0339816267598
0.0371886724812
0.0404827151142
0.0438556172669
0.0472990871568
0.0508040706694
0.054361953071
0.0579635668657
0.0615991529062
0.0652605181951
0.068940426178
0.0726316428711
0.0763266117712
0.080017858812
0.0836989714363
0.0873642235711
0.0910078621896
0.0946243895701
0.0982090049971
0.101757336448
0.105265231091
0.108728964345
0.112145222515
0.115510968107
0.118823505573
0.122080496854
0.12527982878
0.128419506902
0.131497632477
0.134512402417
0.137462077757
0.140344942519
0.143159340643
0.145903631793
0.148575935014
0.151173954685
0.153694959558
0.156135731987
0.158492498782
0.160760885497
0.162935695203
0.165010473248
0.166977450598
0.168826668696
0.170548550747
0.172122812599
0.173563811587
0.174716600424
0.175811210436
0.176965817145
0.177271637736
0.177072984849
0.176432879455
0.17522104971
0.173376950083
0.170826947528
0.167479826503
0.163319592673
0.158277126306
0.152271432342
0.145214329983
0.137105820219
0.127874790002
0.117509128419
0.106111767889
0.0938995860573
0.0812170292984
0.0683944580746
0.0561023084044
0.044526760868
0.0334537114958
0.0230299566309
0.013568427098
0.00595522371564
-0.000521217778591
-0.00475977216231
-0.0051794033661
-0.00666732645596
-0.00774672988476
-0.00794767850285
-0.00803157442075
-0.00737154849778
-0.00642892727333
-0.00538115406179
-0.00423915147908
-0.00306799902212
-0.00186011512831
-0.000751614117204
0.000255110452184
0.00117067727059
0.00197084500004
0.00264363301975
0.00317752937511
0.00361531907675
0.00391740540391
0.00407143581225
0.00409141117525
0.00403539843967
0.00389552173694
0.00369414087996
0.00350796824072
0.00341382085115
0.00338707660038
0.0037521080539
0.00371642517276
0.00383331880255
0.00463068020812
0.00564858468481
0.00680768910149
0.0082084894739
0.00983517672066
0.0116484850516
0.0136357075711
0.0157995331443
0.0181260663809
0.0205904141091
0.0231862419444
0.0259110467864
0.0287581957705
0.0317200223922
0.0347902982855
0.0379568546381
0.0412063648055
0.044532498081
0.0479279095437
0.051383782747
0.0548922189144
0.0584439714194
0.0620288273738
0.0656393975105
0.0692688994698
0.0729101805322
0.076555552388
0.0801974424216
0.0838298033007
0.0874471955862
0.0910437668657
0.0946139305283
0.098153022163
0.101656717149
0.105120757631
0.108541388524
0.111915297402
0.115239376478
0.118510819033
0.121727142877
0.124886071948
0.127985460954
0.131023257035
0.133997484195
0.136906212892
0.139747500971
0.142519422983
0.14522004286
0.147847189109
0.150398288587
0.15287031854
0.155259748552
0.15756245678
0.159773648578
0.161887670146
0.163897657061
0.165795425959
0.167570687665
0.16921314436
0.17070309752
0.172050259513
0.173113905593
0.174105070531
0.175121776912
0.175317396875
0.174991337236
0.174217343895
0.172875916662
0.170906563967
0.168242717583
0.164803530772
0.160576337629
0.155501812271
0.149509044512
0.142523728216
0.134552787136
0.125543633354
0.115498783164
0.104528116042
0.0928451482675
0.0807703985483
0.0686005056594
0.0569302801159
0.045815098894
0.0351220522873
0.025079175441
0.0159547498886
0.00850346847154
0.00214378940717
-0.00217582478954
-0.00274783717892
-0.00446664902743
-0.00573670367972
-0.00617545594522
-0.00644363974634
-0.00600339397875
-0.00526442308452
-0.00439571882351
-0.003412277192
-0.0023761002041
-0.00128897409424
-0.000279503696455
0.000644717397553
0.00149162255763
0.00223765788256
0.00286854869459
0.00337603950605
0.00380536422629
0.00413294552158
0.00435194922669
0.00446875365321
0.00452237595794
0.00450379606996
0.00443234436995
0.00437339651183
0.00439397390313
0.004476419049
0.00488856480882
0.00496868126073
0.00518125634703
0.00599836962937
0.00704101999691
0.00821544668756
0.00958128658754
0.0111483062589
0.0129164329198
0.0148660036481
0.0169805221388
0.0192496728114
0.0216645637681
0.0242163788261
0.0268969255939
0.0296984433354
0.0326145307365
0.0356425987007
0.0387658019801
0.0419653476026
0.0452378712256
0.0485782948324
0.0519788918958
0.0554343725189
0.0589340013184
0.0624643312898
0.0660197626972
0.0695945598411
0.0731817887485
0.0767734307386
0.0803616844202
0.0839411898876
0.0875067577479
0.0910522585416
0.0945720246263
0.0980616385341
0.101516780761
0.104933006255
0.10830656414
0.111634154001
0.114912553863
0.118138840528
0.121310394334
0.124424768936
0.127479657629
0.130472840595
0.133402160311
0.13626549166
0.139060660213
0.141785480353
0.144437733625
0.147014950928
0.14951426528
0.151932355618
0.154265380973
0.156508882304
0.158657675719
0.160705687086
0.16264566461
0.164469045237
0.166165248875
0.167723369725
0.169124255422
0.170373451091
0.171344218148
0.172226387766
0.173098905459
0.173183986222
0.172736555724
0.171836122261
0.17037551655
0.168295363969
0.165535906179
0.162026503368
0.157757367272
0.152678277416
0.146728075467
0.139845185965
0.132042100472
0.123282471862
0.113580657941
0.103049513123
0.0918949075893
0.0804103575792
0.0688611260896
0.0577713902567
0.0470939381534
0.036754050558
0.0270868486931
0.0182856754984
0.0109990796748
0.00475962147961
0.000378691382176
-0.000332450272693
-0.00225949467102
-0.0037057882003
-0.00436395891914
-0.00480401725401
-0.00457008739911
-0.00402496018954
-0.0033286900817
-0.00250013602996
-0.00159816773407
-0.00063210020651
0.000277891288215
0.00111953869329
0.00189787926322
0.00259055910789
0.00318227375141
0.0036650861332
0.00408015636064
0.00441277584791
0.00466482766976
0.00484584737267
0.00498487255582
0.00506992852222
0.00511496320926
0.00517375824218
0.00530237489478
0.00548906420726
0.00595066849168
0.00615358270299
0.00647688793285
0.00732257977612
0.00838907683229
0.00958398634965
0.010959036932
0.0125279984429
0.0142813818865
0.0162017290798
0.0182689818484
0.0204809945332
0.0228455126943
0.0253519780714
0.027986264306
0.0307384395211
0.0335996005538
0.0365610715387
0.0396143549513
0.0427512175596
0.0459632536317
0.0492428876828
0.0525830112385
0.055983305776
0.0594292215793
0.0629009026181
0.0663956958938
0.0699106816257
0.073440878207
0.0769764891118
0.0805076489634
0.084030614124
0.0875408009716
0.0910315462994
0.0944971348658
0.0979336209596
0.101336561796
0.104701228959
0.108023978597
0.111301483865
0.114530310655
0.117707438433
0.120830131571
0.123895771405
0.126901890661
0.129846093394
0.13272603668
0.135539404277
0.13828381592
0.140956829462
0.143555915486
0.146078295945
0.148520804389
0.150879822316
0.153151206314
0.15533017507
0.157411184405
0.1593877773
0.161252347966
0.162995999162
0.16460791639
0.16607670705
0.167383801013
0.168531072845
0.169405584792
0.170174507611
0.170898686917
0.170874045383
0.170312613564
0.1692949304
0.167727228869
0.165552480916
0.162717319465
0.159160818343
0.154875551502
0.149819569847
0.143940930578
0.137189510087
0.12958196972
0.121095814334
0.111754533533
0.101670453444
0.0910384582247
0.0801236967455
0.0691632948177
0.058611800425
0.0483622758414
0.0383561559663
0.0290520066315
0.020560607878
0.0134411574492
0.00732488766653
0.00290070558965
0.0020632269126
-4.99971231799e-05
-0.00165779500894
-0.00251719386172
-0.00311670270398
-0.00307557040762
-0.00271394074974
-0.00218255962897
-0.00150398821594
-0.000734099436498
0.000111693625777
0.000922334204775
0.00168161450132
0.00239161298856
0.00303121096998
0.00358501674425
0.00404545771435
0.00444801918518
0.00478073815153
0.00504929426558
0.00526844937356
0.00546596727167
0.00563109354806
0.00577367451578
0.00593658314001
0.00616409444456
0.00644839001323
0.00696484063036
0.00728852483799
0.00772565629712
0.00860777459779
0.00969833400199
0.0109168329798
0.0123053655587
0.0138758425017
0.015616926686
0.0175163170131
0.0195627915619
0.0217530449256
0.0240863805025
0.0265532051741
0.0291424211214
0.0318449264086
0.0346502417049
0.0375444088292
0.0405276802849
0.0436018055194
0.0467533512268
0.049971091659
0.0532462849753
0.0565708057685
0.0599365747054
0.0633364947151
0.0667637599904
0.0702140018641
0.0736850529275
0.0771627849368
0.0806331170904
0.0840958006932
0.0875481144567
0.0909815730289
0.0943896646461
0.0977696524331
0.101116955147
0.104426421054
0.10769476105
0.110918554423
0.114094052066
0.117218183893
0.120288085913
0.123300948133
0.1262541536
0.129145118812
0.131971314196
0.134730235109
0.137419281346
0.140035756073
0.142576840972
0.145039453239
0.147420118323
0.149714920507
0.151919424921
0.154028544161
0.156036398514
0.157936182335
0.15971997341
0.161378589817
0.162901042153
0.164275565564
0.165484248246
0.166525733516
0.167300586805
0.167953075586
0.168527037327
0.168394386261
0.167727404045
0.166603620414
0.164942662414
0.162690968086
0.159801169347
0.156221339453
0.151945871252
0.146940143784
0.141160707585
0.134567517216
0.127180028236
0.118987193918
0.110019104723
0.100384653559
0.0902654302916
0.0798980091059
0.0694944215478
0.0594399808048
0.0495980517728
0.0399279235526
0.0309720468593
0.0227785389786
0.0158286421119
0.00983814668391
0.00538722980883
0.00443570979554
0.00215764594823
0.000403230859573
-0.000639489115919
-0.00138607833162
-0.0015242382544
-0.00133535431449
-0.000960605627998
-0.000426098293344
0.000215054816224
0.000942477683683
0.00165464283188
0.00233220043991
0.00297434953776
0.00356112921329
0.00407745316145
0.00451634381703
0.00490826829679
0.00524228411653
0.005523792877
0.00576922252232
0.00600677851457
0.00623044567159
0.00644943841855
0.00669868319661
0.00701264046628
0.00738615956957
0.00796209336377
0.00839868783731
0.00894383712316
0.00986756511974
0.0109840828287
0.0122272331464
0.013630076397
0.015202775902
0.0169355440966
0.0188192999392
0.0208465761739
0.0230124282459
0.0253128812564
0.0277403783729
0.0302858673785
0.0329408719039
0.0356966426603
0.0385437591181
0.0414788431867
0.0444978229546
0.047589913665
0.0507452000708
0.0539544409872
0.0572024079711
0.0604882326127
0.0638163957791
0.0671749753449
0.0705532626793
0.0739440917569
0.0773411706738
0.080739395125
0.0841367606016
0.0875290315012
0.0909028798957
0.0942501470333
0.0975709539635
0.100860068137
0.104110926789
0.10732134963
0.110487881326
0.113606352422
0.11667380952
0.119687190317
0.122643444977
0.125539816202
0.128373500729
0.131141789977
0.133842000781
0.136471277214
0.139026675812
0.141505138679
0.143903287681
0.14621733102
0.148443062537
0.150575774947
0.152610094038
0.154539825627
0.156357845911
0.158055955614
0.159624738046
0.161053080593
0.162328946877
0.163435068576
0.164367281318
0.165038863216
0.165571534263
0.16599409673
0.165755388147
0.164992141017
0.16377533113
0.162036817328
0.159727198747
0.15680470698
0.153225538536
0.148985355288
0.144055863996
0.138401255995
0.131990165178
0.124843567549
0.116959545598
0.10837251642
0.0991857180942
0.0895660730235
0.0797219400267
0.0698442783519
0.0602506150972
0.0507899456072
0.041463628946
0.0328439177653
0.0249383410767
0.0181603278511
0.0122978970442
0.00783535046986
0.00678155457272
0.00435918810564
0.00247303061956
0.00126452392623
0.000383098233855
7.90710206017e-05
0.000106247571811
0.000333157869888
0.000730323969833
0.00124710845525
0.00185910892302
0.00247447395762
0.00307149652312
0.00364666474634
0.00418110842682
0.00466023462794
0.0050776174649
0.0054593566066
0.00579580178202
0.0060911235132
0.00636058244212
0.00663087718711
0.00690019639695
0.00717891865833
0.00749762058085
0.00788417270613
0.00833584718675
0.00897053117
0.00950776959797
0.0101497182147
0.0111163802922
0.012259799153
0.0135268260464
0.0149436933368
0.0165191128186
0.0182451725951
0.020114793991
0.0221224286133
0.0242630209491
0.026531676231
0.0289217227459
0.0314252446556
0.0340343815409
0.0367413865892
0.0395384752146
0.0424200185089
0.0453802692877
0.0484107058881
0.0515025138182
0.0546473148547
0.0578353127014
0.0610629686934
0.0643273650557
0.0676182761092
0.0709243514032
0.0742347636922
0.0775511395311
0.0808752304057
0.0841967054745
0.0875075334693
0.0908029208185
0.0940805863692
0.097339266999
0.100568079965
0.103757207598
0.106906956648
0.110013396028
0.113071318176
0.116078494424
0.119031667399
0.121927583245
0.124763377763
0.127535939551
0.130242395199
0.132879889378
0.135445276454
0.137935393396
0.140346984232
0.142676371086
0.144919437334
0.147071710285
0.149128245279
0.151083406201
0.152930702183
0.154662720267
0.1562710291
0.157746031315
0.159076537499
0.160250312799
0.161250682431
0.162071130877
0.162636514148
0.163046915181
0.163318515274
0.16297627921
0.162125951658
0.160829450698
0.159029590211
0.156681521435
0.153748430557
0.150193476625
0.146012960826
0.141183861082
0.13567706478
0.129468519194
0.122579614394
0.115015419913
0.106812710108
0.098067575351
0.0889315357731
0.0795854886909
0.0702049083062
0.061037500895
0.0519394008518
0.0429597187177
0.0346652286516
0.0270388444682
0.0204348832737
0.0147025790768
0.0102422227874
0.00909735716478
0.00655034860485
0.00454715271164
0.00318993011351
0.0021857078256
0.00172908809627
0.00160577040934
0.00169401853179
0.00196118030236
0.00235879046702
0.00285922404746
0.00338022229298
0.00389845923265
0.00440794144613
0.00489084032261
0.00533319530383
0.00572900744415
0.0061002698446
0.00643898380974
0.00674846936373
0.00704207758354
0.00734362553381
0.00765352869159
0.00798275478892
0.00835923193532
0.00880674264475
0.00932494790818
0.010012136466
0.010635271505
0.0113604791675
0.0123673338717
0.0135360697629
0.0148243989551
0.0162536100381
0.017831104862
0.0195506334185
0.0214064754919
0.0233941503433
0.0255089328624
0.0277457445108
0.0300984518803
0.0325600347533
0.0351232916113
0.0377811080028
0.0405264465383
0.0433531101781
0.0462549001047
0.0492242369418
0.0522530631763
0.0553336379763
0.0584580719472
0.0616207314226
0.0648164971079
0.0680375409892
0.0712753678402
0.0745225283515
0.0777763218932
0.0810323820037
0.0842788120533
0.0875081681906
0.0907236988504
0.0939242982572
0.0971016801485
0.100250118636
0.1033681076
0.106454150174
0.109498367599
0.112493082929
0.115437353908
0.118327032043
0.121158938662
0.123930461582
0.126638121329
0.129279003158
0.131850030336
0.134347676215
0.13676861865
0.13910945907
0.141366190709
0.143534360288
0.145609277308
0.147585818613
0.149458115669
0.151219388467
0.152861962603
0.154377233949
0.155755493449
0.156985529487
0.158054989079
0.15894772402
0.159655278066
0.16011264608
0.160400330596
0.160524819992
0.160083577592
0.159155620313
0.157792699416
0.155947357286
0.153579538703
0.150656764778
0.147147936871
0.143049333567
0.138342103444
0.133002809471
0.127013394617
0.120394727965
0.113156951903
0.10533756636
0.0970247414139
0.0883540399135
0.079480737697
0.0705713043032
0.0617913378881
0.0530432260121
0.0444124651977
0.0364339644238
0.0290788341084
0.0226508968452
0.0170505877996
0.0126050704469
0.0113797602525
0.00872683020271
0.0066209781759
0.00513155330519
0.00401628837298
0.00342012702413
0.00315759383723
0.00311659336192
0.00326152784384
0.00354580100793
0.00393927488245
0.00436900495589
0.00481072193654
0.00525623498093
0.00568872651861
0.00609499404001
0.00646937108104
0.00682984630805
0.00717013890471
0.0074931044071
0.00781026412373
0.00814233262974
0.00849080974031
0.00886609016605
0.00929304394856
0.00979250152823
0.0103666546333
0.011097914405
0.011793262057
0.0125889701467
0.0136311746371
0.0148221998466
0.0161284083846
0.017567306955
0.0191451381951
0.0208569912276
0.0226982017389
0.0246649966584
0.0267530323235
0.0289573572496
0.0312723037976
0.0336915685718
0.0362085785746
0.0388167252769
0.0415094211474
0.0442803893553
0.0471233016645
0.0500311173876
0.0529964432572
0.0560120512822
0.0590708057116
0.0621665404885
0.0652935162737
0.0684448667371
0.0716133407237
0.0747923003376
0.0779768378219
0.0811617634752
0.0843395261248
0.0875044089356
0.0906540081277
0.0937817873532
0.0968781564428
0.0999447452245
0.102983700955
0.105987737427
0.10895147943
0.111875215347
0.114754102945
0.117577927751
0.120343282186
0.123047661743
0.125686728992
0.128258303529
0.130759196159
0.133185389803
0.135533542704
0.13780012243
0.139980696215
0.142070474247
0.144064636759
0.145957963927
0.147744381926
0.149416806036
0.150967324341
0.152387246693
0.153666851303
0.154794977239
0.155759266389
0.15654405361
0.15713934736
0.157489365666
0.157656152171
0.157638975785
0.157104500937
0.156109293626
0.154694119414
0.152819351842
0.150449623569
0.147556348858
0.144113140766
0.140115735161
0.135548455839
0.130392541495
0.124634715106
0.118294578061
0.111385664561
0.103944933641
0.0960524455849
0.08782714727
0.0794037309287
0.0709448878102
0.0625111079194
0.0540937989794
0.0458183143128
0.0381486539114
0.0310571461013
0.024806950489
0.0193402966782
0.014921194398
0.0136254719525
0.0108843452058
0.0086897546351
0.00708398740245
0.0058690625848
0.00514610771343
0.00475559239329
0.00459485220887
0.00462561059347
0.00480285496517
0.00509457317024
0.00543669922563
0.00580463385724
0.00618832926482
0.00657198447265
0.00694327682092
0.00729682226555
0.0076466757922
0.00798800556074
0.00832329322825
0.00866242243321
0.00902265533326
0.0094062582958
0.00982337972991
0.0102956958766
0.0108411178762
0.0114636844344
0.012232071775
0.0129891776805
0.0138446172151
0.0149162327217
0.0161253962517
0.0174454844448
0.0188908361626
0.0204666680355
0.0221691087014
0.0239943022752
0.0259389654679
0.0279991190833
0.0301700858058
0.0324466219175
0.0348229873066
0.0372931399861
0.0398509100395
0.0424900738536
0.0452044665434
0.0479878316682
0.0508335384928
0.0537347274709
0.0566846057596
0.0596764994758
0.0627041881979
0.065761693278
0.0688425759965
0.0719402018377
0.0750483004765
0.0781615350854
0.0812746820203
0.0843815524224
0.087476455373
0.0905550846272
0.0936122837282
0.0966421874663
0.0996422755297
0.102607460545
0.105529771164
0.108410593413
0.111251484159
0.114046110271
0.116790852771
0.119485031603
0.122120255362
0.124687952348
0.127187392451
0.129615049197
0.131966190348
0.134238088271
0.136427169801
0.138528371532
0.140536634229
0.142447166874
0.144254692513
0.145952912158
0.147534407218
0.148991075638
0.150314262782
0.151494357993
0.15252035527
0.153380010053
0.154058142156
0.154543627355
0.154789369854
0.15484031827
0.154689815689
0.154069118914
0.153016663313
0.151562471704
0.149673311315
0.147318312146
0.144472127564
0.141111682781
0.137231736638
0.132819037012
0.127858582576
0.122340809011
0.116283539275
0.109702273121
0.102632509375
0.0951461952557
0.0873454795437
0.0793534054436
0.0713220210497
0.0632140991035
0.0550933589051
0.0471768196563
0.0398084861869
0.0329728660938
0.0269017283902
0.0215700997848
0.0171879945433
0.0158312960833
0.0130186467085
0.0107486333704
0.00904163236628
0.00773797577447
0.00690059503049
0.00639317605304
0.00612215831517
0.00604690030289
0.00612372826555
0.00631934800561
0.00657802012246
0.00687537683167
0.00719985960525
0.00753664492321
0.00787438422294
0.00820786823201
0.00854718228132
0.00888822651536
0.00923325850598
0.00959132379081
0.00997669480717
0.0103922415364
0.0108476248811
0.0113616799354
0.0119496854146
0.0126162678936
0.0134161972519
0.0142259777027
0.0151315850111
0.0162262299411
0.0174487690894
0.0187784744295
0.0202267752814
0.0217979245108
0.023488851059
0.0252963057202
0.0272173518824
0.0292483368525
0.0313849005631
0.0336221810119
0.0359548928676
0.0383774403078
0.0408840417029
0.0434688007482
0.0461257610683
0.0488488547586
0.0516317956576
0.0544681471231
0.0573514878949
0.0602754844416
0.0632340182182
0.0662211028843
0.0692305978728
0.0722562867753
0.0752921848078
0.0783328303886
0.0813729422997
0.0844069298444
0.0874293963228
0.0904356012077
0.0934207103474
0.0963795847715
0.099308150501
0.102202052824
0.105056304507
0.107868106044
0.110631015048
0.113341310494
0.116001545786
0.118609055295
0.121158070779
0.123646366496
0.126071431089
0.128424321854
0.130697662104
0.132890505746
0.134999749424
0.137018998963
0.138942972434
0.140767417601
0.142487118005
0.144095433631
0.14558452934
0.146946290599
0.148172287821
0.149253083484
0.150177895978
0.15093470238
0.151508815292
0.15188830218
0.152033917369
0.151976323853
0.151704463513
0.151007302941
0.149908263343
0.148427406505
0.146537228247
0.144211125351
0.141426485596
0.138162662227
0.134413244849
0.130166608532
0.125410368687
0.120137629673
0.114364111558
0.108106171832
0.101397110254
0.0943005449697
0.0869043402721
0.07932703037
0.0716712033804
0.0638915198641
0.056059457605
0.0484919491978
0.0414128085807
0.0348253615031
0.0289340000969
0.0237384791815
0.0194030113373
0.0179941778857
0.0151255461012
0.0127926779152
0.0109987029059
0.00961672020742
0.00867685048105
0.00806337579227
0.00769138479856
0.00751823372546
0.00750140160465
0.00760687184274
0.00778655105987
0.00801668041542
0.00828453956461
0.00857610720915
0.00888056042464
0.00919289203032
0.00952018775107
0.00985942311001
0.0102126330828
0.0105876982819
0.0109967846779
0.0114433756408
0.0119353593874
0.0124881325198
0.013114656545
0.0138199588129
0.0146452276482
0.0154991638312
0.0164466038712
0.0175583627221
0.0187895757437
0.0201247058379
0.0215724184922
0.0231360285499
0.024813099261
0.0266008459629
0.0284965822218
0.0304969359311
0.0325978592413
0.034794834999
0.0370829606445
0.0394570231952
0.0419115900418
0.0444410726478
0.0470397662137
0.0497018436797
0.0524213277242
0.0551921333627
0.0580081635715
0.0608633699924
0.0637518094826
0.0666676185607
0.0696049070853
0.0725577893067
0.0755205318308
0.0784876590896
0.0814538731249
0.084413886462
0.0873625412022
0.0902950048377
0.0932065094729
0.0960922152972
0.0989477404989
0.101768829434
0.104550942827
0.107290178701
0.109982014871
0.112622844599
0.115208892823
0.117733347641
0.120196256233
0.122598921607
0.124934970657
0.127198716509
0.129386673715
0.131497751728
0.133526920182
0.135463565448
0.137301341841
0.139037407777
0.140667804145
0.142185609761
0.143581620792
0.144847858275
0.145976728862
0.146959133378
0.147784521294
0.148441107203
0.148914680249
0.149192922956
0.149243777724
0.149085618507
0.148705016114
0.147942711873
0.14680933557
0.145315244202
0.143437358313
0.14115257113
0.138440775713
0.135283836069
0.131674133256
0.127600931666
0.123053674674
0.118027322075
0.112535101336
0.10659324848
0.100232242957
0.0935081486491
0.0865009519145
0.0793204234473
0.0719820940004
0.0645031875288
0.0569951841774
0.049763535276
0.0429604831352
0.0366143493352
0.0309027735452
0.0258441455916
0.0215640151805
0.0201113244022
0.0172010136564
0.0148169506333
0.0129492961849
0.0114987717212
0.0104678352918
0.00975883497422
0.00929493313377
0.00903187962324
0.00892815242065
0.00894948727527
0.00905454532937
0.00922020052379
0.00943292198902
0.00967978642889
0.00995079461341
0.0102412489614
0.0105557558266
0.0108929779481
0.0112547349587
0.0116467324543
0.0120784259182
0.0125537141978
0.01307914949
0.0136666247818
0.0143266070746
0.0150643539885
0.0159088268256
0.0167992627308
0.0177812359505
0.0189048646311
0.0201403556172
0.021476927383
0.0229206449031
0.0244738936838
0.0261347455126
0.0279007786428
0.0297694889885
0.0317377411824
0.0338017757676
0.035957386486
0.0382000027604
0.0405247475374
0.0429265066125
0.0453999849376
0.0479397436603
0.0505402153484
0.0531957103819
0.0559004512228
0.0586486317363
0.0614344634446
0.0642522092654
0.0670961828117
0.0699607161264
0.0728401785491
0.0757290489046
0.0786219683734
0.0815137201738
0.0843991588491
0.0872732515883
0.090131173376
0.0929682159025
0.0957797089595
0.0985612000367
0.101308361755
0.104016803815
0.106682415548
0.109301046266
0.111868693943
0.114381477624
0.116835002388
0.119226375145
0.121550457339
0.123800786301
0.125977676783
0.128080403566
0.130102261644
0.132036905835
0.133879335427
0.135624875722
0.137269062222
0.138809529938
0.140238776718
0.14154331502
0.142714299274
0.143745875176
0.144630323105
0.145358244027
0.145918194962
0.146295427328
0.146477274231
0.14643888315
0.146188344587
0.145711325915
0.144894764419
0.143738337097
0.14224360121
0.140390765768
0.138159465994
0.135531337335
0.132489922717
0.129026100948
0.125129718728
0.120791986738
0.116009240662
0.110791982966
0.105155509398
0.0991274305494
0.092762080218
0.0861324597445
0.0793026491694
0.0722536077024
0.0650588849966
0.0579012106483
0.050990582159
0.0444513997792
0.0383399302685
0.0328073891244
0.0278861245749
0.0236691287577
0.0221804989931
0.0192418621802
0.0168173314785
0.0148881518314
0.0133778245701
0.0122661657525
0.0114711704264
0.0109235419042
0.0105779498323
0.0103937346161
0.0103366817573
0.0103713474315
0.0104755557436
0.0106352800037
0.0108388368573
0.0110778910171
0.0113482005278
0.0116514113489
0.0119868571723
0.0123561190469
0.0127632676335
0.0132149014966
0.0137149132862
0.0142690360375
0.0148861579929
0.0155743040643
0.0163384568566
0.0171966879098
0.0181161340949
0.0191254706669
0.0202561751958
0.0214919546737
0.0228263058058
0.0242628921996
0.0258031705231
0.0274456067402
0.0291880684044
0.0310281882966
0.0329630296258
0.0349890909382
0.0371024442887
0.0392988116642
0.0415736152827
0.0439220336528
0.0463390512741
0.0488194951658
0.0513580596679
0.0539493270009
0.0565877980669
0.0592679335995
0.0619841898494
0.0647310445451
0.0675030071191
0.0702946162463
0.073100455606
0.07591519222
0.0787336069324
0.0815505920917
0.0843611278111
0.0871602971278
0.0899433224572
0.09270553776
0.0954423540285
0.0981493116597
0.100822056982
0.103456268839
0.106047759324
0.108592377545
0.111086034733
0.113524768411
0.1159044588
0.118221290603
0.120471104345
0.122649577097
0.124753638296
0.126778664382
0.128715944516
0.130560723265
0.13231382491
0.133971558072
0.135526131046
0.136970437147
0.13829759782
0.139500560968
0.140572020531
0.141504391193
0.142289932315
0.142922017563
0.1433907005
0.143678208161
0.14376953892
0.143646969676
0.143311450955
0.142749753787
0.141889817847
0.140721149277
0.139236578404
0.137419105988
0.135251101117
0.132715253739
0.129795634168
0.126481473625
0.122762938293
0.118632661291
0.114088188698
0.109138723761
0.103798119548
0.0980888142828
0.0920675851784
0.0857808581513
0.0792360965784
0.0724747183354
0.0656020020618
0.0587860774493
0.0521738999227
0.0458860736331
0.0400014802969
0.0346464573295
0.0298629855753
0.0257165988412
0.0242000332619
0.0212469051868
0.0187920079727
0.0168122718003
0.0152490844791
0.0140651977168
0.0131912261053
0.0125649183809
0.0121409616686
0.0118798673446
0.0117479924992
0.0117149647428
0.0117600538169
0.0118691047358
0.0120312182584
0.0122391773134
0.0124890803752
0.0127802767459
0.0131121715513
0.0134859999668
0.0139047379375
0.0143727061004
0.0148935395166
0.0154719915332
0.016114237301
0.0168260704091
0.0176116761881
0.0184801350036
0.0194222814063
0.0204531361329
0.0215883745501
0.022822582679
0.0241528814118
0.0255809636711
0.0271073983522
0.0287308999257
0.0304495519766
0.0322610823274
0.0341627047785
0.0361511324382
0.0382226772274
0.040373315252
0.0425987327757
0.0448943738825
0.0472554843413
0.0496771469685
0.0521543100092
0.0546818126763
0.0572544136305
0.0598668228321
0.0625137304313
0.0651898294854
0.0678898308046
0.0706084719086
0.0733405315977
0.0760808530818
0.0788243635298
0.0815660789799
0.0843010991142
0.0870246132168
0.0897319142567
0.0924183915055
0.095079515258
0.0977108492673
0.100308044054
0.102866805252
0.105382915414
0.107852205453
0.110270550826
0.112633884799
0.114938086146
0.117179116087
0.119352870498
0.121455038279
0.123481496485
0.125427830549
0.127288564416
0.12905919731
0.130736114718
0.13231361881
0.133784045338
0.135137456958
0.136368431878
0.137476449148
0.13845539536
0.139295108538
0.139985977364
0.140518029757
0.140880785856
0.141064764016
0.141059673073
0.140850229954
0.140429913494
0.139788256143
0.138890192143
0.137717955447
0.136253930137
0.134481381924
0.132385270253
0.129949732044
0.127159213732
0.124001199065
0.120465377277
0.116544676087
0.112237597929
0.107555209327
0.102514471363
0.0971289449423
0.0914151690499
0.0854072621261
0.0791416580304
0.0726921900731
0.0661559515193
0.0596544820474
0.0533169991007
0.0472665445645
0.0415977607811
0.0364169294262
0.0317712606872
0.0277037810613
0.0261616599129
0.0231973256875
0.0207097584499
0.0186748024868
0.0170467875763
0.0157821108535
0.0148214133173
0.0141084285295
0.0135989158484
0.013254889254
0.0130440270151
0.0129392152947
0.0129207932086
0.0129746826804
0.0130902839018
0.0132604367279
0.0134808250981
0.0137495726427
0.0140658545018
0.0144302421527
0.0148446496635
0.0153119770801
0.0158353909395
0.0164188242829
0.0170669293634
0.0177843926306
0.0185748844095
0.0194440077988
0.0203930618204
0.0214303455912
0.0225638174685
0.0237925673289
0.0251153990324
0.026533090459
0.0280456962499
0.0296520133765
0.0313502490313
0.0331382004058
0.0350131813298
0.0369720489895
0.0390112802124
0.0411270262225
0.0433151555377
0.0455712972326
0.0478908808613
0.0502691702593
0.0527012924472
0.0551822641667
0.0577070190293
0.0602704355126
0.0628673625636
0.0654926408813
0.0681411191616
0.0708076663869
0.073487185977
0.0761746337137
0.078865033093
0.08155348206
0.0842351532972
0.0869052986476
0.0895592570599
0.0921924516377
0.0948003806963
0.097378621139
0.0999228239277
0.102428694206
0.104891996483
0.107308539094
0.109674162795
0.111984741049
0.114236118181
0.11642416121
0.118544682562
0.120593340545
0.122565827217
0.124457674244
0.126263801817
0.127979328204
0.129599758888
0.131119667444
0.132532584935
0.133831017236
0.135009402962
0.136063615312
0.136986476878
0.137768705626
0.138400813425
0.13887060401
0.139167497761
0.139287586717
0.139223276991
0.138959261181
0.138483804222
0.137785447526
0.136841071074
0.135634136833
0.134153605622
0.132384474023
0.130310542172
0.127916811777
0.125189354089
0.122116399065
0.118688786215
0.11490068965
0.110751482188
0.106246452382
0.101398090686
0.0962307528769
0.0907500519358
0.0849862205294
0.0790001254263
0.0728509719751
0.0666235147338
0.0604247689894
0.0543720647209
0.0485789417287
0.0431387581059
0.0381383246501
0.0336260903593
0.0296346768068
0.028003363399
0.0250388150918
0.0225222281101
0.0204294054315
0.0187217611853
0.0173584429541
0.0162901505741
0.015468550776
0.0148532481244
0.014409151148
0.0141060161714
0.0139184363727
0.0138269538282
0.0138170728809
0.0138777942621
0.0140013340098
0.0141826268491
0.0144188949504
0.0147087597326
0.0150521741734
0.0154503520292
0.0159054792811
0.016420243014
0.0169979674141
0.0176425367609
0.0183580083619
0.019147823197
0.0200165319874
0.0209668571095
0.0220045185701
0.0231351973491
0.0243593224772
0.0256762965947
0.0270864971031
0.0285897527494
0.0301849002536
0.0318702014036
0.0336434858513
0.0355021197942
0.0374430362477
0.0394627986549
0.0415576504768
0.043723556495
0.0459562436269
0.0482512386945
0.0506039013144
0.0530094528149
0.0554630029416
0.0579595762232
0.0604941381771
0.0630616193636
0.0656569360007
0.0682750067094
0.0709107660392
0.0735591783602
0.0762152535328
0.0788740604114
0.0815307341874
0.0841804788034
0.0868185709824
0.0894403657659
0.0920412949016
0.0946168606224
0.0971626360036
0.0996742606106
0.102147425661
0.104577873412
0.106961384935
0.109293767428
0.111570849482
0.113788438061
0.115942337737
0.118028298062
0.120041946936
0.12197888617
0.123834562846
0.125603983621
0.127282183945
0.128864398674
0.13034522629
0.131718525179
0.132977552126
0.134116371668
0.135129584272
0.13601003005
0.136749056134
0.137337575386
0.137764922483
0.138021371133
0.138100764538
0.13799451388
0.137689203523
0.137172566802
0.136432267886
0.135446998782
0.134202359792
0.132692265553
0.130903477023
0.128820245532
0.126429461727
0.123719726602
0.120681760658
0.117309049971
0.113598344714
0.109550515225
0.105167300502
0.100455524165
0.0954458851838
0.0901616831272
0.0846221601417
0.0788803633074
0.0729964297076
0.0670483486491
0.0611315986538
0.0553492034857
0.0498012395299
0.0445732715515
0.0397413325124
0.0353533086016
0.0314392730546
0.0296741253403
0.0267139787223
0.0241741744044
0.0220328362087
0.0202572978227
0.0188111484904
0.0176520645506
0.0167376893242
0.0160310305443
0.0154995475332
0.0151149240525
0.0148531843453
0.0146953692823
0.0146269471654
0.0146367538739
0.0147166268523
0.0148609809883
0.0150663957014
0.0153309551477
0.0156540663755
0.016036341997
0.0164793533158
0.0169852605331
0.0175568188388
0.0181972834098
0.0189101375274
0.0196985432536
0.0205663515746
0.0215163153504
0.0225528122406
0.0236802195769
0.0248994347023
0.0262102180283
0.0276127094932
0.029106571878
0.0306906516495
0.0323632425125
0.034122200877
0.0359649395962
0.037888458709
0.0398893996655
0.0419640906925
0.044108586141
0.0463187048769
0.048590066021
0.0509181207667
0.0532981809081
0.0557254453239
0.0581950255525
0.0607019705723
0.0632412896238
0.0658079722197
0.0683970050633
0.0710033862336
0.0736221388073
0.0762483249825
0.0788770582971
0.0815035112768
0.0841229191763
0.0867305838454
0.0893218778052
0.0918922434379
0.0944371885906
0.0969522852653
0.0994331653016
0.101875508874
0.10427504039
0.106627518044
0.108928721161
0.111174441959
0.113360454019
0.115482513488
0.117536322621
0.119517480023
0.1214215184
0.123243825429
0.124979473816
0.126623479464
0.12817089652
0.129616291593
0.130953663911
0.132176568225
0.133278904682
0.134254804875
0.13509722296
0.135797911174
0.136348138323
0.136738294561
0.136959114142
0.137003052326
0.136861168412
0.136521486718
0.135972134581
0.135201008274
0.134190732325
0.132927509017
0.131403035992
0.129605396345
0.12752128136
0.125139447408
0.122450367421
0.119446647297
0.116123677136
0.112480051614
0.108518186777
0.104242958421
0.0996621184661
0.0947986787868
0.0896802602557
0.0843323988463
0.0788033102503
0.0731512504867
0.067448050221
0.0617789880034
0.0562350720616
0.0509050186691
0.0458663967351
0.0411869679152
0.0369126375683
0.0330723745981
0.0311936903122
0.0282420231934
0.0256855839006
0.0235052528904
0.0216731285453
0.020156946648
0.0189198660344
0.0179245300281
0.0171371923088
0.0165277369275
0.0160696954501
0.0157404580347
0.015521714733
0.0153990842352
0.0153613561825
0.015400125595
0.0155094161487
0.0156853008491
0.0159253881114
0.0162286016955
0.016595024063
0.0170256779807
0.0175222289687
0.0180869208571
0.0187224611569
0.0194318143916
0.0202178063755
0.0210836983371
0.0220321173977
0.0230665387142
0.0241903330627
0.0254045175885
0.0267090566624
0.0281039317556
0.0295886713593
0.0311621093511
0.0328225545374
0.0345678828933
0.0363955453899
0.0383025983849
0.0402857508532
0.0423414060078
0.0444656985194
0.0466545306286
0.0489036059895
0.0512084603227
0.0535644892899
0.0559669744946
0.0584111082671
0.0608920172918
0.0634047844173
0.065944468097
0.0685061192664
0.0710847957908
0.0736755757997
0.0762735707443
0.0788739367222
0.0814718822413
0.0840626727317
0.0866416343615
0.0892041572983
0.0917456953621
0.0942617627671
0.0967479320155
0.0991998296133
0.101613126598
0.103983532612
0.106306786356
0.108578643289
0.110794865336
0.11295119612
0.115043353156
0.117066999803
0.11901770548
0.120890954523
0.122682095863
0.124386236728
0.125998376426
0.127513455198
0.128926026503
0.130230194377
0.131419702401
0.132488400117
0.133430173121
0.134238037374
0.134904045564
0.135419772863
0.135776205417
0.135964392512
0.135976281278
0.135802915366
0.135433236559
0.134855849079
0.134059106418
0.133028347391
0.131750806825
0.130217184619
0.128416627648
0.126337635229
0.123970305152
0.121306425108
0.11833987652
0.115067230026
0.111488162045
0.107606014904
0.103427612378
0.0989634802345
0.0942347444872
0.0892684873891
0.0840939012404
0.078756332456
0.0733112020591
0.067824919199
0.0623743876655
0.057041051668
0.0519044258141
0.0470350364457
0.0424938168086
0.0383241387603
0.034553950887
0.0325794112869
0.0296391189509
0.0270713232429
0.0248596175894
0.0229800302073
0.0214040519368
0.0200993722874
0.0190328771629
0.018173844349
0.0174944531027
0.0169699984019
0.0165791685173
0.0163043662594
0.01613148044
0.0160493463846
0.0160494145231
0.0161254171172
0.0162730274584
0.0164894468461
0.01677317526
0.0171238295883
0.0175419485658
0.0180287431944
0.0185859929765
0.0192159203051
0.0199210218437
0.0207037693666
0.021566924449
0.0225128886843
0.0235444597133
0.0246642535998
0.0258732504127
0.0271714993579
0.0285588580141
0.0300347425203
0.031597961285
0.0332468261543
0.0349792258512
0.036792641524
0.0386841762881
0.0406505969787
0.0426883724162
0.0447937084933
0.0469625821732
0.0491907735499
0.0514738952961
0.0538074197403
0.0561867042253
0.0586070151182
0.0610635504745
0.0635514609881
0.066065868888
0.0686018846373
0.0711546214048
0.073719208111
0.0762908017255
0.078864597956
0.0814358390143
0.0839998185792
0.0865518856108
0.0890874471579
0.0916019682869
0.094090969546
0.0965500245398
0.0989747557038
0.101360826102
0.103703932637
0.10599979696
0.108244153597
0.110432738618
0.112561268906
0.114625430049
0.116620852635
0.118543079365
0.120387559924
0.122149615019
0.123824364994
0.125406796291
0.126891784846
0.128273886505
0.129547286833
0.130705862107
0.131743452169
0.132653805672
0.133429997697
0.134064331074
0.134548655353
0.134874375771
0.135032818054
0.135015763977
0.134814330574
0.134418123001
0.133816269226
0.132997653301
0.131949375592
0.130659687048
0.129119235332
0.127318095265
0.125246146158
0.122894665091
0.120256619227
0.117327045065
0.114103591694
0.110586945504
0.106781341718
0.102694792831
0.0983395017792
0.0937361038954
0.0889112628601
0.0838955832296
0.0787321454945
0.0734734144245
0.0681810426824
0.0629250169138
0.0577789338688
0.0528146656863
0.0480966382627
0.0436802653444
0.0396064220113
0.0359021172352
0.0338460559789
0.0309189705068
0.02834383115
0.0261067658731
0.0241871397638
0.0225598191673
0.0211963103257
0.020067113338
0.0191442620463
0.018402074271
0.0178175057003
0.0173704717052
0.0170441149922
0.016824676676
0.0167011129181
0.0166648094161
0.0167092908877
0.0168299197656
0.0170235528828
0.0172883205517
0.0176234312494
0.0180289960617
0.0185058104845
0.0190552312437
0.0196790466746
0.0203793297811
0.0211582020428
0.0220179915975
0.0229608136319
0.0239889357524
0.0251044051929
0.0263080854157
0.0276000298481
0.0289799887788
0.0304472810875
0.0320006818415
0.0336384970342
0.0353586222923
0.0371585622465
0.0390354588101
0.0409861284745
0.0430070975659
0.0450946352555
0.047244785578
0.0494533978148
0.0517161547198
0.0540285987224
0.0563861565659
0.0587841625542
0.0612178803786
0.063682523313
0.0661732725825
0.0686852937988
0.0712137513219
0.0737538210195
0.076300702002
0.0788496268388
0.0813958692714
0.0839347494426
0.0864616377278
0.0889719572767
0.0914611841216
0.0939248451301
0.0963585154982
0.0987578146236
0.101118398758
0.103435953869
0.105706186801
0.107924813864
0.110087549035
0.11219008579
0.114228083076
0.116197144156
0.118092788573
0.119910440128
0.121645398434
0.123292787973
0.124847588014
0.126304640408
0.127658510785
0.12890344791
0.130033423287
0.131042289818
0.131923737359
0.132670912946
0.133276333439
0.133732094525
0.134029935693
0.134161433178
0.134118359543
0.133891965196
0.133472396812
0.132849319852
0.132012181663
0.130949367039
0.129650040533
0.128105118318
0.126305479495
0.124242152749
0.121907483664
0.119295501061
0.116402284999
0.113226467478
0.109769659177
0.106036926127
0.102037176541
0.0977836301285
0.0932966181737
0.088602464906
0.0837322066412
0.0787269875906
0.0736364402405
0.0685180054697
0.0634358438695
0.0584569842487
0.0536468691475
0.0490646402315
0.0447611680712
0.0407749952318
0.0371322535568
0.0350064026274
0.0320935943357
0.0295141779718
0.0272565811399
0.0253030428305
0.0236314292133
0.0222165066312
0.0210318836266
0.0200520842545
0.0192534012247
0.0186143416838
0.0181159792612
0.0177422016747
0.0174796540677
0.0173174698237
0.0172470331495
0.017261729269
0.0173566809807
0.0175284563353
0.0177748648618
0.018094756672
0.0184878637855
0.0189546039883
0.0194959496117
0.0201132978259
0.0208083366472
0.0215828506437
0.0224387834432
0.0233779469763
0.024402178169
0.0255130778817
0.0267113553223
0.027997018398
0.0293697184366
0.0308286870435
0.0323726609867
0.0339999338912
0.0357084034391
0.0374955921296
0.0393586740087
0.0412945082496
0.0432996716997
0.0453704898783
0.0475030671419
0.0496933154848
0.0519369815526
0.0542296719393
0.0565668770683
0.0589439936897
0.0613563459576
0.0637992049468
0.0662678065054
0.0687573673779
0.0712630993764
0.0737802218639
0.0763039730535
0.0788296198667
0.0813524655683
0.0838678551434
0.0863711791563
0.0888578761265
0.0913234327577
0.0937633822541
0.0961733018473
0.0985488088006
0.100885553695
0.103179213204
0.105425481455
0.107620059049
0.109758641135
0.111836900992
0.113850475314
0.115794944758
0.117665809372
0.119458473317
0.121168220758
0.122790177348
0.124319319851
0.125750474323
0.127078220912
0.128296860497
0.129400438554
0.130382836955
0.13123773719
0.131958367313
0.132537430763
0.13296724431
0.133239825999
0.133346982146
0.133280570385
0.133032022692
0.132591952696
0.131950544439
0.131097805095
0.130023127495
0.128716489912
0.127169211046
0.12537289579
0.123319558764
0.121002497285
0.118416679021
0.115559104565
0.112429271561
0.1090295965
0.105365866991
0.101447693899
0.0972889838416
0.0929098528932
0.0883362215723
0.0835990318626
0.0787376944502
0.073799195994
0.0688372337363
0.0639110033646
0.0590819852485
0.0544101776946
0.0499501474033
0.0457489442419
0.0418429720375
0.0382575268657
0.0360715789483
0.0331735660903
0.0305921977438
0.0283179523243
0.0263355624461
0.0246255448287
0.0231654825267
0.0219316832043
0.0209009133538
0.0200512800119
0.0193627325997
0.0188174353358
0.018400010544
0.0180975364122
0.0178993634738
0.0177969229699
0.0177835147988
0.017854079182
0.0180049440603
0.0182336417605
0.0185387079502
0.0189195380918
0.019376208043
0.0199093410227
0.0205199800784
0.021209462634
0.0219792546144
0.022830954257
0.0237660763639
0.0247860955303
0.0258922489171
0.0270850777626
0.0283645150625
0.0297301175813
0.0311810364483
0.032715967157
0.0343331862684
0.0360305895563
0.0378057126851
0.0396557562313
0.0415776160903
0.0435679135661
0.0456230244415
0.0477391073898
0.0499121312983
0.0521379010944
0.0544120821335
0.0567302233102
0.0590877788224
0.061480128561
0.0639025970103
0.0663504705991
0.0688190134826
0.071303481475
0.0737991342729
0.0763012464058
0.0788051168142
0.0813060763976
0.0837994934687
0.0862807776329
0.0887453820592
0.0911888037985
0.0936065823789
0.0959942974352
0.098347564873
0.100662030648
0.102933363606
0.105157247046
0.107329368114
0.109445405962
0.111501016614
0.113491818198
0.115413372788
0.117261164361
0.11903058223
0.120716899625
0.122315242951
0.12382059013
0.125227763078
0.12653136004
0.12772572769
0.128804973918
0.129763019973
0.130593569577
0.131289936977
0.131844991934
0.132251251529
0.132500974485
0.132586183167
0.132498876205
0.132230696586
0.131772672904
0.131115475737
0.130249647609
0.129165404111
0.127853449682
0.126305571999
0.124514044146
0.122471736086
0.120172788799
0.117612999898
0.114790179862
0.111704584322
0.108359325679
0.104760803954
0.100919174485
0.0968488084755
0.0925696472016
0.0881071559293
0.083491865243
0.078761586354
0.0739608657857
0.0691400703748
0.0643541289765
0.059659796761
0.0551124308451
0.0507626332273
0.0466541958584
0.0428215864223
0.039289304677
0.0370512912047
0.0341681834064
0.0315865939362
0.0292988144118
0.0272917529191
0.0255482653852
0.0240483896941
0.0227707951777
0.0216942649372
0.0207985671493
0.0200649872377
0.019476713052
0.0190190807381
0.0186796145962
0.0184479091786
0.018315479214
0.0182755820289
0.0183230212276
0.0184539265339
0.0186655914079
0.0189562756316
0.01932507555
0.0197717581658
0.0202966297739
0.0209004119582
0.0215841224471
0.0223489290759
0.0231961176579
0.0241269213975
0.0251425022132
0.0262437923149
0.0274311638395
0.0287044584305
0.0300631412001
0.031506287792
0.0330325508261
0.0346401864772
0.0363270854261
0.0380907925942
0.0399285303807
0.0418372263114
0.0438135408812
0.0458538947839
0.0479544956682
0.0501113640827
0.0523203581605
0.0545771971089
0.0568774835502
0.0592167245695
0.0615903514713
0.0639937381103
0.0664222177567
0.0688710985301
0.0713356770636
0.073811250476
0.0762931270454
0.0787766355589
0.0812571327749
0.0837300089074
0.0861906915207
0.0886346477251
0.0910573845654
0.0934544478499
0.0958214199171
0.0981539159758
0.100447578295
0.102698069202
0.104901062842
0.107052234927
0.109147251078
0.111181752695
0.113151342489
0.11505156736
0.116877898329
0.118625713665
0.120290279313
0.12186672318
0.12335002733
0.124735017235
0.126016311884
0.127188299989
0.128245145263
0.129180814825
0.12998905317
0.130663263462
0.131196466499
0.131581362708
0.131810424899
0.131875881269
0.131769901551
0.131484354575
0.131010645396
0.130339896204
0.129463151735
0.128371320329
0.127055756578
0.125508739697
0.123723159142
0.121692634614
0.11941205637
0.116877957626
0.114088862149
0.111045688796
0.107752149336
0.104215157919
0.10044528785
0.0964572105436
0.0922706900027
0.0879107061992
0.083407195274
0.078796476172
0.0741208617834
0.0694277530388
0.0647683842099
0.0601954547451
0.0557603381468
0.0515101923844
0.0474860045396
0.0437205023079
0.0402374324597
0.0379540242327
0.0350856311872
0.032505079682
0.030206258715
0.0281779826217
0.0264051735391
0.024870023003
0.0235532797124
0.0224355402863
0.0214980905999
0.0207234504545
0.0200957656069
0.0196010586178
0.0192273017795
0.0189643503386
0.0188038292139
0.0187389865692
0.0187645263981
0.0188764158506
0.0190717429232
0.0193485253034
0.0197055932259
0.020142434976
0.0206590691756
0.0212559250837
0.0219337286318
0.0226933707407
0.0235358533886
0.0244621472197
0.0254731395894
0.0265695011739
0.0277514401112
0.029018698574
0.03037065266
0.0318063065216
0.033324269268
0.0349227744157
0.0365997050422
0.0383526121022
0.0401787358702
0.0420750311506
0.0440381930536
0.0460646824718
0.0481507512772
0.0502924669798
0.052485736329
0.0547263279282
0.0570098938162
0.0593319898038
0.0616880946452
0.0640736278498
0.0664839660791
0.0689144582327
0.0713604388265
0.0738172397202
0.076280200566
0.0787446779795
0.0812060529089
0.0836597361271
0.0861011721384
0.0885258413022
0.0909292602882
0.0933069811128
0.0956545890591
0.0979676992048
0.10024195097
0.102473001318
0.104656516735
0.106788163293
0.108863595235
0.110878441675
0.112828292603
0.114708682669
0.116515072687
0.118242832993
0.119887225227
0.121443380058
0.122906286141
0.124270777687
0.125531496312
0.126682870421
0.127719115568
0.128634248645
0.129422066057
0.130076060753
0.130589392445
0.130954931047
0.131165343029
0.131213054367
0.131090419837
0.130789539518
0.1303021644
0.129619833898
0.128734059232
0.127636346545
0.126318634635
0.124773689793
0.122994969048
0.12097675501
0.118714604686
0.11620570408
0.113449205159
0.110446606039
0.107202132621
0.103723126391
0.100020477871
0.0961090379249
0.0920083732512
0.0877429610209
0.0833420450913
0.0788405485707
0.0742787472848
0.0697013966985
0.0651565107748
0.0606932833998
0.0563596475463
0.0521997602338
0.0482521754358
0.0445480624791
0.0411104618932
0.0387872139592
0.0359331293982
0.0333545037627
0.0310466321695
0.0290000055394
0.0272013743423
0.0256348297073
0.0242829609237
0.0231279968845
0.0221526085794
0.0213404542634
0.0206765738018
0.0201476447204
0.0197420813267
0.0194500083466
0.0192631797716
0.0191748603727
0.0191796842232
0.019273485981
0.0194531770955
0.0197165627111
0.0200622360484
0.0204894339166
0.0209979137665
0.0215878387028
0.0222596681146
0.0230140368164
0.0238516881863
0.0247733501654
0.0257796660494
0.0268710781775
0.0280476387449
0.0293089876754
0.0306544148878
0.0320828565073
0.0335928781888
0.035182689327
0.0368501634673
0.038592854964
0.0404080186566
0.0422926329016
0.0442434234461
0.0462568872283
0.0483293161047
0.0504568203222
0.0526353510977
0.054860722389
0.0571286317259
0.05943467984
0.0617743893002
0.0641432218485
0.0665365943498
0.0689498935469
0.0713784891297
0.0738177452225
0.076263030655
0.0787097279928
0.0811532408036
0.0835889991562
0.086012463534
0.0884191268757
0.0908045150958
0.0931641863222
0.095493728974
0.097788758479
0.100044912147
0.102257842597
0.104423209974
0.106536672305
0.108593874339
0.110590434962
0.112521933771
0.114383895669
0.11617177367
0.117880932743
0.119506632694
0.121044008355
0.122488056951
0.123833624972
0.12507537797
0.126207782482
0.12722510329
0.128121409212
0.128890554941
0.129526122647
0.130021400843
0.130369417513
0.130563015847
0.130594812693
0.130457351829
0.130142963908
0.129643719991
0.128951544139
0.1280583785
0.1269562543
0.125637637061
0.124095761138
0.122324605146
0.120319041498
0.118075221342
0.115590910325
0.112865813575
0.109901934221
0.106703937504
0.103279516811
0.0996397988488
0.095799724761
0.0917786408239
0.0876005131619
0.0832938481952
0.0788922638555
0.0744341808808
0.0699619906764
0.0655208841679
0.0611570063931
0.0569153020194
0.0528373043387
0.0489594437355
0.0453114957749
0.0419158433921
0.0395573927779
0.036717059115
0.0341409572844
0.0318256212076
0.029763021438
0.0279415300155
0.0263469212459
0.0249634211572
0.0237747297578
0.0227647816369
0.0219182838033
0.0212211089272
0.0206605558165
0.0202254693663
0.0199062465418
0.0196947830682
0.019584379879
0.0195696248333
0.0196462453301
0.0198110011849
0.020061510799
0.0203961560215
0.0208139466862
0.0213144030286
0.0218974455811
0.0225632900862
0.0233123351456
0.0241450880556
0.0250620534133
0.0260636556379
0.0271501349589
0.0283213969325
0.0295769798278
0.0309160905399
0.0323376003632
0.0338400320674
0.0354215700947
0.0370800770236
0.0388131084697
0.0406179310668
0.0424915435335
0.0444306987845
0.0464319261346
0.0484915536385
0.0506057304764
0.0527704485775
0.054981563584
0.0572348149406
0.0595258448143
0.0618502162428
0.064203430044
0.0665809403437
0.0689781690169
0.0713905184291
0.0738133826787
0.0762421577319
0.0786722503501
0.0810990852461
0.083518110592
0.08592480195
0.08831466419
0.0906832320853
0.0930260697582
0.0953387689111
0.0976169457263
0.0998562360497
0.102052289049
0.1042007597
0.106297299386
0.108337545004
0.110317107033
0.112231556682
0.114076411263
0.115847118066
0.117539038841
0.119147433612
0.120667442698
0.122094073503
0.123422187225
0.124646474215
0.125761437986
0.126761390644
0.127640453827
0.128392543788
0.129011330301
0.129490222018
0.129822394993
0.13000085504
0.130018402746
0.129867769267
0.129541510942
0.129031995989
0.128331502816
0.127432370469
0.126327097101
0.125008624541
0.123470628921
0.121707567212
0.119714838846
0.117489125052
0.115028706434
0.112333775158
0.109406774049
0.106252742588
0.102879661363
0.0992988277332
0.0955252065973
0.0915779032843
0.0874803722857
0.0832603701702
0.0789502962431
0.074586882368
0.0702104030429
0.0658635619439
0.0615898377284
0.0574315660774
0.053427978359
0.0496136420627
0.0460170865878
0.0426600863218
0.0402703124857
0.037443070546
0.034869865805
0.0325483256162
0.0304717306323
0.0286298948038
0.0270100898286
0.0255980030549
0.0243786624793
0.0233371555291
0.0224591546475
0.0217313069065
0.021141497763
0.0206789875884
0.0203344438121
0.0200999116434
0.0199687427095
0.01993549746
0.0199958170957
0.0201463311862
0.0203844938871
0.0207084982739
0.0211171491711
0.0216097512186
0.0221860036664
0.022845899381
0.0235896194488
0.0244174553092
0.0253297064661
0.0263265997627
0.0274081946617
0.0285742597178
0.0298242342262
0.0311572455096
0.032572103098
0.0340672878258
0.0356409588434
0.0372909667466
0.0390148666981
0.0408099348057
0.0426731874116
0.0446014015729
0.046591135733
0.0486387507524
0.0507404313154
0.052892206657
0.05508997077
0.0573295017527
0.0596064800021
0.0619165059409
0.0642551165474
0.0666178004839
0.0690000122604
0.0713971846122
0.0738047394861
0.0762180980833
0.0786326897213
0.0810439588676
0.0834473706764
0.0858384149429
0.0882126078482
0.0905654926351
0.0928926392848
0.0951896428884
0.0974521207223
0.0996757077254
0.101856050402
0.103988799576
0.106069601243
0.108094085879
0.110057857136
0.111956479592
0.113785464802
0.115540256138
0.117216213916
0.118808600066
0.120312561604
0.121723117364
0.123035144918
0.124243359938
0.125342301943
0.12632632877
0.127189614897
0.127926139339
0.128529657109
0.128993689434
0.129311551125
0.129476399038
0.129481209504
0.129318896414
0.128982234059
0.128463866975
0.127756399989
0.126852537132
0.125745195361
0.124427748271
0.122894284319
0.121139698331
0.119159862101
0.116951930304
0.114514641229
0.111848615831
0.108956679327
0.1058441891
0.102519357901
0.0989936006949
0.0952818563108
0.0914029732144
0.0873798998822
0.0832396510621
0.0790134902676
0.0747366113046
0.0704473890069
0.0661863258203
0.0619945568165
0.0579121290098
0.0539762471715
0.0502198374867
0.0466703147366
0.0433488929615
0.04093104902
0.0381161762361
0.0355460696674
0.0332193241739
0.0311303841113
0.0292703490644
0.027627827615
0.0261898164522
0.0249425444309
0.0238721512037
0.0229651976253
0.0222090499182
0.021592145512
0.0211041427581
0.0207359744165
0.0204798390937
0.0203291495897
0.0202784537406
0.0203233240512
0.0204602781573
0.0206866255741
0.0210003905197
0.0214001924671
0.0218851399551
0.0224547301959
0.0231087520242
0.023847186396
0.0246701271345
0.0255776855573
0.0265699092806
0.0276466948172
0.0288076832118
0.0300522187071
0.0313793527271
0.0327878360353
0.0342761087617
0.0358423048113
0.0374842621287
0.0391995340655
0.0409854042639
0.0428389043338
0.0447568328322
0.046735774451
0.0487721198111
0.050862086001
0.0530017364677
0.0551870005181
0.0574136919263
0.0596775263668
0.0619741387964
0.0642990996551
0.0666479296201
0.0690161135338
0.0713991123727
0.0737923739552
0.0761913429388
0.0785914696598
0.0809882170315
0.0833770661319
0.0857535202043
0.088113106147
0.0904513752828
0.0927639032983
0.0950462887432
0.097294150266
0.0995031223787
0.101668849601
0.103786979523
0.10585315384
0.107862997858
0.109812109794
0.111696049107
0.113510323179
0.115250373005
0.116911558964
0.118489146279
0.119978289684
0.121374020421
0.122671233553
0.123864670308
0.124948905309
0.125918340677
0.126767203073
0.127489534129
0.128079171186
0.128529741234
0.128834689173
0.128987313
0.128980756238
0.128808109019
0.128462354146
0.127936393222
0.12722313184
0.126315609434
0.12520712088
0.123891431919
0.122363013048
0.120617159238
0.118650166564
0.116459612978
0.114044643685
0.111406257098
0.108547610663
0.105474331077
0.10219481668
0.0987205571738
0.0950664281006
0.0912510101978
0.0872967563987
0.0832299603117
0.0790808286704
0.0748831536513
0.0706736016733
0.0664907192494
0.062373572244
0.0583601912224
0.0544859907419
0.0507824454272
0.0472759723048
0.0439872714926
0.0415440921176
0.0387408317181
0.0361738941899
0.0338427328845
0.0317428290553
0.0298664317198
0.0282033469105
0.0267417482166
0.0254689523153
0.0243720598729
0.023438449197
0.0226561536804
0.0220141286353
0.0215024114632
0.0211121926903
0.0208358252625
0.0206667903831
0.0205996347893
0.0206298767761
0.0207539376988
0.0209689995103
0.0212729351317
0.0216641962645
0.0221417129178
0.0227047976728
0.0233530524376
0.024086274088
0.0249043753248
0.025807294802
0.0267949169396
0.0278669904834
0.029023038071
0.0302623135092
0.0315837961273
0.0329861808767
0.0344678686133
0.0360269683425
0.0376613049799
0.0393684290019
0.0411456299608
0.0429899527075
0.0448982149894
0.0468670251876
0.0488928009404
0.0509717889336
0.0531000840082
0.0552736480193
0.0574883276905
0.0597398712492
0.0620239455441
0.0643361519754
0.0666720408989
0.0690271253668
0.07139689263
0.0737768145352
0.0761623575285
0.078548991521
0.0809321966352
0.0833074688806
0.0856703242208
0.0880162997044
0.0903409543471
0.0926398693736
0.0949086468234
0.097142906944
0.0993382842302
0.101490421807
0.103594964834
0.105647551684
0.107643803575
0.109579314493
0.111449640092
0.113250284946
0.114976688982
0.116624213898
0.118188129328
0.119663598569
0.121045666
0.122329244889
0.123509102041
0.124579846268
0.125535922558
0.126371608653
0.127081007708
0.127658036142
0.128096420419
0.128389727477
0.128531387542
0.128514702678
0.128332931599
0.127979255258
0.127446814409
0.126728791863
0.125818535192
0.124709681762
0.123396354011
0.121873374726
0.120136404061
0.118182119771
0.116008478561
0.113614987519
0.11100297726
0.108175893581
0.105139590749
0.101902613425
0.0984764914964
0.0948760096673
0.0911194748199
0.087228858488
0.0832297614407
0.079151408604
0.0750263138033
0.0708896037759
0.0667780807813
0.062728976247
0.0587785370083
0.0549605911179
0.0513053251267
0.0478382619698
0.044579631871
0.042113422314
0.0393210054449
0.0367572110924
0.0344222566416
0.0323125500512
0.0304213707706
0.0287396005648
0.0272564739109
0.0259602946502
0.0248390418542
0.0238808460599
0.0230743591403
0.0224090212111
0.021875229059
0.0214644217026
0.021169105098
0.0209828334907
0.0209001613532
0.0209165647124
0.0210283820073
0.021232682511
0.0215272033427
0.0219102441504
0.0223805722553
0.0229373313643
0.0235799519871
0.0243080616709
0.0251214069449
0.0260197679856
0.0270028801713
0.0280703576387
0.0292216132163
0.0304558152336
0.0317718747785
0.0331684338975
0.0346438557412
0.036196224994
0.037823353398
0.0395227877349
0.0412918221069
0.0431275128576
0.0450266949045
0.0469859980417
0.0490018644485
0.0510705678575
0.0531882319313
0.0553508485504
0.0575542948927
0.0597943492126
0.0620667078011
0.0643670006953
0.0666908057628
0.0690336623125
0.071391082048
0.0737585591208
0.0761315801988
0.0785056334125
0.0808762149194
0.0832388347339
0.0855890208723
0.0879223199928
0.0902342984179
0.0925205427291
0.0947766584577
0.0969982676273
0.0991810050603
0.101320512999
0.103412434892
0.105452406651
0.10743604634
0.109358944762
0.111216654902
0.11300467969
0.114718459113
0.11635335721
0.11790464894
0.119367506825
0.120736988899
0.122008027056
0.123175413495
0.124233790297
0.125177643874
0.126001301605
0.126698926474
0.127264510476
0.127691873695
0.127974697545
0.128106536298
0.128080841962
0.127891033549
0.127530479387
0.126992542643
0.126270661732
0.125358467315
0.124249908097
0.122939431343
0.121422183649
0.119694158091
0.117752376155
0.115595133712
0.113222259749
0.110635377163
0.107838181797
0.104836719712
0.101639648881
0.0982585116395
0.094707981797
0.0910060903561
0.0871743442711
0.0832376841047
0.079224423739
0.0751659100551
0.0710958793633
0.0670495733754
0.0630625911965
0.0591695960075
0.0554030055916
0.0517918600492
0.0483608801565
0.0451298674995
0.0426425772361
0.0398602395353
0.0372994923495
0.0349612351018
0.0328427063737
0.0309381117692
0.0292393020563
0.0277364705039
0.0264188183137
0.0252751281568
0.0242942229357
0.0234653275467
0.0227783351164
0.022223981924
0.0217939450583
0.0214808804456
0.0212784179563
0.0211811264471
0.0211844494766
0.0212846539771
0.0214787095194
0.0217642311046
0.0221393803875
0.0226027762918
0.0231534079257
0.0237905485029
0.0245136697594
0.0253223656314
0.0262162707627
0.0271949840897
0.0282579966906
0.0294046196382
0.0306339408575
0.0319448070282
0.0333358101419
0.0348052773017
0.0363512696241
0.0379715857249
0.0396637680688
0.0414251141662
0.0432526903429
0.0451433469222
0.047093733082
0.0491003132985
0.0511593860302
0.0532671014063
0.0554194790283
0.0576124242436
0.0598417429895
0.0621031587226
0.0643923279572
0.0667048540607
0.0690363008023
0.0713822026515
0.0737380744496
0.0760994216104
0.0784617492093
0.0808205683277
0.0831714021164
0.0855097900428
0.0878312878559
0.0901314688002
0.0924059246211
0.0946502643164
0.0968601118194
0.0990311025688
0.101158878364
0.103239081596
0.105267346471
0.107239288708
0.109150496827
0.110996522123
0.112772866882
0.114474972093
0.116098204995
0.117637846583
0.11908907911
0.120446974605
0.121706483769
0.122862423881
0.123909469303
0.124842146416
0.125654830551
0.126341742415
0.126896945939
0.127314349319
0.127587741287
0.12771079258
0.12767709668
0.127480224364
0.127113720496
0.126571154988
0.125846202012
0.124932752356
0.12382503835
0.122517803351
0.121006490935
0.119287397418
0.117357854092
0.115216460731
0.112863332714
0.110300349979
0.107531425011
0.10456276511
0.101403113876
0.098064003953
0.0945599840463
0.0909088106444
0.0871315447986
0.0832525016674
0.0792991505766
0.075301772212
0.0712928448543
0.0673062099367
0.0633760092348
0.0595354952082
0.0558158284367
0.0522450258378
0.0488470876124
0.0456414250096
0.0431347087927
0.0403617026203
0.0378038574672
0.0354626834398
0.0333361656625
0.0314193442231
0.0297049449118
0.0281840295539
0.026846616421
0.0256822240217
0.0246803127221
0.0238306381019
0.0231235159629
0.0225500023191
0.0221020011945
0.0217723141806
0.021554647733
0.0214435899639
0.0214345599695
0.021523762919
0.0217080800091
0.0219850162233
0.0223526078106
0.0228093382
0.0233540548453
0.0239858864796
0.024704161395
0.0255083332882
0.0263979030787
0.0273723445524
0.0284310359705
0.0295731941548
0.0307978316686
0.032103734546
0.0334894474991
0.0349532632898
0.0364932203539
0.0381071043775
0.0397924530454
0.0415465663161
0.0433665191876
0.0452491758524
0.0471912030623
0.0491890855486
0.0512391443764
0.0533375539797
0.0554803595788
0.0576634925995
0.0598827844789
0.0621339837212
0.0644127713086
0.0667147742362
0.0690355790885
0.0713707415376
0.0737157955942
0.0760662640299
0.0784176676659
0.0807655314517
0.0831053908685
0.0854327962947
0.0877433120736
0.0900325179871
0.0922960107437
0.0945294027568
0.0967283199652
0.0988883986629
0.101005280585
0.103074607652
0.105092013052
0.107053110831
0.108953488001
0.110788695008
0.112554234343
0.114245548801
0.115858009507
0.117386904049
0.118827424775
0.120174657903
0.121423572928
0.122569011774
0.123605680058
0.124528142633
0.125330820941
0.126007991042
0.126553785087
0.126962194185
0.127227107557
0.127342305351
0.127301514253
0.127098448251
0.126726818071
0.126180385713
0.125453042871
0.124538919397
0.123432506426
0.122128817404
0.120623567895
0.118913330212
0.116995715024
0.114869594585
0.112535339105
0.109995054413
0.107252840562
0.104315040082
0.101190459054
0.0978906028658
0.094429885505
0.0908257930187
0.0870989604261
0.0832731130327
0.0793749378425
0.0754337405557
0.0714808592117
0.0675488754637
0.063670626082
0.0598781030324
0.0562013431551
0.0526674479355
0.0492997694897
0.0461173640358
0.0435926326246
0.0408282358956
0.0382731150409
0.0359293285754
0.0337955343138
0.0318675259605
0.0301388212398
0.0286012704611
0.0272456370183
0.0260621138265
0.0250407483757
0.024171787563
0.023445941073
0.0228545652878
0.0223897796496
0.0220445262047
0.0218125876783
0.021688574869
0.0216678889166
0.0217466815584
0.0219217555222
0.0221905164872
0.0225508865761
0.0230012253911
0.0235402504792
0.0241669577462
0.0248805433466
0.0256803319984
0.0265657016785
0.0275360111859
0.0285905351205
0.0297284030276
0.0309485570338
0.0322497261768
0.0336304105781
0.0350888703808
0.0366231223254
0.0382309394834
0.0399098544219
0.0416571687349
0.0434699649586
0.0453451198195
0.0472793160246
0.0492690566988
0.0513106835721
0.0534003933927
0.0555342550849
0.0577082242395
0.0599181557571
0.0621598212201
0.0644289242039
0.0667211135891
0.0690319972713
0.0713571506797
0.0736921255592
0.0760324607293
0.078373691637
0.0807113560899
0.0830410011548
0.0853581876461
0.0876584880223
0.0899374882184
0.0921907896986
0.0944140082203
0.0966027717914
0.0987527177551
0.100859488104
0.10291872483
0.104926060711
0.106877108689
0.108767454921
0.110592649722
0.112348196509
0.114029540547
0.115632057411
0.1171510417
0.118581696093
0.119919121053
0.121158304733
0.122294113146
0.123321282094
0.124234413396
0.125027972642
0.12569628871
0.126233558244
0.126633850343
0.126891148171
0.126999334726
0.126952261833
0.126743778315
0.126367750377
0.125818118403
0.125088974845
0.124174669318
0.123069929376
0.121770014991
0.120270890582
0.118569379513
0.116663344492
0.114551902199
0.112235649634
0.109716890927
0.106999888452
0.104091097934
0.100999368611
0.0977361648241
0.0943157598436
0.090755375453
0.0870752411796
0.0832985278449
0.0794511982185
0.0755616656953
0.071660233168
0.0677783462386
0.0639476699187
0.0601990668092
0.0565615668329
0.0530614505997
0.0497214866472
0.0465604085439
0.0440188709684
0.0412623933347
0.0387097993475
0.0363636414049
0.0342231848942
0.0322849055388
0.0305430392544
0.0289901535128
0.0276176922054
0.0264164669023
0.0253770660532
0.0244901913111
0.0237469190251
0.0231388871496
0.0226584188936
0.0222985909236
0.0220532609303
0.0219170646604
0.0218853905534
0.0219543440544
0.0221206580997
0.0223816485636
0.0227351335631
0.0231793594372
0.0237129245067
0.0243347024521
0.0250437676211
0.0258393260414
0.0267206426024
0.0276869703047
0.0287374883177
0.0298712453828
0.0310871179447
0.0323837815569
0.0337596943374
0.0352130855232
0.0367419512154
0.0383440522794
0.0400169159241
0.0417578446862
0.043563927656
0.0454320529424
0.0473589177588
0.0493410419178
0.0513747860321
0.0534563673243
0.0555818766845
0.0577472921211
0.0599484900939
0.0621812634312
0.064441336551
0.066724378596
0.0690260174046
0.0713418468259
0.0736674349821
0.0759983355081
0.0783300974275
0.0806582704401
0.0829784125114
0.0852860944845
0.0875768964679
0.0898464101638
0.0920902415811
0.0943040097355
0.0964833447383
0.0986238851338
0.100721273443
0.102771152232
0.104769154416
0.106710892301
0.108591951729
0.110407883494
0.112154192549
0.113826327182
0.11541966786
0.116929516489
0.118351086212
0.119679491692
0.120909739471
0.122036719027
0.123055195237
0.123959805347
0.124745057083
0.125405329507
0.125934880053
0.126327851135
0.126578313571
0.126680247113
0.126627620887
0.12641441046
0.126034627529
0.125482378044
0.124751939786
0.123837864451
0.122735095734
0.121439118727
0.119946125428
0.118253167416
0.116358334845
0.11426096377
0.111961853039
0.109463480616
0.106770249313
0.103888709498
0.100827737479
0.097598745841
0.0942158639941
0.0906960572303
0.0870591703923
0.0833278544036
0.0795274018987
0.0756854090221
0.0718312375612
0.0679953064831
0.0642082261423
0.0604998447474
0.0568982879449
0.0534290987476
0.0501145196092
0.0469729910434
0.0444156899301
0.0416664768948
0.0391162026347
0.0367678655211
0.0346212808746
0.0326735428093
0.0309195397396
0.0293524925457
0.0279644674242
0.0267468439374
0.0256907091408
0.024787185507
0.0240276903983
0.0234041252313
0.0229090053837
0.0225355359044
0.0222776473845
0.0221300018392
0.0220879792222
0.0221476448286
0.0223056694166
0.0225592874941
0.0229062222661
0.0233446163904
0.0238729586821
0.0244900102534
0.0251947330855
0.0259862239308
0.0268636436194
0.027826147684
0.0288728272967
0.0300026564009
0.0312144503164
0.032506834466
0.0338782274429
0.0353268292604
0.0368506164854
0.0384473382566
0.0401145162593
0.0418494533776
0.0436492444018
0.0455107878372
0.0474307941057
0.0494057981395
0.0514321777917
0.0535061690567
0.0556238832174
0.0577813191084
0.0599743729641
0.062198857154
0.0644505153013
0.0667250352977
0.069018063687
0.0713252115026
0.0736420619587
0.0759641823456
0.0782871342862
0.0806064784418
0.0829177830486
0.085216628639
0.0874986025154
0.0897593017622
0.0919943367202
0.0941993295642
0.0963699125228
0.0985017254521
0.100590411625
0.102631614657
0.104620968096
0.106554083969
0.108426548263
0.110233912764
0.11197168446
0.113635315125
0.115220190447
0.116721619846
0.118134826965
0.119454940528
0.120676985106
0.121795872949
0.122806396864
0.123703227986
0.124480914122
0.125133881842
0.125656445714
0.126042817056
0.126287148227
0.126383510144
0.126325981595
0.126108657178
0.125725684526
0.125171323168
0.124440022028
0.12352651866
0.12242595446
0.121134020189
0.119647115901
0.117962500519
0.116078469486
0.113994555859
0.111711738153
0.10923264639
0.10656180494
0.103705843299
0.100673651474
0.0974765821297
0.0941286199185
0.0906464825873
0.0870496510624
0.0833602897989
0.0796030716029
0.0758048436081
0.0719941108784
0.0682003628914
0.0644532587003
0.0607817333537
0.0572130987314
0.0537722338415
0.0504809063846
0.0473572908083
0.0447851320244
0.0420425674492
0.0394944036961
0.0371440428572
0.0349917989714
0.033035327779
0.0312701114581
0.0296899671136
0.0282875307191
0.0270547037239
0.0259830329023
0.0250640300511
0.0242894294275
0.0236513785577
0.0231425735828
0.0227563414649
0.0224866830516
0.0223282871909
0.0222765287014
0.0223274380367
0.0224776304732
0.0227242666598
0.0230649830703
0.0234978273916
0.0240211877962
0.0246337216289
0.0253342871334
0.0261218804248
0.0269955665569
0.0279544111663
0.0289974241637
0.0301235102699
0.0313314280271
0.032619755913
0.033986875357
0.0354309587852
0.0369499643687
0.0385416300558
0.0402034718961
0.0419327926044
0.0437266919307
0.0455820779438
0.0474956731099
0.0494640260327
0.0514835302901
0.0535504390662
0.0556608826234
0.0578108791788
0.0599963430635
0.0622131046039
0.0644569250927
0.0667235097602
0.0690085227474
0.0713075911297
0.0736163119949
0.0759302651996
0.078245024055
0.0805561592851
0.082859248826
0.0851498826294
0.08742365474
0.0896761672384
0.0919030345898
0.0940998820174
0.0962623438617
0.0983860613654
0.100466678729
0.102499841078
0.104481183031
0.106406316609
0.108270828314
0.110070271353
0.111800155165
0.113455935374
0.115033003147
0.116526675516
0.117932186588
0.119244678935
0.120459194722
0.121570668225
0.122573919005
0.123463650556
0.124234448696
0.124880784817
0.125397027038
0.125777451467
0.126016285909
0.126107687491
0.126045837167
0.12582494129
0.12543927431
0.124883238161
0.124151439828
0.123238787843
0.122140604491
0.120852768493
0.119371870107
0.117695356524
0.115821708496
0.113750636112
0.111483277803
0.109022396217
0.106372621062
0.103540648124
0.100535370013
0.0973680733815
0.0940525990079
0.0906054268722
0.0870456944851
0.0833951118858
0.0796777787854
0.075919855449
0.072149066138
0.0683940574061
0.0646836285982
0.0610458910933
0.0575074230898
0.0540925048329
0.0508224751708
0.047715267063
0.0451290447185
0.0423925520723
0.0398462932515
0.0374940366582
0.0353365493701
0.0333719979176
0.0315964055396
0.0300041341131
0.0285883418541
0.027341410077
0.0262553095362
0.0253219121225
0.0245332463456
0.0238816892853
0.0233601067342
0.0229619410018
0.0226812601138
0.0225127797135
0.0224518721181
0.0224945375588
0.0226373417306
0.0228773781113
0.0232122038182
0.0236397795012
0.0241584007849
0.0247666292761
0.0254632273677
0.0262470984821
0.027117219515
0.0280725731
0.0291120940054
0.0302346229113
0.0314388657199
0.0327233569732
0.0340864431742
0.0355262707428
0.0370407806179
0.0386277001322
0.0402845396285
0.0420086011973
0.0437969889071
0.0456466197011
0.0475542270437
0.0495163718677
0.0515294620728
0.0535897665608
0.0556934333139
0.0578364986271
0.0600148933469
0.0622244642852
0.0644609889603
0.0667201886248
0.0689977440384
0.0712892972641
0.0735904581035
0.0758968179598
0.0782039609884
0.0805074670984
0.0828029234128
0.0850859291038
0.0873520845081
0.0895969963156
0.0918162829123
0.0940055724547
0.0961605013745
0.0982767123392
0.100349850608
0.102375563262
0.104349486386
0.106267232183
0.108124387971
0.109916508717
0.11163910666
0.113287641567
0.114857510247
0.116344037372
0.11774246741
0.1190479565
0.120255563908
0.121360245148
0.122356845344
0.123240098829
0.124004627368
0.124644944496
0.125155468368
0.12553053608
0.125764444852
0.125851433621
0.125785778134
0.125561789707
0.125173860943
0.124616525741
0.123884537105
0.122972960882
0.121877284859
0.120593559604
0.119118549277
0.1174498719
0.115586175505
0.113527329393
0.111274614325
0.10883090816
0.106200932091
0.103391437715
0.100411311037
0.0972717683191
0.0939865087347
0.0905717848423
0.0870464108044
0.0834316728024
0.0797511408395
0.0760303449995
0.072296297226
0.0685768785544
0.0649001100964
0.0612933589654
0.0577825407725
0.0543913950147
0.0511408727934
0.0480486879535
0.0454491055964
0.0427181482254
0.0401735965851
0.0378195521296
0.035657194081
0.0336851540604
0.0318999489108
0.0302964388464
0.0288682612056
0.0276082388026
0.0265087334964
0.025561950131
0.0247601902376
0.0240960447029
0.0235625382256
0.0231532219026
0.022862227543
0.0226842970676
0.0226148023335
0.0226497174034
0.0227855635987
0.0230193731948
0.0233486306075
0.0237712166966
0.0242853419453
0.0248894795514
0.0255823032722
0.0263626311582
0.0272293589698
0.0281813926239
0.0292175973145
0.0303367545015
0.0315375213842
0.0328183913992
0.0341776782344
0.0356135038193
0.0371237930422
0.0387062632257
0.0403584189598
0.0420775613057
0.0438607980987
0.0457050545998
0.0476070743312
0.0495634293059
0.051570540444
0.0536246909907
0.0557220455394
0.0578586572906
0.0600304721091
0.0622333519285
0.0644630891316
0.0667154197653
0.0689860403553
0.0712706069836
0.0735647410568
0.0758640445733
0.0781641117512
0.080460530823
0.0827488976424
0.085024820478
0.0872839055019
0.0895217636261
0.091734016963
0.0939162964823
0.0960642406753
0.0981734936355
0.100239701766
0.102258514548
0.104225569891
0.10613648028
0.107986834076
0.109772188299
0.111488058261
0.11312990809
0.114693140332
0.116173087268
0.117565003551
0.118864058557
0.120065328115
0.12116378816
0.122154308175
0.123031651834
0.123790474806
0.124425330126
0.124930682617
0.125300926551
0.125530423002
0.125613488573
0.125544486707
0.125317827307
0.124928012933
0.124369699692
0.123637775522
0.122727451029
0.121634365391
0.120354726341
0.118885457085
0.117224330519
0.11537014569
0.113322915227
0.111084046533
0.108656517009
0.106045127587
0.103256677296
0.100300037874
0.0971863522136
0.0939291812401
0.0905445607903
0.0870510011924
0.0834693937884
0.0798228191467
0.0761362289643
0.0724359848013
0.0687492716143
0.0651034050126
0.0615250785445
0.0580396085407
0.0546702454854
0.0514375896033
0.0483591559822
0.0457468446693
0.0430209252985
0.0404778938254
0.0381221550682
0.0359552636498
0.0339762750453
0.0321821568287
0.0305682255221
0.029128558378
0.0278563846288
0.0267444269585
0.0257851979526
0.0249712522702
0.0242953796645
0.0237507534106
0.0233310269182
0.0230303921597
0.0228436164405
0.0227660727056
0.0227937124464
0.0229230172131
0.023150963412
0.0234749687737
0.0238928410037
0.0244027122338
0.0250029739497
0.0256922178703
0.026469183442
0.0273326917809
0.0282815778219
0.0293146422574
0.0304306118247
0.0316280987611
0.032905558052
0.0342612725541
0.0356933411524
0.0371996738788
0.038777978676
0.0404257543497
0.0421403005636
0.0439187284481
0.0457579711544
0.0476547814124
0.049605741152
0.0516072831015
0.0536557035654
0.0557471827863
0.0578777898229
0.0600434841371
0.0622401415199
0.0644635679315
0.066709513069
0.0689736884989
0.0712517634284
0.0735393698095
0.0758321193495
0.0781256156083
0.080415454286
0.0826972395719
0.0849665887798
0.0872191134517
0.0894504283339
0.09165615908
0.0938319393529
0.0959734096621
0.0980762154901
0.100136004429
0.102148428806
0.104109128672
0.106013716818
0.107857782827
0.109636885996
0.111346544923
0.112982228269
0.114539344346
0.116013232935
0.117399158657
0.118692303756
0.11988776004
0.120980523032
0.121965485363
0.122837438589
0.12359107027
0.124220970327
0.12472164708
0.125087548072
0.125313093327
0.125392672816
0.125320731223
0.125091770943
0.124700396747
0.124141377858
0.123409726916
0.122500787747
0.121410337947
0.120134729034
0.118671029732
0.117017153208
0.115172034816
0.113135816396
0.110910017986
0.108497702326
0.10590374026
0.103134971716
0.100200247764
0.0971106360941
0.0938795635839
0.0905228602302
0.0870587514109
0.0835077611065
0.079892517835
0.0762374423104
0.0725683018532
0.0689116478256
0.0652941554726
0.0617419079363
0.0582796788006
0.0549302758028
0.0517139814096
0.0486481304737
0.0460236642483
0.043302323884
0.0407606381852
0.0384032887298
0.0362321724093
0.0342467312102
0.0324443445761
0.0308207471974
0.0293704205074
0.0280869680262
0.0269634453412
0.0259926493411
0.0251673691829
0.0244805793385
0.0239255917771
0.0234961558906
0.0231865200453
0.0229914757417
0.0229063981554
0.0229272194398
0.0230503854425
0.0232728214736
0.0235918840233
0.0240053137376
0.0245111706359
0.0251077706104
0.0257936293784
0.0265674140545
0.0274278771244
0.0283737877763
0.0294038868269
0.0305168504931
0.0317112496113
0.0329855031948
0.0343378651252
0.0357664126155
0.0372690420489
0.0388434526351
0.0404871373703
0.0421973941799
0.0439713370914
0.0458059068383
0.0476978645928
0.0496438011103
0.0516401597979
0.0536832488138
0.055769263237
0.0578942870514
0.0600542919609
0.0622451664469
0.064462728822
0.0667027413692
0.0689609300972
0.071232976517
0.0735145221056
0.075801187458
0.0780885848127
0.0803723164794
0.0826479946497
0.0849112457074
0.0871576860823
0.0893829339675
0.0915826183841
0.0937523755695
0.0958878480036
0.0979846824814
0.100038527786
0.102045039549
0.103999860245
0.105898602922
0.107736858504
0.109510188747
0.111214115705
0.112844112685
0.114395593733
0.115863905969
0.11724432372
0.118532041683
0.119722167054
0.120809714083
0.121789597349
0.12265663487
0.123405544116
0.124030949347
0.124527399324
0.124889390987
0.125111398996
0.125187882222
0.125113360734
0.124882423629
0.124489770571
0.123930275415
0.123199066083
0.12229160899
0.121203808192
0.119932146803
0.118473826763
0.116826888102
0.1149903892
0.112964588582
0.110751106388
0.108353077742
0.105775435296
0.103025054994
0.100110761838
0.0970435474162
0.0938367094091
0.090505882907
0.0870690265369
0.0835463228845
0.0799599831291
0.0763339404588
0.0726934189639
0.0690643927987
0.0654729553642
0.0619446359903
0.0585037161384
0.0551726022797
0.0519712889182
0.0489169475239
0.0462808567034
0.0435636730649
0.0410231724052
0.0386642891263
0.0364892324133
0.0344977968312
0.0326877383596
0.0310551751627
0.0295949602171
0.0283010418572
0.0271667827964
0.0261852424217
0.0253494269448
0.0246524821758
0.0240878493656
0.0236493677477
0.0233313382183
0.0231285750558
0.0230364564745
0.0230508982373
0.0231683140865
0.0233855825113
0.0237000036957
0.0241092568416
0.0246113355986
0.0252044858596
0.0258871528632
0.0266579372237
0.0275155283817
0.0284586345591
0.0294859409143
0.0305960770838
0.031787575896
0.0330588226992
0.0344080441304
0.0358332970285
0.0373324653487
0.0389032402275
0.040543108826
0.0422493670094
0.0440191313692
0.0458493500329
0.0477367919205
0.0496780555872
0.051669594064
0.0537077262291
0.0557886613281
0.0579084974481
0.0600632172356
0.0622487207871
0.0644608375976
0.0666953415458
0.0689479726114
0.0712144238521
0.0734903452836
0.0757713656328
0.0780531052053
0.0803311720525
0.0826011860999
0.0848587829034
0.0870995832749
0.0893192084691
0.0915132907115
0.0936774686998
0.0958073868305
0.0978986930955
0.0999470374286
0.101948079245
0.103897463696
0.105790803945
0.107623692364
0.109391693289
0.111090332355
0.112715087591
0.114261378693
0.115724559912
0.11709991497
0.118382650584
0.119567888712
0.120650661485
0.121625904228
0.122488460051
0.123233074405
0.123854403389
0.124347033291
0.124705506633
0.124924348826
0.124998083179
0.124921299768
0.124688668929
0.124294978308
0.123735198467
0.123004563936
0.122098653926
0.121013487887
0.119745669431
0.118292522535
0.116652201773
0.114823876523
0.112807910938
0.110606014012
0.108221381342
0.105659000846
0.102925781068
0.100030516316
0.0969841219577
0.0937997717954
0.0904929169026
0.0870812666384
0.0835846866965
0.0800250031579
0.0764257015841
0.0728115092819
0.0692078742155
0.0656403606682
0.0621339950166
0.0587126120495
0.0553982542568
0.0522106550274
0.0491668377782
0.046519620338
0.0438062059266
0.04126674357
0.0389063988857
0.0367276661461
0.0347306615595
0.0329134854228
0.0312726077445
0.0298032231741
0.0284995977857
0.0273553775924
0.0263638641779
0.0255182644782
0.0248118830029
0.0242382813519
0.0237913826804
0.0234655365028
0.0232555782867
0.0231568898136
0.0231653731889
0.023277413224
0.0234898454205
0.0237999181334
0.0242052543099
0.0247037865279
0.0252936957949
0.0259733619229
0.0267413244629
0.0275962150141
0.0285366851948
0.0295613683491
0.0306688512361
0.0318576319173
0.0331260642142
0.0344723491287
0.0358945243459
0.0373904626295
0.0389578477124
0.0405941608879
0.0422966956511
0.0440625708846
0.0458887420347
0.047771985139
0.0497089055859
0.0516959650396
0.0537294920305
0.0558057094445
0.0579207287488
0.0600705422821
0.0622510607691
0.0644581237621
0.0666875158163
0.0689349905376
0.0711962518312
0.0734669572932
0.0757427430895
0.0780192370317
0.0802920520257
0.0825568155304
0.0848091724523
0.0870447474523
0.0892591644627
0.0914480587624
0.0936070714
0.095731848634
0.0978180394934
0.0998612949857
0.101857278813
0.103801639019
0.10568998869
0.107517921691
0.109281005036
0.110974768042
0.112594693487
0.114136206588
0.115594668469
0.116965371907
0.118243535183
0.119424294391
0.120502698679
0.121473702939
0.122332174067
0.123072883605
0.12369051707
0.124179695477
0.124535003202
0.12475101289
0.124822307877
0.124743543298
0.124509465591
0.124114943849
0.123555037944
0.122825081022
0.121920756056
0.120838187636
0.119574089768
0.118125898308
0.11649187101
0.114671277379
0.112664577465
0.110473558989
0.108101466962
0.10555333947
0.10283611554
0.0999585547409
0.096931496716
0.0937679970668
0.0904833336099
0.0870949831865
0.0836225176909
0.0800874080621
0.0765127289215
0.072922753165
0.069342448842
0.065796898755
0.0623106721557
0.0589071980644
0.055608188585
0.0524331402198
0.0493989422811
0.0467410735108
0.0440310734048
0.0414925163927
0.0391307797412
0.0369486180421
0.03494644086
0.0331226633546
0.0314740784841
0.0299961951848
0.0286835723671
0.0275301172958
0.0265293548354
0.025674677361
0.0249595361496
0.0243776047028
0.0239228844229
0.0235897695107
0.0233731149297
0.0232683063005
0.0232712346594
0.0233782586775
0.023586174309
0.023892182145
0.024293853692
0.0247890653522
0.0253759379208
0.0260527904038
0.0268181063767
0.0276704644553
0.0286084636329
0.0296306889412
0.0307356877547
0.0319219264673
0.0331877293516
0.0345312732614
0.0359505778745
0.0374435060181
0.0390077346971
0.0406407392929
0.0423398106241
0.0441020696481
0.0459244791665
0.047803821757
0.0497367087287
0.0517196094466
0.0537488610813
0.0558206997758
0.0579312497472
0.0600765118135
0.0622524064269
0.0644547821078
0.0666794332359
0.0689221268252
0.0711785769779
0.073444447935
0.0757153826709
0.077987015988
0.0802549647338
0.0825148637692
0.0847623676072
0.0869931041904
0.0892026997478
0.0913867924724
0.0935410256604
0.0956610473793
0.097742507491
0.0997810579599
0.101772367314
0.103712086681
0.105595828791
0.107419189039
0.109177737183
0.110867006278
0.11248248386
0.114019600496
0.115473723884
0.116840155491
0.118114124685
0.119290781065
0.120365189945
0.121332324618
0.122187074532
0.122924235479
0.123538520047
0.124024581303
0.124377041815
0.124590518324
0.124659649817
0.124579151942
0.124343842429
0.12394866563
0.123388763815
0.122659561395
0.121756836758
0.120676810099
0.119416296619
0.117972834847
0.116344775197
0.114531477454
0.11253348906
0.11035266732
0.10799229627
0.105457460388
0.102755128227
0.0998940209815
0.0968849035695
0.0937407193109
0.0904765833312
0.0871097559652
0.0836595370462
0.0801470702147
0.0765950529236
0.073027342386
0.069468468805
0.0659430766511
0.0624753194521
0.0590882573616
0.0558033024341
0.0526397361939
0.0496143265394
0.0469462670611
0.0442393565133
0.0417015849965
0.0393385236607
0.037153164807
0.0351461854232
0.0333162885381
0.0316605636218
0.0301748087463
0.0288538527276
0.0276918436594
0.0266825120488
0.0258194214043
0.0250961585147
0.024506500821
0.0240445225618
0.0237046586796
0.0234817819108
0.0233712817367
0.0233690406282
0.0234713935591
0.0236751000249
0.023977316545
0.0243755676668
0.0248676781497
0.0254517128443
0.0261259341741
0.0268887745147
0.0277387640469
0.0286744527624
0.0296943805675
0.0307970587553
0.0319809250262
0.0332442759218
0.0345852655204
0.0360018965646
0.0374920232202
0.0390533164451
0.0406832456468
0.0423790986605
0.0441379983554
0.0459569150293
0.0478326372697
0.0497617814432
0.0517408237333
0.0537661089887
0.0558338863675
0.0579402922869
0.0600813348669
0.0622529434664
0.064450974512
0.0666712314204
0.0689094945199
0.0711614875015
0.0734228803309
0.0756893222243
0.0779564545009
0.0802198970027
0.0824752919362
0.0847183037503
0.0869445630633
0.089149698024
0.0913293496124
0.0934791632777
0.0955947888448
0.0976718767597
0.09970607979
0.101693071871
0.103628507374
0.105507998333
0.107327141688
0.109081509975
0.110766640032
0.112378024133
0.113911097984
0.115361235524
0.116723746526
0.117993870957
0.119166771296
0.120237528176
0.121201132155
0.122052494065
0.122786432167
0.123397683851
0.12388093169
0.124230832834
0.124442045361
0.12450925956
0.124427247428
0.124190893485
0.123795211483
0.123235419626
0.122507026834
0.121605899183
0.120528343582
0.119271268074
0.117832305497
0.116209889161
0.114403460217
0.112413646117
0.110242365432
0.107892931382
0.105370472285
0.102681986276
0.0998361527993
0.0968436634569
0.0937173553505
0.0904721912405
0.0871252302228
0.0836955205097
0.0802039043251
0.0766727330772
0.0731254837477
0.0695862870175
0.0660793882044
0.0626285626044
0.05925653487
0.0559844444653
0.0528313777807
0.0498139928526
0.0471361950201
0.0444320769368
0.0418949831651
0.0395306625751
0.0373423244882
0.0353308894801
0.0334953236649
0.0318329887965
0.0303399489547
0.0290112817275
0.0278413571042
0.0268240947798
0.025953216007
0.0252224324753
0.0246256180851
0.0241569147897
0.0238107943145
0.0235821454079
0.0234663613108
0.0234593183219
0.0235573298611
0.0237571217366
0.0240558097504
0.0244508756771
0.0249400968378
0.0255214860321
0.0261932529564
0.0269537832867
0.0278015630369
0.0287350964912
0.0297528813249
0.0308533958858
0.0320350520391
0.0332961202622
0.0346347331151
0.0360488774065
0.0375363999405
0.0390949663093
0.0407220398649
0.0424149051461
0.0441706868179
0.0459863629199
0.0478587275561
0.0497844013322
0.0517598664121
0.0537814744027
0.0558454873742
0.0579480534677
0.0600851869522
0.0622528253528
0.0644468319595
0.0666630184986
0.0688971786404
0.0711450450906
0.0734022926315
0.075664576216
0.0779275432445
0.0801868155665
0.0824380427525
0.0846768995912
0.0868990187252
0.0891000298529
0.0912755766265
0.0934213065634
0.0955328711986
0.0976059212649
0.0996361101463
0.101619117814
0.103550602017
0.10542617369
0.107241431324
0.108991950242
0.110673271097
0.112280890851
0.113810250111
0.115256728701
0.11661564429
0.117882246964
0.119051711456
0.120119132894
0.121079517988
0.121927797863
0.122658811524
0.123267318987
0.123748029924
0.124095632447
0.124304823653
0.124370340759
0.124287008333
0.124049773482
0.123653713786
0.123094117342
0.122366571372
0.121467022487
0.120391855984
0.119138065174
0.117703369621
0.116086276415
0.114286300004
0.112304141505
0.110141773147
0.1078025279
0.105291576509
0.102615947635
0.0997842757285
0.0968071808127
0.0936973999052
0.0904697534366
0.0871411137905
0.0837302967503
0.0802578671787
0.076745859145
0.0732174018998
0.069696261583
0.0662063200161
0.0627710082937
0.059412745803
0.0561524243219
0.0530089531212
0.0499988908963
0.0473118035599
0.0446102059314
0.0420736930047
0.0397081766423
0.037517064216
0.0355014979386
0.0336606842156
0.0319922348583
0.0304924586639
0.0291566625024
0.0279794206941
0.0269548267641
0.0260767471831
0.0253390085426
0.0247355741971
0.024260648991
0.0239087374859
0.0236747425902
0.0235540612788
0.0235425658348
0.0236365500531
0.0238327085331
0.024128119409
0.0245202256054
0.025006760912
0.0255856896227
0.0262551722241
0.0270135519461
0.0278592746512
0.0287908019015
0.0298065917667
0.0309050926367
0.032084693293
0.0333436396677
0.0346800439529
0.0360918779521
0.0375769824356
0.0391330183101
0.0407574427657
0.0424475367205
0.0442004265658
0.0460130984264
0.0478823514602
0.0498048097354
0.0517769605942
0.0537951615198
0.0558556875251
0.0579546980629
0.0600882124186
0.0622521756209
0.0644424567896
0.0666548752905
0.0688852382823
0.0711292869367
0.0733826999523
0.0756411375779
0.0779002528926
0.0801556687188
0.0824030420887
0.0846380586033
0.0868563522316
0.0890535538613
0.0912253097134
0.0933672692995
0.0954750858219
0.0975444099542
0.099570895478
0.101550229088
0.103478072015
0.105350033638
0.107161713999
0.108908691199
0.110586509717
0.112190671142
0.113716620714
0.115159743764
0.11651536545
0.117778745484
0.118945070256
0.120009448569
0.120966902207
0.121812381586
0.122540744776
0.123146772319
0.123625198757
0.123970739547
0.124178128883
0.124242146504
0.124157666146
0.123919693577
0.123523364913
0.122964032486
0.122237356136
0.121339356362
0.120266489044
0.119015825887
0.117585166324
0.115973082671
0.114179155361
0.112204153802
0.110050096874
0.107720328137
0.105220060427
0.102556354649
0.099737797032
0.09677493802
0.0936804206815
0.0904689328256
0.0871571739037
0.0837637452603
0.0803089567484
0.0768145515914
0.0733033411441
0.069798758992
0.0663243559825
0.0629032499633
0.0595575825137
0.0563080203609
0.0531733120417
0.0501699265023
0.0474739981257
0.0447746714812
0.0422386519584
0.0398720009814
0.0376783065494
0.0356589122622
0.0338132438262
0.0321391427062
0.0306331428018
0.0292907622836
0.0281067635007
0.0270753994731
0.0261906701735
0.0254465076793
0.0248369582607
0.0243562850965
0.0239990217712
0.0237600833207
0.0236348705549
0.0236192536884
0.0237095086418
0.023902301011
0.024194674031
0.0245840354677
0.0250680792141
0.0256447242814
0.0263120851466
0.0270684666315
0.0279122782305
0.0288419414814
0.029855877223
0.0309525067416
0.0321301983898
0.0333871749314
0.0347215292357
0.0361312189616
0.0376140802013
0.0391677698525
0.0407897388114
0.0424772640352
0.0442274736139
0.046037362195
0.0479037335505
0.0498232144738
0.0517922967144
0.053807342778
0.0558646407849
0.0579603611381
0.0600905270257
0.0622510903905
0.0644379251514
0.0666468576976
0.0688737089369
0.0711142279741
0.0733640965317
0.0756189797774
0.0778745360948
0.0801263881909
0.0823702007389
0.0846016706915
0.0868164325956
0.0890101181838
0.0911783761524
0.0933168579422
0.0954212183865
0.0974871077024
0.0995101798241
0.101486128917
0.103410619786
0.105279259742
0.107087650374
0.108831372533
0.110505974524
0.112106962487
0.113629786008
0.115069835534
0.116422443299
0.117682878167
0.118846337593
0.119907943266
0.120862730995
0.121705669566
0.122431634503
0.123035424893
0.12351179789
0.123855492945
0.1240612797
0.124123975975
0.124038501621
0.123799917425
0.12340341298
0.122844399577
0.122118604457
0.121222115833
0.120151452817
0.118903759312
0.117476908388
0.115869529535
0.11408126256
0.11211294067
0.109966622889
0.107645654407
0.105155290809
0.102502627613
0.0996961995408
0.0967464896648
0.093666053176
0.0904694546006
0.087173233486
0.0837957935701
0.0803572104529
0.0768789609787
0.073383566031
0.0698941559395
0.0664339803019
0.0630258719312
0.0596917195847
0.0564519855501
0.053325272565
0.0503279685801
0.0476236487371
0.044926363693
0.0423907581528
0.0400230308474
0.0378269343839
0.035803995041
0.0339538384833
0.0322745170871
0.0307627717749
0.0294143154282
0.0282240832903
0.0271864744958
0.026295611567
0.0255455232064
0.0249303325187
0.0244443567382
0.0240821547846
0.0238386516266
0.0237092521542
0.023689826286
0.0237766336547
0.0239663128059
0.0242558745887
0.0246426950943
0.0251244317042
0.0256989610677
0.0263643545633
0.027118882445
0.0279609214131
0.028888855409
0.029901070182
0.0309959626497
0.0321718833013
0.033427032972
0.0347594861533
0.0361671871527
0.0376479687702
0.0391994845645
0.0408191789764
0.0425043246438
0.0442520513663
0.0460593628404
0.0479230670286
0.0498397927497
0.0518060354125
0.0538181617167
0.0558724731813
0.0579651508406
0.0600922206855
0.0622496410595
0.0644332896412
0.066638999277
0.0688626049942
0.0710998633092
0.0733464580801
0.0755980590838
0.0778503296546
0.080098891237
0.082339416407
0.084567614074
0.0867791185679
0.0889695621368
0.0911345958665
0.0932698730704
0.0953710501819
0.0974337765143
0.099453705888
0.101426540764
0.103347949583
0.105213537043
0.107018906269
0.108759640813
0.110431292794
0.112029372817
0.113549334513
0.11498657305
0.116336427337
0.117594174919
0.118755023762
0.119814107655
0.120766475427
0.121607113393
0.122330912982
0.122932690008
0.123407221853
0.123749269029
0.123953635
0.124015171437
0.123928841464
0.123689757526
0.123293157882
0.122734507819
0.122009597229
0.121114576281
0.120046020385
0.118801140055
0.11737787637
0.115774908348
0.113991929194
0.112029832269
0.109890710639
0.107577902265
0.105096707079
0.102454258141
0.0996590352438
0.0967214564579
0.09365399504
0.0904711011611
0.0871891667348
0.0838264136073
0.0804027023994
0.0769392661873
0.0734583606226
0.0699828396606
0.0665356788666
0.0631394517787
0.0598158171066
0.0565850515001
0.0534656255356
0.050473854167
0.0477615935213
0.0450661384848
0.0425308741174
0.0401621252801
0.0379637944447
0.0359375732701
0.0340832695454
0.0323991293435
0.030882083942
0.0295280256306
0.0283320484966
0.027288685303
0.0263921708929
0.0256366222588
0.0250162337073
0.0245253725295
0.0241586194029
0.0239109069353
0.0237776444546
0.0237547032181
0.0238383280046
0.0240251320326
0.024312096045
0.0246965677567
0.0251761711938
0.0257487432843
0.0264123149451
0.0271651255316
0.0280055223294
0.0289318538575
0.0299424726984
0.0310357540325
0.0322100329657
0.0334634895117
0.0347941806338
0.0362000380158
0.0376788925821
0.0392283952113
0.0408459836996
0.0425289259822
0.0442743536167
0.0460792799574
0.0479405167429
0.0498546941549
0.051818310531
0.0538277359542
0.0558792857549
0.0579691513135
0.0600933603389
0.0622478771326
0.0644285820775
0.0666313139573
0.0688519223939
0.0710861708012
0.0733297442893
0.0755783169989
0.0778275568776
0.0800730828932
0.0823105758729
0.0845357573565
0.0867442606149
0.0889317181015
0.0910937832046
0.0932261110598
0.095324359677
0.0973841769692
0.0994012163659
0.101371189529
0.103289768592
0.105152555036
0.106955153518
0.108693150202
0.110362101011
0.111957520923
0.113474867313
0.114909539675
0.116256883199
0.117512183668
0.118670659014
0.119727454377
0.120677630622
0.12151619085
0.122238040894
0.122838011596
0.123310898158
0.123651479652
0.123854591563
0.123915115546
0.123828055326
0.123588571904
0.123191947603
0.122633697072
0.121909668518
0.121016068696
0.119949522749
0.118707302797
0.117287412822
0.115688574099
0.113910527843
0.111954224694
0.109821785998
0.107516533663
0.105043814433
0.102410802321
0.0996259185825
0.0966995187708
0.0936439999499
0.0904737064088
0.0872048939371
0.0838556171423
0.0804455395651
0.0769956714302
0.0735280264163
0.0700652067999
0.0666299390769
0.063244561063
0.0599305222096
0.0567079307036
0.0535951374332
0.0506083916724
0.0478886406444
0.0451948197166
0.0426598290157
0.0402901093433
0.0380896994655
0.0360604404136
0.0342023056588
0.0325137191626
0.030991787193
0.0296325673395
0.0284312994918
0.0273826383985
0.0264809216763
0.0257203467775
0.0250951740095
0.0245998169961
0.0242288747329
0.0239772850651
0.0238404622463
0.0238142803838
0.0238949706985
0.0240791225932
0.0243636887716
0.0247459917025
0.025223625003
0.0257943882564
0.0264562743036
0.0272074951136
0.0280463717574
0.0289712192679
0.0299803587816
0.0310721462756
0.0322449038738
0.03349679175
0.0348258500965
0.0362299986375
0.0377070678672
0.0392547066307
0.0408703458593
0.0425512483793
0.0442945475846
0.0460972671718
0.0479562222477
0.049868043731
0.0518292321672
0.0538361602234
0.0558851575713
0.0579724256794
0.0600939929036
0.0622458291286
0.0644238163605
0.0666237988423
0.06884164137
0.0710731137449
0.0733139014506
0.0755596828071
0.077806130042
0.0800488583652
0.0822835572995
0.0845059617569
0.0867117030641
0.0888964135834
0.0910557489082
0.0931853659491
0.0952809242804
0.0973380698762
0.0993524555025
0.101319803023
0.103235788295
0.105096008932
0.106896071101
0.108631563465
0.110298045735
0.111891037186
0.113405998631
0.114838333511
0.11618339292
0.117436470445
0.118592793477
0.11964751776
0.12059571526
0.121432405195
0.122152506364
0.122750863034
0.12322228584
0.123561570308
0.123763581978
0.123823228957
0.123735553071
0.123495761024
0.123099174794
0.122541354057
0.121818201396
0.120925975136
0.119861343923
0.118621637018
0.117204916685
0.115609939496
0.113836489827
0.111885573473
0.109759334553
0.107461070061
0.104996176854
0.102371873704
0.0995965195128
0.0966804098474
0.0936358710362
0.0904771494682
0.087220375576
0.0838834503896
0.0804858570098
0.0770484021809
0.0735928790638
0.0701416609699
0.0667172482447
0.0633417645355
0.060036469033
0.0568213171661
0.0537145515539
0.0507323624936
0.0480055688949
0.0453132000048
0.0427784196033
0.0404077751554
0.0382054292287
0.0361733574102
0.0343116837005
0.0326189954387
0.0310925597261
0.0297285864557
0.0285224492193
0.0274689139016
0.0265624119938
0.0257972140577
0.0251676416244
0.0246681511747
0.0242933567727
0.0240381989558
0.0238980975465
0.0238689309039
0.0239469178597
0.024128625319
0.0244109798158
0.0247912815538
0.0252670964914
0.0258361889985
0.0264965159914
0.0272462654235
0.0280837351852
0.0290072085361
0.0300149766976
0.0311053788916
0.0322767265846
0.0335271609711
0.0348547061433
0.0362572704667
0.0377326854781
0.0392785986199
0.0408924337101
0.0425714480302
0.0443127769172
0.0461134551639
0.0479703008403
0.0498799450109
0.0518388897124
0.0538435094014
0.0558901487324
0.0579750190268
0.0600941482334
0.0622435115046
0.0644189913526
0.0666164370443
0.0688317292329
0.0710606436023
0.0732988651316
0.0755420761874
0.0777859529394
0.0800261054943
0.0822582326288
0.0844780834415
0.0866812863778
0.088863473413
0.0910203022266
0.0931474314647
0.0952405222734
0.0972952181148
0.0993071708411
0.10127211363
0.103185726062
0.105043601155
0.106841346533
0.108574553223
0.110238784733
0.111829564568
0.113342356692
0.114772568124
0.116115555499
0.117366619793
0.118520997366
0.119573853845
0.120520271391
0.121355284744
0.122073824297
0.122670746253
0.123140874297
0.123479018651
0.123680072852
0.123738968212
0.12365078233
0.123410764989
0.123014273603
0.122456908822
0.12173462403
0.120843724431
0.119780916257
0.118543581945
0.117129837866
0.115538469193
0.113769299128
0.111823387205
0.109702894986
0.107411085611
0.104953410137
0.102337136274
0.0995705564901
0.0966639088447
0.0936294540218
0.0904813479908
0.0872356059028
0.0839099879725
0.080523812357
0.0770977002778
0.0736532441789
0.0702126093031
0.0667980909
0.0634316181808
0.0601342774434
0.0569258857285
0.0538245878518
0.0508465212776
0.0481131272607
0.045422040534
0.0428874102067
0.0405158819729
0.0383117307058
0.0362770528351
0.0344121089336
0.0327156364125
0.031185050166
0.0298167004314
0.0286060832834
0.0275480656425
0.0266371645894
0.0258677169048
0.0252341009882
0.0247308129338
0.0243524787664
0.024094039132
0.0239509201695
0.0239190058092
0.0239945035426
0.0241739589161
0.0244542739841
0.0248327295289
0.0253068664202
0.0258744157177
0.0265333003455
0.027281687485
0.0281178547234
0.0290400550516
0.0300465511305
0.0311356677946
0.0323057081029
0.0335547950189
0.0348809371219
0.0362820319565
0.0377559136008
0.0393002287081
0.040912393706
0.0425896598648
0.0443291645924
0.046127954596
0.0479828505067
0.0498904829781
0.0518473548123
0.0538498414628
0.0558943033182
0.0579769613395
0.0600938420268
0.0622409255331
0.0644140937139
0.0666092004788
0.0688221431316
0.0710487027305
0.0732845628596
0.0755254098426
0.0777669234383
0.0800047072501
0.0822344700173
0.0844519759213
0.0866528495059
0.0888327220372
0.0909872531356
0.0931121031633
0.0952029348818
0.0972553886367
0.0992651151452
0.10122786014
0.10313930688
0.104995042949
0.106790677339
0.108521803312
0.110183988206
0.111772759728
0.113283584716
0.114711873402
0.116052987613
0.117302235315
0.118454861368
0.119506040573
0.120450864414
0.121284382644
0.122001535901
0.122597191009
0.123066182288
0.123403333236
0.123603563252
0.123661823874
0.123573226309
0.12333306102
0.122936716805
0.122379831501
0.121658406076
0.120768788207
0.119707716085
0.118472621838
0.117061672151
0.115473674353
0.113708486624
0.111767221499
0.109652052743
0.107366200571
0.104915175146
0.102306297625
0.0995477895964
0.0966498339153
0.0936246302855
0.0904862512831
0.0872506062581
0.0839353265776
0.0805595799086
0.0771438185974
0.0737094526344
0.0702784584092
0.0668729454121
0.0635146664809
0.0602245508996
0.0570222904749
0.0539259418136
0.0509515951861
0.0482120338552
0.0455220702029
0.0429875320332
0.0406151556178
0.0384093175638
0.0363722224547
0.0345042545942
0.0328042892747
0.0312698771844
0.0298974979117
0.028682759618
0.0276206208694
0.0267056766338
0.0259323234554
0.025294992663
0.0247882169485
0.0244066312463
0.0241451739094
0.0239992780549
0.0239648344981
0.0240380403234
0.0242154206946
0.024493854712
0.0248706064556
0.0253431941095
0.0259093171133
0.0265668661299
0.0273139906933
0.0281489508196
0.0290699705411
0.0300752851488
0.031163207381
0.0323320340679
0.0335798705843
0.0349047105047
0.0363044410264
0.0377769002889
0.0393197347552
0.040930353158
0.0426060002506
0.0443438156598
0.0461408588869
0.0479939527229
0.0498997268824
0.0518546841873
0.0538552002982
0.0558976522076
0.0579782703154
0.0600930786365
0.0622380620867
0.0644091006494
0.0666020525726
0.0688128327397
0.071037227053
0.0732709167653
0.075509592097
0.0777489360347
0.0799845442336
0.0822121362712
0.084427492417
0.086626232183
0.0888039857326
0.0909564144598
0.0930791804754
0.095167948249
0.0972183544115
0.0992260483429
0.101186789584
0.103096264994
0.104950055805
0.106743772286
0.10847300982
0.110133339685
0.11172029377
0.113229341516
0.114655896011
0.115995323928
0.117242939832
0.118393996644
0.119443677637
0.12038708278
0.121219276398
0.121935208086
0.122529754024
0.122997756909
0.123334052297
0.123533583281
0.123591318861
0.12350240188
0.12326216127
0.122866013331
0.122309629544
0.121589055571
0.120700677436
0.119641259916
0.11840828179
0.116999956632
0.115415107712
0.113653624864
0.111716673462
0.1096064342
0.107326075193
0.104881171525
0.102279102565
0.099528014037
0.0966380355486
0.0936213100907
0.090491833553
0.0872654184969
0.0839595787058
0.080593344831
0.0771870157483
0.0737618358076
0.07033961019
0.0669422803724
0.0635914393452
0.060307873893
0.0571111626328
0.054019282764
0.0510482825434
0.0483029745289
0.04561398442
0.0430794821111
0.0407062875225
0.0384988692848
0.0364595284015
0.0345887611063
0.0328855694181
0.0313476287856
0.0299715380556
0.0287530078513
0.0276870796671
0.0267684192084
0.0259914767391
0.0253507329441
0.0248407544449
0.024456181947
0.0241919493728
0.0240434973651
0.0240067249642
0.0240778196625
0.0242532870694
0.0245299847071
0.0249051625566
0.0253763183655
0.0259411214476
0.0265974317463
0.0273433841633
0.0281772237407
0.029097146681
0.0301013619414
0.0311881723818
0.0323558707139
0.0336025452696
0.0349261750462
0.0363246373032
0.0377957757833
0.0393372373425
0.0409464226836
0.0426205694914
0.0443568197824
0.0461522467954
0.0480036750751
0.0499077328839
0.0518609222795
0.0538596183567
0.0559002157278
0.0579789540332
0.0600918537365
0.062234904289
0.0644039825342
0.0665949508503
0.0688037427925
0.0710261485492
0.0732578460131
0.0754945292589
0.0777318841535
0.0799654970171
0.082191099192
0.0844044880542
0.0866012768968
0.0887770943444
0.0909276034041
0.0930484680521
0.0951353546118
0.0971838955473
0.0991897388996
0.10114865889
0.103056345496
0.104908372871
0.106700352614
0.108427882195
0.110086536982
0.11167185305
0.113179302158
0.114604299885
0.115942217415
0.117188375533
0.118338034793
0.119386386255
0.120328537569
0.121159567261
0.121874432694
0.122468018029
0.12293517242
0.123270742302
0.123469692409
0.123527006566
0.123437857461
0.123197610476
0.122801705662
0.122245844857
0.121526115814
0.120638939019
0.119581100724
0.118350123721
0.116944265355
0.115362359025
0.113604323489
0.111671376978
0.109565701545
0.107290404276
0.104851132131
0.102255327391
0.0995110541699
0.096628390344
0.093619426219
0.0904980875988
0.0872800989108
0.0839828669466
0.0806252978499
0.0772275512205
0.0738107211974
0.0703964579257
0.0670065511412
0.0636624490966
0.0603848093449
0.0571931083447
0.0541052519644
0.0511372512146
0.0483866014179
0.0456984437937
0.0431639220858
0.0407899336077
0.0385810301035
0.0365395981555
0.0346662350987
0.0329600594846
0.0314188613852
0.0300393496515
0.0288173284659
0.0277479141714
0.0268258365866
0.0260455940349
0.0254017133343
0.024888792757
0.0245014754645
0.0242346891292
0.024083882369
0.0240449638033
0.0241141120423
0.0242878138346
0.0245629063609
0.0249366280003
0.0254064581727
0.0259700373783
0.0266251962072
0.0273700578392
0.0282028548156
0.0291217564702
0.0301249463136
0.0312107194761
0.032377366597
0.0336229594191
0.0349454627075
0.0363427441311
0.037812654606
0.0393528419462
0.0409606984456
0.042633454111
0.0443682535586
0.0461621847902
0.0480120736777
0.0499145464992
0.0518661037119
0.0538631191005
0.0559020060848
0.0579790133622
0.0600901567027
0.0622314298516
0.0643987052712
0.0665878493404
0.0687948154102
0.0710153973752
0.0732452686975
0.0754801272992
0.0777156616068
0.079947447704
0.0821712296334
0.0843828221293
0.086577831037
0.0887518832604
0.0909006433845
0.0930197774728
0.095104953853
0.0971518005146
0.0991559650233
0.101113237091
0.103019307777
0.104869743348
0.106660157277
0.108386149187
0.11004329869
0.111627146018
0.113133164947
0.114556773189
0.115893346107
0.117138210361
0.118286633744
0.119333814439
0.120274867022
0.121104883913
0.121818829154
0.122411593485
0.122878031007
0.123212997667
0.12341147817
0.123468468569
0.123379169823
0.123138981921
0.122743365089
0.122188048462
0.121469159584
0.120583149758
0.119526821849
0.118297740425
0.116894203713
0.115315049858
0.113560224173
0.11163099745
0.109529547244
0.107258911822
0.104824818176
0.10223477496
0.0994967581427
0.0966207953299
0.0936189282416
0.0905050192726
0.0872947130237
0.0840053191547
0.0806556308091
0.0772656813163
0.073856428719
0.0704493829251
0.0670661968419
0.0637281877967
0.06045589624
0.0572687065812
0.0541844607755
0.0512191369793
0.0484635315819
0.0457760728615
0.0432414770195
0.0408667131283
0.0386564078862
0.0366130234463
0.0347372483268
0.0330283083056
0.0314840987718
0.0301014301049
0.0288761918207
0.0278035676365
0.0268783453583
0.026095066078
0.0254482998532
0.0249326746574
0.0245428327107
0.0242736938745
0.0241207151236
0.0240798160183
0.0241471668994
0.0243192362265
0.0245928419468
0.0249652132359
0.0254338131681
0.0259962545738
0.0266503398876
0.0273941833839
0.0282260074612
0.0291439553859
0.0301461859642
0.0312309886877
0.0323966541103
0.0336412377449
0.0349626903725
0.0363588703659
0.0378276374381
0.0393666409022
0.0409732641874
0.0426447289371
0.0443781826311
0.0461707291739
0.048019195307
0.0499202047329
0.0518702554483
0.0538657192522
0.0559030295953
0.0579784440329
0.0600879724851
0.0622276127341
0.0643932319446
0.0665807006535
0.0687859925716
0.071004904332
0.0732331041535
0.0754662940227
0.077700164582
0.0799302813965
0.0821524037227
0.0843623621586
0.086555752697
0.0887282008312
0.0908753730295
0.0929929377268
0.0950765653582
0.0971218776266
0.0991245226202
0.101080310906
0.102984932197
0.104833941154
0.106622953515
0.108347571116
0.110003377827
0.11158591792
0.113090666856
0.114513044127
0.115848428982
0.117092153644
0.118239492814
0.119285651197
0.120225749629
0.121054894203
0.121768054739
0.122360127197
0.122825969593
0.123160445863
0.123358559442
0.12341531613
0.123325943854
0.123085875618
0.122690588482
0.122135836114
0.121417783902
0.12053291064
0.119478031257
0.118250750258
0.116849404269
0.115272829314
0.113520993415
0.11159522272
0.109497685932
0.107231345072
0.104802014426
0.102217270382
0.0994849931224
0.0966151629449
0.0936197776945
0.0905126430483
0.087309331563
0.0840270647678
0.0806845332788
0.0773016560135
0.0738992678059
0.070498751863
0.0671216379296
0.0637891250393
0.0605216476324
0.0573385073416
0.0542574890287
0.0512945420515
0.0485343457695
0.0458474589047
0.0433127342359
0.0409372075367
0.0387255729996
0.0366803591262
0.0348023365461
0.033090829777
0.0315438309865
0.0301582443295
0.0289300370646
0.0278544533856
0.0269263334202
0.0261402561277
0.0254908321633
0.0249727174844
0.024580550206
0.0243092407954
0.0241542549913
0.0241115246531
0.0241772123836
0.0243477688134
0.0246199936438
0.0249911091555
0.0254585639448
0.0260199441543
0.0266730251052
0.0274159148997
0.0282468280464
0.0291638823795
0.0301652125963
0.0312491046083
0.0324138508303
0.0336574907865
0.0349779614004
0.0363731119974
0.0378408127945
0.0393787151309
0.0409841929958
0.0426544589561
0.0443866636514
0.0461779280301
0.0480250792249
0.0499247377346
0.0518733984038
0.053867430787
0.0559032891815
0.057977239213
0.0600852840589
0.0622234254339
0.0643875247074
0.0665734581506
0.0687772199654
0.0709946067478
0.0732212807173
0.075452948729
0.0776853033276
0.079913895697
0.0821345078635
0.0843429887487
0.0865349183134
0.0887059193767
0.0908516605685
0.0929678128437
0.0950500489522
0.0970939782773
0.0990952422273
0.101049685445
0.102953006867
0.104800741554
0.106588504974
0.108311900881
0.109966517293
0.111547902318
0.11305153273
0.114472829408
0.115807175153
0.117049907406
0.118196307413
0.119241585747
0.120180868805
0.121009276084
0.121721782381
0.122313287532
0.122778652461
0.123112747467
0.123310593641
0.123367204036
0.12327783231
0.123037943019
0.122643026862
0.122088859432
0.121371642263
0.120487878674
0.119434391238
0.118208822879
0.116809547117
0.115235385803
0.113486325133
0.111563762905
0.109469856626
0.107207476089
0.104782525909
0.102202656677
0.0994756409976
0.0966114169294
0.0936219444846
0.0905209789436
0.0873240277322
0.0840482322887
0.080712190172
0.0773357166941
0.0739395352541
0.0705449147472
0.0671732742919
0.0638457061868
0.0605825490161
0.0574030301502
0.0543248836327
0.0513640337739
0.0485995872527
0.0459131508008
0.0433782421772
0.0410019593327
0.0387890571518
0.0367421219965
0.0348619983251
0.0331481016614
0.0315985131181
0.0302102235443
0.0289792709489
0.0279009536532
0.0269701588553
0.0261814988175
0.0255296225672
0.0250092122905
0.0246148992655
0.0243415828517
0.0241847380333
0.0241403103085
0.0242044550039
0.024373605274
0.0246445434496
0.0250144871527
0.0254808722617
0.026041259047
0.0266933966039
0.02743538955
0.0282654466629
0.0291816607855
0.0301821429415
0.0312651775141
0.0324290607213
0.0336718161979
0.0349913670205
0.0363855537058
0.0378522586529
0.0393891357044
0.0409935487507
0.0426627008614
0.0443937463339
0.0461838236999
0.0480297597025
0.0499281712105
0.0518755495458
0.0538682629971
0.0559027878679
0.0579753950048
0.0600820797708
0.0622188483342
0.0643815534754
0.0665660803435
0.0687684494494
0.0709844533218
0.0732097442684
0.0754400346794
0.0776710193471
0.0798982198324
0.0821174415968
0.0843245767005
0.0865151858329
0.0886848826029
0.0908293364634
0.0929442208325
0.0950252113558
0.0970679104652
0.0990679301699
0.101021118473
0.102923219895
0.104769768316
0.106556377375
0.108278653425
0.109932189502
0.111512537871
0.113015176464
0.114435527156
0.115768975745
0.117010864141
0.118156479232
0.119201036126
0.120139665278
0.12096749869
0.121679514316
0.122270613132
0.122735656694
0.123069518996
0.123267236641
0.12332382613
0.12323456439
0.122994944857
0.122600467498
0.122046926107
0.121330555764
0.120447880267
0.11939572435
0.118171767473
0.116774417997
0.115202483873
0.113455992934
0.111536419102
0.109445880681
0.107187131421
0.104766184556
0.102190790507
0.0994685942395
0.0966094894774
0.0936254048261
0.0905300508339
0.08733887563
0.0840689476851
0.0807387801045
0.0773680944847
0.0739775135735
0.070588203313
0.0672214837058
0.0638983509033
0.0606390569377
0.0574627627436
0.0543871573248
0.0514281434196
0.0486597606108
0.0459736578075
0.0434385091788
0.0410614708239
0.0388473521333
0.0367987895318
0.0349166937525
0.0332005642783
0.0316485639832
0.0302577639554
0.0290242665287
0.0279434183185
0.0270101487181
0.0262190990563
0.0255649549413
0.0250424228984
0.0246461251067
0.0243709479981
0.0242123763486
0.0241663706171
0.0242290792473
0.0243969181544
0.0246666530759
0.0250354991677
0.0255008812502
0.0260603343425
0.0267115820465
0.0274527281706
0.0282819778547
0.0291973991643
0.0301970797945
0.0312793045843
0.0324423753977
0.0336842999676
0.0350029876175
0.0363962706053
0.0378620447451
0.0393979662943
0.0410013884838
0.0426695050392
0.0443994757415
0.0461884565542
0.0480332715575
0.0499305337273
0.0518767293217
0.0538682257383
0.0559015288105
0.0579729122416
0.0600783586052
0.062213879326
0.0643753086558
0.0665585333887
0.0687596189674
0.0709743631178
0.0731983990625
0.0754274422192
0.0776571908157
0.0798831488926
0.0821010691858
0.0843069027973
0.0864962330832
0.0886646709632
0.0908078869587
0.0929215588377
0.0950013655461
0.0970429922505
0.0990420957683
0.100994308706
0.10289531776
0.104740778111
0.106526326169
0.108247576385
0.109900129722
0.111479544173
0.112981299523
0.114400818965
0.115733491375
0.11697466293
0.118119625636
0.119163598256
0.120101714281
0.12092911789
0.121640787579
0.122231623331
0.122696485903
0.123030250915
0.123227968752
0.1232846561
0.12319561132
0.122956353636
0.122562387113
0.122009520348
0.121294018788
0.120412419899
0.11936154594
0.11813911169
0.116743548644
0.115173768029
0.113429889714
0.111513192224
0.109425698467
0.107170175808
0.10475285795
0.102181540716
0.0994637526738
0.0966093199558
0.0936301406744
0.0905398858008
0.0873539493271
0.084089333221
0.0807644740561
0.0773990088203
0.0740134695131
0.0706289295486
0.0672666203925
0.0639474517542
0.0606915976484
0.0575181597724
0.0544447874142
0.0514873649631
0.04871533031
0.046029448144
0.043494002045
0.0411162026922
0.0389009083763
0.0368507984302
0.0349668429787
0.0332486190383
0.0316943646625
0.0303012253121
0.0290653617569
0.0279821635367
0.0270465977783
0.0262533308507
0.0255970834643
0.0250725848767
0.0246744459644
0.0243975384272
0.024237357449
0.0241898797726
0.0242512472699
0.0244178587149
0.0246864639392
0.0250542778209
0.0255187156913
0.0260772877231
0.0267276926832
0.0274680361458
0.0282965215556
0.0292111922244
0.03021011324
0.0312915717962
0.0324538763953
0.0336950187223
0.0350128947988
0.036405330272
0.0378702357016
0.0394052679096
0.0410077687085
0.0426749205143
0.0444038925003
0.0461918631445
0.0480356501915
0.0499318602719
0.0518769685341
0.0538673300781
0.0558994946803
0.057969755079
0.0600740709879
0.0622084566271
0.0643687364783
0.0665507548054
0.0687505915028
0.0709640936937
0.0731868945502
0.0754147117441
0.0776432453419
0.0798682090549
0.082085202356
0.0842899170881
0.0864780473869
0.0886452824313
0.0907873100435
0.0928998179056
0.0949784913015
0.0970191007327
0.0990173961977
0.100968828029
0.102868955995
0.104713533707
0.106498216116
0.108218625189
0.109870369818
0.111449013692
0.11295003835
0.114368868399
0.115700896142
0.116941472482
0.118085895035
0.119129386625
0.120067084284
0.120894145121
0.121605547902
0.122196193318
0.122660941879
0.122994671408
0.12319244652
0.123249283238
0.123160502252
0.122921647107
0.122528222869
0.121976052543
0.12126142931
0.120380898905
0.119331281016
0.118110321336
0.116716464991
0.115148728656
0.113407273238
0.111493146692
0.109408352239
0.107156017159
0.10474236341
0.102174791521
0.0994610259566
0.0966108556106
0.0936361399049
0.0905505136663
0.087369321868
0.0841095061217
0.0807894338421
0.077428665817
0.0740476523956
0.0706673840337
0.0673090133852
0.06399337262
0.0607405655669
0.0575696413109
0.0544982143272
0.0515421536476
0.0487667189289
0.0460809472359
0.04354514431
0.0411665722748
0.0389501332543
0.0368985429314
0.0350128245479
0.0332926267942
0.0317362568828
0.030340929345
0.029102858
0.028017470324
0.0270797671159
0.0262844361017
0.025626231599
0.0250999046137
0.0247000523206
0.0244215299532
0.0242598437945
0.0242109882244
0.0242710987575
0.0244365569843
0.0247040974834
0.0250709369556
0.0255344826574
0.026092220174
0.0267418245201
0.0274814052965
0.0283091652917
0.0292231230112
0.0302213224577
0.0313020562056
0.0324636387774
0.0337040446807
0.0350211559051
0.0364127927223
0.037876887412
0.0394110961917
0.0410127458889
0.0426789973325
0.0444070247097
0.046194048456
0.0480368859956
0.0499321304132
0.0518762501703
0.0538655664665
0.0558966188043
0.0579657589178
0.0600689492074
0.0622022022178
0.0643614841713
0.0665426443788
0.0687414833589
0.0709538211547
0.0731754249995
0.075402042664
0.0776293815186
0.0798533713047
0.0820695817975
0.0842733912448
0.0864605468631
0.0886268005375
0.0907678543024
0.092879404379
0.0949571432266
0.0969968306134
0.0989942285607
0.10094484218
0.102844221596
0.104688090885
0.106472090645
0.108191840495
0.109842952551
0.111420993591
0.112921445152
0.114339732149
0.115671249686
0.116911353116
0.118055345727
0.119098454324
0.120035819571
0.120862611989
0.121573811692
0.122164322081
0.122629003324
0.122962735782
0.123160597618
0.123217603306
0.123129096196
0.122890642055
0.122497746299
0.121946246524
0.121232459633
0.120352942053
0.119304508932
0.118084924661
0.116692664751
0.115126710422
0.113387180664
0.111475219351
0.109392817502
0.107143834052
0.104734272286
0.102170410794
0.0994603392268
0.0966140541549
0.0936433960157
0.0905619656399
0.0873850634561
0.084129576527
0.0808138099587
0.0774572560817
0.0740802919368
0.0707038337987
0.0673489644466
0.0640364466809
0.0607863213334
0.0576175909701
0.0545478397687
0.0515929241845
0.0488143049096
0.0461285355238
0.0435923141076
0.0412129514978
0.0389953890807
0.0369423728734
0.0350549735132
0.0333329060176
0.031774541275
0.0303771581353
0.0291370185228
0.0280495832042
0.0271098829438
0.0263126235036
0.0256525912924
0.0251245586035
0.0247231063658
0.0244430717171
0.0242799727989
0.0242298229089
0.0242887512876
0.0244531223285
0.0247196563226
0.025085573451
0.0255482736183
0.026105218067
0.0267540600937
0.0274929162823
0.0283199878322
0.0292332677678
0.0302307774664
0.0313108221556
0.032471726076
0.0337114425037
0.0350278329254
0.036418703297
0.0378820225697
0.0394154605571
0.0410163214428
0.042681751574
0.0444088872297
0.0461949688883
0.0480368488475
0.0499311191916
0.0518743391015
0.0538629323855
0.0558931586421
0.0579612535657
0.0600633453747
0.0621954772889
0.0643537653931
0.0665341488081
0.0687321762027
0.0709435633269
0.0731641863066
0.0753898173967
0.077616175322
0.0798391599496
0.0820544205557
0.0842573667003
0.0864437156077
0.088609191569
0.090749487
0.092860296928
0.094937315838
0.0969762783955
0.0989729162672
0.100922791273
0.102821499911
0.104664745738
0.106448157464
0.108167348708
0.109817931682
0.111395474252
0.112895456436
0.114313302271
0.115644408711
0.116884134771
0.118027788781
0.119070600463
0.120007713414
0.120834311878
0.121545377502
0.122135815468
0.122600483753
0.122934262916
0.123132241608
0.123189431436
0.123101195585
0.122863119592
0.122470710178
0.121919814646
0.121206772628
0.120328167028
0.119280782509
0.118062399003
0.116671576574
0.115107208737
0.113369385166
0.111459466451
0.109379412808
0.107134027146
0.104728649679
0.102168311739
0.0994616265119
0.096618880578
0.0936519055391
0.0905742713837
0.0874012383661
0.0841496443803
0.0808377385022
0.0774849516919
0.0741115953081
0.0707385194801
0.0673867453276
0.0640769737792
0.0608291892682
0.0576623534446
0.054594024345
0.0516400484426
0.0488584197655
0.0461725457857
0.0436358416105
0.0412556644416
0.0390369908013
0.0369825915065
0.0350935793745
0.0333697308759
0.0318094756094
0.0304101525264
0.0291680670441
0.028078709093
0.0271371357414
0.0263380676688
0.0256763226112
0.0251466933407
0.0247437420667
0.0244622866328
0.0242978579911
0.0242464890067
0.024304302332
0.0244676454006
0.0247332260981
0.0250982697372
0.0255601680044
0.0261163572792
0.0267644682651
0.0275026329061
0.0283290530553
0.0292416922224
0.0302385354648
0.0313179050156
0.0324781585602
0.0337172252297
0.035032947709
0.0364231002028
0.0378856454467
0.039418294921
0.0410183487299
0.0426831070649
0.0444096793514
0.0461950257519
0.0480359973902
0.0499293048212
0.051871621676
0.0538595315484
0.0558890845593
0.0579563214555
0.0600575071537
0.0621887139058
0.064346044475
0.0665254764671
0.0687226254262
0.0709331941858
0.0731530272776
0.0753778832593
0.0776034827497
0.0798256587897
0.0820400725239
0.0842422287567
0.0864278478666
0.0885926358858
0.0907322745076
0.0928424532247
0.0949188644066
0.096957229636
0.0989532593223
0.100902530992
0.102800666049
0.104643368693
0.106426269226
0.108144979687
0.109795113477
0.111372239608
0.112871836162
0.114289325774
0.115620106707
0.116859541077
0.118002941578
0.119045539663
0.119982481755
0.12080896631
0.121519975178
0.12211041177
0.122575128755
0.122909002547
0.123107131056
0.123164520331
0.123076548542
0.122838828723
0.122446866319
0.121896502916
0.121184122979
0.120306362008
0.119259916555
0.118042622658
0.116653177431
0.11509040207
0.113354422135
0.111446715804
0.10936957064
0.10712785268
0.104725789081
0.102168436082
0.0994648286221
0.0966253023132
0.0936616630296
0.0905874542766
0.0874179004373
0.0841697951028
0.0808613370056
0.0775119021894
0.0741417432799
0.0707716516154
0.0674225942109
0.0641152170103
0.0608694541011
0.0577042313672
0.0546370845376
0.0516838525392
0.0488993447313
0.0462132599862
0.0436760060842
0.0412949846049
0.0390752034665
0.0370194531748
0.0351288839777
0.0334033294044
0.0318412733379
0.0304401110058
0.0291961869144
0.0281050165602
0.0271616799598
0.0263609098357
0.0256975549668
0.0251664269751
0.0247620670114
0.0244792731429
0.0243135909061
0.0242610725625
0.0243178327417
0.0244802009604
0.0247448735097
0.0251090872993
0.025570226509
0.026125698488
0.026773097437
0.0275105818455
0.0283363767529
0.0292484088082
0.0302446368954
0.0313233480203
0.0324829343165
0.0337213300866
0.0350364652386
0.0364262005785
0.0378882261934
0.0394201407009
0.0410193927164
0.0426834686872
0.0444095323808
0.046194277457
0.0480344976588
0.0499270053866
0.0518684801078
0.0538555170249
0.0558842494246
0.0579507193426
0.0600511601394
0.0621816311097
0.064338189886
0.0665167888301
0.0687131219973
0.0709229373435
0.0731420582766
0.0753662313582
0.0775911726447
0.0798126816717
0.0820264072773
0.0842278918248
0.0864128652173
0.0885770374886
0.090716090217
0.0928257107329
0.0949015894167
0.0969394418386
0.098934971341
0.10088375942
0.102781429945
0.10462368667
0.106406165346
0.10812448053
0.109774249377
0.111351043311
0.112850338915
0.114267557509
0.115598098603
0.116837327227
0.117980559844
0.119023029219
0.119959885286
0.120786340201
0.121497371403
0.122087876477
0.122552697907
0.122886704926
0.123085014409
0.123142613382
0.123054894943
0.122817533184
0.122426016549
0.121876162602
0.121164449938
0.120287567654
0.119242146482
0.11802611535
0.116638177547
0.11507730365
0.113343647825
0.111438366902
0.109364055574
0.107125116709
0.104725434014
0.102170697858
0.0994698919584
0.0966332830312
0.0936726542747
0.0906015251517
0.0874350872296
0.0841900940562
0.0808846991547
0.0775382295183
0.0741708853653
0.0708034059803
0.0674567112432
0.0641513984464
0.0609073568778
0.0577434813938
0.0546772889701
0.0517246132965
0.0489373069934
0.0462509058579
0.0437130328818
0.0413311322932
0.0391102399672
0.0370531613947
0.035161079942
0.033433882379
0.0318701032023
0.0304671900368
0.0292215222989
0.0281286373528
0.0271836351299
0.0263812592482
0.0257163889731
0.0251838519504
0.0247781657445
0.0244941063273
0.0243272368464
0.0242736331333
0.0243293997668
0.0244908419719
0.0247546361039
0.0251180448565
0.0255784593178
0.0261332536409
0.026779991895
0.0275168080853
0.0283419623365
0.0292533689405
0.0302492024317
0.0313275894477
0.0324866288031
0.0337243725666
0.0350389107019
0.0364282463064
0.0378898496977
0.0394211525112
0.0410197341076
0.0426830796122
0.0444083944704
0.0461924327961
0.0480319806027
0.0499238258765
0.0518646103878
0.0538508806313
0.055878835795
0.0579445863067
0.060044343062
0.0621741545414
0.0643300525454
0.0665079646092
0.0687036075852
0.0709127539173
0.0731312293132
0.075354783125
0.0775791295063
0.079800055312
0.0820132070239
0.0842141339855
0.0863985623005
0.0885622073501
0.0907007555615
0.0928098961811
0.094885319791
0.0969227383412
0.0989178540848
0.10086625526
0.102763562919
0.104605474727
0.106387628909
0.108105642771
0.109755138345
0.111331690441
0.11283077466
0.114247811299
0.115578201276
0.11681731241
0.117960464505
0.119002892359
0.119939749542
0.120766257261
0.121477379213
0.122068010292
0.122532974757
0.122867139032
0.12306566939
0.123123506665
0.123036071284
0.122799139834
0.122408183439
0.121859014549
0.121148169439
0.120272313569
0.119228340506
0.11801403564
0.11662771584
0.115068729391
0.113337238124
0.111434079764
0.109361853036
0.107124893387
0.104727342888
0.102175014994
0.0994767493602
0.0966427715989
0.093684848184
0.0906164749009
0.0874528130256
0.084210579872
0.0809078883982
0.0775640218884
0.0741991339229
0.0708339179289
0.0674892531196
0.0641856939694
0.0609430900462
0.0577803095533
0.0547148540387
0.0517625541661
0.0489724761081
0.0462856538934
0.0437470912316
0.0413642731641
0.0391422601407
0.0370838684511
0.0351903107403
0.0334615237209
0.0318960897143
0.030491505008
0.0292441794189
0.0281496684028
0.0272030882886
0.0263991908327
0.0257328890559
0.0251990266369
0.024792092702
0.024506830838
0.024338821384
0.024284180894
0.0243390075738
0.0244995823599
0.0247625565067
0.0251251851053
0.0255848774162
0.0261390186309
0.0267853854591
0.0275218591179
0.0283464431785
0.0292572314497
0.0302526575816
0.0313307710179
0.0324893535812
0.0337265453136
0.0350404773078
0.0364291647545
0.0378901476589
0.039420866593
0.0410188755143
0.0426815966684
0.0444062169716
0.0461895710735
0.0480284785589
0.0499197090475
0.0518598821007
0.0538455112462
0.0558728091555
0.0579379177408
0.0600370486147
0.0621662542612
0.0643215577999
0.0664988795124
0.0686939414058
0.0709025164572
0.0731204311275
0.0753434419074
0.0775672648878
0.0797876805553
0.0820003425925
0.0842008060216
0.0863847866788
0.0885479994109
0.0906861339278
0.0927948821899
0.0948699362875
0.0969070056228
0.0989017924894
0.100849894218
0.10274693109
0.104588593585
0.106370519657
0.108088327813
0.109737644535
0.111314048093
0.112813013227
0.114229959366
0.115560288891
0.116799372072
0.117942532286
0.118985007351
0.119921949085
0.120748578668
0.121459837044
0.122050637981
0.122515786119
0.122850154746
0.123048990876
0.123107215188
0.123020269473
0.122783955753
0.122393844379
0.121845822197
0.121136162708
0.120261420192
0.119218918629
0.118006222384
0.116621363052
0.115063894667
0.113333996141
0.111432538622
0.109362096001
0.107126959028
0.104731413074
0.102181281676
0.0994853076762
0.0966536930167
0.0936981880938
0.0906322661846
0.0874710608959
0.0842312568096
0.0809309305739
0.0775893266648
0.0742265573292
0.0708632759097
0.0675203269751
0.0642182275317
0.0609767921065
0.0578148663173
0.0547499394258
0.0517978412017
0.0490049614532
0.0463176152269
0.0437782923925
0.0413945167939
0.0391713697993
0.0371116748556
0.0352166707484
0.033486339907
0.0319193083817
0.0305131218896
0.0292642173654
0.0281681626092
0.0272200862635
0.0264147352031
0.025747066006
0.0252119520779
0.0248038461542
0.0245174651862
0.0243483894703
0.0242927570211
0.0243466739127
0.0245064913067
0.0247689693914
0.0251311012782
0.025590142676
0.0261436452361
0.0267896422201
0.0275258316104
0.0283499244169
0.0292601777698
0.0302550163906
0.0313325458828
0.0324905909254
0.0337272728921
0.0350406713835
0.0364287518282
0.0378891160728
0.039419263574
0.0410167268893
0.0426788947763
0.0444029308561
0.0461856935155
0.0480240198263
0.0499146813278
0.0518542944008
0.0538393626938
0.0558661030403
0.057930659968
0.0600292430083
0.0621579118201
0.0643126872964
0.0664894923035
0.0686840576548
0.0708921514634
0.0731095946704
0.0753321477668
0.0775555292457
0.0797755143495
0.0819877660759
0.0841878489366
0.0863714700869
0.0885343413815
0.0906721533603
0.0927805994999
0.0948553732475
0.0968921819726
0.0988867278503
0.100834616981
0.102731470781
0.104572974125
0.106354764111
0.108072459408
0.109721690188
0.111298037769
0.112796975805
0.114213922781
0.115544282219
0.116783426575
0.11792668366
0.118969293677
0.119906386898
0.120733185476
0.121444622265
0.122035654689
0.122501121624
0.122835884752
0.123035197684
0.123094171224
0.123008157905
0.122772668577
0.122383481461
0.121836614303
0.121128078082
0.12025437953
0.119212991313
0.118001460042
0.116617874135
0.115061758647
0.11333329443
0.111433409147
0.109364637043
0.107131214471
0.104737506789
0.102189359677
0.0994954441475
0.0966659402963
0.0937125829789
0.0906488247928
0.0874897742719
0.0842520865675
0.0809538059874
0.0776141427471
0.0742531727347
0.0708915147785
0.0675499843267
0.0642490656577
0.061008542651
0.0578472422231
0.054782644337
0.0518305799212
0.0490348077589
0.0463468361681
0.0438066806936
0.0414219050056
0.0391976085262
0.0371366174536
0.0352401942121
0.0335083595959
0.0319397736983
0.0305320404136
0.0292816290078
0.0281841107441
0.0272346261797
0.026427921785
0.0257589704872
0.025222669885
0.024813451181
0.0245261727658
0.0243563972065
0.0242999963552
0.0243530782366
0.024512168783
0.0247741783789
0.0251358755527
0.0255943388417
0.0261472458367
0.0267926190145
0.0275282175243
0.0283517835338
0.0292615458213
0.0302558394606
0.0313327807776
0.0324902835331
0.0337264632097
0.0350393691463
0.0364269326152
0.0378867673778
0.0394163969391
0.0410133517302
0.0426750146043
0.0443985435223
0.0461808015102
0.0480186237091
0.0499087826589
0.0518478963309
0.0538324683548
0.0558587262098
0.057922812842
0.0600209297332
0.0621491400271
0.0643034624902
0.0664798242346
0.0686739683457
0.0708816609177
0.0730987163536
0.0753208963417
0.0775439205221
0.0797635588983
0.0819754823623
0.084175265597
0.0863586100656
0.0885212253309
0.090658801991
0.0927670340256
0.0948416155952
0.0968782521874
0.0988726456267
0.10082040943
0.102717166527
0.104558597721
0.106340339637
0.108058010943
0.109707245139
0.111283626231
0.112782626523
0.114199663228
0.115530140382
0.116769433294
0.117912874558
0.118955701543
0.119892994161
0.120720018178
0.121431773553
0.122023199426
0.12248930432
0.122824862535
0.123024856592
0.123084655984
0.122999583414
0.122764904919
0.122376506695
0.121830470284
0.121122823155
0.120250097676
0.119209724632
0.117999284205
0.116616909967
0.115062078819
0.113334977506
0.1114365645
0.109369338658
0.107137486916
0.104745442251
0.10219907755
0.0995069992419
0.0966793661533
0.0937278987775
0.0906660308021
0.0875088481454
0.0842729796694
0.0809764410952
0.0776384126218
0.0742789384918
0.0709186085217
0.0675782140553
0.0642782107543
0.0610383559563
0.0578774618067
0.0548130018578
0.0518608101634
0.0490619795374
0.046373283003
0.0438322175073
0.0414463954201
0.0392209351066
0.0371586579753
0.03526084586
0.0335275604876
0.0319574994609
0.0305483028602
0.0292964617922
0.028197560824
0.0272467941017
0.0264390897347
0.0257692091609
0.0252318525515
0.0248215926478
0.0245334643707
0.0243630437797
0.0243059476721
0.0243582705583
0.0245166117447
0.0247778828984
0.0251389019663
0.0255967662925
0.0261491189139
0.0267938946023
0.0275288894417
0.0283519275288
0.0292612086861
0.030255021262
0.0313314687565
0.0324884931419
0.0337242091069
0.035036661394
0.0364237719047
0.0378831571247
0.039412340281
0.0410088473921
0.0426700608818
0.0443931432921
0.046174965699
0.0480123571912
0.0499020861707
0.0518407699494
0.0538249128891
0.0558507559991
0.0579144440815
0.0600121704837
0.0621399993188
0.0642939461443
0.0664699409832
0.0686637386356
0.0708711055416
0.0730878513662
0.0753097384797
0.0775324868951
0.0797518615749
0.0819635395253
0.0841631041827
0.0863462528883
0.0885086940232
0.0906461185344
0.09275422067
0.0948286949259
0.0968652450097
0.0988595722941
0.100807296404
0.102704041459
0.104545484968
0.106327263378
0.108044995499
0.109694318126
0.111270817858
0.112769965467
0.114187176253
0.115517854634
0.116757379692
0.117901088617
0.118944209692
0.119881798312
0.120709217519
0.121421627683
0.122013741157
0.12248057508
0.122816956847
0.123017648859
0.123078094245
0.122993687695
0.122759726763
0.122372086957
0.121826842134
0.121120061815
0.120248285759
0.119208905863
0.117999529622
0.116618307539
0.115064684764
0.113338855261
0.111441797878
0.109375981095
0.107145549899
0.104754998097
0.10221022088
0.0995197656676
0.0966937717945
0.0937439465258
0.090683706201
0.0875281164212
0.0842937827393
0.0809986958597
0.0776620099754
0.0743037416156
0.0709444559041
0.0676049259891
0.0643055839761
0.0610661637097
0.0579054663654
0.05484096193
0.0518884894742
0.0490863659332
0.0463968693568
0.0438548602976
0.0414679837817
0.0392413708789
0.0371778386051
0.0352786795636
0.03354407512
0.0319728688596
0.0305625105802
0.0293093705966
0.0282091766152
0.0272571990194
0.0264485577918
0.0257778223521
0.0252394927746
0.0248282734065
0.0245391878518
0.0243678406727
0.0243099057571
0.0243614820647
0.0245191221575
0.024779682174
0.025140028468
0.0255973095623
0.0261491375064
0.0267933995953
0.0275278909294
0.028350461734
0.029259300842
0.030252685349
0.0313287161015
0.0324853368761
0.0337206528215
0.0350327066788
0.0364194202768
0.0378784188231
0.0394072225847
0.0410033487479
0.0426641764792
0.0443868736284
0.0461683224841
0.0480053488376
0.0498947162417
0.0518330397354
0.0538168230378
0.0558423192034
0.0579056766515
0.0600030828853
0.0621306028406
0.0642842488279
0.066459952616
0.0686534786527
0.0708605941519
0.073077105556
0.075298776306
0.0775213267882
0.0797405175579
0.0819520305362
0.08415145625
0.0863344884408
0.0884968347849
0.0906341868885
0.0927422393812
0.0948166870316
0.0968532319778
0.0988475751578
0.100795341279
0.102692155261
0.104533691696
0.106315586837
0.108033459658
0.109682950295
0.111259647982
0.112759021611
0.114176483962
0.11550744108
0.11674727493
0.11789132609
0.118934829516
0.119872997644
0.120701100084
0.121414229883
0.12200705404
0.122474478717
0.122811459036
0.123012777595
0.123073855486
0.122990106443
0.12275686591
0.122369987809
0.121825540508
0.12111961838
0.120248759906
0.119210334392
0.118001969206
0.116621824879
0.115069321939
0.113344659874
0.111448834115
0.10938428617
0.107155124887
0.104765896415
0.102222512917
0.0995334691737
0.0967088870693
0.0937604616772
0.0907015934769
0.0875473299345
0.0843142561402
0.0810203412125
0.0776847173136
0.0743273756655
0.0709688582259
0.0676299300373
0.0643310076397
0.0610918024275
0.0579311064493
0.0548663885676
0.0519134945556
0.0491079928632
0.0464177405257
0.0438749821317
0.0414871964176
0.0392594853456
0.0371947414392
0.0352942837625
0.0335584124913
0.03198611367
0.0305746531993
0.0293202865629
0.0282188754458
0.0272657132486
0.0264559115311
0.0257840853639
0.0252447805013
0.0248326646454
0.0245426870629
0.0243704552707
0.0243117195232
0.0243625955143
0.0245196031011
0.024779563532
0.0251393494059
0.025596123123
0.0261474845416
0.0267913070614
0.027525385631
0.0283475691905
0.0292560331898
0.0302490496925
0.0313247261926
0.0324810092229
0.0337159913648
0.0350277097644
0.0364140858788
0.0378727558437
0.0394012401096
0.0409970476322
0.0426575530268
0.0443799275278
0.0461610637817
0.0479977864463
0.0498868557808
0.0518248848889
0.0538083763916
0.0558335930276
0.0578966865468
0.059993840257
0.0621211204136
0.0642745368306
0.0664500226522
0.0686433501625
0.0708502870177
0.0730666371061
0.0752881651323
0.0775105920469
0.0797296748104
0.0819410995146
0.084140462482
0.0863234541406
0.0884857815173
0.0906231368898
0.0927312153192
0.0948057118611
0.0968423273458
0.0988367623494
0.100784645833
0.102681603243
0.104523306546
0.10630539163
0.108023477507
0.109673207618
0.11125017374
0.112749842145
0.114167623667
0.115498926696
0.116739134271
0.11788358853
0.118927567637
0.119866510652
0.120695407234
0.121409096149
0.122002486447
0.122470490297
0.12280806606
0.123010018224
0.123071743697
0.122988667136
0.122756143657
0.122370012749
0.121826342745
0.121121245112
0.120251256304
0.119213727852
0.118006302961
0.116627150572
0.115075669114
0.113352061831
0.11145733752
0.109393913448
0.107165867189
0.104777789034
0.102235603996
0.0995477604923
0.0967243649416
0.0937771013371
0.0907193558208
0.0875661598394
0.0843340807582
0.0810410693914
0.0777062398572
0.0743495647071
0.0709915746873
0.0676530313413
0.064354328075
0.0611151608686
0.0579543115369
0.0548892487331
0.0519358258042
0.0491272399999
0.0464361837917
0.0438926351093
0.0415039121113
0.0392750956866
0.0372091525951
0.0353074322587
0.0335702634712
0.0319966489417
0.0305839045531
0.0293283278696
0.0282257750847
0.0272715234874
0.0264606412367
0.0257877945448
0.0252475961812
0.0248346713964
0.0245439230793
0.0243709584646
0.0243115554779
0.0243618336149
0.0245183014399
0.0247777682238
0.0251371053872
0.0255934694417
0.0261444477113
0.0267879068348
0.0275216487735
0.0283435205897
0.0292516819635
0.0302443973408
0.0313197814409
0.0324757867737
0.0337104959192
0.0350219399733
0.0364080387518
0.0378664377238
0.039394658948
0.0409902054695
0.0426504482899
0.0443725610438
0.0461534447439
0.0479899234674
0.0498787554377
0.0518165527416
0.05379981731
0.055824819825
0.0578877146205
0.0599846816121
0.0621117885396
0.0642650434912
0.06644038097
0.0686335797828
0.0708404077433
0.0730566664981
0.0752781218815
0.0775004954382
0.0797195412464
0.0819309489762
0.0841303197308
0.0863133409719
0.0884757190543
0.0906131467655
0.0927213194993
0.0947959325397
0.0968326856224
0.0988272790212
0.100775345213
0.102672509971
0.104514442929
0.106296779433
0.10801513836
0.109665166302
0.111242456967
0.112742473541
0.114160626749
0.115492325666
0.116732953001
0.117877853526
0.118922335489
0.119861903807
0.120691429767
0.121405718819
0.121999779081
0.122468430188
0.122806617356
0.123009200447
0.123071564786
0.122989146326
0.12275731411
0.122371896889
0.121828963427
0.121124639222
0.120255458805
0.119218757823
0.118012192453
0.116633938181
0.115083373662
0.113360704713
0.111466950421
0.109404506483
0.107177423764
0.104790329405
0.102249157756
0.0995623166226
0.0967398988557
0.0937935785139
0.0907367288833
0.087584367301
0.0843530457893
0.0810606996679
0.077726427341
0.0743702216295
0.0710126689065
0.0676744289928
0.0643758005356
0.0611365285162
0.0579753989212
0.0549098834762
0.0519558446867
0.0491435967794
0.0464515814385
0.0439069752733
0.0415171434811
0.0392871950321
0.037220087028
0.0353171727913
0.0335787934275
0.0320039532699
0.030590027274
0.0293333605916
0.0282297966049
0.0272746025938
0.0264628246262
0.0257891476549
0.0252482082246
0.0248346053022
0.0245432215109
0.0243696724382
0.0243097460129
0.0243595539913
0.0245155949373
0.024774672523
0.0251336611659
0.0255897107648
0.0261403944243
0.0267835707398
0.0275170494003
0.0283386787154
0.0292466050665
0.0302390850464
0.0313142385378
0.0324700238533
0.0337045164439
0.0350157429718
0.036401621811
0.0378598058475
0.0393878186739
0.040983159123
0.0426431959289
0.0443651050372
0.0461457942838
0.0479820872215
0.0498707406489
0.0518083662631
0.0537914658266
0.0558163167101
0.0578790752859
0.0599759186139
0.0621029157614
0.0642560735905
0.0664313279043
0.0686244629346
0.0708312465202
0.0730474783477
0.0752689251249
0.0774913088579
0.0797103812784
0.0819218350323
0.0841212750894
0.0863043863291
0.088466874438
0.0906044325189
0.0927127561252
0.0947875406347
0.0968244848224
0.0988192886733
0.100767587482
0.102665007161
0.104507215291
0.106289846542
0.108008519565
0.109658883658
0.111236533274
0.112736929916
0.114155483912
0.115487603124
0.116728670945
0.117874035559
0.118918998804
0.119859033452
0.12068904988
0.121403937027
0.121998677135
0.12246798136
0.122806781026
0.123009985489
0.123072974019
0.122991192653
0.122760022296
0.122375283471
0.121833045027
0.121129443278
0.120261010692
0.119225069596
0.118019286312
0.116641840494
0.115092093706
0.113370253536
0.11147734636
0.109415748843
0.107189489508
0.104803225405
0.102262896585
0.0995768755866
0.0967552438338
0.0938096671098
0.0907535077595
0.0876017710702
0.0843709959616
0.0810791047485
0.0777451823401
0.074389243797
0.0710319270121
0.0676937818041
0.0643950320069
0.0611554748324
0.0579939060125
0.0549278047712
0.0519730453863
0.0491560257383
0.0464630562787
0.0439174206558
0.0415265414239
0.0392955556419
0.0372274040907
0.0353234420029
0.0335840298584
0.0320081798474
0.0305932923729
0.0293357302486
0.0282313359711
0.0272753766328
0.0264628903096
0.0257885723399
0.0252470619016
0.0248329351148
0.0245410638688
0.0243670738233
0.0243067601166
0.0243562246789
0.0245119544613
0.024770747371
0.0251294819176
0.0255853041821
0.0261357752133
0.0267787458375
0.0275120315046
0.0283334823011
0.0292412346802
0.0302335392828
0.0313085199715
0.032464139616
0.0336984683516
0.035009529978
0.0363952422707
0.0378532642434
0.0393811207606
0.04097630753
0.0426361919723
0.0443579523648
0.0461385022124
0.0479746646676
0.0498631954617
0.0518007062007
0.0537836987915
0.0558084561373
0.0578711362431
0.0599679138276
0.0620948590226
0.0642479777621
0.0664232069658
0.0686163352195
0.070823130286
0.0730393901797
0.0752608822205
0.0774833286876
0.0797024793853
0.0819140293119
0.0841135864212
0.0862968333646
0.0884594751751
0.0905972050924
0.0927057186578
0.0947807111911
0.0968178805964
0.0988129265559
0.100761486518
0.102659186348
0.104501691824
0.106284636895
0.108003639898
0.109654351882
0.111232367593
0.11273314848
0.114152102504
0.115484635882
0.116726134887
0.117871949649
0.118917372996
0.119857851364
0.120688332533
0.121403730897
0.121999010204
0.122468876801
0.122808251496
0.123012041423
0.123075615123
0.12299442631
0.122763865363
0.122379746253
0.121838137754
0.121135184009
0.120267414931
0.119232141739
0.118027038169
0.116650285859
0.115101231632
0.11338008386
0.11148787355
0.109426960831
0.107201355873
0.104815739263
0.102276053954
0.0995906427623
0.096769577942
0.093824518932
0.0907688195241
0.0876174756475
0.0843870161257
0.0810953534826
0.0777615634075
0.0744056490959
0.0710482348
0.0677098695167
0.064410790008
0.0611707861385
0.0580086518611
0.0549418736662
0.0519863377526
0.0491644383372
0.0464706369699
0.0439241354712
0.0415323910507
0.0393005550861
0.0372315547429
0.0353267512757
0.0335865236403
0.0320098924858
0.0305942722464
0.0293360310535
0.0282310108273
0.0272744792697
0.0264614699071
0.0257866869781
0.0252447768483
0.0248302914303
0.0245380857633
0.0243637952226
0.0243032203198
0.0243524556246
0.0245079786043
0.0247665820611
0.0251251475472
0.0255808186102
0.0261311473815
0.0267739789234
0.0275071330007
0.0283284610018
0.0292360921053
0.0302282730583
0.0313031312522
0.032458633154
0.0336928449641
0.0350037887198
0.0363893823145
0.0378472898332
0.0393750372556
0.0409701180364
0.0426298989132
0.0443515603218
0.0461320203103
0.0479681017696
0.0498565596526
0.0517940056203
0.0537769418664
0.0558016556156
0.0578643060736
0.059961066093
0.0620880065896
0.0642411327968
0.0664163825097
0.0686095475852
0.070816395574
0.0730327230797
0.0752542977951
0.0774768421028
0.0796961042756
0.0819077810627
0.0841074825462
0.0862908894778
0.0884537062547
0.0905916261147
0.0927003444659
0.0947755564562
0.0968129592255
0.0988082521588
0.100757074243
0.102655051134
0.10449784708
0.106281095393
0.108000413308
0.10965145241
0.111229810155
0.112730946463
0.11415026608
0.11548317633
0.116725065137
0.117871283255
0.118917118843
0.119858009656
0.120688918928
0.121404758941
0.12200048889
0.122470826432
0.122810686733
0.12301497018
0.123079034851
0.1229983398
0.122768282299
0.122384670521
0.121843573028
0.121141139789
0.120273897727
0.119239148573
0.118034571269
0.116658348143
0.115109813619
0.113389176001
0.111497469157
0.109437039697
0.107211883484
0.104826699325
0.102287431748
0.099602399947
0.0967816691821
0.0938368943559
0.090781423119
0.0876302449521
0.0843998819944
0.0811082405725
0.0777743910263
0.0744183253996
0.0710606549806
0.0677219457949
0.0644224490143
0.0611819453743
0.0580192289077
0.0549517921365
0.0519955313533
0.0491692684254
0.0464748178464
0.0439276578545
0.041535275653
0.0393028561967
0.0372332838885
0.0353278835326
0.0335870728619
0.0320098883134
0.0305937570684
0.0293350503301
0.0282296075623
0.0272726951296
0.0264593423087
0.0257842568179
0.0252421313397
0.024827479172
0.0245350913924
0.0243606296891
0.0242999061935
0.0243490122367
0.0245044190791
0.0247629160775
0.0251213867814
0.0255769727427
0.0261272199847
0.0267699701034
0.027503046315
0.0283243009518
0.0292318582184
0.0302239626989
0.0312987448517
0.0324541738984
0.0336883133772
0.0349991844137
0.0363847054475
0.0378425444053
0.0393702281021
0.0409652484708
0.0426249720075
0.0443465809055
0.0461269964381
0.0479630412221
0.0498514696207
0.0517888934042
0.0537718150648
0.0557965248106
0.0578591824966
0.0599559595064
0.0620829272367
0.0642360904205
0.0664113874435
0.0686046123079
0.0708115321755
0.0730279424948
0.0752496111222
0.0774722604197
0.0796916375531
0.0819034404406
0.0841032804701
0.0862868368539
0.0884498134347
0.0905879033885
0.0926968019551
0.0947722040819
0.0968098063323
0.0988053078694
0.100754348679
0.102652554126
0.104495587375
0.106279081297
0.107998649395
0.109649943282
0.111228566724
0.112729979278
0.11414958269
0.115482784775
0.116724973531
0.117871499816
0.118917649248
0.11985885748
0.120690095763
0.121406272642
0.122002344965
0.122473032404
0.122813245315
0.123017882718
0.123082296621
0.123001950583
0.122772246961
0.122388989554
0.121848246701
0.121146172279
0.120279290429
0.119244895636
0.118040670277
0.116664796655
0.11511659985
0.113396287899
0.111504896352
0.109444761829
0.107219870287
0.104834933734
0.102295897208
0.099611062481
0.0967904900307
0.0938458319938
0.0907904320465
0.0876392755998
0.0844088807481
0.0811171503075
0.0777831517365
0.0744268725132
0.0710689214265
0.0677298735876
0.0644299842809
0.0611890318303
0.0580258136928
0.0549578281481
0.0520009805502
0.049171548228
0.0464766746415
0.0439290919703
0.0415363121188
0.0393035506425
0.0372336506657
0.0353278984546
0.0335867447146
0.0320092392198
0.0305928175298
0.0293338518886
0.0282281787474
0.0272710624881
0.026457528976
0.0257822860496
0.0252400669525
0.0248253550642
0.0245328853226
0.0243583424485
0.0242975487605
0.0243465943414
0.0245019468629
0.0247603937667
0.0251188197626
0.0255743650346
0.0261245720918
0.0267672809341
0.0275003171719
0.0283215337402
0.0292290520174
0.0302211157355
0.0312958575285
0.0324512483436
0.0336853501812
0.0349961838813
0.0363816684926
0.0378394743037
0.0393671285566
0.0409621222911
0.0426218220286
0.0443434111069
0.0461238126241
0.0479598488829
0.0498482738338
0.051785699362
0.0537686281664
0.055793352096
0.0578560311835
0.0599528357962
0.06207983757
0.0642330409399
0.0664083845924
0.0686016636367
0.0708086448045
0.0730251227506
0.0752468653694
0.0774695949677
0.0796890580525
0.0819009531747
0.0841008923433
0.0862845537315
0.0884476408165
0.0905858467315
0.0926948665915
0.0947703952009
0.0968081287971
0.0988037664299
0.100752948633
0.102651300523
0.104494484714
0.106278133746
0.107997856367
0.109649304669
0.111228089906
0.112729672322
0.114149450899
0.115482832378
0.116725204556
0.117871918396
0.118918258216
0.119859658884
0.12069109653
0.121407477847
0.122003757596
0.122474654292
0.122815074892
0.123019918909
0.123084535868
0.123004392744
0.122774895086
0.122391843949
0.121851307456
0.121149441565
0.120282768363
0.119248577822
0.118044554261
0.116668879641
0.115120873179
0.113400742697
0.111509524486
0.109449548975
0.107224796379
0.104839986598
0.102301064201
0.0996163198116
0.0967958111097
0.0938511887729
0.0907957941198
0.0876446101784
0.0844141527967
0.0811223229981
0.077788186906
0.074431730498
0.0710735633135
0.0677342651772
0.0644340926217
0.0611928237326
0.0580292594076
0.0549609026464
0.05200366598
0.0491725125499
0.0464773989655
0.0439295836553
0.0415365866603
0.0393036209661
0.0372335259712
0.0353275898994
0.0335862679667
0.0320086114233
0.0305920575798
0.0293329775095
0.0282272049964
0.0272700027493
0.0264563945266
0.0257810884982
0.0252388167266
0.0248240566639
0.0245315408367
0.0243569570002
0.0242961283055
0.0243451431978
0.0245004674515
0.0247588876183
0.0251172887947
0.0255728103881
0.0261229934495
0.0267656775731
0.0274986895446
0.0283198825065
0.0292273767064
0.0302194158289
0.0312941336525
0.0324495018759
0.0336835818631
0.0349943945499
0.0363798594689
0.0378376479743
0.0393652874402
0.0409602685646
0.0426199580514
0.0443415398347
0.0461219377493
0.0479579738814
0.0498464020026
0.0517838341322
0.0537667731188
0.0557915114484
0.0578542091046
0.0599510359539
0.0620780637382
0.0642312967985
0.0664066739443
0.0685999906575
0.0708070133608
0.0730235363196
0.0752453274216
0.0774681089349
0.0796876271034
0.0818995807174
0.0840995819459
0.0862833084347
0.0884464634919
0.0905847402326
0.0926938337023
0.0947694386279
0.0968072511227
0.0988029702061
0.100752236609
0.102650675295
0.104493948644
0.106277688933
0.107997502841
0.109649044753
0.111227928479
0.112729612219
0.114149494245
0.11548298118
0.116725460916
0.117872284469
0.118918735768
0.119860249338
0.12069180306
0.121408302366
0.122004700578
0.122475715628
0.122816253437
0.123021214331
0.123085947355
0.123005921177
0.122776542448
0.122393610709
0.121853193768
0.121151448029
0.120284894198
0.119250820057
0.118046910433
0.116671346594
0.115123444819
0.113403412527
0.111512285748
0.109452391848
0.10722770853
0.104842958624
0.102304085394
0.0996193738321
0.0967988802658
0.0938542546186
0.0907988369737
0.0876476092276
0.0844170863486
0.0811251688567
0.0777909227668
0.0744343341679
0.0710760136529
0.0677365435562
0.0644361817252
0.0611947073434
0.0580309242789
0.0549623391119
0.0520048681261
0.049172863492
0.0464776117226
0.04392966539
0.0415365455169
0.0393034610493
0.0372332534822
0.0353272168966
0.0335858071933
0.0320080753947
0.0305914581545
0.0293323248498
0.0282265074605
0.0272692674121
0.0264556273962
0.025780295292
0.0252379976825
0.0248232103508
0.0245306702778
0.0243560657579
0.0242952193739
0.0243442183872
0.02449952763
0.0247579333192
0.0251163204594
0.0255718279931
0.0261219965656
0.026764665925
0.0274976632642
0.0283188416527
0.0292263211018
0.0302183455841
0.0312930493957
0.0324484043922
0.0336824718293
0.0349932728546
0.0363787273892
0.0378365071311
0.0393641394511
0.0409591150266
0.0426188007818
0.0443403809668
0.0461207795742
0.0479568185863
0.0498452517611
0.0517826912249
0.0537656399842
0.0557903906583
0.0578531030964
0.0599499470222
0.0620769942029
0.0642302489936
0.0664056502821
0.068598993556
0.0708060450461
0.0730225988868
0.0752444229536
0.0774672394682
0.0796867946458
0.081898787344
0.0840988296482
0.0862825990032
0.0884457986601
0.0905841217216
0.0926932632002
0.094768917782
0.0968067815516
0.0988025535563
0.10075187454
0.102650369362
0.10449370029
0.106277499602
0.107997374716
0.109648980421
0.111227929481
0.11272967942
0.114149628692
0.115483184101
0.116725733656
0.117872628344
0.118919152023
0.119860739413
0.120692368422
0.121408943591
0.122005417462
0.122476507557
0.122817119787
0.123022154904
0.123086962369
0.123007011524
0.122777708935
0.122394853458
0.121854512609
0.121152842377
0.120286362449
0.11925235979
0.118048518914
0.116673020101
0.115125178408
0.113405200731
0.111514122221
0.1094542688
0.107229617594
0.104844891526
0.102306032122
0.0996213222154
0.0968008175032
0.0938561674683
0.0908007116292
0.0876494314833
0.0844188418824
0.0811268435512
0.0777925030305
0.074435807295
0.0710773682717
0.06773776982
0.0644372710477
0.0611956527806
0.0580317213329
0.0549629859897
0.0520053646268
)
;

boundaryField
{
    bottomWall
    {
        type            zeroGradient;
    }
    topWall
    {
        type            zeroGradient;
    }
    inlet_half0
    {
        type            cyclic;
    }
    inlet_half1
    {
        type            cyclic;
    }
    outlet_half0
    {
        type            cyclic;
    }
    outlet_half1
    {
        type            cyclic;
    }
    sideRight_half0
    {
        type            empty;
    }
    sideRight_half1
    {
        type            empty;
    }
    sideLeft_half0
    {
        type            empty;
    }
    sideLeft_half1
    {
        type            empty;
    }
}


// ************************************************************************* //
