/*--------------------------------*- C++ -*----------------------------------*\
| =========                 |                                                 |
| \\      /  F ield         | OpenFOAM: The Open Source CFD Toolbox           |
|  \\    /   O peration     | Version:  2306                                  |
|   \\  /    A nd           | Website:  www.openfoam.com                      |
|    \\/     M anipulation  |                                                 |
\*---------------------------------------------------------------------------*/
FoamFile
{
    version     2.0;
    format      ascii;
    arch        "LSB;label=32;scalar=64";
    class       volVectorField;
    location    "5000";
    object      U;
}
// * * * * * * * * * * * * * * * * * * * * * * * * * * * * * * * * * * * * * //

dimensions      [0 1 -1 0 0 0 0];

internalField   nonuniform List<vector> 
15600
(
(0.0580861620025 -0.00018791421809 0)
(0.0695988157633 -0.00193732811486 -2.88276831832e-19)
(0.0399571288068 -0.00532920109549 0)
(-0.0122234658066 0.00170483786927 0)
(-0.0289397793936 0.012098550453 -3.13379626121e-18)
(-0.0190920058745 0.0111353105887 2.08802045406e-18)
(-0.0112633904093 0.00781449823214 -1.67227554341e-18)
(-0.00807199122349 0.00615477449129 -2.35146314001e-23)
(-0.00591647951509 0.00478363423651 0)
(-0.0046015666811 0.00380348103648 5.66587004419e-19)
(-0.00364473400975 0.0030199330028 1.09072873663e-18)
(-0.00321267325089 0.0026463053626 5.25104625722e-22)
(-0.00305471203405 0.00251107121314 5.29057519831e-19)
(-0.00322525469384 0.00264449548591 2.64262430576e-22)
(-0.00379574519525 0.00308294976536 2.1189101842e-22)
(-0.00475614283493 0.00380775537049 5.25873013658e-22)
(-0.00596794096798 0.00468897398345 5.19031183905e-19)
(-0.0072628904244 0.005533641556 -5.02900629711e-19)
(-0.00857649861824 0.00623528687525 -4.77028790163e-19)
(-0.00974588034595 0.00664066805575 -4.35676724272e-19)
(-0.0105760032048 0.00661084114701 -3.86550731954e-19)
(-0.0110656528728 0.00616547390051 0)
(-0.0113256603638 0.0054558539476 -2.84456701852e-19)
(-0.0112231474507 0.0045218274357 -9.18772305639e-23)
(-0.0107002656209 0.00343093929805 -1.0452346077e-19)
(-0.0097646382133 0.00227583295303 9.85703653014e-20)
(-0.0080134056678 0.00110264200704 5.32012745658e-20)
(-0.00920867857195 0.00041387963927 -7.43837405064e-22)
(-0.0160263909163 9.84833080447e-05 7.28519514555e-22)
(-0.0230800426427 0.000101182600804 0)
(-0.0285738172794 0.000119902411098 0)
(-0.0333652227286 0.000130489431212 1.26047066325e-15)
(-0.0373960020519 0.000141322287227 8.63235902723e-16)
(-0.0408714828714 0.000149617704145 -3.08172233449e-22)
(-0.0438725153035 0.000156896484636 0)
(-0.0464893283202 0.000162617385419 0)
(-0.0487754189917 0.000167084916925 0)
(-0.0507749655412 0.00017021274176 -9.15725403536e-22)
(-0.0525177815861 0.000172087999737 2.11146872735e-21)
(-0.0540268989085 0.000172731277344 -1.19517195633e-21)
(-0.0553190733308 0.000172194750803 0)
(-0.0564072366018 0.000170519752423 0)
(-0.0573014455546 0.000167755932319 0)
(-0.0580101461142 0.000163963299915 2.88603329716e-21)
(-0.0585409656794 0.000159209462618 -2.8817376677e-21)
(-0.0589007721892 0.000153525077917 0)
(-0.0590944732902 0.000146905467033 -1.45653071686e-14)
(-0.0591259366018 0.000139448470331 -1.62290282581e-14)
(-0.0590030804772 0.000131276062466 0)
(-0.0587325334316 0.000122504971852 2.6772666061e-21)
(-0.0583217113428 0.000113232022563 -5.57790308836e-21)
(-0.0577783586272 0.000103540838284 6.02699513206e-21)
(-0.057110373133 9.3511598407e-05 -6.48305008992e-21)
(-0.0563258360335 8.32234928415e-05 3.35906240273e-21)
(-0.0554329976508 7.27526910385e-05 0)
(-0.054440237731 6.21715320367e-05 2.02836322277e-21)
(-0.0533560198799 5.15476255989e-05 -2.03289166741e-21)
(-0.0521888285935 4.09436875711e-05 0)
(-0.050947108184 3.0417010629e-05 5.96755259599e-22)
(-0.0496391984997 2.00181799126e-05 -5.9847735748e-22)
(-0.0482732819645 9.79232251062e-06 -6.5697644196e-22)
(-0.0468573282379 -2.21696660152e-07 6.59097832754e-22)
(-0.0453990401125 -9.99027203286e-06 0)
(-0.0439057988016 -1.94872880146e-05 -2.98874917691e-21)
(-0.0423846171552 -2.86908562968e-05 2.99954017124e-21)
(-0.0408420914657 -3.75878831356e-05 0)
(-0.0392843876909 -4.61676931919e-05 0)
(-0.0377172938978 -5.44273932741e-05 0)
(-0.0361463161941 -6.23630647789e-05 0)
(-0.0345769168928 -6.99664464053e-05 0)
(-0.0330144982897 -7.72343115578e-05 7.62096355504e-21)
(-0.0314641890875 -8.41703903168e-05 -7.65118103815e-21)
(-0.0299307195832 -9.07810890977e-05 0)
(-0.0284182649008 -9.70843388494e-05 0)
(-0.0269304764311 -0.000103092806159 0)
(-0.0254705870809 -0.000108828938297 0)
(-0.0240415818378 -0.00011430706777 0)
(-0.022646668193 -0.000119533320495 0)
(-0.0212891197902 -0.000124530580563 0)
(-0.0199723951286 -0.000129300723652 -1.91332567003e-20)
(-0.0186998442128 -0.000133889889809 -3.33884004423e-22)
(-0.0174752830987 -0.000138282584959 3.9533710575e-20)
(-0.0163023938976 -0.000142575650996 3.21121318772e-22)
(-0.0151869642001 -0.000146680535025 -2.03852082411e-20)
(-0.0141345040558 -0.000150830525236 0)
(-0.0131566751293 -0.000154735216766 0)
(-0.0122627854027 -0.000158991892129 -4.35952632843e-20)
(-0.0114772976845 -0.000162822528163 -5.82948831644e-22)
(-0.0108167445531 -0.000167600828136 4.43995762407e-20)
(-0.0103273067508 -0.000171773656997 0)
(-0.0100380897181 -0.000177976860686 0)
(-0.00992861637502 -0.000185239012435 5.68690862055e-24)
(-0.0103718440982 -0.000494507728081 4.74692646314e-20)
(-0.0104510012673 -0.00131568700835 6.04641000159e-18)
(-0.0100447965564 -0.00200619055211 -2.43928802155e-17)
(-0.00933912868007 -0.00252247977868 -1.20092024103e-17)
(-0.00805533032257 -0.00266220246156 -2.37357551689e-17)
(-0.00631793331836 -0.00237017049542 -4.56763179594e-20)
(-0.00402571981999 -0.0015047189807 4.39454763619e-20)
(-0.000978780663499 0.000114635459328 0)
(0.00284561526985 0.00254579916488 2.11558331781e-17)
(0.0074142087108 0.00571710960339 2.02636164191e-17)
(0.0126106504275 0.00948052965772 -1.93940458854e-17)
(0.0183449008423 0.0136524328123 1.85433083852e-17)
(0.024004842856 0.0177502549208 0)
(0.0291854856253 0.0216037270265 1.68199550525e-17)
(0.0342380632637 0.0255259616641 0)
(0.0394478973469 0.0297580323525 -1.47859693679e-17)
(0.0452820245782 0.0346572388648 -6.48909130361e-21)
(0.0524229838546 0.040756971691 -1.22359549516e-17)
(0.0630961083753 0.0492542327109 -2.83648859136e-20)
(0.0783768700924 0.0597253369826 8.84056362004e-18)
(0.0985455871621 0.0710987900292 6.67864810516e-18)
(0.127092921865 0.0832111865378 3.92772412332e-18)
(0.164985205414 0.0919566152515 3.95837469548e-19)
(0.208373810802 0.0874550534719 -3.95354921761e-18)
(0.205024708112 0.0523623842998 4.41852660776e-18)
(0.144143023114 0.0167545197688 -2.50813445497e-18)
(0.0745535880934 0.00166713039529 -3.62751863449e-22)
(0.0478573831509 -0.000260206877133 -2.41605267905e-22)
(0.204468956088 -0.000864852851119 -1.79932037965e-22)
(0.219581669643 -0.00492265393604 3.51183272055e-19)
(0.152099296796 -0.0147488310439 0)
(0.0105118308425 -1.22468922726e-05 1.91562902832e-18)
(-0.0641769139094 0.0307770726706 2.31420779464e-18)
(-0.0501758192381 0.0305640621182 -1.53996841253e-18)
(-0.0308026301832 0.0220283620507 1.24923555823e-18)
(-0.0222756165586 0.0175608981998 -1.19000351174e-22)
(-0.0167065607045 0.0138535546952 -9.0996551785e-23)
(-0.0132966098377 0.0111593960257 -8.61578591537e-19)
(-0.0109077649601 0.00902804120117 -1.6644819676e-18)
(-0.00988855795843 0.00803702300939 0)
(-0.00968312829112 0.00775720257186 0)
(-0.0104081545897 0.008271000437 -7.66201807023e-22)
(-0.0122332710803 0.00966498888313 2.24485814046e-21)
(-0.0150723686578 0.0118517201994 7.82250835514e-22)
(-0.018534106801 0.0144411994358 -7.66287947153e-19)
(-0.0221887958261 0.0168869455674 1.4650361813e-18)
(-0.0258466535016 0.0188684747774 1.40497467582e-21)
(-0.0291389257867 0.0199712512504 -6.21866689478e-19)
(-0.0317141981402 0.0198695162491 1.08848081759e-18)
(-0.0336225088991 0.0186345026198 -4.66370356312e-19)
(-0.0350688888815 0.0166329188255 -4.58846773539e-22)
(-0.0358010952683 0.0139802104333 0)
(-0.0356979526317 0.0108434795174 1.24448379983e-22)
(-0.0348250715366 0.00746874823921 -1.30957061087e-19)
(-0.0338644130047 0.00429198169131 -7.05458255198e-20)
(-0.0404096811703 0.00237817419535 0)
(-0.0581740869952 0.00142304599485 -1.00473242947e-21)
(-0.075458890885 0.00121312974019 9.50829104946e-22)
(-0.0887266705097 0.00101867969478 0)
(-0.0998646201258 0.000858330727616 -1.37614773798e-15)
(-0.109049807894 0.000732309150862 -8.96083481159e-16)
(-0.116801076526 0.000630299073297 0)
(-0.123364013054 0.000548072519147 0)
(-0.128960568007 0.000479182760194 8.32886310948e-22)
(-0.133729176121 0.000420325913399 -8.1806093682e-22)
(-0.137778082463 0.000368495136889 0)
(-0.141182986421 0.000321872262703 0)
(-0.144002373309 0.000279072280121 0)
(-0.146280532467 0.00023917064118 1.75035050768e-21)
(-0.148052828598 0.000201512518466 3.26862559829e-22)
(-0.149348195579 0.000165686427039 3.39910740752e-22)
(-0.15019179704 0.000131486207184 -2.36679395275e-21)
(-0.150607171154 9.88155406894e-05 -3.06557698538e-21)
(-0.150617689874 6.73384119335e-05 -3.72867744581e-22)
(-0.15024176111 3.6501382757e-05 1.36354769631e-14)
(-0.149490181192 6.59166222945e-06 1.49378018742e-14)
(-0.148384636666 -2.18641168208e-05 -6.41843051735e-21)
(-0.146947614206 -4.88764760879e-05 2.26628038884e-21)
(-0.145199700608 -7.44199317113e-05 2.66719379264e-21)
(-0.143161639802 -9.84578023354e-05 2.05336700098e-22)
(-0.140854031231 -0.000120965992638 -2.87399141464e-21)
(-0.138297393116 -0.000141917283461 0)
(-0.135512141336 -0.000161290227919 0)
(-0.132518528039 -0.000179071582918 0)
(-0.129336569282 -0.000195258785752 1.98052391521e-21)
(-0.125985951825 -0.00020985929497 -1.99015028913e-21)
(-0.122485945266 -0.000222890916337 0)
(-0.118855312849 -0.000234383542438 0)
(-0.115112236634 -0.000244375816495 0)
(-0.111274241352 -0.000252916122883 0)
(-0.107358119566 -0.000260060365893 -2.70290712299e-21)
(-0.103379857087 -0.000265877127872 2.72622699464e-21)
(-0.099354574303 -0.000270438528037 0)
(-0.0952964870001 -0.000273827810321 0)
(-0.0912189504085 -0.000276115365871 0)
(-0.0871346165846 -0.0002773667639 -6.71966305013e-21)
(-0.0830556822195 -0.000277613427893 6.79253109427e-21)
(-0.0789942219437 -0.000276862284319 7.27255975229e-21)
(-0.0749620458143 -0.000275147447685 -7.35643557438e-21)
(-0.0709703150289 -0.000272536852966 0)
(-0.0670293255131 -0.000269113710104 1.62612146413e-20)
(-0.0631483081165 -0.00026498955053 -1.64616290187e-20)
(-0.0593355805201 -0.00026023861759 0)
(-0.0555988188626 -0.000254933686883 0)
(-0.0519455241852 -0.000249077757634 0)
(-0.0483837626889 -0.000242631107523 0)
(-0.0449218764192 -0.000235606382677 0)
(-0.0415687090106 -0.000227949347697 0)
(-0.0383332381693 -0.000219718469223 2.11533548571e-20)
(-0.0352257361951 -0.000210743068757 -2.14382994848e-20)
(-0.0322570992273 -0.00020110257166 -4.48931776287e-20)
(-0.0294431220531 -0.000190201653256 4.55062335373e-20)
(-0.0268007405958 -0.000178262814393 0)
(-0.0243603621804 -0.00016371106297 0)
(-0.0221505253798 -0.000147437284038 0)
(-0.0202332383237 -0.000125640422744 5.16717961177e-20)
(-0.0186581957756 -0.000101103777764 -1.05529032642e-19)
(-0.0175447762869 -6.66321239648e-05 5.39108474919e-20)
(-0.0169778504721 -2.92331779821e-05 -5.61056874096e-20)
(-0.0170683712864 1.31803126975e-05 -6.75021625835e-22)
(-0.0183247220064 -0.000610210313855 -6.82833225789e-22)
(-0.0182480742366 -0.00238450925895 -7.46074120561e-18)
(-0.0167960393476 -0.00373648540497 1.49288226682e-17)
(-0.0144505409526 -0.0045900213575 1.48917608847e-17)
(-0.0107907499568 -0.00445917240577 -6.00110197021e-21)
(-0.00606489726858 -0.00320858760313 0)
(-9.19353936613e-05 -0.00050789946064 -2.83557718932e-17)
(0.00752367655561 0.00405070155701 2.7067629431e-17)
(0.0167574726607 0.0105763536492 0)
(0.0275507478235 0.0188889545463 -2.43043402514e-17)
(0.0396799661716 0.0286460983314 2.30656750813e-17)
(0.0530003836343 0.0394231098243 -9.5784488808e-21)
(0.0664328742529 0.0502005779224 0)
(0.0791869805939 0.0605986764975 -1.99437487257e-17)
(0.0916940454569 0.0712481101848 -1.86263919699e-20)
(0.104495728747 0.0827278682903 1.7787238073e-17)
(0.118521685909 0.0958791768901 0)
(0.135112494873 0.111930583305 2.96593447844e-17)
(0.158502932258 0.133405339105 -2.56896385849e-17)
(0.191532772188 0.159344639241 -8.43758588617e-20)
(0.235657537475 0.18706032973 0)
(0.296837404277 0.215091723549 -4.39786595094e-18)
(0.377482640536 0.23384563516 -9.45863215026e-20)
(0.474306771849 0.223323616168 4.14934647617e-18)
(0.508749104402 0.148511204357 0)
(0.431516995497 0.0603270209324 2.18306871581e-20)
(0.290915828263 0.0114385402586 6.03430238953e-19)
(0.208681479334 0.000203343451217 2.84157781885e-22)
(0.363447877671 -0.00056781678521 0)
(0.366227827462 -0.00669997909568 0)
(0.283594108373 -0.0232244889503 -3.94824774651e-22)
(0.0783099374092 -0.0108977066938 -1.54363194673e-18)
(-0.076855086913 0.0396575314444 2.27232216883e-18)
(-0.0756369415853 0.0455349354427 8.50397458886e-23)
(-0.0484359786389 0.0338818175438 -8.63573233923e-23)
(-0.0353236648045 0.0273884287473 0)
(-0.026954058005 0.0220428360291 -9.58523750682e-19)
(-0.0218073683414 0.018080404799 -8.83153005389e-19)
(-0.0182999557182 0.015004147134 8.50427684631e-19)
(-0.0168853222172 0.0136552431122 0)
(-0.0168275171154 0.0134729071026 -8.18705118795e-19)
(-0.0182687075745 0.0145803036343 -7.72970130275e-22)
(-0.0214356382842 0.0170721791996 7.96340925705e-19)
(-0.0261202615446 0.0207398490692 -7.74524169389e-19)
(-0.031692698285 0.0249311739663 -7.46676343915e-22)
(-0.0375110593528 0.0287962371895 -7.06140944718e-19)
(-0.0432679670545 0.0318189474189 1.32757080498e-21)
(-0.0484888241488 0.0334193457624 5.78370557552e-19)
(-0.0528300053018 0.0332166763625 1.0031054085e-21)
(-0.0564424409982 0.031336530231 4.13706713729e-19)
(-0.0595835280081 0.0282524520664 -2.19105579712e-21)
(-0.0620129289045 0.0241395337914 -2.78817248e-19)
(-0.0636671861912 0.0192247719059 1.16005803881e-19)
(-0.0650023378014 0.0139269434384 -1.22773247202e-21)
(-0.0681518888246 0.00896374374154 5.54260800628e-20)
(-0.0807190478794 0.00545083057345 -6.93697531014e-22)
(-0.104491381274 0.00366823397796 6.17254357621e-22)
(-0.125877486044 0.00308172221897 0)
(-0.141649527781 0.0024994283432 5.61688827563e-22)
(-0.154282145727 0.00205895490197 -5.32992291646e-22)
(-0.164329884748 0.00171663535748 0)
(-0.172501221683 0.00144506245781 0)
(-0.179159822187 0.00122535566844 0)
(-0.184598434277 0.00104137522424 0)
(-0.189005095749 0.000883452996438 8.29486308964e-22)
(-0.192522641184 0.000744188218923 -8.08616817053e-22)
(-0.195253358282 0.000618832347089 0)
(-0.197276401873 0.000503967890658 -8.99706822634e-22)
(-0.19865293602 0.000397263104257 1.95706072215e-21)
(-0.199432341712 0.000297085925055 -1.05588984798e-21)
(-0.199655411362 0.000202356980312 0)
(-0.199357067827 0.000112450794071 0)
(-0.198567832518 2.70484056115e-05 0)
(-0.197317520636 -5.43747485519e-05 2.02044041409e-21)
(-0.195637599195 -0.000132401873455 -1.99454525785e-21)
(-0.193555414061 -0.000206661688849 -2.41823946645e-21)
(-0.191097703306 -0.000276629026086 2.39396802076e-21)
(-0.188290387785 -0.000342379998009 -1.41471190573e-21)
(-0.18515862483 -0.000403969105808 1.40420232076e-21)
(-0.181726924471 -0.000461394859752 1.62678980544e-21)
(-0.178019224174 -0.000514668179482 -1.61862165121e-21)
(-0.174058969615 -0.000563793914891 1.84525891518e-21)
(-0.169869138317 -0.000608786433432 -8.61662675543e-22)
(-0.165472220607 -0.000649673647557 5.83257953152e-23)
(-0.160890184374 -0.000686502384997 -1.03432770681e-21)
(-0.156144421176 -0.00071933784412 0)
(-0.151255693614 -0.000748264044356 0)
(-0.146244079415 -0.000773384260404 0)
(-0.141128923409 -0.00079481825485 0)
(-0.135928785504 -0.000812702945667 0)
(-0.130661390832 -0.00082718922947 0)
(-0.125343576542 -0.000838447546814 -1.51891566985e-21)
(-0.119991265056 -0.000846653064063 -5.54171740804e-23)
(-0.114619455637 -0.000851991582596 -1.70416228549e-21)
(-0.109242324564 -0.000854615635089 -1.08877612215e-22)
(-0.10387340364 -0.000854652178954 3.4597172007e-21)
(-0.0985258536825 -0.000852160075185 0)
(-0.0932127327501 -0.000847167420782 0)
(-0.0879467769433 -0.000839765412357 0)
(-0.0827400240107 -0.000830114358136 0)
(-0.0776036403897 -0.000818405292357 0)
(-0.0725477733175 -0.000804862942654 0)
(-0.0675818029868 -0.000789630862318 0)
(-0.0627146504462 -0.000772814729031 -9.49293799401e-21)
(-0.0579553384376 -0.000754371936154 -1.97727497793e-22)
(-0.0533137015103 -0.000734184148479 9.94816306486e-21)
(-0.048800037857 -0.000712213846908 -1.04814662497e-20)
(-0.0444254523911 -0.000688313578344 2.14623978014e-20)
(-0.0402014975251 -0.000662465892328 -1.09919336653e-20)
(-0.0361416939414 -0.000634246567634 0)
(-0.0322607852307 -0.000603474274326 0)
(-0.0285799214336 -0.000568829895391 2.46404728487e-20)
(-0.0251222255952 -0.000529958474412 -2.50861483793e-20)
(-0.021927602613 -0.000483651252329 0)
(-0.0190346973445 -0.000429867171484 0)
(-0.0165234395314 -0.000361195693783 -2.82243094225e-20)
(-0.0144610404428 -0.000279372757889 5.82288321038e-20)
(-0.0130025889172 -0.000170031167805 -3.01379369579e-20)
(-0.0122746638256 -4.17542869435e-05 3.18979325092e-20)
(-0.0124923809854 0.000124465562627 -3.30322232314e-20)
(-0.0141241802127 -0.000327009254356 0)
(-0.0137936032646 -0.00193026283492 -3.47539049034e-20)
(-0.0115890634503 -0.00288197461613 3.39154672543e-20)
(-0.00817006451577 -0.00316176976288 -8.52483310427e-18)
(-0.00316520241413 -0.00217638865022 -3.46612519326e-20)
(0.00318996714984 0.000238587694397 3.21692849629e-20)
(0.0111081168342 0.00447689923115 3.13573841731e-17)
(0.0210461119794 0.0109696938785 1.23981978739e-21)
(0.0330117019886 0.0198422965577 -1.43203427796e-17)
(0.0469648370503 0.0308873782447 2.68673370852e-20)
(0.0626915327248 0.0437420441961 -2.57133389761e-20)
(0.0800539169377 0.0579267752425 -2.55027141102e-17)
(0.0980311924991 0.0724760751396 1.21668809873e-20)
(0.115745294618 0.087028344739 -1.21326333747e-17)
(0.13350355709 0.102221697947 1.16015372143e-20)
(0.151874679286 0.118714835309 0)
(0.171886141792 0.137448620634 0)
(0.195042081101 0.159758108048 -9.88485417895e-18)
(0.225927416483 0.187922529068 1.72502161478e-17)
(0.268413836186 0.220645707297 -7.07439644827e-18)
(0.324417170564 0.254298901803 1.24877955334e-22)
(0.399451168687 0.28547081358 2.77855087132e-18)
(0.495466294952 0.302139499649 -2.12645269963e-19)
(0.609824235702 0.28284013316 -2.64687803146e-18)
(0.678156816198 0.198070855628 0)
(0.637686362672 0.0936648897404 1.6699856226e-18)
(0.503033265906 0.025026271561 -4.04267267193e-19)
(0.395296694878 0.00338313828781 0)
(0.486248447761 0.000868508615893 0)
(0.476023445842 -0.00710059311579 -1.57734326787e-22)
(0.399055898587 -0.0286248242816 6.65947580079e-19)
(0.171363959268 -0.0246453645138 5.56449221288e-22)
(-0.0619348069332 0.0384765637455 -3.84427267357e-18)
(-0.0943866304088 0.0564838332461 1.56453611886e-18)
(-0.0639954480494 0.0436301438642 1.24986004851e-18)
(-0.0470500034844 0.0357345718717 -1.07374072838e-18)
(-0.0365204598956 0.0293783967888 -3.83312624177e-21)
(-0.0300488361799 0.0245804933278 8.92949768664e-19)
(-0.0257721162496 0.0209371437007 0)
(-0.0241831383539 0.019484254017 0)
(-0.0244761856263 0.0196248860376 8.23126845033e-19)
(-0.0267796100141 0.0215061824582 7.66032732798e-22)
(-0.0313178976861 0.0251789133364 7.71865279409e-19)
(-0.0377079765266 0.0302588194414 7.42302862626e-19)
(-0.0450853255628 0.0358279725387 0)
(-0.0526318285867 0.040772031594 1.19832051074e-21)
(-0.0599351859306 0.0444161494723 -5.73867521885e-19)
(-0.066503402534 0.0461184209681 8.92173074913e-22)
(-0.0720942840368 0.0455489090166 -4.07917782763e-19)
(-0.0769666856747 0.042908795358 1.23143462074e-22)
(-0.0814196044865 0.0387557157801 2.58151483548e-19)
(-0.0853569465212 0.0333631509497 2.02228359115e-19)
(-0.088972398967 0.027048284191 0)
(-0.0931439576776 0.0203391634308 7.43189520616e-20)
(-0.100303582526 0.0139378168149 -3.76027105334e-20)
(-0.115905901152 0.00883700164993 1.31234241326e-20)
(-0.139078752648 0.00615367146678 -4.6995905179e-22)
(-0.158241913325 0.00503541697995 4.24073302959e-22)
(-0.172037228659 0.00398296288381 0)
(-0.182850404207 0.00322363183409 2.50821463436e-22)
(-0.191301446712 0.00264248326415 -2.36658722401e-22)
(-0.198044340026 0.00218797479546 0)
(-0.203410905391 0.00182166302923 0)
(-0.207661054393 0.00151635921167 -3.20291297114e-22)
(-0.210961698989 0.00125497304166 3.08754314851e-22)
(-0.213439045327 0.00102530391926 0)
(-0.215183930845 0.00081934871755 0)
(-0.216266868268 0.000631474590371 0)
(-0.216742687456 0.000457793466272 0)
(-0.216655930013 0.00029558036625 0)
(-0.21604364009 0.000142982460129 0)
(-0.214937855294 -1.09989977044e-06 0)
(-0.21336969119 -0.000137185827976 0)
(-0.211367305375 -0.000265815091564 1.12008832172e-21)
(-0.208956369614 -0.000387767421671 -1.10021765657e-21)
(-0.20616639128 -0.000503002807275 0)
(-0.203022314914 -0.000611114983317 0)
(-0.199548363065 -0.000712243056785 0)
(-0.195768361744 -0.000806529560353 0)
(-0.191705550348 -0.000894050553784 0)
(-0.187382717375 -0.000974882547983 0)
(-0.182822249729 -0.00104908999846 0)
(-0.178046143909 -0.00111674610752 -1.04352528681e-21)
(-0.173075978464 -0.00117793898126 1.03786385205e-21)
(-0.167932872154 -0.00123277953443 0)
(-0.162637427796 -0.00128140165434 3.0351118928e-22)
(-0.157209677997 -0.00132396298393 -1.43819827942e-22)
(-0.151669029071 -0.00136064444884 -1.58787549398e-22)
(-0.146034211867 -0.00139164810363 -1.73700702593e-22)
(-0.140323229517 -0.00141719784436 -1.88548213435e-22)
(-0.134553309963 -0.00143753573145 3.62817389852e-22)
(-0.128740853559 -0.00145292726091 0)
(-0.122901411061 -0.00146364244153 1.63249080547e-21)
(-0.117049674285 -0.00146995871211 -1.63849833238e-21)
(-0.111199580594 -0.00147210236041 0)
(-0.10536447829 -0.00147025333767 0)
(-0.0995573897487 -0.00146449408532 -1.88733317749e-21)
(-0.0937912594074 -0.00145487250188 1.89955338573e-21)
(-0.0880787307987 -0.00144153096883 0)
(-0.0824317866443 -0.00142471002269 0)
(-0.0768616000864 -0.00140469367434 0)
(-0.0713784044139 -0.00138179799591 0)
(-0.0659917595344 -0.00135622109931 4.5996927913e-21)
(-0.0607108511702 -0.00132808391944 -4.64616118723e-21)
(-0.0555450427459 -0.00129728933669 0)
(-0.050504572719 -0.00126363779168 0)
(-0.0456002157026 -0.00122702308313 0)
(-0.0408436531017 -0.00118720391322 0)
(-0.0362471339118 -0.00114404443607 0)
(-0.0318250378624 -0.00109688921272 0)
(-0.0275931160482 -0.0010452073511 0)
(-0.023573674614 -0.000987075680735 0)
(-0.0197911685148 -0.000921337496643 0)
(-0.0162867690173 -0.000843532756554 0)
(-0.0131007764564 -0.000752074356436 0)
(-0.0103137060277 -0.000636942161556 -1.38652403729e-20)
(-0.00799483962948 -0.000497264748605 1.4223916165e-20)
(-0.00629758256849 -0.000312969125864 0)
(-0.00535521013203 -9.01410102506e-05 0)
(-0.00539112024259 0.000205551102679 0)
(-0.00688080170239 1.35309155778e-05 -5.53700095094e-19)
(-0.00642763863131 -0.00115035871282 0)
(-0.00394140513409 -0.00155965175898 0)
(-0.000121723823945 -0.00124085689063 0)
(0.00536050800536 0.000416123120551 8.22699177087e-18)
(0.0123072862168 0.00359237247223 0)
(0.0209300376047 0.00867725511349 -7.68140882931e-18)
(0.0316591736239 0.016056247742 -7.37255429701e-18)
(0.0445455641256 0.0258586868514 7.10411888807e-18)
(0.0595581962247 0.0378835845063 6.87438253175e-18)
(0.0765122304551 0.05179798855 1.30386385899e-20)
(0.0952736212697 0.0671342095676 6.49828714877e-18)
(0.11498849968 0.0831037474581 6.29071770401e-21)
(0.134856620934 0.0994468512881 6.36594298636e-18)
(0.155133233747 0.116774361068 -6.16955431618e-21)
(0.176374321975 0.135742252936 5.87861978827e-21)
(0.199581018691 0.157261375399 -5.85279303046e-21)
(0.226210723877 0.182538960139 -2.57883421019e-21)
(0.260471227334 0.213155398125 -4.8695903639e-18)
(0.30650345001 0.24751193265 4.3210632891e-22)
(0.366291118853 0.281586069665 -3.32720144165e-22)
(0.444483651692 0.310877848804 -3.14126371162e-18)
(0.542429131778 0.322855235431 -8.60573487851e-23)
(0.657401633391 0.297064771337 1.46769004187e-18)
(0.738620461688 0.211261843221 -1.66432440343e-18)
(0.731933011743 0.107632007976 -9.92980981098e-19)
(0.635302395818 0.034260654902 -2.69264660903e-22)
(0.533723621313 0.00741594314227 0)
(0.566417615944 0.00273501137225 -5.63320519881e-23)
(0.548790625216 -0.00662394466799 -1.08626061661e-19)
(0.484386382691 -0.0305989940251 -4.61683575062e-19)
(0.265468069133 -0.0362545164506 -7.65234628551e-19)
(-0.0209097710423 0.0293318192909 1.47182610641e-18)
(-0.104390851337 0.063305631298 -1.52036468545e-18)
(-0.077337474566 0.051492481976 -1.20010686583e-18)
(-0.0573862999119 0.0426749733724 1.05227329622e-18)
(-0.0452906682401 0.0358558399593 1.9220572904e-18)
(-0.0379277256594 0.0306424578212 -8.91841137794e-19)
(-0.0332295127484 0.0267829039269 -8.46533445113e-22)
(-0.0316829336881 0.0254613124059 4.26580885451e-22)
(-0.0324884656846 0.0261068643956 -8.02071686221e-19)
(-0.0357088718231 0.0288570024767 7.63932624666e-19)
(-0.0414780887783 0.033644478602 -1.44219495224e-18)
(-0.0491704830438 0.0398472584352 1.27702384031e-21)
(-0.0576826823121 0.0462794628052 -1.2152024962e-21)
(-0.0660673292371 0.0516276806456 -1.00477018559e-21)
(-0.0738741329097 0.0551657639023 4.6085858494e-19)
(-0.0807222869719 0.056350585029 -3.81094922011e-19)
(-0.0865686877749 0.055025523761 -9.79025158807e-23)
(-0.0918143767807 0.0515061992747 -2.38994381484e-19)
(-0.0968144739727 0.0464121983157 -1.86246429229e-19)
(-0.101637233886 0.0400914404369 -1.45100624581e-19)
(-0.106682312992 0.0329025576876 -4.6668067387e-22)
(-0.112925600355 0.0253638329654 5.36550565262e-20)
(-0.122336889181 0.0180281956852 -2.55939250936e-22)
(-0.138298288123 0.0117606086462 3.79431380843e-22)
(-0.158325274279 0.00832160788187 -3.65667928494e-26)
(-0.174089621866 0.0066741035902 0)
(-0.185637408497 0.00521482195571 0)
(-0.194761535218 0.00418323698008 0)
(-0.201922974273 0.00339778141147 0)
(-0.207627680809 0.002785764087 0)
(-0.212130455771 0.00229168521623 0)
(-0.215638301199 0.00187950906338 0)
(-0.218285974443 0.00152598867841 0)
(-0.220177556795 0.00121505517669 0)
(-0.221389105132 0.000936030954626 0)
(-0.221980612379 0.000681477755531 0)
(-0.221999391217 0.000446227631262 0)
(-0.221484432642 0.000226668789085 -4.34797303913e-22)
(-0.220468756592 2.03692195842e-05 4.24594549315e-22)
(-0.218982348655 -0.00017406082784 -5.55300683592e-22)
(-0.217052680107 -0.00035740735822 5.43236556058e-22)
(-0.214704776384 -0.000530476815445 -6.77102024377e-22)
(-0.211964489826 -0.00069394068425 6.64436872176e-22)
(-0.2088587624 -0.000847813124985 8.00836745504e-22)
(-0.205411152735 -0.000991960101964 -7.88450775667e-22)
(-0.201644782028 -0.00112657581137 9.26740854541e-22)
(-0.197582419834 -0.00125185405499 -9.15058635555e-22)
(-0.193246380341 -0.00136792396973 0)
(-0.188658633549 -0.00147490576232 0)
(-0.183840834098 -0.00157290475522 0)
(-0.178814319562 -0.00166203649384 0)
(-0.173600072871 -0.0017424350293 3.2892701147e-22)
(-0.168218672746 -0.00181426269172 -3.27121143863e-22)
(-0.16269023251 -0.00187771077594 0)
(-0.157034342007 -0.00193300036206 0)
(-0.151270009068 -0.00198038117599 0)
(-0.145415608301 -0.00202012948722 0)
(-0.139488827847 -0.00205254878272 0)
(-0.133506622627 -0.0020779656605 0)
(-0.127485161613 -0.00209673439795 -4.65033238387e-22)
(-0.121439805966 -0.00210921462945 4.6573147153e-22)
(-0.115385094482 -0.00211577003111 0)
(-0.109334840985 -0.0021166976378 0)
(-0.10330228601 -0.0021122276566 -1.07277873189e-21)
(-0.0973003486286 -0.00210246493937 1.07733098406e-21)
(-0.0913418776764 -0.00208747666209 0)
(-0.0854394462572 -0.00206745504315 0)
(-0.079605003499 -0.00204271773193 0)
(-0.0738497372424 -0.00201363855349 0)
(-0.0681839485171 -0.00198061935158 0)
(-0.0626173089466 -0.00194391053825 0)
(-0.0571591470502 -0.00190364503459 2.75790864919e-21)
(-0.0518189745736 -0.00185967017532 -2.78252136098e-21)
(-0.0466071836772 -0.00181170645474 -2.92338320759e-21)
(-0.0415347332829 -0.00175957351444 2.95291978199e-21)
(-0.03661351628 -0.00170293974996 -6.19256161176e-21)
(-0.0318560449626 -0.00164153816873 6.26310301256e-21)
(-0.0272769676816 -0.00157449978057 0)
(-0.022892340655 -0.00150092059432 0)
(-0.0187245806778 -0.00141834095299 0)
(-0.0147983149848 -0.00132475185877 0)
(-0.011154044923 -0.00121464132055 0)
(-0.00783182327696 -0.00108475937302 0)
(-0.00490896629957 -0.000923004797247 -7.88054819407e-21)
(-0.00245334972399 -0.000725650419051 8.06733278221e-21)
(-0.000608780537095 -0.000468025000285 0)
(0.000495189930599 -0.000153227738441 0)
(0.000655067736306 0.000267843529442 -9.38375471715e-21)
(-0.000576193236413 0.000292695008996 3.12363435211e-19)
(-2.93594512007e-05 -0.000512626059304 9.71485440861e-21)
(0.00257878753212 -0.000515530438264 2.45141355854e-18)
(0.00657910700212 0.000234627147793 0)
(0.0122628010116 0.00233493493882 0)
(0.0194672693956 0.00597745870579 0)
(0.0283974644827 0.0115333156272 0)
(0.0394485627787 0.0193444510315 4.15695848957e-18)
(0.0526901509184 0.0295383818606 0)
(0.0680881098788 0.0419240190348 -3.88602178796e-18)
(0.0854696343646 0.0561920909439 0)
(0.104691057653 0.0718916469136 -3.68118009517e-18)
(0.12500705816 0.0883618336844 -1.06795166696e-20)
(0.145711112056 0.10542122537 3.60962467283e-18)
(0.167050988795 0.123652560138 -3.56352432564e-18)
(0.189573048334 0.143691295524 -3.48101066962e-18)
(0.214252959303 0.166406068537 3.35682163505e-18)
(0.242513417248 0.19287570684 0)
(0.278246274747 0.224175809867 0)
(0.325565941036 0.258500577378 2.2736334731e-18)
(0.386502269989 0.291733593654 0)
(0.465175944782 0.31893069607 1.7882256624e-18)
(0.562445286312 0.32756603977 0)
(0.674863275995 0.298314640605 -1.15935084185e-20)
(0.757882902446 0.213459568686 9.94170438365e-19)
(0.766801019693 0.113225825024 1.21664586676e-18)
(0.700862942002 0.0402308856565 2.40900547295e-22)
(0.616369141301 0.0111713541608 -8.26705877011e-23)
(0.617832640547 0.00470692685351 3.92170132831e-23)
(0.597533045509 -0.00567797919746 1.53345587593e-19)
(0.544973913663 -0.030109061433 3.2630822208e-19)
(0.350165169434 -0.0439607707767 5.66649527101e-19)
(0.0370756786997 0.0160279212199 1.13307753771e-22)
(-0.103276143911 0.0656273357054 -1.32778366566e-18)
(-0.0880288286938 0.0574694086007 -7.60240659273e-23)
(-0.0662775234793 0.0482242184603 -1.00361334087e-18)
(-0.0531083735557 0.0413885962607 -9.18837906883e-19)
(-0.0452723367519 0.0361578269156 8.56189725644e-19)
(-0.0404617148867 0.032393715407 0)
(-0.0391196636002 0.0313910573695 0)
(-0.040483819136 0.0326287850141 1.49659949227e-18)
(-0.0444859447063 0.0361828709936 -1.82093657616e-21)
(-0.0510708728254 0.0417851909582 6.32858853988e-19)
(-0.0593438840002 0.0485495436667 5.6356593415e-19)
(-0.0680490207582 0.0551048556975 4.90063521225e-19)
(-0.0762815898592 0.0601220131059 8.41825358229e-22)
(-0.0837239058845 0.0630055829933 -3.45005196028e-19)
(-0.0902174324695 0.0634205598469 -2.85686447809e-21)
(-0.0959033813491 0.0613700619007 2.18692086975e-19)
(-0.101244344207 0.0572044949038 -3.61168221434e-21)
(-0.106583186821 0.0515220133509 1.29075277764e-19)
(-0.112059937967 0.044681555393 2.0541990583e-19)
(-0.118127309677 0.0370332861783 0)
(-0.125630623127 0.0290442277838 -3.69651618648e-20)
(-0.135943382737 0.0211519828542 0)
(-0.151089765033 0.0141560739931 -6.32663836635e-21)
(-0.168166224417 0.0101746311249 3.9756063929e-22)
(-0.18143349006 0.00807805261578 -3.72650728419e-22)
(-0.191474813814 0.00629498828402 3.20119896524e-22)
(-0.199517432185 0.0050367980369 -2.44844992592e-22)
(-0.205882275217 0.00407447395879 1.51242517431e-22)
(-0.210960344532 0.0033217430546 -4.36529110841e-23)
(-0.214951284128 0.00271033752408 -7.50563588971e-23)
(-0.218025542419 0.00219792710645 6.63001716253e-23)
(-0.220296370841 0.00175646745235 -2.06587515085e-22)
(-0.221853337071 0.00136688039622 1.99265921206e-22)
(-0.222762962514 0.00101632064548 -3.5463951471e-22)
(-0.223078548719 0.000695879020313 3.44144248058e-22)
(-0.222842699754 0.000399326512954 0)
(-0.222091005563 0.000122329131271 0)
(-0.220854141729 -0.000137991333621 0)
(-0.219160172419 -0.000383335137321 0)
(-0.217034358685 -0.000614745873182 -4.18403733702e-22)
(-0.214501043417 -0.000833077908764 -4.99594320007e-23)
(-0.211585104033 -0.0010389070466 4.51623045253e-22)
(-0.208311535106 -0.00123236296478 0)
(-0.20470315511 -0.00141349810412 5.87200604209e-22)
(-0.200782443369 -0.00158254810475 -5.79090423568e-22)
(-0.196571532347 -0.00173974721814 0)
(-0.192092184064 -0.00188526371168 -3.58671163775e-22)
(-0.187365876513 -0.00201925042201 3.55079306267e-22)
(-0.182413822575 -0.00214184434058 0)
(-0.177256961296 -0.00225319571108 0)
(-0.171915914621 -0.00235347849751 0)
(-0.166410933626 -0.00244290164924 0)
(-0.160761834537 -0.00252171012062 0)
(-0.154987938673 -0.00259018553406 0)
(-0.149108012824 -0.00264864443787 0)
(-0.143140217466 -0.00269743592774 0)
(-0.13710205367 -0.00273694216341 0)
(-0.131010317612 -0.00276757386375 0)
(-0.124881048143 -0.00278977405649 0)
(-0.118729504646 -0.00280399276353 0)
(-0.112570147199 -0.00281068087132 0)
(-0.106416724971 -0.00281020811034 0)
(-0.1002824154 -0.00280285650922 0)
(-0.0941800661441 -0.00278875387085 -1.49881063296e-21)
(-0.0881224561282 -0.00276798589869 1.50488737435e-21)
(-0.082122111038 -0.00274079397732 0)
(-0.0761909642864 -0.00270757256104 1.64645883373e-21)
(-0.0703402272865 -0.00266878580081 -1.65593260906e-21)
(-0.0645802653764 -0.0026249212693 1.74755234749e-21)
(-0.0589208420374 -0.00257628258511 -3.55845633721e-21)
(-0.0533713922078 -0.00252301411009 3.6633810974e-21)
(-0.0479415233597 -0.00246490519859 -1.86570873244e-21)
(-0.0426417143189 -0.00240159237334 0)
(-0.0374830266233 -0.00233281385897 0)
(-0.0324774601621 -0.00225814356525 0)
(-0.0276376637473 -0.00217717143665 0)
(-0.0229783866222 -0.00208881325237 -4.37140110879e-21)
(-0.018515797711 -0.00199177064939 4.42200998125e-21)
(-0.0142721654632 -0.00188305661935 0)
(-0.010272015789 -0.00175977129189 0)
(-0.00655479343076 -0.00161539935292 0)
(-0.00315992696881 -0.00144497099277 0)
(-0.000161021202908 -0.00123446771293 5.20468150384e-21)
(0.00237604791168 -0.000977242575255 -5.3109222822e-21)
(0.00431757215371 -0.000644475350806 5.58069953357e-21)
(0.00554039583469 -0.000236470348201 -5.74972986114e-21)
(0.00586060632154 0.000310484316928 -9.19482849008e-29)
(0.00488903166151 0.000521524033208 2.03482421668e-19)
(0.00553355719394 -8.32348615166e-07 0)
(0.00822312728237 0.000301661250611 -1.60009383861e-18)
(0.0123434885564 0.00137426902913 6.10926103965e-21)
(0.0181525634665 0.00379178807104 -5.84934663308e-21)
(0.0255178776539 0.00775476749495 -5.73533640316e-21)
(0.0346393934981 0.0136133686324 5.46972851498e-21)
(0.0458809817895 0.0216743578027 -2.03824049542e-21)
(0.0593156135555 0.0320616069119 -2.61875022961e-18)
(0.0748999943686 0.0445941967891 4.92130507265e-21)
(0.0924637771744 0.058980362573 -4.79714554724e-21)
(0.111850083181 0.0747863745647 2.4060467339e-18)
(0.132386953817 0.0914451761378 2.36214616668e-18)
(0.153456667197 0.108832868733 -4.67130173865e-18)
(0.175317213292 0.127503630798 2.30195326682e-18)
(0.198509719957 0.148067453496 2.24455335814e-18)
(0.223993052954 0.171351125496 -2.15757047583e-18)
(0.253179679706 0.198321977603 1.00686524956e-21)
(0.289752917166 0.229702903248 1.76339893218e-18)
(0.337726318645 0.263545100247 -1.4586653069e-18)
(0.399171793942 0.29572957673 0)
(0.477837693052 0.321086869331 -5.69718177348e-19)
(0.574120308943 0.327192827433 -1.64902995545e-23)
(0.683634630174 0.295792891758 -6.90618159821e-21)
(0.76523824604 0.212489312431 4.61699705805e-23)
(0.780469947959 0.115897401937 -3.97151023643e-19)
(0.73268584389 0.0446577943553 1.08626953791e-19)
(0.6638997904 0.0145810736278 5.61301982192e-23)
(0.651630421625 0.00662328123597 5.68151497222e-23)
(0.631298246486 -0.00452947402659 -1.12602603349e-19)
(0.58795231569 -0.0282807439314 -2.45326335129e-19)
(0.422352651439 -0.0478486872989 -8.38320610527e-23)
(0.103451890789 0.00182487758696 8.55407772315e-19)
(-0.090478463293 0.06371874117 2.05574761019e-18)
(-0.0952594664326 0.0614303077126 -9.4521612149e-19)
(-0.0736271200683 0.0523781297188 8.93120015073e-19)
(-0.0597552880982 0.0458313401251 -1.90648890272e-22)
(-0.0517942728585 0.0409194361969 -1.58392121101e-22)
(-0.0471053126875 0.0374944831724 -7.5495776234e-19)
(-0.0460336531563 0.0369163628627 7.1831110899e-19)
(-0.0478517928472 0.0387067805359 -6.59066869001e-19)
(-0.0523162473002 0.0428393302779 -5.93972500072e-19)
(-0.0591489302353 0.0488159303521 5.22124097977e-22)
(-0.0672826464222 0.0555649280111 -4.52802264938e-19)
(-0.0755030811185 0.0617084173858 -3.81669551999e-19)
(-0.0831175210388 0.0660772402404 0)
(-0.0899897192452 0.0682585996013 5.12954690954e-19)
(-0.096116272589 0.0680638848761 4.08684639297e-19)
(-0.101700702026 0.0655505644722 -1.59023278724e-19)
(-0.107177643833 0.061031451064 1.23564179425e-19)
(-0.11284331627 0.0550503538538 4.24269168376e-22)
(-0.118852730413 0.0479557057186 -7.71198852574e-20)
(-0.125625488061 0.0400771062426 0)
(-0.133810674245 0.0318348433069 -2.38304993205e-22)
(-0.144297253495 0.0236103554309 -5.30270954981e-23)
(-0.158326674683 0.0161849424543 -4.43496782178e-21)
(-0.173144586222 0.0118184385406 1.55164389702e-22)
(-0.184724611202 0.00934742632906 -8.8419736008e-25)
(-0.193760616354 0.00729653743346 -1.39743326798e-23)
(-0.201079205783 0.00583851745381 -1.01924509809e-22)
(-0.206912332285 0.00471395253553 0)
(-0.21157192829 0.00382835882976 0)
(-0.215221579334 0.00310377688223 0)
(-0.218007198621 0.00249318472694 0)
(-0.220027813594 0.0019645778274 0)
(-0.221363310304 0.00149636425921 0)
(-0.22207387772 0.00107381500096 2.63260027172e-22)
(-0.222208374029 0.00068673057318 -2.55626772459e-22)
(-0.221806299542 0.000327936347208 3.79220954364e-22)
(-0.220901013506 -7.53849555539e-06 -3.69821325248e-22)
(-0.219521687868 -0.000322987032723 0)
(-0.217694736124 -0.000620410526263 0)
(-0.215444420557 -0.000901038361857 0)
(-0.212794322842 -0.00116573946016 0)
(-0.209768319468 -0.00141506158694 0)
(-0.206390148857 -0.00164923689851 0)
(-0.202682155196 -0.00186844184661 0)
(-0.198666367314 -0.00207295080911 0)
(-0.194364477679 -0.00226303711247 5.01813576761e-22)
(-0.189797862505 -0.00243890356914 -4.9631196984e-22)
(-0.184987651817 -0.00260073242283 2.83668852831e-22)
(-0.179954742914 -0.00274868978141 -2.81194637602e-22)
(-0.174719787676 -0.00288295864551 -3.16786354839e-22)
(-0.1693031459 -0.00300375164847 3.1467030017e-22)
(-0.16372482913 -0.00311132365268 0)
(-0.158004435101 -0.00320597301823 0)
(-0.15216108671 -0.00328804199223 9.59847103008e-23)
(-0.14621337203 -0.00335791436646 -9.56862932419e-23)
(-0.140179292678 -0.00341601266829 -1.04484045862e-22)
(-0.13407621142 -0.00346279842045 1.04322021858e-22)
(-0.1279208082 -0.00349876727104 0)
(-0.121729028314 -0.00352445193733 0)
(-0.115516059953 -0.00354039426536 4.86785005313e-22)
(-0.109296309254 -0.00354713423907 -4.87358680006e-22)
(-0.103083479549 -0.00354511699346 -5.2168904862e-22)
(-0.0968906987398 -0.0035346790699 5.22937009031e-22)
(-0.0907307526672 -0.00351597260282 0)
(-0.0846163583592 -0.00348910117634 1.14966324063e-21)
(-0.078559999922 -0.00345435423866 -1.1543790887e-21)
(-0.0725735969107 -0.0034122022182 0)
(-0.0666683808289 -0.0033631992744 0)
(-0.0608547714002 -0.00330791851639 -1.29538913118e-21)
(-0.0551426075404 -0.00324671738565 -2.93696545645e-23)
(-0.0495414076986 -0.00317975189896 1.34154396014e-21)
(-0.04406084857 -0.00310675201641 2.81747372524e-21)
(-0.0387114657304 -0.00302726661875 -5.73414397665e-21)
(-0.0335043862119 -0.00294094690465 2.91879890313e-21)
(-0.0284516694928 -0.0028472678239 0)
(-0.0235660423525 -0.00274566820287 0)
(-0.018862281146 -0.00263484535401 0)
(-0.0143565839943 -0.00251309610211 0)
(-0.0100709744717 -0.00237690861887 3.39859005342e-21)
(-0.00602977348539 -0.00222248123932 -6.93367462389e-21)
(-0.00227127031925 -0.00204231920908 3.54067010606e-21)
(0.00116585605908 -0.00182973979613 -3.69519222431e-21)
(0.0042116785914 -0.0015688996883 3.75402576246e-21)
(0.00680251997175 -0.00125029581357 -3.92622130239e-21)
(0.00881420775809 -0.000841267828651 8.08261538916e-21)
(0.0101312190117 -0.000339692950798 -4.18198413026e-21)
(0.0105871622757 0.000331453905437 -8.88632967121e-21)
(0.00985484937068 0.000710759215408 -1.38381653572e-19)
(0.0106047050934 0.000425623269406 5.82906982757e-19)
(0.0133667307938 0.000974141544827 9.02733217427e-21)
(0.0175864072557 0.00230614797841 -8.88019399865e-21)
(0.0234960653948 0.00497224562487 8.49892259764e-21)
(0.030988307172 0.00917910988054 0)
(0.0402596732869 0.0152560175919 0)
(0.0516465635925 0.0234808675415 -1.96437398571e-18)
(0.06521712584 0.0339730002949 6.07167960004e-21)
(0.080915740792 0.0465616075824 -3.55324735055e-21)
(0.0985699916419 0.0609690468177 0)
(0.118010650262 0.0767792547848 3.35943908777e-21)
(0.138623049527 0.0935000259945 -8.13522786339e-21)
(0.159872427666 0.111053099418 3.77032942563e-21)
(0.182035135118 0.129965139329 3.19209089748e-21)
(0.205651214394 0.150820006816 -1.57412582659e-21)
(0.231669326154 0.174403928676 1.51679001408e-18)
(0.2615058604 0.201582790834 -6.59569364656e-22)
(0.298699276716 0.232808385178 -1.24628103657e-18)
(0.347147694136 0.266024045486 0)
(0.408948202536 0.297134511407 7.16244010806e-19)
(0.487528433993 0.320826707663 -3.7889797433e-19)
(0.582829784038 0.324811552011 0)
(0.689495871781 0.291860921198 -7.80742959423e-19)
(0.768773429812 0.210309392281 -4.24772053659e-19)
(0.786750322809 0.117294200496 0)
(0.749603902781 0.0481544904706 -1.53480790905e-19)
(0.692408883548 0.0176172012296 0)
(0.674940912735 0.00842678101297 -4.27939730027e-23)
(0.655661549043 -0.00331785175048 4.32200652977e-20)
(0.618852222483 -0.0259020241174 1.83430999791e-19)
(0.482015190982 -0.0486727148991 -1.05007708026e-22)
(0.17276864821 -0.0111012600727 -1.35157568674e-18)
(-0.0669133271916 0.0580914802351 -7.93285163067e-19)
(-0.0984172535528 0.0634918967004 1.52702660108e-18)
(-0.079378781885 0.0552115003165 5.12615142133e-23)
(-0.0650853717216 0.0490998940989 0)
(-0.0572084089561 0.0447244904899 0)
(-0.0527748412285 0.0417905849847 6.50644538041e-19)
(-0.0519528478182 0.0416629750255 -6.12442621888e-19)
(-0.054040050943 0.0438907695302 0)
(-0.0586255068336 0.04834373351 4.65198634737e-22)
(-0.0652628117644 0.0543405114332 3.84995674461e-22)
(-0.072864050478 0.0607531660565 -7.05476825554e-22)
(-0.0803941084695 0.066329069437 0)
(-0.0873875707625 0.0700947188558 4.52755384863e-22)
(-0.093816235682 0.0717566604852 -6.58750424141e-23)
(-0.0997327604862 0.0711841086134 -1.55712397851e-19)
(-0.105330551104 0.0684297266994 -4.53204310417e-22)
(-0.11098970835 0.0637528524236 6.13372378628e-23)
(-0.116959651593 0.0576447632815 8.10320943533e-20)
(-0.123384836382 0.0504403876536 6.63243454107e-20)
(-0.130617474395 0.0424495326857 0)
(-0.139121337088 0.0340599698575 0)
(-0.149446245308 0.0256394565364 0)
(-0.162388999642 0.0179677833345 3.36570206659e-21)
(-0.175505693079 0.0133163761638 2.17642413953e-22)
(-0.185888806031 0.0105287522847 0)
(-0.194196039004 0.00824720259615 8.5434873884e-23)
(-0.200981490452 0.00660640997899 -7.92756279655e-23)
(-0.206420731432 0.00532887314904 0)
(-0.210768573963 0.00431509606314 0)
(-0.214163534109 0.0034796010353 -4.15351650252e-23)
(-0.216733670901 0.00277170733638 3.9806836909e-23)
(-0.218567762858 0.00215602358145 0)
(-0.219738600789 0.00160876908235 0)
(-0.220301737235 0.0011135221922 0)
(-0.220302765155 0.000658913239148 0)
(-0.219778916596 0.000236899254013 0)
(-0.218761925712 -0.000158075502064 3.46985689543e-22)
(-0.217279726995 -0.000529706072946 5.58933611532e-23)
(-0.215357558915 -0.000880273154947 -3.86011041023e-22)
(-0.213018886173 -0.00121115732762 0)
(-0.210286562052 -0.00152325127458 0)
(-0.207183611083 -0.0018170952389 -2.95745104396e-22)
(-0.203732923976 -0.00209299840058 2.91085239661e-22)
(-0.199956476871 -0.00235122558885 0)
(-0.195875936785 -0.00259209010721 0)
(-0.191512651494 -0.00281590326142 0)
(-0.186887689435 -0.00302289972921 4.24012192813e-22)
(-0.182021900093 -0.00321328926549 -4.1993374163e-22)
(-0.176935923799 -0.00338726558529 -2.38230236593e-22)
(-0.171650176586 -0.00354504333511 2.36428061306e-22)
(-0.166184801225 -0.00368687318648 -2.64698086034e-22)
(-0.160559609525 -0.00381305568614 2.63191580552e-22)
(-0.154794015793 -0.0039239427086 -1.45686872279e-22)
(-0.148906975332 -0.00401993749052 6.89115545509e-23)
(-0.142916924437 -0.00410149165022 7.59529911944e-23)
(-0.136841729273 -0.00416910184223 8.29320723831e-23)
(-0.130698634414 -0.00422330967398 8.9840728404e-23)
(-0.124504220491 -0.00426469649252 -1.72461727577e-22)
(-0.1182743531 -0.00429388558544 3.72469898748e-22)
(-0.112024160076 -0.00431151195267 -3.72586561133e-22)
(-0.10576800156 -0.00431820664494 3.99859412983e-22)
(-0.0995195403378 -0.00431449306015 -4.00464774337e-22)
(-0.0932918577768 -0.00430076536554 0)
(-0.087097679705 -0.00427720175877 -8.82746171212e-22)
(-0.0809496632724 -0.0042439231757 8.85560859942e-22)
(-0.0748602515327 -0.00420126599033 0)
(-0.0688413474866 -0.00414977570483 0)
(-0.0629041963409 -0.00409009592738 9.95784321872e-22)
(-0.0570592616719 -0.00402288517755 -1.00096278954e-21)
(-0.0513164441582 -0.00394855542005 0)
(-0.0456853287932 -0.0038672752244 -2.16599207758e-21)
(-0.0401756444441 -0.00377871465202 2.18029426967e-21)
(-0.0347979667703 -0.00368233222325 -2.28559912794e-21)
(-0.0295634671604 -0.00357768835273 4.64971015868e-21)
(-0.0244842373268 -0.00346415574924 -2.36581814408e-21)
(-0.0195730471125 -0.00334101753755 -2.47248635997e-21)
(-0.014844657378 -0.00320675072352 5.03296859e-21)
(-0.0103152461961 -0.00305924501911 -2.56281507206e-21)
(-0.00600654341939 -0.00289446739495 2.67344607692e-21)
(-0.00194260730398 -0.0027077231569 -2.70480457242e-21)
(0.0018394562791 -0.00249055910559 0)
(0.00530176966619 -0.00223462498528 0)
(0.00837798170128 -0.00192234386474 0)
(0.0110068088247 -0.00154150503141 0)
(0.013072817652 -0.00105591473907 0)
(0.0144689161885 -0.000461356601947 0)
(0.0150438998727 0.0003302940831 -6.92193943733e-21)
(0.014529074078 0.000866106569802 -1.07673073971e-19)
(0.0153904039923 0.000792151323539 -4.61498908955e-19)
(0.0182253395935 0.00155083139406 0)
(0.0225364427988 0.00310369499426 0)
(0.0285379708525 0.00597758753493 1.69877797159e-18)
(0.0361434861003 0.0103832780146 6.39933431749e-21)
(0.0455470070103 0.0166301706216 1.58704459022e-18)
(0.0570603283735 0.0249717828588 1.52658319572e-18)
(0.0707420368184 0.0355224651466 2.92545485289e-18)
(0.0865223456891 0.0481213296583 2.75136162228e-21)
(0.104224542418 0.0625029242437 0)
(0.123669595533 0.0782692104267 -2.59158063651e-21)
(0.144292710859 0.0949910164122 -2.60963043313e-18)
(0.165636911344 0.112628066506 1.28717830695e-18)
(0.18800058206 0.131681072967 -2.75380636522e-23)
(0.211925616605 0.15270830773 -1.19958180603e-21)
(0.23835494055 0.176456094268 -2.30767348162e-18)
(0.268716383944 0.203694357318 -1.06161997229e-18)
(0.306441371289 0.234651270318 4.77195333123e-22)
(0.355314625482 0.267184406523 0)
(0.417439038846 0.29722998433 -5.45456609561e-19)
(0.495935273649 0.319371104002 2.89777089496e-19)
(0.590289866692 0.321478407817 -6.21570610515e-21)
(0.694196866376 0.287319562525 5.94125412262e-19)
(0.770884719826 0.207610483349 9.18081159836e-21)
(0.790134482145 0.118057320161 9.35757593126e-23)
(0.75978664791 0.0510610904033 1.06437195433e-21)
(0.710897290463 0.0203394416393 0)
(0.691952024308 0.0101146837324 3.34323596482e-23)
(0.674026138033 -0.00209404593302 -3.56147790311e-23)
(0.64167443699 -0.0234020064657 -1.45400801122e-19)
(0.530553473208 -0.0472453843468 0)
(0.241701857658 -0.0219230594755 5.49146911242e-19)
(-0.0335285811329 0.0497669736955 -6.10971432521e-23)
(-0.0974153023401 0.0640739569702 -6.2823786492e-19)
(-0.0836198390805 0.0569540068791 0)
(-0.0691818516701 0.0512919112356 2.6497146661e-22)
(-0.0614336876234 0.0475298899906 -5.55632573947e-19)
(-0.0572881840203 0.0451473909673 -5.39388408693e-19)
(-0.0566532827364 0.045450663311 5.03355292543e-19)
(-0.0588405881104 0.0480019893576 4.55653900671e-22)
(-0.0633121037522 0.052592879731 0)
(-0.0695383821188 0.0584335523305 6.40057859979e-22)
(-0.0765155255766 0.0644331699091 -5.55700865935e-22)
(-0.0834151654613 0.0695020133983 0)
(-0.0899331736557 0.0728198749159 1.88595965313e-19)
(-0.0960785721024 0.074148260309 -1.54005370303e-19)
(-0.101909350786 0.0733686018083 1.26163088325e-19)
(-0.107587205833 0.0705128668796 1.02763467116e-19)
(-0.113437874407 0.0657923954643 -8.36228956108e-20)
(-0.119669452137 0.059653487806 -6.55456925164e-20)
(-0.126403833887 0.0524179668245 -1.10076241276e-19)
(-0.133917999615 0.0443797768904 0)
(-0.142524803731 0.0359078594801 0)
(-0.152549710556 0.0273810311969 -1.07573679383e-20)
(-0.164522208917 0.0195767949512 0)
(-0.176317180263 0.0147065104714 1.18742387356e-26)
(-0.185792379235 0.0116468717877 0)
(-0.193528544104 0.00916109634011 1.38962815922e-22)
(-0.199889206959 0.007349693252 -1.29242003435e-22)
(-0.205012050804 0.00592584364529 0)
(-0.209107906255 0.00478705877895 -4.53641432643e-24)
(-0.212296587139 0.00384202597925 3.89928523013e-23)
(-0.21469213807 0.00303714945228 3.34985729041e-23)
(-0.216375357721 0.00233409833121 -6.43054219087e-23)
(-0.217413402632 0.00170714743264 -1.35645718873e-22)
(-0.217858141611 0.00113833203217 1.31530308674e-22)
(-0.217752560326 0.000615205782882 0)
(-0.217132082731 0.000128917846777 0)
(-0.216027129313 -0.000326640055935 -2.86864395701e-22)
(-0.214464552528 -0.000755551148708 6.06601243412e-22)
(-0.212468656164 -0.00116035899006 -3.19384672667e-22)
(-0.210062189488 -0.00154258099701 -4.07147107959e-22)
(-0.207267335406 -0.00190313705239 3.9970113032e-22)
(-0.204106410434 -0.00224256104579 -2.4493834432e-22)
(-0.200601686449 -0.00256121433156 5.07112318416e-22)
(-0.196774818374 -0.0028594290183 -5.49338768789e-22)
(-0.19264715897 -0.0031375573366 5.91949564057e-22)
(-0.188239761983 -0.00339594701067 -6.34905843279e-22)
(-0.183573428779 -0.00363486238576 3.26530588852e-22)
(-0.17866876345 -0.00385453903523 0)
(-0.173546179684 -0.00405519691242 0)
(-0.168225883987 -0.00423708130978 0)
(-0.162727824972 -0.0044004803729 0)
(-0.157071634579 -0.00454574015769 0)
(-0.151276560852 -0.00467326621442 0)
(-0.145361406246 -0.00478352319098 0)
(-0.139344467802 -0.00487703115215 0)
(-0.133243486712 -0.00495436161191 0)
(-0.127075597925 -0.00501613702109 0)
(-0.120857289478 -0.00506302523176 0)
(-0.114604352191 -0.00509574102597 0)
(-0.108331856749 -0.00511501394633 0)
(-0.102054118872 -0.00512156823452 0)
(-0.0957847610772 -0.00511600859389 0)
(-0.089536817275 -0.00509879021705 7.08683018944e-22)
(-0.0833229521328 -0.00507011919828 2.1199594528e-23)
(-0.0771557628794 -0.00503013326633 -7.33694624365e-22)
(-0.0710476505263 -0.00497921468962 7.77680678734e-22)
(-0.0650104977053 -0.00491798333413 -7.80719782961e-22)
(-0.0590555566414 -0.00484717184767 8.24335550344e-22)
(-0.0531933249792 -0.00476752430247 -8.28326789124e-22)
(-0.0474337536429 -0.0046795080821 1.74330799566e-21)
(-0.0417864805751 -0.00458330556862 -1.75330974216e-21)
(-0.0362612742916 -0.00447852658544 -1.83967187248e-21)
(-0.0308687401857 -0.00436453682846 1.85192754312e-21)
(-0.0256200804992 -0.0042408031285 0)
(-0.0205274011018 -0.00410659336979 0)
(-0.0156034907525 -0.00396103220276 0)
(-0.0108630657336 -0.0038023751181 2.09316137502e-21)
(-0.00632224910434 -0.00362810602423 -2.11291691324e-21)
(-0.00200244639962 -0.00343367415926 -2.2030459715e-21)
(0.00207258738711 -0.00321350870827 2.22599777831e-21)
(0.00586691482291 -0.00295821352689 2.31728148303e-21)
(0.00934356403501 -0.00265784464791 -2.34588668961e-21)
(0.0124395728576 -0.00229316955705 0)
(0.0150962588832 -0.00184943913502 5.03992198845e-21)
(0.0172061734038 -0.00128725933935 -1.03532645631e-20)
(0.0186711747758 -0.000600623528703 5.34245874891e-21)
(0.0193529599825 0.000307392946482 3.43374664353e-25)
(0.0190356036055 0.000991444594723 9.37974612067e-20)
(0.0200127084887 0.00111282520208 -3.77358262808e-19)
(0.0229243957396 0.00205866386795 5.82803921509e-21)
(0.0273245208142 0.00380679334252 -5.59606570186e-21)
(0.0334157268589 0.00686173554551 -1.39535878449e-18)
(0.0411291820627 0.0114366895437 0)
(0.0506567834642 0.0178224358972 -2.58594600785e-18)
(0.0622877829725 0.0262515056879 -1.24801218764e-18)
(0.0760681717184 0.0368331184489 -1.19393867408e-18)
(0.0919127872301 0.0494160457998 0)
(0.109639609123 0.0637457926958 1.10755303932e-18)
(0.129063031252 0.0794426029507 -1.07552641496e-18)
(0.149664770666 0.0961321342831 1.05898962353e-18)
(0.171061119108 0.113806458106 -2.03079786405e-21)
(0.193573862158 0.132941860323 -9.69760159628e-22)
(0.217748578745 0.154071725933 9.61634215994e-22)
(0.24452550609 0.177902375398 1.8422574418e-18)
(0.275348216982 0.205110721143 7.852403688e-21)
(0.313565978744 0.235732623911 -3.7868686518e-22)
(0.362856564888 0.267556307322 -5.92340146956e-19)
(0.42530949976 0.29655136721 0)
(0.503737889189 0.317221821623 0)
(0.597169469623 0.317621316559 5.03551881491e-21)
(0.698385327839 0.28248908769 -4.75439101754e-19)
(0.772423706475 0.204679327673 2.5289460712e-19)
(0.792259430846 0.1184762416 1.53481689461e-19)
(0.766674520272 0.0535814343495 4.41402694484e-20)
(0.723927880888 0.022818782399 4.52662540613e-23)
(0.705062549016 0.0117012600025 -2.69675253081e-23)
(0.688464352866 -0.000871311951114 2.8958245063e-23)
(0.659168804517 -0.0209948698968 1.14600723383e-19)
(0.569556559409 -0.0443115586173 8.51506032192e-23)
(0.307843163566 -0.0302726828553 -4.47044014682e-19)
(0.00921260749608 0.0392971058255 -3.04535330253e-23)
(-0.0920742730002 0.0634869780537 3.81031143435e-23)
(-0.0865120139564 0.0579239952545 -4.90324808318e-19)
(-0.0723072243166 0.05264315489 0)
(-0.0646205445526 0.0494680646275 4.47967179402e-19)
(-0.0607171451371 0.0476290841565 -3.54478364079e-22)
(-0.0601926648534 0.0483231094071 -4.11241183337e-19)
(-0.0623578576777 0.0511136397832 3.47946144865e-22)
(-0.0665913546009 0.0557442909777 2.87506583094e-22)
(-0.0723497210625 0.0613800641917 -5.372480485e-22)
(-0.0787529747163 0.0670078603939 0)
(-0.0851490966928 0.0716860193081 -1.84527258289e-19)
(-0.0913299538722 0.0746988436328 -2.09796019258e-22)
(-0.0973055297679 0.075827554922 -1.26718072565e-19)
(-0.103121785844 0.074949661745 1.41511318813e-21)
(-0.108906300348 0.0720761449788 -8.53530614642e-20)
(-0.114935446601 0.0673786370212 -2.25395407986e-21)
(-0.12138008371 0.0612645407485 2.45430790821e-22)
(-0.128334661116 0.0540434780412 4.72546070288e-20)
(-0.136005402547 0.0459981746671 1.73872563974e-22)
(-0.144589952791 0.0374892685122 1.52203895799e-22)
(-0.154267718356 0.0289189031557 8.66139617769e-21)
(-0.165390828839 0.0210560813975 1.46318726583e-22)
(-0.176118984866 0.0160137474329 -2.00590539322e-26)
(-0.184864296481 0.0127172798153 1.45638770485e-22)
(-0.192125258279 0.0100471318449 -1.33846950549e-22)
(-0.19812702222 0.008074353228 8.08985636385e-23)
(-0.202980220721 0.00650921607556 -7.61983880116e-23)
(-0.206860050218 0.00524762558987 0)
(-0.20987155191 0.00419382008497 2.98854777328e-23)
(-0.212117121625 0.00329186417298 -2.86937915228e-23)
(-0.213670966639 0.0025008609992 -8.59737508584e-23)
(-0.214595492553 0.00179333760816 8.31686612122e-23)
(-0.214939456065 0.00114991145773 0)
(-0.214743626693 0.000557137195801 0)
(-0.214041886595 5.40520141045e-06 0)
(-0.212863511201 -0.000511922760929 0)
(-0.211234377398 -0.000999306289724 2.7903341671e-22)
(-0.2091779773 -0.00145953933273 -5.86581415877e-22)
(-0.206716402751 -0.00189426623869 3.07326961344e-22)
(-0.203871223742 -0.0023044321028 0)
(-0.200664159109 -0.00269055771378 -4.1930976342e-22)
(-0.197116992306 -0.00305303604843 4.12982514773e-22)
(-0.193251080467 -0.00339225280927 0)
(-0.189087490316 -0.00370859853735 2.64252278682e-22)
(-0.184647010479 -0.00400245580128 -2.61228887636e-22)
(-0.179950198168 -0.0042741168041 3.01323142941e-22)
(-0.17501743182 -0.00452384144265 -2.98515813362e-22)
(-0.169868915324 -0.00475187470617 0)
(-0.164524660068 -0.0049584916832 -1.78825565961e-22)
(-0.159004432768 -0.00514401755959 1.77664953505e-22)
(-0.15332769583 -0.00530884385261 0)
(-0.14751353965 -0.00545343007363 0)
(-0.14158062087 -0.00557830282798 0)
(-0.135547102878 -0.005684051358 0)
(-0.129430606167 -0.00577132287301 0)
(-0.123248159112 -0.00584082152506 0)
(-0.117016159 -0.00589330256818 0)
(-0.110750322593 -0.00592957330011 0)
(-0.104465663114 -0.00595045929419 2.74464348066e-22)
(-0.0981764505383 -0.00595678028009 -2.74616146308e-22)
(-0.0918962651393 -0.00594922550061 0)
(-0.0856380906151 -0.00592831482105 0)
(-0.0794145278356 -0.0058942840637 0)
(-0.0732381131518 -0.00584728705846 0)
(-0.0671212040854 -0.00578775102786 0)
(-0.0610756588394 -0.00571636970637 0)
(-0.0551127301745 -0.00563396455371 -1.41068404627e-21)
(-0.049242940773 -0.00554136555849 1.41708237691e-21)
(-0.0434762817276 -0.0054390965662 0)
(-0.0378224322749 -0.00532735521335 -1.53137100392e-21)
(-0.0322911903924 -0.00520569056057 3.1126057524e-21)
(-0.0268931842888 -0.00507337291866 -1.58218800511e-21)
(-0.0216396377702 -0.00492977327535 1.65558661757e-21)
(-0.0165426577256 -0.00477405256064 -3.36575886099e-21)
(-0.0116150333527 -0.0046051752479 1.71136613467e-21)
(-0.00687141405003 -0.00442117445964 -1.78571966792e-21)
(-0.0023278399556 -0.0042191314599 1.80175620118e-21)
(0.00199463038054 -0.00399398096694 1.87670926445e-21)
(0.00607256592044 -0.00373929340575 -1.89420836874e-21)
(0.00987121055376 -0.00344475473165 0)
(0.013354567669 -0.00309889566951 -4.04537289606e-21)
(0.0164628848572 -0.00268091168857 4.10108076543e-21)
(0.0191402760919 -0.00217368831308 0)
(0.0212865953865 -0.00153497446731 0)
(0.0228129703427 -0.00075723083121 4.5855323108e-21)
(0.0235918641644 0.000263151654814 -4.73468363538e-21)
(0.0234539527573 0.00108922768543 0)
(0.0245494358662 0.00139557800208 3.19594844889e-19)
(0.027542942156 0.0025130433849 0)
(0.0320324467425 0.00443833982297 -4.80019917183e-21)
(0.0382142188993 0.00765539451284 4.58752237803e-21)
(0.046034234491 0.0123785266963 -1.13911984255e-18)
(0.0556823426445 0.0188811454009 1.05013682568e-21)
(0.0674267250807 0.0273775418505 1.05252730853e-18)
(0.0812986706623 0.0379718834028 1.00538043646e-18)
(0.0971968044925 0.0505222905739 -9.70807687442e-19)
(0.114933570082 0.0647843290562 -9.37942949421e-19)
(0.134320358838 0.0803966694735 9.11714411372e-19)
(0.154884099761 0.0970336150784 -1.73491484638e-21)
(0.176310267243 0.114715099537 8.62430341217e-19)
(0.198944086378 0.133894321219 0)
(0.223335832809 0.155080301172 0)
(0.250425234378 0.178938615042 -1.527111466e-18)
(0.281674591574 0.206054729992 1.39922648216e-18)
(0.320369249557 0.236295399651 -6.04587547424e-19)
(0.370086926816 0.267393145345 8.66574582433e-21)
(0.432885205232 0.295350243082 0)
(0.511262562726 0.314610499808 0)
(0.603780150083 0.313434873181 -1.2216273544e-20)
(0.702346977714 0.277509106506 1.99024475046e-19)
(0.773745577288 0.201640486598 -1.26271505867e-22)
(0.793812419285 0.118687213434 -3.89880657182e-21)
(0.771820586388 0.0558311511167 3.47833891649e-20)
(0.733818713659 0.0251086936226 0)
(0.715667573796 0.0132036670273 2.23467002781e-23)
(0.700255556288 0.000348578010947 -2.27725101904e-20)
(0.673148090762 -0.0187677955078 -9.56869087007e-20)
(0.600592307887 -0.0404797664949 0)
(0.369598206425 -0.0360782186812 3.7463235541e-19)
(0.0596912319807 0.027430803644 0)
(-0.0816531902768 0.0618052695462 0)
(-0.0881085596374 0.0583870466395 4.10821333247e-19)
(-0.0747332085721 0.0533989990982 -1.73212228601e-22)
(-0.0670109718555 0.0507350955128 1.92538776508e-22)
(-0.0632596604094 0.0493956104979 3.59708698233e-19)
(-0.0627658266086 0.0504324037132 -3.17426301773e-22)
(-0.064824170685 0.0534029902501 3.04675919413e-22)
(-0.0687639970792 0.058028654721 -2.59801956192e-19)
(-0.0740690662506 0.063470214911 0)
(-0.079983037068 0.0687988739704 1.83624044762e-19)
(-0.0859880895114 0.0731923881565 3.05254251593e-19)
(-0.091929152158 0.0760054119042 -1.27627907131e-19)
(-0.0978031334857 0.0770233779887 2.14095998612e-19)
(-0.103639761897 0.0761155896873 -8.9231471003e-20)
(-0.109534815826 0.0732752228907 7.54751157941e-20)
(-0.115719729418 0.0686410860692 6.17748681689e-20)
(-0.122330896328 0.0625860082457 -2.18894714703e-22)
(-0.129434644195 0.0554084796855 1.64599190428e-22)
(-0.137175745417 0.0473844023389 1.96877384605e-20)
(-0.145666326531 0.0388732519134 -1.81081717289e-20)
(-0.154990223293 0.0303050393988 0)
(-0.165368218228 0.0224339200004 2.19770096035e-21)
(-0.175205094118 0.0172545437757 2.80099174081e-22)
(-0.183336060526 0.0137497293114 -1.30315770398e-22)
(-0.190183422786 0.0109108243389 1.01543250636e-22)
(-0.195868531145 0.00878405215126 -9.48354216593e-23)
(-0.200481689929 0.00708159883709 3.31195483096e-23)
(-0.204168132244 0.0056987772185 -3.95394708793e-23)
(-0.207020710334 0.00453656549424 7.70597686022e-24)
(-0.209131727783 0.00353715715763 -1.0057124793e-22)
(-0.210569703852 0.00265741621698 9.70205949927e-23)
(-0.211392857858 0.00186828858305 0)
(-0.211647194681 0.00114908435538 0)
(-0.211371510532 0.000485427137543 1.5700635285e-22)
(-0.210598307181 -0.000133010510029 -1.5306783946e-22)
(-0.209355806654 -0.000713378503322 0)
(-0.207668989098 -0.00126050301805 0)
(-0.205560609671 -0.00177741691028 0)
(-0.203052146215 -0.00226588272374 0)
(-0.200164604795 -0.00272686549147 0)
(-0.196919185441 -0.00316086263512 0)
(-0.193337259696 -0.00356828199947 0)
(-0.189439900218 -0.0039495533219 0)
(-0.185247905337 -0.00430510436373 0)
(-0.180781815618 -0.00463535110346 0)
(-0.176061957458 -0.00494061208047 0)
(-0.171108495027 -0.0052211701829 0)
(-0.16594143194 -0.00547729438293 2.97750564003e-22)
(-0.160580592394 -0.00570928885402 -2.95569899897e-22)
(-0.155045567643 -0.00591751552207 0)
(-0.149355655655 -0.0061024114473 0)
(-0.14352979302 -0.00626449051537 0)
(-0.137586493293 -0.00640434195752 -4.76524715371e-23)
(-0.131543787894 -0.00652262503462 4.7493777729e-23)
(-0.125419177376 -0.00662006358252 5.18561543804e-23)
(-0.119229583417 -0.0066974443973 -5.17537892502e-23)
(-0.112991311635 -0.00675561110217 0)
(-0.106720003048 -0.00679546459916 0)
(-0.100430611121 -0.00681792805301 0)
(-0.0941373571504 -0.00682391911794 -4.9928359714e-22)
(-0.0878537759242 -0.00681421498616 4.99747327978e-22)
(-0.0815927970397 -0.00678940407791 0)
(-0.0753669538695 -0.00674975373143 0)
(-0.069188720331 -0.0066954329773 0)
(-0.0630704088191 -0.00662691311522 0)
(-0.0570238489625 -0.00654496145357 0)
(-0.0510602877538 -0.00645048819954 1.23787617256e-21)
(-0.0451902643849 -0.00634440978043 -1.2431492244e-21)
(-0.0394238009306 -0.00622730766043 0)
(-0.033770607333 -0.00609939629991 0)
(-0.0282405020189 -0.00596016315276 0)
(-0.0228441310913 -0.00580878036558 0)
(-0.0175927331709 -0.00564452125904 0)
(-0.0124984058719 -0.00546643813653 0)
(-0.00757392362267 -0.00527333448319 0)
(-0.00283385030149 -0.00506302065427 0)
(0.00170588081567 -0.004832179954 0)
(0.00602456766157 -0.00457523366794 0)
(0.0100991501346 -0.00428491987513 3.35845645572e-21)
(0.0138960305737 -0.00395002635081 -3.39210911817e-21)
(0.0173802664119 -0.0035576312093 0)
(0.0204951476226 -0.0030854480978 0)
(0.0231877542791 -0.00251416726942 0)
(0.0253646301272 -0.00179903113641 0)
(0.0269463325021 -0.000931168476016 0)
(0.0278141417094 0.000197831126854 2.52706588313e-25)
(0.0278393977661 0.00116094185773 0)
(0.0290543555014 0.00164509826107 0)
(0.0321349860965 0.00292335681736 0)
(0.0367157050063 0.00501250297402 5.26899552245e-19)
(0.0429904591939 0.00837753768089 3.98911834103e-21)
(0.0509176363649 0.0132328960043 9.90440544199e-19)
(0.060684883272 0.0198358172836 1.90101642664e-18)
(0.0725403521734 0.0283846899756 -1.27848677592e-21)
(0.0864990777438 0.0389788526626 -8.72638582815e-19)
(0.102442909133 0.0514854111545 1.95603381813e-21)
(0.120179129074 0.0656692485887 -8.08710857481e-19)
(0.139519930842 0.0811874855284 -7.8010054981e-19)
(0.160037260347 0.0977581314095 -1.47921125788e-21)
(0.181481910116 0.115425273709 -1.48508187932e-18)
(0.204221714643 0.13462016505 0)
(0.228812049254 0.155827703151 0)
(0.256193826113 0.179671464961 6.53901422709e-19)
(0.287850734639 0.206646434534 -5.98069952077e-19)
(0.327018841753 0.236469375003 7.04754602038e-21)
(0.377182459004 0.266828137811 8.27736520228e-19)
(0.440349759413 0.293754234265 -8.32333198846e-23)
(0.518692037188 0.311650448978 0)
(0.610289114133 0.309015856717 -3.29463113022e-21)
(0.706223955198 0.272447999931 -1.66939411929e-19)
(0.775015552727 0.198552175629 0)
(0.795115551007 0.118758479421 -1.05638205499e-19)
(0.775991056541 0.0578781171671 -5.79575498829e-20)
(0.741803585167 0.0272479416017 0)
(0.724606176742 0.0146378607295 0)
(0.710211025132 0.00156626299192 1.95002617046e-20)
(0.684781539379 -0.0167320727683 0)
(0.625197436708 -0.036223909307 1.41137831163e-19)
(0.425949147551 -0.0394780484307 3.07378562506e-19)
(0.115807352581 0.0152215101092 -2.17690244761e-23)
(-0.0652293882099 0.05869663755 3.12899235768e-23)
(-0.0882266157117 0.0584765741519 0)
(-0.0766404073686 0.0537487899121 0)
(-0.0688237853802 0.0515030874528 0)
(-0.0651212145075 0.0506082327041 0)
(-0.0645823565154 0.0519407033516 2.63504930521e-22)
(-0.0664734255996 0.055049333436 -2.54152814524e-22)
(-0.0700971156083 0.0596524826472 2.17909364034e-19)
(-0.0749838093704 0.0649297660521 -1.83467887954e-19)
(-0.0804844185986 0.0700282325048 -1.08367690156e-21)
(-0.0861794746034 0.0742187235346 -1.30031552114e-19)
(-0.0919421567705 0.0769052690769 1.09420408269e-19)
(-0.0977520296985 0.0778713399522 -9.31691234499e-20)
(-0.103622420155 0.0769776133117 3.20678065861e-22)
(-0.109620143516 0.0742026819856 -1.33291490958e-19)
(-0.115935052174 0.0696577721944 -4.42681313239e-22)
(-0.122671267949 0.0636843548069 -4.86945713811e-20)
(-0.129868678098 0.0565709306463 -4.20452281284e-20)
(-0.137620922886 0.0485902739061 1.08661504057e-21)
(-0.145977045592 0.0401050560422 3.28191422873e-20)
(-0.154957185954 0.031573220696 -8.13526087249e-21)
(-0.164675273315 0.023729080984 -2.06291235284e-21)
(-0.173745726176 0.0184397576783 1.28858842423e-22)
(-0.181340850447 0.0147502425502 -1.16630174216e-22)
(-0.187815888401 0.0117553810728 0)
(-0.193212389001 0.00948081081962 0)
(-0.197604738856 0.00764434475161 2.90350212494e-23)
(-0.201112308109 0.00614148214707 -2.76272909347e-23)
(-0.203817556677 0.00487099181716 0)
(-0.205803782279 0.00377359356866 9.01515552591e-23)
(-0.207134435152 0.0028042090807 -8.7021523988e-23)
(-0.207863925131 0.00193235047219 -9.09948331545e-23)
(-0.208035739819 0.00113612234177 8.83703559616e-23)
(-0.207686856687 0.000400279679556 0)
(-0.206848496542 -0.000286186948224 0)
(-0.205547881099 -0.000930922186787 1.92268189302e-22)
(-0.203809154333 -0.00153910940822 -1.88034373433e-22)
(-0.201654384069 -0.00211400911484 0)
(-0.199104467557 -0.00265749365206 0)
(-0.196179885638 -0.00317054045406 0)
(-0.192901374148 -0.00365361149322 0)
(-0.189289939036 -0.00410711541818 3.58112962773e-22)
(-0.185366376881 -0.00453151887748 -3.53324105859e-22)
(-0.181151228705 -0.00492728544732 -2.07963514865e-22)
(-0.176664796966 -0.00529486320729 2.05650674406e-22)
(-0.171927184804 -0.005634595677 0)
(-0.166958348452 -0.00594678749101 2.52064538896e-22)
(-0.161778096318 -0.00623173063954 -2.50007155765e-22)
(-0.15640606933 -0.00648975776406 1.40906499624e-22)
(-0.150861686109 -0.00672126732876 -1.40002415754e-22)
(-0.145164081963 -0.00692674212177 0)
(-0.139332040487 -0.0071067509182 0)
(-0.133383932063 -0.00726194634259 0)
(-0.127337655269 -0.00739305860024 0)
(-0.121210589116 -0.00750088915669 0)
(-0.115019546343 -0.00758630845348 0)
(-0.108780738081 -0.00765024949014 0)
(-0.102509726281 -0.00769370789131 0)
(-0.0962214010005 -0.00771770601248 -2.16167031936e-22)
(-0.0899299308158 -0.0077232619731 2.16220029976e-22)
(-0.0836488008957 -0.00771124450385 0)
(-0.0773908819399 -0.00768231470125 0)
(-0.0711686351567 -0.00763677312529 4.92914267107e-22)
(-0.064994469924 -0.00757480282728 1.41083980278e-23)
(-0.0588806517155 -0.00749691835603 -5.0949473651e-22)
(-0.0528389773095 -0.00740396050021 0)
(-0.0468806816635 -0.00729692830396 0)
(-0.0410163122044 -0.00717682528763 -1.1389208049e-21)
(-0.0352559133064 -0.00704429179665 1.14394578416e-21)
(-0.0296092155325 -0.00689956080374 0)
(-0.024086049241 -0.00674205690801 -1.23257472341e-21)
(-0.0186970747133 -0.00657085100548 1.23955583217e-21)
(-0.0134535402668 -0.00638511734379 0)
(-0.0083675256457 -0.00618379843736 -1.32892701682e-21)
(-0.00345177730791 -0.00596553682881 2.70027850855e-21)
(0.00127924297546 -0.00572792047138 -1.37172064753e-21)
(0.00580972468575 -0.00546723908551 0)
(0.0101193461961 -0.00517740662355 0)
(0.0141854488892 -0.00485035223105 0)
(0.0179755715084 -0.00447399050026 0)
(0.0214559004004 -0.00403402110643 0)
(0.0245726165593 -0.00350677267801 -3.2275594259e-21)
(0.0272759052093 -0.00287090602504 3.27575002534e-21)
(0.0294784449783 -0.00207951301389 3.42324676518e-21)
(0.0311102527024 -0.00112253173626 -7.04363416043e-21)
(0.0320596751116 0.00011160192892 3.64951171345e-21)
(0.0322332768852 0.00120751136511 -6.48831361863e-20)
(0.0335674811886 0.00186425590018 2.5015764446e-19)
(0.0367402620568 0.00329558811243 -3.81132698687e-21)
(0.0414148104543 0.00553852365921 3.44954525608e-21)
(0.0477857022642 0.0090405813678 0)
(0.0558216265908 0.0140155604669 -3.4499737862e-21)
(0.0657077002067 0.0207056785866 -1.68160134192e-18)
(0.0776727558602 0.0292954850228 -8.06424165615e-19)
(0.0917143706859 0.0398798071918 -3.0216810597e-21)
(0.107697293571 0.0523343042923 4.72069291642e-21)
(0.125424552486 0.0664324833219 7.15040304143e-19)
(0.144713143087 0.0818498246408 6.93348553601e-19)
(0.165180418311 0.0983439513009 -1.31779611497e-21)
(0.186638689646 0.115979971541 6.54920409569e-19)
(0.209476932422 0.135168144949 0)
(0.234255570183 0.156369169214 0)
(0.261918169849 0.180163004252 0)
(0.293972690642 0.206955129125 0)
(0.33361925446 0.236328494167 4.51110970646e-19)
(0.384256519507 0.265932365534 -3.61359154866e-19)
(0.447822774413 0.291826317691 0)
(0.52614333168 0.308397172993 -3.40508675363e-24)
(0.616798467381 0.304414576162 2.73413325625e-20)
(0.710092703195 0.267344865421 2.93377121395e-19)
(0.776315982341 0.195444720863 0)
(0.796332097117 0.118727192702 4.17178091224e-23)
(0.779594646928 0.0597644580281 2.4727583502e-20)
(0.748577855089 0.0292648657472 0)
(0.732402836667 0.0160175508444 1.63467854223e-23)
(0.718862279002 0.00278234227216 -4.93380442801e-23)
(0.694820580984 -0.0148615239428 8.8845556547e-23)
(0.644798744064 -0.0319063497788 -1.71309252644e-21)
(0.47627958658 -0.0406928326378 -2.60786483583e-19)
(0.175211567257 0.00370337560879 3.34663586186e-19)
(-0.0413712406384 0.0537477145376 -2.34672639735e-23)
(-0.0863453924165 0.0582181415416 2.41442955485e-23)
(-0.078089849168 0.0538225139521 1.26965730015e-22)
(-0.0702189884568 0.0518970593628 2.58063865201e-19)
(-0.0664681891368 0.051393707296 -2.52707764559e-19)
(-0.0658171457511 0.0529812154691 0)
(-0.0674960300133 0.0561977914559 0)
(-0.0707944619701 0.0607733393747 0)
(-0.0752962669386 0.0659181845528 1.57643981301e-19)
(-0.0804402222347 0.070842535249 -1.33232721262e-19)
(-0.0858786187717 0.074889854309 4.30120345934e-22)
(-0.0914989671344 0.077500880694 -9.68371281875e-20)
(-0.0972628452784 0.0784548889067 3.30706459691e-22)
(-0.103167955595 0.0776045613188 0)
(-0.109254615907 0.0749164857647 1.21493257414e-19)
(-0.1156737436 0.0704783332076 0)
(-0.12249919508 0.064602807102 -1.71663001838e-21)
(-0.129747212389 0.057569534568 3.75302428786e-20)
(-0.137469861334 0.0496510081435 -3.40123672125e-20)
(-0.145669166929 0.0412153968109 -1.51127274412e-20)
(-0.154321596521 0.0327461671324 7.12291295533e-21)
(-0.16344828812 0.0249543032593 -1.7298343586e-21)
(-0.171843898916 0.0195765810733 4.70021375784e-24)
(-0.178958524093 0.0157224478357 -2.08310264158e-22)
(-0.185089684817 0.0125824921905 9.44042408434e-23)
(-0.190216525829 0.010165547391 0)
(-0.194400562099 0.00819794993706 0)
(-0.197738435967 0.00657601071447 0)
(-0.200303527427 0.0051972368812 -4.34490954955e-23)
(-0.202170928891 0.00400122297464 4.18059920349e-23)
(-0.203399465082 0.00294122503304 0)
(-0.204039996377 0.00198545605784 -1.65462505837e-22)
(-0.204133648335 0.00111091236374 1.60763042999e-22)
(-0.20371567887 0.000301539988081 0)
(-0.202816088702 -0.000454319063985 0)
(-0.201461135154 -0.00116478714579 0)
(-0.199674170415 -0.0018353946125 -1.99041581141e-22)
(-0.197476610368 -0.00246961856706 1.95054226303e-22)
(-0.194888797472 -0.00306943262271 2.48789570241e-22)
(-0.191930716214 -0.00363581741836 -2.4455109491e-22)
(-0.188622675208 -0.00416918630976 0)
(-0.184985343739 -0.00466993644239 -3.25964163607e-22)
(-0.181039247949 -0.00513856573844 6.73898677334e-22)
(-0.176804678154 -0.00557557200034 -3.47987151381e-22)
(-0.172301703993 -0.0059814341928 0)
(-0.167550209069 -0.00635651953187 0)
(-0.162569944609 -0.00670115318273 0)
(-0.157380525855 -0.00701564923069 0)
(-0.152001411659 -0.00730036822853 0)
(-0.1464518483 -0.00755574505231 0)
(-0.140750807858 -0.00778230848786 0)
(-0.134916919529 -0.00798068280178 -7.44317813451e-23)
(-0.12896840838 -0.00815158486129 7.41253613515e-23)
(-0.122923037322 -0.00829581681515 0)
(-0.116798060427 -0.00841425881626 0)
(-0.110610177587 -0.00850786599033 8.81499302657e-23)
(-0.104375501124 -0.00857766173562 -8.801377024e-23)
(-0.0981095092862 -0.00862473751984 0)
(-0.0918270239781 -0.00865021649812 0)
(-0.0855421561058 -0.00865521987688 0)
(-0.0792683363346 -0.00864071169765 0)
(-0.0730183708138 -0.0086074301204 0)
(-0.0668046429167 -0.00855571051042 0)
(-0.0606394947913 -0.00848574840434 0)
(-0.0545351429943 -0.00839810079669 -9.52607122831e-22)
(-0.0485033469454 -0.00829368209004 -2.48831431638e-23)
(-0.0425553231749 -0.00817358040276 -2.44714548275e-23)
(-0.036701619115 -0.00803888712412 1.01180567129e-21)
(-0.0309522929932 -0.00789030285073 0)
(-0.0253170860318 -0.00772808089047 0)
(-0.0198058320562 -0.00755158124715 0)
(-0.014429202558 -0.00735977006737 0)
(-0.00919845153251 -0.00715172153776 0)
(-0.00412563327445 -0.00692626776352 0)
(0.000776545624478 -0.00668189139249 -2.47221210925e-21)
(0.00549373692187 -0.00641595823792 2.48781904004e-21)
(0.0100102787392 -0.00612437224592 0)
(0.0143062429326 -0.00580054509733 2.64913931497e-21)
(0.0183594025383 -0.00543562218699 4.07057530492e-23)
(0.0221384120601 -0.0050166743272 4.02862322078e-23)
(0.0256106537686 -0.00452809788644 -2.80608602351e-21)
(0.0287250641118 -0.00394494021696 0)
(0.0314350400821 -0.00324399324157 0)
(0.033658887938 -0.00237655631835 3.09347778309e-21)
(0.0353360046458 -0.00133146084422 -3.15945379888e-21)
(0.0363602509343 4.59222427636e-06 2.0206230803e-25)
(0.0366685714827 0.00122954621694 5.50049757698e-20)
(0.0381206302932 0.00205483609289 -2.2212723585e-19)
(0.0413900136833 0.00363364067721 4.37376490907e-19)
(0.0461613626518 0.00602261359454 -4.29057562084e-19)
(0.0526318439887 0.00965294133536 -3.74167807072e-23)
(0.0607785332455 0.0147372368954 7.94707592404e-19)
(0.0707835464458 0.021503796969 1.51855352665e-18)
(0.0828568383953 0.0301252042904 0)
(0.0969775482363 0.0406921475807 6.93774211009e-19)
(0.112993237027 0.0530883169099 1.33028296726e-18)
(0.130704096389 0.0670951374053 4.3813863751e-24)
(0.149936112034 0.0824062709949 3.63276834682e-21)
(0.170352701471 0.098815497369 -1.1816096992e-21)
(0.191823835492 0.116406263945 -5.82033328587e-19)
(0.214757647088 0.13556859744 -1.11435268292e-21)
(0.239719208811 0.156738607774 5.36794098664e-19)
(0.267656155938 0.180450872855 4.76617602265e-22)
(0.300104609327 0.207022173127 -4.64008671291e-22)
(0.340243983731 0.235912754271 3.92762418555e-19)
(0.391391285867 0.264740451202 -3.11920041719e-19)
(0.455363684144 0.28963115477 2.17140761106e-19)
(0.533643362772 0.304957518696 1.06683993949e-19)
(0.623354590106 0.29969691439 -1.36920451688e-20)
(0.713997063448 0.262224997371 -2.59622845341e-19)
(0.777689382483 0.192335223034 1.22701118531e-19)
(0.797549438575 0.118614890875 -7.47255986216e-20)
(0.782863565313 0.0615174425994 0)
(0.754555153987 0.0311801560511 0)
(0.7393978513 0.0173541084311 0)
(0.726569307897 0.00399691601286 1.45317614633e-20)
(0.703752349488 -0.0131179281188 0)
(0.660642860469 -0.0277782863763 -9.94837840406e-20)
(0.520203763025 -0.0400816064954 -1.13723471686e-22)
(0.235784502722 -0.00638053015543 -2.85041761373e-19)
(-0.0090085121994 0.0467450374327 -3.94613452242e-19)
(-0.0815971453554 0.0575088799412 0)
(-0.0790099649798 0.0536999505501 1.16932119216e-22)
(-0.0712994756232 0.0520030782259 7.97908809589e-22)
(-0.0674232256173 0.0518423211017 2.17716627825e-19)
(-0.0666028896825 0.0536529858133 0)
(-0.0680349256239 0.0569561455753 1.82532085837e-19)
(-0.0710028635854 0.0615042403505 -3.04165172202e-22)
(-0.0751449199125 0.066544580072 5.34904006225e-22)
(-0.0799706129452 0.0713382043793 -2.31312238308e-22)
(-0.0851850053977 0.0752860038464 9.88529504789e-20)
(-0.0906820457604 0.077857559211 -3.2654988695e-22)
(-0.0964058632613 0.0788273311087 -7.37821872805e-20)
(-0.102339367526 0.0780408070496 -2.6084471447e-22)
(-0.108498420517 0.0754545154235 -5.54091695413e-20)
(-0.114997262213 0.0711357727367 -1.99552425657e-22)
(-0.121881422 0.0653707462613 4.14395293387e-20)
(-0.129146611192 0.0584311898199 0)
(-0.136811430687 0.050591320202 1.59367245711e-20)
(-0.144841972141 0.0422256649097 -1.56003670231e-20)
(-0.153183648921 0.0338395102686 -7.26787654125e-21)
(-0.161773864212 0.026118332318 3.63126007364e-21)
(-0.169563601602 0.0206697406565 0)
(-0.1762378503 0.0166683713407 0)
(-0.182045031278 0.0133927989754 0)
(-0.18691497848 0.0108383932916 -5.10205933487e-23)
(-0.190898541562 0.00874228240633 4.83113293754e-23)
(-0.194072152952 0.00700211020978 -6.93402165861e-24)
(-0.196501114465 0.00551498773494 6.64647658369e-24)
(-0.198252934408 0.00421969743795 7.57166784736e-23)
(-0.199382142849 0.00306809199925 -7.31707816538e-23)
(-0.1999362351 0.00202721135886 0)
(-0.199954077523 0.00107303869311 0)
(-0.199469271626 0.000188770026811 0)
(-0.198510635556 -0.000637868181788 0)
(-0.197103487761 -0.00141545798575 0)
(-0.19527042172 -0.00214986514794 0)
(-0.193032227064 -0.00284477244204 2.06218197178e-22)
(-0.1904087111 -0.00350224586366 -4.31837733817e-22)
(-0.187419382238 -0.00412325883862 4.78389936289e-22)
(-0.184084146248 -0.00470816209016 -2.48959964275e-22)
(-0.18042335445 -0.00525732999851 -3.00710041774e-22)
(-0.176457266343 -0.00577128708739 -2.82009625647e-23)
(-0.172205924828 -0.00625056372442 -2.83602838e-23)
(-0.167689168693 -0.0066956686145 3.45702164691e-22)
(-0.162926662919 -0.00710699139814 -1.99491864692e-22)
(-0.157937954166 -0.00748487654083 1.97712709261e-22)
(-0.152742464302 -0.00782965931441 0)
(-0.147359469208 -0.00814172766861 -2.37057924511e-22)
(-0.141808041169 -0.00842155282999 1.10720258577e-22)
(-0.136106986594 -0.00866970993126 -7.01071323058e-24)
(-0.130274777095 -0.00888687941409 1.30506114574e-22)
(-0.12432948856 -0.00907384331516 3.59479958937e-23)
(-0.11828874378 -0.00923147679017 -3.58229595463e-23)
(-0.112169666928 -0.00936073978324 -3.91134649394e-23)
(-0.105988839684 -0.00946267316531 3.90263274751e-23)
(-0.0997622698987 -0.00953839175203 1.69111439285e-22)
(-0.0935053462838 -0.0095890839485 6.50802235224e-24)
(-0.0872328168398 -0.00961597530324 1.8817307062e-22)
(-0.0809587290085 -0.00962029279157 -3.63494428139e-22)
(-0.0746964533573 -0.00960309972762 3.88770770238e-22)
(-0.0684587249537 -0.00956521603345 1.22671666422e-23)
(-0.0622578425741 -0.00950701330772 -4.01951228627e-22)
(-0.0561060777916 -0.00942869757967 8.53325177867e-22)
(-0.0500155959827 -0.00933086749589 -1.73389972196e-21)
(-0.0439981143455 -0.00921451145739 1.78499194633e-21)
(-0.0380648243067 -0.00908080705308 -9.06798080104e-22)
(-0.0322262649505 -0.00893093442378 0)
(-0.0264924999629 -0.00876565590138 0)
(-0.0208732711088 -0.00858524712156 0)
(-0.0153784069664 -0.00838900115295 -1.03198183524e-21)
(-0.0100185877353 -0.00817577536246 1.03722816725e-21)
(-0.00480506984531 -0.0079445432984 1.08431264885e-21)
(0.000250124852394 -0.00769402671927 1.13074869513e-21)
(0.0051343380894 -0.00742254997549 -2.23355194331e-21)
(0.00983335221893 -0.00712725893722 2.32537287206e-21)
(0.0143316760221 -0.00680367996446 -4.71880854167e-21)
(0.018609784579 -0.00644472866091 4.82873279996e-21)
(0.0226459125408 -0.0060407934217 -2.4524350983e-21)
(0.0264098110789 -0.00557813470697 2.54899863138e-21)
(0.0298701159795 -0.00503992185661 -2.57462492656e-21)
(0.03297839744 -0.00440003131396 -2.67836056431e-21)
(0.0356913383044 -0.00363354059817 -3.65014978915e-23)
(0.0379324042185 -0.00269031245427 2.79681824064e-21)
(0.0396502023001 -0.00155810335701 0)
(0.0407427454955 -0.000123082167615 -1.84720738919e-25)
(0.0411731282524 0.00122748135728 4.70383324972e-20)
(0.0427406192526 0.00221795868176 -3.71163569027e-23)
(0.0461103033068 0.00394008912286 -3.96946762585e-19)
(0.0509814873995 0.00646902718379 -3.89194669896e-19)
(0.057555022508 0.0102204618915 7.52164422721e-19)
(0.0658145828999 0.0154054222623 -7.24447750498e-19)
(0.0759386846363 0.0222393458951 1.8311098351e-21)
(0.0881186150378 0.0308845814503 2.1133529774e-23)
(0.102314236961 0.0414280690079 -6.37178132838e-19)
(0.118356091205 0.0537608880682 -6.08860653318e-19)
(0.136043479622 0.0676716282456 0)
(0.155215754007 0.0828719072056 0)
(0.17558309934 0.0991887267695 -1.06125983689e-21)
(0.197069109189 0.116721559511 1.06268461304e-18)
(0.220098633702 0.135840769421 0)
(0.245240696562 0.15695726621 -4.88973161553e-19)
(0.273448686056 0.180558231234 -4.53653577344e-19)
(0.306293891508 0.206869922172 4.10234142112e-19)
(0.346950403552 0.235240194048 -3.58117417794e-19)
(0.398616916124 0.26331543206 2.88272248632e-19)
(0.462996958285 0.287221046515 -2.05320957345e-19)
(0.541204550825 0.301277481308 -1.02617484015e-19)
(0.629933706893 0.294864360259 1.19964831797e-23)
(0.717963103496 0.257101656535 1.17611304505e-19)
(0.779157219887 0.189233937362 -2.19790936579e-19)
(0.798816011906 0.118434482022 6.77149181709e-20)
(0.785936575309 0.0631552281559 1.81646378146e-20)
(0.759993401674 0.0330089223255 0)
(0.745819645572 0.0186567813939 0)
(0.73358358943 0.00520966331054 -1.8956557425e-22)
(0.71189787135 -0.0114644470816 5.23434658665e-20)
(0.6737461063 -0.0239943148974 -8.41034747469e-20)
(0.558018814515 -0.038038945268 -5.76737403124e-23)
(0.295702577946 -0.0146051851594 0)
(0.0313837162869 0.0379520652681 3.51018767914e-19)
(-0.0729089857946 0.0562059823399 -7.78290024118e-23)
(-0.0791768662893 0.0534150595797 6.60631498356e-23)
(-0.0721158289866 0.0518812982288 -2.02168117638e-19)
(-0.0680731184188 0.0520159797319 1.99508936206e-22)
(-0.0670367495555 0.054026723019 0)
(-0.0681944865698 0.0574018316435 -1.60312464341e-19)
(-0.0708266017544 0.0619245875992 -2.83307871888e-22)
(-0.0746247115731 0.066883303949 1.19893688296e-19)
(-0.0791557528897 0.0715793908388 1.03075199161e-19)
(-0.0841640157109 0.0754598973428 -1.7809508109e-19)
(-0.0895453045723 0.0780181387621 0)
(-0.0952271373319 0.0790238055263 6.78831562458e-20)
(-0.101178314242 0.0783159119098 0)
(-0.107391957726 0.075842379578 1.96780918279e-22)
(-0.113947684374 0.0716528064428 -1.87643661138e-22)
(-0.120864561894 0.0660088243737 4.10682634431e-20)
(-0.128120735112 0.0591751386202 1.34611910906e-22)
(-0.135707861327 0.0514289402506 -1.28478430957e-22)
(-0.143563508721 0.0431510016507 1.41762006578e-20)
(-0.151610051513 0.034864127863 -3.88531925809e-22)
(-0.159707858599 0.0272271503277 -1.694519232e-21)
(-0.166944775234 0.0217222187762 -1.01212966244e-22)
(-0.173208294409 0.0175888878474 9.2615708329e-23)
(-0.178705403434 0.0141861530831 -6.94567620462e-23)
(-0.183326790633 0.0114988624605 6.53013898865e-23)
(-0.187114312546 0.00927670009187 0)
(-0.19012630092 0.0074190920737 0)
(-0.192420775016 0.00582354873586 3.75215679106e-23)
(-0.194058165637 0.00442832725315 -1.06734071188e-22)
(-0.195088964558 0.00318412792266 6.82497324281e-23)
(-0.195557435922 0.00205693754125 -1.42023168011e-22)
(-0.1955002538 0.00102182097575 1.38112765123e-22)
(-0.194949402451 6.12840989512e-05 0)
(-0.193932540678 -0.000837528161632 2.59223433537e-22)
(-0.192474066504 -0.00168363791186 -2.53306693485e-22)
(-0.190595839299 -0.00248323327409 -1.70973369425e-22)
(-0.188318041218 -0.00324019163992 -2.46076504591e-23)
(-0.185659958947 -0.00395666213516 1.88808350744e-22)
(-0.182640637889 -0.00463359962934 2.35848968355e-22)
(-0.179279596408 -0.00527127730639 -2.32259855732e-22)
(-0.175596880387 -0.00587003602543 0)
(-0.171612485071 -0.00643042294857 0)
(-0.16734620659 -0.00695299937405 -3.26214323836e-22)
(-0.162817652298 -0.0074383026527 3.22717438942e-22)
(-0.15804626725 -0.00788674354301 0)
(-0.153051391982 -0.00829868454028 0)
(-0.147852252958 -0.00867448118741 0)
(-0.142467940477 -0.00901454835011 0)
(-0.136917349506 -0.00931939360831 0)
(-0.131219116728 -0.00958963887183 0)
(-0.125391551397 -0.00982602152458 -6.41947355865e-23)
(-0.1194525748 -0.0100293897763 6.39262795335e-23)
(-0.11341966364 -0.0102006929167 0)
(-0.107309805771 -0.0103409718231 0)
(-0.1011394579 -0.0104513541859 7.6011226244e-23)
(-0.0949245164379 -0.010533047234 -7.58785467375e-23)
(-0.0886802735455 -0.0105873373516 0)
(-0.0824213965636 -0.0106155540272 0)
(-0.0761618628268 -0.0106190327297 0)
(-0.0699149764976 -0.0105989402071 0)
(-0.0636933940962 -0.0105561832135 0)
(-0.0575093218281 -0.0104911708166 0)
(-0.0513749566098 -0.0104041169701 0)
(-0.0453024100328 -0.0102956611839 0)
(-0.0393033517185 -0.0101668665206 8.43166266369e-22)
(-0.0333889408757 -0.0100190006019 -8.4559324735e-22)
(-0.02756969962 -0.00985333329189 0)
(-0.0218556886288 -0.00967069027548 0)
(-0.0162566397205 -0.00947137172483 0)
(-0.0107823670343 -0.00925460070802 0)
(-0.00544355726753 -0.0090191210903 1.97108578773e-21)
(-0.000251466626723 -0.00876380569746 -1.98093382577e-21)
(0.00478192035336 -0.00848726659694 2.06648549941e-21)
(0.0096440055797 -0.00818767275281 -4.19042529429e-21)
(0.0143207180305 -0.0078619534469 4.28689925938e-21)
(0.018796755579 -0.00750526608283 -2.17470567989e-21)
(0.0230530074013 -0.00711003822795 0)
(0.0270681971756 -0.00666592910912 0)
(0.0308131555391 -0.00615842633121 -2.36653459324e-21)
(0.0342578192483 -0.00556954978366 4.81269876108e-21)
(0.0373562819784 -0.00487212119915 -4.93476140004e-21)
(0.0400685547178 -0.00403965156205 2.51680239919e-21)
(0.0423228267632 -0.00302091634897 -2.62483204741e-21)
(0.0440766713575 -0.00180258329749 2.67566503111e-21)
(0.0452310694521 -0.000271293667061 -2.81308384093e-21)
(0.0457716327559 0.00120166339854 -4.63934378974e-20)
(0.0474512131407 0.00235433864705 -1.84501544487e-19)
(0.0509240241051 0.00421664358422 2.90618895807e-21)
(0.0558979169779 0.00688071698509 3.5741637981e-19)
(0.0625777739816 0.0107472796667 -6.96318812119e-19)
(0.0709521569988 0.0160254870436 6.71965814766e-19)
(0.0811952591565 0.0229189483568 -6.44392958314e-19)
(0.093479699403 0.0315814007644 0)
(0.107745314715 0.0420964032295 0)
(0.123806085107 0.0543616303197 -5.6062434263e-19)
(0.141462939741 0.0681720185494 0)
(0.16057316443 0.0832569234849 2.02311228251e-21)
(0.180894275223 0.0994741049116 5.00103395427e-19)
(0.202399146511 0.116937067836 -4.88365615298e-19)
(0.225526451407 0.135996933667 -4.67790415353e-19)
(0.250848281884 0.157038534962 8.50207620338e-22)
(0.279326976367 0.180497707176 4.17794494368e-19)
(0.312579538978 0.206506299621 -4.73645460806e-21)
(0.353762200726 0.234355576197 0)
(0.405993361794 0.261690178074 0)
(0.470800590785 0.284548562664 0)
(0.54882222657 0.297263369098 9.48019439582e-20)
(0.636448264908 0.289793786389 -4.54153475383e-24)
(0.721995271285 0.251971227805 -3.52643727787e-23)
(0.780728508226 0.186147410877 3.69704906258e-21)
(0.800159174444 0.118193779012 5.50268495559e-23)
(0.788900084584 0.0646901153589 -1.65178568974e-20)
(0.765060055047 0.0347622252385 0)
(0.751826257978 0.0199329760135 0)
(0.74008571406 0.00642003847056 -1.16850734407e-20)
(0.719472555243 -0.0098707943076 -4.76135959858e-20)
(0.684880822596 -0.0206226185754 1.468747593e-19)
(0.590313359666 -0.0349673249642 -8.39116821044e-23)
(0.353609587047 -0.0208326558068 8.18878393055e-23)
(0.0788400448172 0.0280553290631 -2.42544674802e-23)
(-0.0591920443102 0.0540594381438 -9.6501942837e-23)
(-0.0781861734954 0.0529570820346 -4.8159493479e-23)
(-0.0726602943617 0.0515735487143 9.93589005978e-23)
(-0.0684764092389 0.0519567663273 0)
(-0.0671889405807 0.0541519577139 -2.96812842971e-22)
(-0.068050661312 0.0575898947546 2.90764033411e-22)
(-0.0703402290077 0.0620900257119 -2.37585539869e-22)
(-0.073801795333 0.0669853733815 -1.07988357748e-19)
(-0.0780503849566 0.0716094271798 -8.69245548089e-22)
(-0.0828597776844 0.0754468959995 8.06615752883e-20)
(-0.0881249177607 0.0780113505344 9.58097581673e-24)
(-0.0937575571995 0.0790680205318 4.89730928701e-22)
(-0.0997129114385 0.0784500419658 -1.21684222579e-23)
(-0.105962843628 0.0760978195646 -1.99969513026e-22)
(-0.112554284262 0.072045463946 0)
(-0.119481587699 0.0665318988585 -3.81591633967e-20)
(-0.126707897377 0.0598153999913 0)
(-0.134202969624 0.0521767381917 1.57386679624e-20)
(-0.141880640107 0.044002180006 2.2652187116e-22)
(-0.149645392429 0.0358275640968 6.60882336017e-21)
(-0.157286185261 0.0282847348238 0)
(-0.164011732683 0.0227356937145 9.5884312655e-23)
(-0.169886634215 0.0184839839545 -8.80144551184e-23)
(-0.175083177224 0.0149617626889 -6.53912864141e-23)
(-0.179460992421 0.0121459423048 1.06092751598e-22)
(-0.183054267977 0.00980011055789 -4.22551160684e-23)
(-0.185905064837 0.00782587307623 0)
(-0.188064774922 0.00612187157715 -3.53196229753e-23)
(-0.189587184567 0.00462610411453 1.00445143869e-22)
(-0.190518953304 0.00328835964508 -6.42350448125e-23)
(-0.190901213551 0.00207368708115 -1.33579386469e-22)
(-0.190768488509 0.000956328781538 1.29960622908e-22)
(-0.190151168099 -8.18375202934e-05 -2.06222657816e-22)
(-0.189075766231 -0.00105421203917 2.0118830808e-22)
(-0.187565773572 -0.00197023557176 -2.82454651096e-22)
(-0.18564233346 -0.00283640385522 2.76594498107e-22)
(-0.18332503427 -0.00365677755237 0)
(-0.180632652381 -0.00443357936529 0)
(-0.177583777326 -0.00516773351418 0)
(-0.174197549127 -0.00585941965199 0)
(-0.170493717004 -0.00650893446461 0)
(-0.166492013109 -0.00711684440996 0)
(-0.162211985193 -0.00768374019682 0)
(-0.157673006477 -0.00821018676251 0)
(-0.152894298881 -0.00869661460622 -1.75608879319e-22)
(-0.147894993562 -0.00914340291391 3.60701603473e-22)
(-0.14269411795 -0.00955092656578 1.25366121309e-23)
(-0.137310572611 -0.00991962689386 -1.96291278026e-22)
(-0.131763070353 -0.0102500479041 0)
(-0.12607007256 -0.0105428588021 -1.15523710017e-22)
(-0.120249719831 -0.0107988547711 1.14959783898e-22)
(-0.114319771929 -0.0110189512796 3.16677148716e-23)
(-0.108297551999 -0.0112041729415 -3.15543305662e-23)
(-0.102199903695 -0.0113556427469 -3.44527513039e-23)
(-0.0960431505703 -0.0114745762796 3.43701432484e-23)
(-0.0898430692889 -0.011562274137 1.48926156038e-22)
(-0.0836148472167 -0.0116201216432 -1.48729485725e-22)
(-0.0773730632241 -0.0116495536935 0)
(-0.0711316170008 -0.0116520169902 -3.3106036056e-22)
(-0.0649037392636 -0.0116287860959 3.31103081379e-22)
(-0.0587019995135 -0.0115808601101 0)
(-0.0525385020566 -0.0115086865731 7.28216719569e-22)
(-0.0464253642425 -0.0114124840916 -7.29265916916e-22)
(-0.0403746408519 -0.0112929322374 -7.7219217814e-22)
(-0.0343979479338 -0.0111511697266 7.73935095001e-22)
(-0.0285064047637 -0.0109885549374 0)
(-0.0227105074816 -0.0108064485043 0)
(-0.0170203051353 -0.0106057412347 8.60301007187e-22)
(-0.0114455085593 -0.0103867603108 1.89119877111e-23)
(-0.0059959075935 -0.0101486548532 -8.86090129428e-22)
(-0.000682193426158 -0.00989004968832 1.85382280815e-21)
(0.00448437887614 -0.00960971737855 3.59585558791e-23)
(0.00949186879456 -0.00930616178531 -1.9055146226e-21)
(0.0143277521284 -0.00897740077557 0)
(0.0189781153239 -0.00862015095175 0)
(0.0234278656336 -0.00822921085456 0)
(0.0276583169421 -0.00779652935795 0)
(0.0316487062922 -0.00731106550831 -2.16878730103e-21)
(0.0353709282491 -0.00675757552763 2.18612996242e-21)
(0.0387962575762 -0.00611700884231 0)
(0.0418812101781 -0.00536125341253 0)
(0.0445891368789 -0.00446239458561 0)
(0.0468525427312 -0.00336845904535 2.45523668275e-21)
(0.0486376640194 -0.00206497402245 -2.5003612983e-21)
(0.0498474273533 -0.000439879464146 -1.59248066026e-25)
(0.0504868933601 0.00115241225951 0)
(0.0522743837325 0.00246445796804 1.80345025453e-19)
(0.0558521948571 0.0044644532061 -5.36388838552e-21)
(0.060931322818 0.00725975682198 3.30931029972e-19)
(0.0677204014769 0.0112363737155 5.05172564909e-21)
(0.07621120969 0.0166013649928 -6.28242894516e-19)
(0.0865727686916 0.0235475180403 4.67818773638e-21)
(0.098958822816 0.0322214863699 5.67007220265e-19)
(0.113288486978 0.0427037461866 5.45967211725e-19)
(0.12935998883 0.0548975801361 5.24511118752e-19)
(0.146979040132 0.0686033916314 1.96696393602e-21)
(0.166025615893 0.083568144851 4.84117389285e-19)
(0.186304794282 0.0996783720402 -2.29459751774e-21)
(0.207833941705 0.117059916426 0)
(0.231062268502 0.136044842627 4.3599442974e-19)
(0.256564557707 0.156989675168 8.21612906822e-22)
(0.285318309988 0.180271490181 0)
(0.318987414094 0.205949901359 -3.51683570366e-19)
(0.360748067083 0.233302842243 0)
(0.413632863517 0.259846505229 0)
(0.478800122415 0.281611658562 0)
(0.556462656104 0.292987244248 -2.99706632256e-21)
(0.642828429657 0.284454237329 0)
(0.726072039863 0.246851574125 9.51347115719e-20)
(0.782404900374 0.183079455603 8.9561414031e-20)
(0.801594339639 0.117897207068 0)
(0.79180977629 0.0661304740264 0)
(0.769867688997 0.0364481463984 0)
(0.757530004294 0.0211885178737 2.07333735621e-23)
(0.746208555731 0.00762746308475 -6.19351625925e-23)
(0.726623382709 -0.00831389744961 4.21662596696e-20)
(0.694616573546 -0.0176755837158 -6.50425682708e-20)
(0.617586140751 -0.03129001396 -7.26230565898e-23)
(0.408464740174 -0.0250952983922 1.7725898876e-19)
(0.131915058364 0.0178776118073 2.63717352231e-19)
(-0.0391662733529 0.0506488448617 0)
(-0.075409764748 0.0522773089746 0)
(-0.0728461076039 0.0511031012761 0)
(-0.0686660794646 0.0516935308258 0)
(-0.0671093910408 0.0540627871337 0)
(-0.0676589932797 0.0575593235624 0)
(-0.0695979609576 0.0620397080362 1.12346176407e-19)
(-0.072723378232 0.0668861213556 9.68455814689e-20)
(-0.076692902824 0.07145796479 -8.49648628817e-20)
(-0.081302845724 0.0752710564582 0)
(-0.0864456785603 0.0778567384142 2.52118332687e-22)
(-0.0920181621318 0.0789761883898 -8.48029785198e-24)
(-0.09796232371 0.0784571391375 -5.27970421069e-20)
(-0.104230066902 0.0762333015792 -3.68024079143e-22)
(-0.110837486589 0.0723252208104 4.89174777987e-22)
(-0.117755810875 0.0669507884674 -3.05136441684e-22)
(-0.124935240818 0.0603622580091 0)
(-0.132327400266 0.0528440551413 7.79834066088e-22)
(-0.139825364307 0.0447867912392 0)
(-0.147319079759 0.0367349185141 0)
(-0.15453123902 0.029293536032 1.42749175401e-21)
(-0.160778111866 0.023710812654 1.83738726478e-22)
(-0.166280846395 0.0193529131799 7.88357078578e-23)
(-0.171182935381 0.0157182732083 -7.36166205114e-23)
(-0.175319507335 0.0127781389416 0)
(-0.178718178279 0.0103109962932 1.94745139939e-23)
(-0.181406370982 0.00822098893856 -1.86155009267e-23)
(-0.183429407595 0.00640856218611 0)
(-0.184834816344 0.00481170419575 0)
(-0.185665596076 0.0033795238639 9.40717006851e-23)
(-0.185959823003 0.00207624360661 -9.13316827933e-23)
(-0.185749892285 0.000875381020104 1.60598152709e-22)
(-0.185064611315 -0.000241749101337 -3.5223332922e-22)
(-0.183929357708 -0.0012890522045 1.909166479e-22)
(-0.182366723995 -0.00227636475799 2.68067566338e-22)
(-0.180397150253 -0.00321047349087 -2.62590977192e-22)
(-0.178039641026 -0.00409561054625 3.43741420907e-22)
(-0.175312469271 -0.00493406244568 -3.37761894357e-22)
(-0.172233770965 -0.00572671001292 0)
(-0.168822312258 -0.00647362201545 0)
(-0.165097552169 -0.00717504012125 2.51274537752e-22)
(-0.161078959771 -0.00783154738789 2.35786953412e-23)
(-0.156785830781 -0.00844376261372 -5.60947826574e-22)
(-0.152237299686 -0.00901227728038 6.02389784474e-22)
(-0.147452360339 -0.00953754014616 2.38817249976e-23)
(-0.142449929702 -0.0100199456575 -3.31113254792e-22)
(-0.137248831061 -0.0104598870719 0)
(-0.131867769628 -0.010857831773 0)
(-0.126325269736 -0.0112143603441 0)
(-0.120639610388 -0.0115301899083 -1.099015448e-22)
(-0.114828755707 -0.0118061744075 -5.84181966825e-24)
(-0.108910295454 -0.0120432977422 5.44617340597e-23)
(-0.102901390213 -0.0122426611093 6.00350876631e-23)
(-0.0968187300217 -0.0124054708247 6.55494273166e-23)
(-0.090678495611 -0.0125330314323 7.09958271207e-23)
(-0.0844963341619 -0.0126267377943 5.53906781705e-24)
(-0.078287318678 -0.0126880750202 -1.41451932079e-22)
(-0.072065930602 -0.0127185847601 0)
(-0.0658459834814 -0.0127198276698 0)
(-0.059640626784 -0.0126931907508 3.25255536931e-22)
(-0.0534623334279 -0.0126397714969 -9.96751000475e-22)
(-0.0473230949809 -0.0125600566506 -2.02592084354e-23)
(-0.0412349433872 -0.0124542653429 1.40600277384e-21)
(-0.0352098730832 -0.0123231163854 -1.44786651348e-21)
(-0.0292594397367 -0.0121678255245 7.35221973948e-22)
(-0.0233947142021 -0.0119898427774 -7.7523674193e-22)
(-0.017626157145 -0.0117906206428 7.77389016579e-22)
(-0.0119637971663 -0.0115711169785 0)
(-0.00641731237141 -0.011331688762 -1.67523895289e-21)
(-0.000996457627824 -0.0110714062318 1.68147951058e-21)
(0.00428807230166 -0.0107887687336 -1.75763722167e-21)
(0.00942502469773 -0.0104824494804 1.76376754799e-21)
(0.0144025134936 -0.0101508469183 0)
(0.0192080964511 -0.00979183263444 -1.87950979804e-21)
(0.0238280303271 -0.00940191608397 3.80969609386e-21)
(0.0282474516966 -0.00897554812978 -3.89481333338e-21)
(0.0324481096834 -0.00850420952958 -3.15429054593e-23)
(0.0364097755872 -0.00797618931016 2.02013146e-21)
(0.0401053935107 -0.00737555755182 0)
(0.0435076027981 -0.00668227368994 2.14618128605e-21)
(0.0465752471874 -0.00586741629747 -2.16762314662e-21)
(0.0492749998739 -0.00490177880273 -2.25392860162e-21)
(0.0515432984488 -0.00373296262515 2.28574191633e-21)
(0.0533546936485 -0.00234527297357 0)
(0.0546131806049 -0.000628617554873 4.94096476557e-21)
(0.0553407201293 0.00108006923992 6.12863470223e-23)
(0.0572311663034 0.00254868642049 5.97555261034e-23)
(0.0609148390675 0.00468431609933 3.24801034789e-19)
(0.066101217184 0.00760763078251 -3.21728524819e-19)
(0.0730018930436 0.0116899356574 0)
(0.0816102078884 0.0171360128009 0)
(0.0920890284663 0.0241288160965 0)
(0.104572806626 0.0328093513796 -5.3919166924e-19)
(0.118959271304 0.04325518425 -5.15310768731e-19)
(0.135032138138 0.0553739796571 1.92393618367e-21)
(0.152605786879 0.0689706928463 -1.85116433635e-21)
(0.171587788633 0.083809992771 -9.10488035458e-19)
(0.191830473272 0.0998057077257 -4.43566532375e-19)
(0.213390438735 0.117094395547 0)
(0.236724194458 0.135988203753 0)
(0.262410670839 0.156809870507 3.84710520273e-19)
(0.291447909499 0.179880038855 0)
(0.325562435803 0.205257749435 3.08035310103e-22)
(0.368043156908 0.232081599077 3.04822506657e-19)
(0.421566449802 0.257815748182 0)
(0.486968075317 0.278477827299 -1.68440607108e-23)
(0.564142231231 0.288484972911 -8.98242767902e-20)
(0.649074569413 0.278897751027 -1.09860118717e-23)
(0.730113150877 0.241692803125 -1.81156117678e-19)
(0.784183502332 0.180027712884 -7.78518162225e-20)
(0.803129737681 0.117547028527 4.60889834649e-23)
(0.794702623973 0.0674819425195 -5.19231331554e-23)
(0.774494332181 0.0380725216137 0)
(0.763012647304 0.0224278705583 -1.8955713766e-23)
(0.75205198604 0.00883147363178 2.04472196502e-23)
(0.733452890435 -0.0067771974661 -3.898592982e-20)
(0.703373199205 -0.0151240507715 0)
(0.640418662436 -0.0273292780149 -2.53743143391e-23)
(0.459378536219 -0.0275222698378 -3.0274275899e-21)
(0.188926212082 0.00815212740841 -2.27899279501e-19)
(-0.0114049501934 0.0456232890395 0)
(-0.0699544958532 0.0512796048371 0)
(-0.072472639599 0.0504704890625 0)
(-0.0686445971494 0.0512458485134 0)
(-0.0668314720485 0.0537819454653 -2.44498197534e-22)
(-0.06706007716 0.0573374994268 2.39000283993e-22)
(-0.0686400357779 0.0618012719798 -8.57025375255e-22)
(-0.0714241225768 0.066610175885 -8.96160201964e-20)
(-0.0751110372599 0.0711454338469 -7.70081959841e-20)
(-0.0795149183877 0.0749488318463 -2.71607485615e-22)
(-0.08452487713 0.0775676345527 0)
(-0.0900233856236 0.0787594054549 0)
(-0.0959395836326 0.0783468463119 -2.94618597355e-22)
(-0.102206561715 0.0762575970697 0)
(-0.108811343542 0.0725003053274 3.09844075201e-22)
(-0.115703426231 0.0672733623457 -2.96368985578e-22)
(-0.122821601034 0.0608232051387 3.36752604859e-20)
(-0.130102076896 0.0534375643239 -1.45501886244e-20)
(-0.137418905759 0.0455100138477 0)
(-0.144649716527 0.0375894152309 -2.10829318108e-22)
(-0.151455852655 0.0302547795492 -1.14915743975e-21)
(-0.157249896033 0.0246473580182 -1.78998645734e-22)
(-0.16239246819 0.0201942823305 0)
(-0.167003465369 0.0164538050484 1.19515986496e-22)
(-0.170898896975 0.0133934915385 -7.22268970235e-23)
(-0.174100753151 0.0108074161704 -3.86309051119e-23)
(-0.176623306783 0.00860258846582 -5.54411418738e-24)
(-0.178506298801 0.00668187101789 5.33001137579e-24)
(-0.179791356925 0.00498347665451 6.00601579026e-23)
(-0.180517966947 0.0034560550018 -1.47995583308e-22)
(-0.180721207518 0.0020631097704 8.72532256903e-23)
(-0.180431354488 0.000777534149516 0)
(-0.179675636876 -0.000419850217392 0)
(-0.178478300551 -0.00154341042822 -2.21209327258e-22)
(-0.176861046304 -0.00260335339828 2.16385958996e-22)
(-0.174843619372 -0.00360673842615 -2.9224794359e-22)
(-0.172444447706 -0.00455795672637 6.15703790458e-22)
(-0.169681305062 -0.00545934879962 -3.23247887889e-22)
(-0.16657187224 -0.00631173872709 2.02013779289e-22)
(-0.16313454262 -0.00711506534597 2.21340937234e-23)
(-0.159388490079 -0.00786950405589 2.23873550574e-23)
(-0.155352919472 -0.00857565257865 -2.37676419968e-22)
(-0.151046868829 -0.00923415676294 0)
(-0.146489227487 -0.00984563359317 3.00006796595e-22)
(-0.141698754655 -0.0104105484647 2.28914115786e-23)
(-0.136694146778 -0.0109293095415 -3.17327367595e-22)
(-0.131494016434 -0.0114023274678 1.80232723803e-22)
(-0.126116866402 -0.0118300953093 -3.69348828709e-22)
(-0.120581024706 -0.012213230475 1.89184012797e-22)
(-0.114904579331 -0.0125524987468 0)
(-0.109105308495 -0.0128488139007 1.1044053453e-22)
(-0.103200621854 -0.0131032295437 -1.67729241356e-22)
(-0.0972075067749 -0.0133169247885 5.75489259832e-23)
(-0.0911424886259 -0.0134911905238 6.28345482927e-23)
(-0.0850215940358 -0.0136274213035 -1.93399719099e-22)
(-0.0788603294076 -0.0137271070686 1.30458378667e-22)
(-0.0726736423655 -0.0137918334119 0)
(-0.0664759067031 -0.0138232499165 0)
(-0.0602808402785 -0.0138230338527 -3.01640017751e-22)
(-0.0541015027157 -0.0137926895421 3.01581501829e-22)
(-0.0479502596125 -0.0137334195803 0)
(-0.0418389772726 -0.0136457503278 -6.62948205762e-22)
(-0.0357795953653 -0.0135298962689 6.63636959954e-22)
(-0.0297840438387 -0.0133866146135 0)
(-0.0238638101614 -0.0132171999695 0)
(-0.018029907314 -0.0130231950246 -7.41949266372e-22)
(-0.0122927504004 -0.0128061452131 7.43824122938e-22)
(-0.00666233855541 -0.0125670775094 0)
(-0.00114830457083 -0.012306381964 -1.6020523688e-21)
(0.00423964255068 -0.0120230439784 3.24720124386e-21)
(0.00949080504716 -0.0117154295115 -1.6451175021e-21)
(0.0145939383658 -0.0113821144071 1.71636665856e-21)
(0.019537215094 -0.0110213950434 -1.72255838504e-21)
(0.0243082855906 -0.0106310029712 0)
(0.0288935896351 -0.0102072473665 0)
(0.0332785126261 -0.00974424380572 0)
(0.0374452493763 -0.00923301658462 -1.91283391626e-21)
(0.0413741225822 -0.00866121599445 1.92486807104e-21)
(0.0450391119966 -0.0080122747237 1.99793473598e-21)
(0.04841423774 -0.00726524419334 -2.01418505247e-21)
(0.0514605820021 -0.00639051999276 0)
(0.0541480953507 -0.00535773010635 4.28685955804e-21)
(0.0564167873737 -0.00411435552019 -4.3439255339e-21)
(0.0582491412972 -0.00264337662476 0)
(0.0595494708954 -0.000837201673231 4.68392665495e-21)
(0.0603545604348 0.00098503792165 -4.80576714954e-20)
(0.0623422753664 0.00260737243996 4.83559976776e-21)
(0.0661316140893 0.0048768339357 -3.12819984155e-19)
(0.0714265964011 0.00792544348645 9.38693519798e-21)
(0.0784405706903 0.0121096347282 5.76324965111e-19)
(0.0871667869646 0.0176317360226 4.38819729584e-21)
(0.0977608284543 0.0246658438666 -8.36209499212e-21)
(0.110337206346 0.0333486513668 1.97687993162e-21)
(0.124771624545 0.0437547867562 3.81265095136e-21)
(0.140835076379 0.0557947828779 4.65160594525e-19)
(0.158355330525 0.0692772837556 -4.48190893305e-19)
(0.177272549867 0.0839851584064 4.33313040726e-19)
(0.197485393871 0.0998583010687 0)
(0.219084227993 0.117041608026 -4.02577680967e-19)
(0.242530154385 0.135824399627 1.52479319651e-21)
(0.268407189643 0.156494228321 -3.66092648308e-19)
(0.297730345677 0.17937876846 0)
(0.332454306194 0.204443212957 3.2948598725e-19)
(0.375706857648 0.23072710682 -3.06946471475e-19)
(0.429780679438 0.255631349999 -2.75228232806e-22)
(0.495322546369 0.275138128082 -1.62915959306e-23)
(0.571886753303 0.283763044489 -8.30878692787e-20)
(0.655232484125 0.273144882773 0)
(0.734025823357 0.236415750329 3.46634900051e-21)
(0.786048903871 0.176983389403 7.3912398672e-20)
(0.804768866195 0.11714356736 0)
(0.797603895276 0.0687481588172 -2.12243921506e-23)
(0.77899557857 0.0396394527454 2.40204666363e-23)
(0.768335025495 0.0236543123563 0)
(0.757692481572 0.0100318039923 3.30054548047e-23)
(0.740034860194 -0.00524977788471 -3.59256071219e-23)
(0.711458884519 -0.0129144860501 -5.32849759783e-20)
(0.659468171495 -0.0233470756662 -2.19756372716e-23)
(0.505676128836 -0.0282670727729 -1.32933271554e-19)
(0.24815611652 -0.000548806281984 1.93084834607e-19)
(0.0248417661803 0.0388623054765 0)
(-0.0606590759709 0.0498111779992 0)
(-0.071181140647 0.0496534435679 0)
(-0.0683685308481 0.0506241819735 0)
(-0.0663720936278 0.0533235626261 0)
(-0.0662826750678 0.0569430878709 0)
(-0.0674967669109 0.0613941191084 -1.88698474516e-19)
(-0.0699302701234 0.0661746784063 8.18175859052e-20)
(-0.0733254877645 0.0706858648825 1.44360859524e-19)
(-0.0775118326839 0.074491385997 -6.29736016124e-24)
(-0.0823747586104 0.0771530125509 -2.27059029295e-22)
(-0.0877831167587 0.0784251357915 5.2199178934e-20)
(-0.093653391116 0.0781257106549 9.50634385076e-20)
(-0.0999008614318 0.0761767731837 3.47234565499e-22)
(-0.106485146111 0.0725765210221 0)
(-0.113335200159 0.0675052338787 -2.75721796227e-22)
(-0.120379440276 0.0612035558995 -3.19330787829e-20)
(-0.12754053451 0.0539618398682 0)
(-0.134674431645 0.0461751205516 0)
(-0.141647931892 0.0383927712155 0)
(-0.148065802629 0.03116865502 -1.75624459188e-21)
(-0.153427303388 0.0255443416697 3.04542053728e-24)
(-0.158218062882 0.0210060906219 1.59749267649e-22)
(-0.162538985191 0.0171659604059 0)
(-0.166191418008 0.0139895635992 0)
(-0.169192575462 0.011286988647 -3.64290993244e-23)
(-0.171544958773 0.00896841244461 3.48840310999e-23)
(-0.173283166668 0.00693967019356 0)
(-0.174443267197 0.00513942049173 5.76502582865e-23)
(-0.175061363908 0.00351606256745 -5.58711360668e-23)
(-0.175169584257 0.0020324854926 -1.16341370151e-22)
(-0.174796082244 0.00066106157825 1.13353699417e-22)
(-0.173966507232 -0.00061780504055 1.79855799248e-22)
(-0.172703975644 -0.00181889570351 -3.88552835887e-22)
(-0.171029300084 -0.00295275989535 4.55093181653e-22)
(-0.168961536083 -0.00402670933354 -2.41891367983e-22)
(-0.16651854038 -0.00504528108552 0)
(-0.163717589814 -0.00601085985541 3.52809650695e-22)
(-0.160575905186 -0.0069241990822 4.20679372596e-23)
(-0.157111505679 -0.007785086575 -5.97074631761e-22)
(-0.153343284233 -0.00859361965778 2.1044027929e-22)
(-0.149290179132 -0.00935040973765 -2.51003474708e-22)
(-0.144970962981 -0.0100561290426 2.48211181614e-22)
(-0.140404271747 -0.0107114189923 -2.89428944469e-22)
(-0.135608621747 -0.0113167598172 2.8673365511e-22)
(-0.130602481093 -0.0118725717217 0)
(-0.125404243609 -0.012379281719 0)
(-0.12003220103 -0.0128374082456 1.83740559114e-22)
(-0.114504475656 -0.0132476059038 -1.82593829813e-22)
(-0.108838954137 -0.0136106900211 0)
(-0.103053217636 -0.0139276354202 -1.0660132725e-22)
(-0.0971644838246 -0.014199566803 1.61894532624e-22)
(-0.0911895544127 -0.0144277426126 -5.55451168144e-23)
(-0.0851447772522 -0.0146135395928 -6.06461178134e-23)
(-0.0790460118201 -0.0147584433312 1.86651279832e-22)
(-0.0729086107269 -0.0148640395593 5.13169933282e-24)
(-0.0667473835852 -0.0149320148577 -1.30805865429e-22)
(-0.0605765849099 -0.0149641276939 -2.81389469916e-22)
(-0.0544098261691 -0.0149621744942 2.81169462972e-22)
(-0.0482600677337 -0.0149277820588 0)
(-0.0421395558884 -0.0148622656033 0)
(-0.0360600172789 -0.0147661911607 6.39296057201e-22)
(-0.0300332912816 -0.0146397621474 1.84418583369e-23)
(-0.0240712384876 -0.0144837733225 -6.59067355238e-22)
(-0.0181852690977 -0.0142996005291 0)
(-0.012386327579 -0.0140888802483 7.14934644083e-22)
(-0.00668477271097 -0.0138532517806 -2.18408992172e-21)
(-0.00109056499426 -0.0135938135244 2.97617438034e-21)
(0.00438672101556 -0.013310992769 -1.50837487979e-21)
(0.00973743349594 -0.0130036822689 0)
(0.0149508776753 -0.0126701057279 -1.61343594006e-21)
(0.0200158158431 -0.0123087439064 3.26764598071e-21)
(0.0249204863844 -0.0119177959259 -3.34083247286e-21)
(0.0296526430851 -0.0114948606322 1.69211719756e-21)
(0.0341989213663 -0.0110360553076 1.75953080371e-21)
(0.0385449744496 -0.0105351738805 -1.76772125079e-21)
(0.0426734530861 -0.00998279668773 0)
(0.0465652444781 -0.00936596759261 1.87488595028e-21)
(0.0501953499507 -0.00866753384392 -1.88737073679e-21)
(0.0535391763881 -0.00786572231819 0)
(0.0565599585926 -0.00693037250159 0)
(0.0592308537311 -0.00583006625746 0)
(0.0614951043974 -0.0045124469221 -4.21001138892e-21)
(0.0633427216294 -0.00295905434019 4.27473224444e-21)
(0.0646776967853 -0.00106521429023 -4.46953448455e-21)
(0.0655499846146 0.000867822005873 4.12117517477e-20)
(0.0676285719063 0.00264091655472 0)
(0.0715222856865 0.00504253330614 -2.93621431245e-19)
(0.0769264245844 0.00821408343496 4.50472052613e-21)
(0.0840545739612 0.0124968205736 -5.59568771105e-19)
(0.0928982318129 0.0180904363551 0)
(0.10360440337 0.0251611403065 0)
(0.116266748051 0.0338425238974 4.91793960139e-19)
(0.130738340138 0.0442059573658 -3.63810051481e-21)
(0.146779949072 0.0561630039142 -1.43695229826e-21)
(0.164238408995 0.0695253424396 3.33903472523e-21)
(0.183091637015 0.0840948029088 4.10214916941e-19)
(0.203283279704 0.0998354833377 0)
(0.224931286771 0.116897754064 7.68149973388e-19)
(0.248495324875 0.135550903406 -1.45327929897e-21)
(0.274555554404 0.156088529045 3.50354736505e-19)
(0.304318035871 0.178790019037 6.44141011416e-22)
(0.339771654822 0.203532842996 -3.34302839112e-19)
(0.383731840429 0.229266776898 -5.83234608584e-22)
(0.438290096069 0.253278367928 3.74539991856e-22)
(0.503875564339 0.271589070913 -1.71346917445e-19)
(0.579710207507 0.278839896272 8.2178621009e-20)
(0.661348400853 0.267232149186 -3.69820920789e-24)
(0.737806472086 0.23104058245 8.35467556513e-20)
(0.787988545931 0.173935969075 -6.47791813944e-20)
(0.80651284081 0.116685198181 3.88718306515e-20)
(0.800531308474 0.0699312161063 0)
(0.783412058384 0.0411516700721 0)
(0.773543342316 0.0248700773441 0)
(0.763189558723 0.0112283994443 0)
(0.746424582066 -0.00372546378455 -2.66362775137e-23)
(0.719097618389 -0.0109839516659 4.93459529186e-20)
(0.67541812204 -0.0195555472386 0)
(0.54685738752 -0.0275663662404 0)
(0.307871899474 -0.00783138385662 -3.34261385904e-19)
(0.0692573196349 0.0306671151073 0)
(-0.0462245276146 0.0476793719378 0)
(-0.0684218224127 0.04861384833 0)
(-0.0677210536226 0.0498244500766 -2.66239086641e-22)
(-0.0657266507345 0.0526947005667 -1.15151272445e-19)
(-0.0653445383255 0.0563877558066 0)
(-0.0661908043527 0.0608314791474 1.75460650223e-19)
(-0.0682622256045 0.0655913477419 -1.17014341535e-21)
(-0.0713522737401 0.0700886915603 -6.74012157772e-20)
(-0.0753055256071 0.073906067866 -5.99030231922e-20)
(-0.080004141235 0.0766186669678 0)
(-0.0853040608562 0.0779781560535 -9.95188046283e-20)
(-0.0911093045172 0.0777979506271 -4.53737044353e-20)
(-0.0973181988046 0.0759948240489 -6.58752284928e-22)
(-0.10386450773 0.072557772125 -3.88668084837e-20)
(-0.11065762575 0.0676502091269 -2.72718121517e-22)
(-0.117616187691 0.0615068511595 1.68687149484e-20)
(-0.12465052939 0.054419735725 0)
(-0.131598890439 0.0467838135649 -1.42464088161e-20)
(-0.138318249755 0.0391454320348 6.7124779202e-21)
(-0.144361425592 0.0320344261388 2.85044628353e-21)
(-0.149305984583 0.0264000472913 1.7342962764e-22)
(-0.153750131973 0.0217857337843 0)
(-0.157779889412 0.0178518057913 0)
(-0.16118564945 0.0145634154894 0)
(-0.163980641061 0.0117468597114 0)
(-0.166156883947 0.00931575957128 0)
(-0.167744237429 0.00717941930717 0)
(-0.168773541732 0.00527715130004 0)
(-0.169277636777 0.00355729935331 8.33919651647e-23)
(-0.169285735786 0.00198223777257 -8.10950514135e-23)
(-0.168823858746 0.000523925234852 -1.42839408649e-22)
(-0.167916070179 -0.000837568963252 1.39377855202e-22)
(-0.166584358223 -0.00211738882914 0)
(-0.164848648141 -0.00332639581172 0)
(-0.162727308409 -0.00447213197613 0)
(-0.160237628815 -0.00555926606284 0)
(-0.157396390405 -0.00659021745244 0)
(-0.154220346538 -0.00756565455371 0)
(-0.150727138766 -0.00848519060271 0)
(-0.14693538281 -0.00934883238907 0)
(-0.142863746653 -0.0101572052605 0)
(-0.13853072746 -0.0109110076067 0)
(-0.133954697701 -0.0116109041531 0)
(-0.129153920842 -0.0122573879354 0)
(-0.12414662729 -0.0128508893644 0)
(-0.118950982513 -0.0133918507828 1.68909577366e-22)
(-0.113585056961 -0.0138808157716 -3.46185951261e-22)
(-0.108066756059 -0.0143184766414 3.65319888918e-22)
(-0.10241375299 -0.0147056993265 -2.85707611434e-22)
(-0.096643418808 -0.0150435210723 9.82785089864e-23)
(-0.0907727653713 -0.0153331391946 0)
(-0.0848183943197 -0.0155758929734 0)
(-0.0787964611565 -0.015773246327 0)
(-0.0727226431975 -0.015926776865 0)
(-0.0666121243291 -0.0160381666927 1.27232527238e-22)
(-0.0604795617152 -0.0161092036427 -3.90849233916e-22)
(-0.0543390773708 -0.0161417557179 5.36674851077e-22)
(-0.0482041644058 -0.0161377408427 -5.55420487291e-22)
(-0.042087673706 -0.0160989137461 2.82339390996e-22)
(-0.0360017189221 -0.0160267107798 0)
(-0.0299578705977 -0.015921737302 0)
(-0.023967858529 -0.0157841777482 0)
(-0.0180434681984 -0.015614863597 0)
(-0.0121960219315 -0.0154152549144 0)
(-0.00643638358729 -0.0151870830843 0)
(-0.000774844135258 -0.0149320820669 0)
(0.00477868314097 -0.0146514245642 0)
(0.0102146952743 -0.0143455795217 0)
(0.0155236156764 -0.0140133380483 0)
(0.0206947515723 -0.0136527705466 0)
(0.0257168728769 -0.0132622662683 0)
(0.0305782916668 -0.0128399329937 0)
(0.0352668761979 -0.0123832455128 0)
(0.0397694700477 -0.0118881391475 0)
(0.0440720126975 -0.0113481011021 -1.73541459883e-21)
(0.0481576206919 -0.0107532808106 1.74377252167e-21)
(0.0520077545339 -0.0100901488804 0)
(0.0555984221657 -0.00934102195018 0)
(0.0589064132662 -0.00848338726374 0)
(0.0618970318442 -0.00748665395041 0)
(0.0645465470007 -0.00631847016658 0)
(0.0668011164093 -0.00492689943296 -4.05057134298e-21)
(0.0686578606469 -0.00329192032135 4.10873736454e-21)
(0.0700198981442 -0.00131209693819 -4.29019016607e-21)
(0.0709490773753 0.000729062744083 8.78510411746e-21)
(0.073111437772 0.00264983507636 -8.88907845545e-21)
(0.0771071054167 0.00518196714992 2.86247397873e-19)
(0.0826200171182 0.00847435841879 -4.32463524221e-21)
(0.089862240027 0.0128526893671 -4.15683585982e-23)
(0.0988218485338 0.0185138134059 8.01735199951e-21)
(0.109635782178 0.0256170258571 -7.67889056211e-21)
(0.122375625158 0.0342938627124 -4.62798398936e-19)
(0.136871285514 0.044611701016 -7.00622305356e-21)
(0.152876725659 0.0564809792198 -8.56104978471e-19)
(0.170264741345 0.069715917556 4.13217994091e-19)
(0.189056727258 0.0841375066061 -7.91899778039e-19)
(0.209238366122 0.0997328868607 -1.50441647033e-21)
(0.230942365004 0.116665735362 -3.69876457772e-19)
(0.254627203814 0.135203872271 3.55697142406e-19)
(0.281003371053 0.155620185927 -3.52871198816e-19)
(0.311359013838 0.178135313009 6.96837372904e-22)
(0.347506966703 0.202563387176 -3.3088430485e-19)
(0.39213198554 0.227683832093 -2.98026797143e-19)
(0.447104459776 0.250749104007 -1.01546872123e-22)
(0.512630686488 0.26783877189 1.70339221093e-19)
(0.587623199366 0.273735634041 7.60210933845e-20)
(0.667461112418 0.261199784923 -1.41024786991e-20)
(0.741512564073 0.225606252676 0)
(0.790001529226 0.170877085809 1.21818897701e-19)
(0.808362468672 0.116169358668 -3.72524211247e-20)
(0.803497681855 0.0710320164411 -1.80970777472e-23)
(0.787774205914 0.0426107898856 2.02117594191e-23)
(0.778673383351 0.0260764693965 -1.50763660397e-23)
(0.768590187392 0.0124213740415 -1.21264705296e-23)
(0.752665462013 -0.0022018914177 3.06034879402e-23)
(0.726449767869 -0.00927010365751 3.65256490968e-23)
(0.688927080158 -0.0161052605376 -6.81969444768e-23)
(0.582800020832 -0.0257343422458 -9.65497870909e-20)
(0.366427771825 -0.0134521573667 2.88030529314e-19)
(0.120761359026 0.0217452949744 0)
(-0.0253043285269 0.0444845686787 -2.17502129959e-22)
(-0.0634295082572 0.0472910879054 -1.65222745526e-22)
(-0.0664717565021 0.048821732045 -1.47717851676e-19)
(-0.0648559511868 0.0518947732093 2.24593461065e-19)
(-0.0642503553695 0.0556770206639 3.54329212461e-22)
(-0.0647377759093 0.0601215620463 -8.30264999658e-20)
(-0.0664359797833 0.0648677537941 -7.17564298423e-20)
(-0.0692042252857 0.069359893265 0)
(-0.0729053435018 0.0731973550764 1.13293193041e-19)
(-0.077419517144 0.0759679702387 0)
(-0.0825906701764 0.0774211618232 9.52429686306e-20)
(-0.0883105563249 0.0773659472004 0)
(-0.0944612611924 0.0757140733373 -3.1629639412e-22)
(-0.10095211425 0.0724463982036 7.6353299847e-20)
(-0.107673732931 0.0677105751907 0)
(-0.114535185882 0.0617351226119 -1.56853810273e-20)
(-0.121435166602 0.0548126351748 1.51194999657e-20)
(-0.128194272161 0.0473364418957 -6.1277852576e-22)
(-0.134660335815 0.0398467153757 -1.31588486301e-20)
(-0.14033866771 0.0328504827759 -1.38595764895e-22)
(-0.144877776223 0.0272120327008 5.24314528079e-24)
(-0.148977667386 0.0225299798087 2.97151077441e-22)
(-0.152713179675 0.0185078336515 -1.33384442435e-22)
(-0.155866834848 0.0151115602263 7.56634810721e-23)
(-0.158448635171 0.0121836568997 -1.07716232364e-22)
(-0.160441334662 0.00964144037763 3.40732090107e-23)
(-0.161870428614 0.00739812066959 0)
(-0.162761856874 0.00539385854721 -1.07848607369e-22)
(-0.16314530494 0.00357712102776 1.85639229979e-22)
(-0.163047100794 0.00190986256631 -1.88180457661e-22)
(-0.162491109445 0.000363739742021 1.06680518781e-22)
(-0.161499802449 -0.00108142205188 0)
(-0.160094040467 -0.00244107340483 0)
(-0.158292859721 -0.00372635444507 0)
(-0.156113942378 -0.00494501328233 -2.65693266089e-22)
(-0.153574015168 -0.00610183501702 5.60289336532e-22)
(-0.150689364079 -0.00719926465727 -2.9441069948e-22)
(-0.147476265439 -0.00823787081945 0)
(-0.143951978088 -0.00921706575608 0)
(-0.140134843902 -0.0101367525717 0)
(-0.136043255208 -0.0109975724066 0)
(-0.13169542112 -0.0118002501355 0)
(-0.127109438408 -0.0125454725356 0)
(-0.122303305927 -0.0132337431307 0)
(-0.11729500536 -0.0138655005254 0)
(-0.112102462535 -0.014441201346 3.29928463556e-22)
(-0.106743514599 -0.0149614142064 -5.01953000018e-22)
(-0.101235837032 -0.0154268698269 1.73207717026e-22)
(-0.095596875391 -0.0158384860213 0)
(-0.0898437754529 -0.0161973640254 1.01135254961e-22)
(-0.0839933272591 -0.0165047754407 -1.00691089368e-22)
(-0.0780619157677 -0.0167621419928 0)
(-0.0720654870907 -0.0169710161321 0)
(-0.0660195191871 -0.0171330684357 -1.196624274e-22)
(-0.059939010139 -0.0172500778094 1.19378089746e-22)
(-0.0538384481922 -0.0173239333031 0)
(-0.0477318078454 -0.0173566127142 2.66730194214e-22)
(-0.0416324504753 -0.0173501575039 -8.17989899619e-22)
(-0.0355531064417 -0.017306456077 1.12071539007e-21)
(-0.0295057420624 -0.0172270756709 1.80904015675e-23)
(-0.0235017531177 -0.0171126601798 -5.8748749366e-22)
(-0.0175527491314 -0.0169633653708 -6.23019535628e-22)
(-0.0116704336351 -0.0167800586484 -1.71904014162e-23)
(-0.00586602855733 -0.0165642879664 -6.75170665635e-22)
(-0.000150303327526 -0.016317880806 1.31814464721e-21)
(0.00546653033208 -0.0160426665777 1.38513764581e-21)
(0.0109746149642 -0.0157398949145 -1.38636002691e-21)
(0.0163645378476 -0.015410081948 -1.4513805139e-21)
(0.0216268114593 -0.0150519062595 2.93802971499e-21)
(0.026750745572 -0.0146632719793 -1.48721480883e-21)
(0.0317251183413 -0.0142424813344 0)
(0.036538324428 -0.0137875582218 0)
(0.0411783578864 -0.0132958633096 0)
(0.0456322827652 -0.012763161481 0)
(0.049886342615 -0.0121826494505 1.68489085958e-21)
(0.0539241289825 -0.0115440589914 -1.6923120877e-21)
(0.0577276798492 -0.0108333212701 0)
(0.0612739933019 -0.0100322796899 0)
(0.0645412282258 -0.00911776813064 0)
(0.0674966760993 -0.00805888835182 0)
(0.0701196014124 -0.00682246068994 0)
(0.0723587800005 -0.00535719928693 0)
(0.0742180176411 -0.00364140299186 0)
(0.0755990822996 -0.00157711731143 1.25630913136e-25)
(0.0765747695647 0.000569577750529 -4.2591326412e-21)
(0.0788130918769 0.00263481898078 8.56618326101e-21)
(0.0829071266249 0.00529580465401 -4.22380852631e-21)
(0.0885273607401 0.00870711487152 4.17331032705e-21)
(0.0958824187406 0.0131784293605 -4.00266419655e-21)
(0.104955267173 0.0189035423627 0)
(0.115871057868 0.0260358202054 -4.74749844874e-19)
(0.128677694156 0.0347055577507 0)
(0.143181513605 0.0449748492708 -4.30020662357e-19)
(0.159134312699 0.0567504704824 -1.8504821593e-21)
(0.176443638397 0.0698480674478 3.98030525826e-19)
(0.195179763485 0.0841091434504 3.84522739164e-19)
(0.215358832011 0.0995581627632 0)
(0.237143332495 0.116374316109 0)
(0.261067330012 0.134813090567 -3.58708489068e-19)
(0.287910706124 0.15511120402 3.55591758098e-19)
(0.318850008693 0.177458950507 -3.48518209187e-19)
(0.355675029021 0.20151773646 3.34184360986e-19)
(0.400919364928 0.225966220511 2.997731567e-19)
(0.456227262264 0.248043464146 9.93714794359e-23)
(0.521591013445 0.2638942305 -1.61193640272e-19)
(0.595635477301 0.268466385484 -7.51921995864e-20)
(0.673602372042 0.255079545473 1.3908679523e-20)
(0.7452024307 0.220135571406 3.79780674281e-23)
(0.792094400114 0.167802380386 -5.76535602166e-20)
(0.810319377797 0.115593283396 0)
(0.806512761603 0.0720505628648 9.22474215948e-21)
(0.792105408776 0.0440175078336 0)
(0.783753413805 0.0272739570651 1.41204670919e-23)
(0.773931887699 0.0136109308335 -1.50947250251e-23)
(0.75879315522 -0.000679568580101 0)
(0.733627282694 -0.0077167005282 -4.30071966353e-20)
(0.700572664079 -0.0130763536997 3.03120084372e-23)
(0.613773770859 -0.0230876459564 6.73396051525e-22)
(0.422399843463 -0.0173285102821 -1.25541612734e-19)
(0.177734841588 0.0128688930763 0)
(0.00372068644444 0.0398736163375 -2.26955314557e-19)
(-0.0551280699044 0.0456099532834 0)
(-0.0642329847762 0.0475746386224 1.56018950833e-19)
(-0.0636618784523 0.0509108129054 -1.12627390335e-19)
(-0.062985197075 0.054810257534 -9.01554928963e-20)
(-0.063145032327 0.059267974115 7.70873757494e-20)
(-0.0644634526405 0.0640079899955 -6.68523773245e-20)
(-0.0668917926876 0.0685026744212 -5.95298731077e-20)
(-0.0703188913937 0.0723674385769 -1.07518022083e-19)
(-0.0746258113456 0.0752023479821 3.83568180834e-22)
(-0.0796457973288 0.0767551488378 -4.65854934241e-20)
(-0.0852586274436 0.0768305510661 4.31661354802e-20)
(-0.0913307223728 0.075335423266 3.10033331201e-22)
(-0.0977482543859 0.0722433793097 -3.76647321398e-20)
(-0.104383665867 0.0676872779727 2.75724477874e-22)
(-0.111136365966 0.0618890583869 0)
(-0.117893693885 0.0551406072339 -1.47979430236e-20)
(-0.124458474249 0.0478321330407 1.37486519533e-20)
(-0.130669827781 0.040494886223 -2.66700084911e-22)
(-0.135989755752 0.0336143471541 -3.01527929685e-21)
(-0.140131153662 0.0279770983753 -1.65683462783e-22)
(-0.143886454191 0.0232349194132 1.54490382411e-22)
(-0.147322672906 0.0191299042811 0)
(-0.150217020812 0.0156299030485 7.50090614414e-23)
(-0.152577018619 0.0125934296284 -1.07202015972e-22)
(-0.154377304197 0.0099417192968 3.41350617639e-23)
(-0.155639362023 0.00759226409062 0)
(-0.156384556556 0.00548625347795 -1.04997542824e-22)
(-0.156639519872 0.00357243720238 -5.60952614173e-23)
(-0.156427716025 0.00181243882253 1.53874197576e-22)
(-0.155770825425 0.000177729297201 -1.35881785938e-22)
(-0.154689716101 -0.0013520092188 -3.30594698279e-23)
(-0.153204122389 -0.00279247305316 1.62034262069e-22)
(-0.151332187294 -0.00415504510922 -2.27929286299e-22)
(-0.14909090591 -0.00544765261414 2.23655174479e-22)
(-0.146496446173 -0.0066751803517 2.93227682777e-22)
(-0.143564600226 -0.00784009067809 -2.88544832626e-22)
(-0.140311156064 -0.00894283747931 -3.61068169887e-22)
(-0.136752983255 -0.00998260230372 3.56157149611e-22)
(-0.132908152859 -0.0109591707477 -4.30933470594e-22)
(-0.128794774174 -0.0118732036584 8.92420290114e-22)
(-0.124430752566 -0.0127254533318 -4.6150502462e-22)
(-0.119833894639 -0.0135166271234 2.69218855151e-22)
(-0.115021920923 -0.0142472363663 -2.66804110618e-22)
(-0.110012551591 -0.0149177256434 -3.05624084104e-22)
(-0.104823459713 -0.0155285648358 3.03334652748e-22)
(-0.0994722351205 -0.016080347637 0)
(-0.0939763081384 -0.0165738441128 0)
(-0.0883528802543 -0.0170100254843 0)
(-0.0826188544212 -0.017390058772 0)
(-0.0767907804153 -0.0177152917087 0)
(-0.070884807442 -0.0179872301912 0)
(-0.0649166527005 -0.0182075166003 0)
(-0.0589015751527 -0.0183779153702 0)
(-0.0528543675802 -0.0185003024471 0)
(-0.0467893305524 -0.0185766676997 0)
(-0.0407202739914 -0.0186090984777 0)
(-0.0346604126148 -0.0185997613671 0)
(-0.028622344438 -0.0185506844847 5.5883438732e-22)
(-0.0226178723615 -0.0184635772184 -5.58549188324e-22)
(-0.0166581964013 -0.0183391207194 0)
(-0.0107547935513 -0.0181774302911 0)
(-0.00491927714915 -0.0179794085141 -1.25633781831e-21)
(0.000837246100115 -0.017746696015 -3.3136949723e-23)
(0.0065041159467 -0.0174812178555 1.29040855652e-21)
(0.0120712135386 -0.0171848983543 1.35518156134e-21)
(0.0175287482614 -0.0168590667354 -2.74326312378e-21)
(0.0228674120711 -0.0165042939967 -3.06954093503e-23)
(0.0280778242919 -0.0161191328432 1.42100432917e-21)
(0.0331492970261 -0.0157013053417 1.48296344111e-21)
(0.0380706171176 -0.0152490327728 -1.4858140294e-21)
(0.0428302720781 -0.0147602642564 1.54677051342e-21)
(0.0474163934486 -0.0142322575011 -1.55087823998e-21)
(0.0518162776911 -0.0136606200829 -3.22242496054e-21)
(0.0560164895049 -0.0130382757904 3.23367864059e-21)
(0.0600011037081 -0.0123545517155 0)
(0.0637527349984 -0.0115948737472 0)
(0.0672493530408 -0.0107406716658 0)
(0.0704704631778 -0.0097682135107 -3.56407745057e-21)
(0.0733852638416 -0.00864641228887 3.58917612467e-21)
(0.0759758786148 -0.0073413603692 0)
(0.0781934258016 -0.00580262357207 0)
(0.0800479718891 -0.00400671124845 -3.90452920459e-21)
(0.0814395133891 -0.001859332653 3.96581774237e-21)
(0.0824511323934 0.00039040248508 -3.27784782865e-20)
(0.0847568703757 0.00259679129095 -4.17101908222e-21)
(0.0889444820907 0.00538491515196 -4.35831765263e-23)
(0.094669393955 0.00891334889458 4.00483098503e-21)
(0.10213474756 0.013475356532 0)
(0.11131670171 0.0192614425246 4.81087449391e-19)
(0.122326602646 0.0264200533736 4.61938298363e-19)
(0.135186589496 0.0350807254824 0)
(0.149679246281 0.0452982623513 1.16478879799e-21)
(0.165560630855 0.0569723256676 1.38721068327e-21)
(0.182784102086 0.0699189617829 -3.88674905549e-19)
(0.201468267861 0.0840186903171 3.73820570258e-19)
(0.221691466419 0.0993355237643 0)
(0.243671303464 0.116053826263 0)
(0.267966168498 0.134402738865 -1.3918535587e-21)
(0.295283449268 0.154605405545 -3.61065410641e-19)
(0.326809059943 0.176745351062 3.34334906345e-21)
(0.364293115773 0.200379990476 0)
(0.410100315774 0.224108586644 0)
(0.465661376302 0.24516060365 9.72032646415e-23)
(0.530759497412 0.259760974915 1.60149385435e-19)
(0.603755211995 0.263046384498 -7.05217990179e-24)
(0.679796896165 0.248896420839 -1.67000273041e-23)
(0.748922573226 0.214651207316 1.89979901428e-23)
(0.794277197585 0.164710877532 0)
(0.812386430813 0.114954295525 -3.06495960935e-20)
(0.809584494382 0.0729862066562 -1.747922692e-20)
(0.796424153333 0.0453717525603 0)
(0.788806214916 0.0284622558233 1.32837499365e-23)
(0.779244952509 0.0147972639835 -6.57532999324e-21)
(0.764838119639 0.000839033822556 0)
(0.740705130621 -0.00627561964543 2.78336987751e-22)
(0.71082926033 -0.0104875004029 0)
(0.640140533863 -0.0199734608232 7.54906071921e-20)
(0.474642586533 -0.0195233970578 -2.83362801846e-23)
(0.238339376905 0.00469316090986 -1.50217353349e-19)
(0.0420354685166 0.0336799747049 8.86986952959e-23)
(-0.0421269404258 0.0434333324902 3.78686882644e-22)
(-0.0604206380844 0.0460341081778 -3.40586215718e-22)
(-0.0619492950688 0.0497103810603 -1.15065827692e-19)
(-0.0615003269098 0.0537791073908 8.89620985345e-20)
(-0.0614075121773 0.0582695056255 -1.48105629905e-19)
(-0.0623515180724 0.0630128105266 8.46821212483e-22)
(-0.0644231526391 0.0675177679002 8.17604595902e-22)
(-0.0675524778642 0.0714165360457 1.028993854e-19)
(-0.0716268775267 0.0743215480312 -2.29246795783e-24)
(-0.0764711509026 0.0759796314795 -3.4529571613e-22)
(-0.0819536545845 0.076191257394 2.43295469606e-23)
(-0.087925620794 0.0748584927862 3.94029734432e-20)
(-0.0942511974511 0.0719484466667 2.86463049752e-22)
(-0.100785094674 0.0675800176531 -3.53516995671e-20)
(-0.107416726111 0.0619680935714 1.64703530217e-20)
(-0.114022054658 0.0554024914381 0)
(-0.120385886748 0.0482688581884 0)
(-0.126338872652 0.0410871773423 6.33157715821e-21)
(-0.131303601355 0.0343226401815 1.67802171685e-21)
(-0.13505146518 0.028691224741 -1.65272205272e-22)
(-0.138459185648 0.0238958919025 1.45368012821e-23)
(-0.141589038263 0.0197131677352 1.32025705209e-22)
(-0.144215035811 0.0161136642705 0)
(-0.146342962996 0.0129715753645 0)
(-0.147940428604 0.0102122444963 6.93188955916e-24)
(-0.149025239456 0.00775776092099 4.65250123626e-23)
(-0.149614506688 0.00555050741796 -5.15484154475e-23)
(-0.149731901497 0.00353965379921 -1.5488608821e-22)
(-0.149398036854 0.00168657457863 -5.88524528042e-23)
(-0.148632370035 -3.73228791273e-05 2.04778767615e-22)
(-0.147454152578 -0.00165238712758 0)
(-0.14588199477 -0.003174494842 0)
(-0.143933139581 -0.00461523306618 0)
(-0.141623892996 -0.00598267812661 -2.56113664156e-22)
(-0.138969869593 -0.00728179613086 2.51765424449e-22)
(-0.135986370321 -0.00851505964259 0)
(-0.132688682274 -0.00968279302288 0)
(-0.129093277791 -0.010783913634 0)
(-0.125217959551 -0.0118180751631 -4.24774655103e-22)
(-0.121080543827 -0.0127859647191 4.19945875586e-22)
(-0.116698612849 -0.0136883636125 0)
(-0.11208966603 -0.0145259979351 0)
(-0.107271129778 -0.0152993836913 0)
(-0.10226044804 -0.0160089690043 0)
(-0.0970750259631 -0.0166552360335 -3.19583153122e-22)
(-0.0917321898123 -0.0172388038166 1.4857502062e-22)
(-0.0862491071106 -0.0177604829906 1.67806790142e-22)
(-0.080642716243 -0.0182213000188 0)
(-0.074929657099 -0.018622489769 0)
(-0.0691262179774 -0.0189654781488 0)
(-0.0632482904996 -0.0192518570796 0)
(-0.0573113406445 -0.0194833603135 0)
(-0.0513303859984 -0.0196618469643 0)
(-0.0453199918294 -0.0197892900392 0)
(-0.0392942496893 -0.0198677793889 0)
(-0.0332667855298 -0.0198995110364 2.58178660559e-22)
(-0.0272506507672 -0.0198867776315 2.75908693164e-22)
(-0.0212582985457 -0.0198317532874 -5.3315682053e-22)
(-0.0153013509152 -0.019736302613 0)
(-0.00939078876929 -0.0196011422263 0)
(-0.00353794254862 -0.0194263326947 0)
(0.00224567461198 -0.0192128116075 0)
(0.00794908716414 -0.0189623187048 -1.26905665926e-21)
(0.013561764836 -0.0186768765144 1.2686376007e-21)
(0.0190736963029 -0.0183585028095 0)
(0.0244751639247 -0.0180086101602 0)
(0.029756981774 -0.0176278337328 0)
(0.034909895582 -0.0172145840642 1.42510300532e-21)
(0.0399232186645 -0.0167663823305 -1.42687864952e-21)
(0.0447857469637 -0.0162813769403 0)
(0.0494860729839 -0.0157574531339 0)
(0.0540124778646 -0.015191777926 0)
(0.0583525017648 -0.0145798163168 0)
(0.0624930467349 -0.013914238087 0)
(0.0664186778556 -0.0131839778133 0)
(0.0701125804915 -0.0123739902586 0)
(0.0735536747517 -0.0114653531798 0)
(0.0767227811294 -0.0104338574355 0)
(0.0795909255463 -0.00924833998175 0)
(0.0821429368862 -0.00787425960761 0)
(0.0843320218109 -0.00626220394257 0)
(0.086174087166 -0.00438679707557 0)
(0.087566978688 -0.00215754899952 2.37229713598e-25)
(0.0886036483641 0.000192835345576 6.37899238274e-20)
(0.0909674852237 0.00253696524926 1.29092427217e-19)
(0.095242638503 0.00545044976364 0)
(0.101068263529 0.00909431411905 2.50840504805e-19)
(0.108639903196 0.0137450477458 0)
(0.117925185309 0.019589647868 -4.6614568647e-19)
(0.129019244279 0.0267726863147 -4.57011083247e-19)
(0.141915756046 0.0354229641439 3.35705500477e-21)
(0.156373703294 0.0455849577144 8.24333191345e-19)
(0.172162759166 0.0571462855209 3.95651344916e-19)
(0.189294266232 0.0699345315081 3.82653702939e-19)
(0.207981776396 0.0838881711468 -4.45561038587e-21)
(0.228370405425 0.0990942088977 0)
(0.25065606214 0.115730607896 3.70222636062e-19)
(0.275339638394 0.134010293646 0)
(0.303144462751 0.154090029812 -3.64568043949e-19)
(0.335259758904 0.175977677017 7.10885320173e-19)
(0.373372119977 0.19914192295 6.06907728997e-22)
(0.41968002131 0.222105258996 2.88493731121e-19)
(0.475409374985 0.242099061917 0)
(0.54013805697 0.255445027521 1.51511740521e-19)
(0.61198918421 0.257489227856 0)
(0.686063643841 0.242671229026 -2.16420175586e-23)
(0.75271008923 0.209174941586 6.25184229085e-20)
(0.796561662566 0.161603754489 0)
(0.814567817085 0.114250011102 2.9902650929e-20)
(0.812719903776 0.0738378544162 8.32245001416e-21)
(0.8007455252 0.0466728132054 0)
(0.793850545439 0.0296404026131 0)
(0.784554080387 0.0159804562599 1.25200523163e-20)
(0.770827200276 0.00235030637504 -6.59551886476e-23)
(0.747730879364 -0.00490718540967 3.87839045e-20)
(0.720082739466 -0.00831401429033 -2.5552815684e-23)
(0.662350929561 -0.0167041696358 2.63278664004e-23)
(0.52228118094 -0.0201706463524 2.45842821227e-23)
(0.300595421393 -0.00231356182565 1.30857770542e-19)
(0.0893905803435 0.0261511161342 2.30775457249e-21)
(-0.0229455769545 0.0405408285846 1.92838625145e-19)
(-0.0542147029743 0.0441394338784 -3.10557194043e-22)
(-0.0593871562551 0.0482424240071 1.2178781788e-19)
(-0.0596878704556 0.0525621308318 0)
(-0.0594986170725 0.0571191386223 1.43314220701e-19)
(-0.0600989993058 0.0618792360726 6.20913002327e-20)
(-0.0618033615933 0.0664033621033 1.24882277723e-21)
(-0.0646110784062 0.070342960738 -9.8528021677e-20)
(-0.0684257271391 0.0733237347272 0)
(-0.0730675770326 0.0750927274926 -4.25517626249e-20)
(-0.0783947031613 0.0754462737056 -8.09937448315e-20)
(-0.0842436191699 0.0742816669685 -3.80881080578e-20)
(-0.0904574540271 0.0715601171068 -3.73683609064e-20)
(-0.0968734988553 0.0673872765845 3.44082084024e-20)
(-0.10337065741 0.0619704382062 4.80547296823e-22)
(-0.10981325597 0.055595922646 0)
(-0.115967765239 0.0486434412482 0)
(-0.121656444195 0.0416197618767 6.8569260481e-21)
(-0.126266001747 0.034971009889 0)
(-0.129620991209 0.0293494780353 0)
(-0.13267542106 0.0245073853195 0)
(-0.135489686614 0.0202519643732 1.09629553923e-22)
(-0.137836328733 0.0165572842239 -1.04351738954e-22)
(-0.139720151576 0.0133127507286 0)
(-0.141102760002 0.0104479648361 5.96075239484e-24)
(-0.14199859524 0.00788986688916 -5.75409083283e-23)
(-0.142420831262 0.00558218012798 1.50886208442e-22)
(-0.142390260758 0.00347460643496 -9.78993796437e-23)
(-0.141924648296 0.00152834476969 0)
(-0.141041178933 -0.000285132757031 0)
(-0.13975747526 -0.00198607791957 -3.21504089789e-22)
(-0.138091024609 -0.00359047890795 -6.68445114379e-23)
(-0.136058160985 -0.00511008504789 1.5243727698e-22)
(-0.133674498079 -0.00655308809593 2.17596960766e-22)
(-0.130955104556 -0.00792451498797 0)
(-0.127914795411 -0.00922684294935 -3.18517589505e-22)
(-0.124568343572 -0.0104602526583 3.139930445e-22)
(-0.120931814797 -0.011623359619 0)
(-0.117022744611 -0.0127156708319 4.20633762844e-22)
(-0.112858642801 -0.0137379095605 -4.15930795713e-22)
(-0.108456744553 -0.0146908883664 0)
(-0.103834222227 -0.0155753496374 -2.63083322437e-22)
(-0.0990081900448 -0.0163918103321 5.41691879322e-22)
(-0.0939957989079 -0.0171407194398 -5.77459806011e-22)
(-0.0888141685686 -0.017822570526 2.9660725715e-22)
(-0.0834803429311 -0.0184380085271 0)
(-0.0780112062789 -0.0189878862426 0)
(-0.0724234119001 -0.0194732875769 -1.85314972181e-22)
(-0.0667333133232 -0.0198955176194 8.72492396444e-23)
(-0.0609569130192 -0.020256082722 9.66948528502e-23)
(-0.0551098200902 -0.0205566628231 0)
(-0.0492072238556 -0.0207990845291 0)
(-0.0432638750821 -0.0209853023779 1.14860453867e-22)
(-0.0372940862552 -0.0211173862026 1.23915967502e-22)
(-0.0313117156608 -0.021197524477 -2.37907289204e-22)
(-0.0253301832077 -0.0212280202087 0)
(-0.019362358466 -0.0212112921251 0)
(-0.0134205365663 -0.021149666724 0)
(-0.00751614005862 -0.0210451790492 0)
(-0.00165990516922 -0.0208985791147 -5.79224981447e-22)
(0.00413700014051 -0.0207098560595 5.78646528395e-22)
(0.00986317273161 -0.0204799832332 0)
(0.0155077946334 -0.0202108056179 -1.25333215e-21)
(0.0210604852571 -0.0199044430118 -3.1625449955e-23)
(0.0265113545499 -0.0195630044852 1.28379216681e-21)
(0.03185076403 -0.0191879893973 0)
(0.0370696681303 -0.0187801088945 0)
(0.0421589602125 -0.0183376118276 0)
(0.0471079527322 -0.0178577960261 1.43542258831e-21)
(0.0519054513851 -0.0173387476755 -1.43718449419e-21)
(0.0565401683402 -0.0167783009681 0)
(0.0610005469159 -0.0161735453578 0)
(0.0652743811679 -0.0155198195475 0)
(0.0693489255844 -0.014809559605 3.17133895364e-21)
(0.0732092408265 -0.0140313182995 -3.1812103867e-21)
(0.0768390712447 -0.0131696129815 -3.29525170251e-21)
(0.0802182633365 -0.0122052328127 3.30913841923e-21)
(0.0833289136808 -0.0111135811507 -3.42516005036e-21)
(0.0861437973376 -0.00986352423595 3.44504881708e-21)
(0.088650279574 -0.0084199768087 0)
(0.0908034232938 -0.00673468635279 3.64420217713e-21)
(0.0926245622075 -0.00478031408301 -3.68181305785e-21)
(0.0940090405915 -0.00247027590544 -3.82359364796e-21)
(0.0950594680073 -2.15129249981e-05 -2.72924179451e-20)
(0.0974712704314 0.00245690487593 -1.26137112654e-19)
(0.101826637835 0.00549392332419 0)
(0.107747567777 0.00925162985757 -4.90743308585e-19)
(0.115419842064 0.0139894766623 -3.73876461868e-21)
(0.124800794629 0.019890788305 3.57692104152e-21)
(0.135966412679 0.027097365562 4.45216192168e-19)
(0.148878370014 0.0357366853011 -3.29291814703e-21)
(0.163273152023 0.045837844917 -4.05029431092e-19)
(0.178950366458 0.0572729612363 0)
(0.196029259289 0.0699153843397 -3.76725131758e-19)
(0.214851015446 0.0837441519631 -7.54470909597e-19)
(0.23550482531 0.0988617938301 -2.9773874933e-21)
(0.258123616064 0.115432974829 -3.7934488747e-19)
(0.283215868086 0.133625840529 3.75159626012e-19)
(0.311522986897 0.153550177168 3.06998597008e-21)
(0.344219157583 0.175147022407 -7.15490768224e-19)
(0.3829210683 0.197795360628 -3.30267480616e-19)
(0.429663363439 0.219949967658 -4.32153295251e-21)
(0.485472813705 0.238858079446 0)
(0.54972770773 0.2509530926 -1.50857457096e-19)
(0.620343272376 0.251808063794 0)
(0.692417354305 0.236421516579 0)
(0.75659415174 0.203725182779 -6.14385083959e-20)
(0.798960306617 0.158483665107 3.47885980499e-23)
(0.816869012304 0.11347846991 2.72629831803e-23)
(0.815925693979 0.0746041391091 7.48585227873e-21)
(0.805082282351 0.0479194501695 0)
(0.798902210442 0.0308068261624 0)
(0.789879605111 0.0171603812187 -5.97798086175e-21)
(0.776784581196 0.00385019478224 2.25302741071e-20)
(0.754732958799 -0.00358024235704 4.19077135324e-23)
(0.728644451582 -0.00650241819247 0)
(0.680994274954 -0.0135082169567 0)
(0.564646593791 -0.019502719381 0)
(0.362519220543 -0.00784467921495 -1.09824233246e-19)
(0.144443887781 0.0180633838382 3.07816657903e-19)
(0.00421877473066 0.0365408051605 -1.81115904457e-19)
(-0.0444899860227 0.0418416526772 1.67308778165e-19)
(-0.0554718783352 0.0464437897623 -1.262620323e-19)
(-0.0573423863422 0.0511175181343 0)
(-0.0573524436412 0.0558011747419 -7.14570534241e-20)
(-0.0576900695971 0.060599601661 -5.89528540218e-20)
(-0.059031958095 0.065154583308 1.04166581215e-19)
(-0.0614975665192 0.0691429134527 4.79283833834e-20)
(-0.0650243911019 0.0722054040586 -3.43131107106e-22)
(-0.0694351323116 0.074091112165 4.12854463879e-20)
(-0.0745798988223 0.0745924867719 7.94187773775e-20)
(-0.0802811505066 0.0736020642714 0)
(-0.0863619302715 0.07107565722 3.5688230223e-20)
(-0.0926423370014 0.0671062843994 2.6942445852e-22)
(-0.0989901373927 0.0618930470987 -1.61112218572e-20)
(-0.105257580098 0.0557173002557 0)
(-0.111192427909 0.0489515155595 0)
(-0.116608478857 0.0420876797816 -6.4940194932e-21)
(-0.120859667217 0.0355540205863 -1.93985743146e-21)
(-0.12381884505 0.0299458822679 1.75119753028e-22)
(-0.126511394161 0.0250629083746 0)
(-0.128998516141 0.0207397018545 0)
(-0.131052668585 0.0169543086318 7.58299172102e-23)
(-0.132678446433 0.013610766408 -1.09940411104e-22)
(-0.133832411481 0.010643033255 4.08230689532e-23)
(-0.134525925775 0.0079830933003 -4.77914257527e-24)
(-0.134768530605 0.00557613790805 9.91425482488e-23)
(-0.134578208969 0.00337248459263 -2.4704798044e-22)
(-0.133969867124 0.00133322054122 1.46885499532e-22)
(-0.13295835764 -0.000569980861708 0)
(-0.131559661628 -0.00235712984706 0)
(-0.129790144441 -0.0040442541494 -3.78452510264e-22)
(-0.127665219061 -0.00564322017474 3.71186369272e-22)
(-0.125199802521 -0.00716229695976 2.51437717195e-22)
(-0.122408427947 -0.00860654898816 -2.47331332114e-22)
(-0.119305433587 -0.00997845474023 0)
(-0.115905065115 -0.0112780384174 0)
(-0.112222970929 -0.0125035714721 3.83939431136e-22)
(-0.108276418227 -0.0136543994213 -7.97719389042e-22)
(-0.104082592163 -0.0147312957244 4.13749547513e-22)
(-0.099658351454 -0.0157351069492 0)
(-0.0950205183951 -0.0166665884009 0)
(-0.0901858745522 -0.0175262535485 0)
(-0.0851712586302 -0.0183145493329 0)
(-0.0799934849136 -0.0190319800358 0)
(-0.0746692932211 -0.0196792174336 3.33206387591e-22)
(-0.0692152609456 -0.0202571585303 -3.31167654863e-22)
(-0.0636477308873 -0.0207669473028 0)
(-0.0579827434263 -0.0212099617984 0)
(-0.0522359872919 -0.0215877913298 -5.05680538214e-23)
(-0.0464227606422 -0.0219022059963 5.03603183725e-23)
(-0.0405579471754 -0.0221551267825 5.49741456683e-23)
(-0.0346560019792 -0.0223486043011 -5.47954380902e-23)
(-0.0287309560508 -0.022484804678 0)
(-0.0227964068969 -0.0225660130304 0)
(-0.0168655432113 -0.0225946365912 -5.0892289949e-22)
(-0.0109510320613 -0.0225732188721 5.08024645976e-22)
(-0.00506499691853 -0.0225042450427 -5.4268750817e-22)
(0.000781358698254 -0.0223899389803 5.41878649261e-22)
(0.00657756984114 -0.0222310818156 0)
(0.0123126473912 -0.0220275713555 0)
(0.0179753201082 -0.0217804171052 0)
(0.0235549500421 -0.0214915780043 0)
(0.0290413310075 -0.0211632700418 0)
(0.0344247094092 -0.0207976888368 0)
(0.0396955297058 -0.0203964239201 0)
(0.0448449053259 -0.0199602777993 0)
(0.0498638998521 -0.0194873142665 0)
(0.0547418219036 -0.0189745811251 0)
(0.0594674883649 -0.018420116367 0)
(0.0640297491452 -0.0178217180022 0)
(0.0684172227854 -0.0171764114993 0)
(0.0726179657198 -0.0164794269788 3.07436233673e-21)
(0.0766195984713 -0.0157229885203 5.18455793012e-23)
(0.0804076804464 -0.0148952755797 5.09942193655e-23)
(0.0839664973486 -0.013980400904 -3.20250548769e-21)
(0.0872767949195 -0.0129589303009 0)
(0.0903219000209 -0.011805970207 0)
(0.0930762598599 -0.0104905127983 0)
(0.0955295945089 -0.00897701403037 0)
(0.0976386134068 -0.00721848638286 0)
(0.099429671722 -0.00518557155841 0)
(0.100795279305 -0.0027956763316 0)
(0.101847657875 -0.000250665028833 -3.84265592763e-21)
(0.104296421743 0.00235858897436 1.27386819472e-19)
(0.108723332152 0.0055172982516 -3.85477469111e-21)
(0.114732593999 0.00938739169488 1.94675298385e-22)
(0.122498038918 0.0142111555704 3.64011099211e-21)
(0.131964876711 0.0201681908527 -3.54287805601e-21)
(0.143186261059 0.0273987589949 3.38147070428e-21)
(0.156087156712 0.0360274118833 4.15571742722e-19)
(0.170386809985 0.0460586976853 -3.10961525496e-21)
(0.185954921081 0.0573698689001 3.01926815182e-21)
(0.203112894164 0.0698839970255 0)
(0.222175493946 0.083614141686 3.85517637775e-19)
(0.243131183121 0.0986577656802 3.83515478038e-19)
(0.266107731015 0.115153581391 1.52416920836e-21)
(0.291628614008 0.13323765748 -2.68642743448e-21)
(0.320442599372 0.152977874748 3.78270863556e-19)
(0.35370190219 0.174244579119 2.5396015109e-21)
(0.392948767717 0.196331234019 3.33292052709e-19)
(0.440054304433 0.217636970865 -2.87423108558e-19)
(0.495852198016 0.23543773264 0)
(0.559528805414 0.246292454057 -1.42663898793e-19)
(0.628822726789 0.246015822556 1.85122637202e-23)
(0.69886965296 0.230162312197 -5.74314908541e-24)
(0.760597212401 0.198317333978 5.39972866691e-20)
(0.801485924648 0.155354337777 0)
(0.819296691301 0.112638200787 0)
(0.819208666079 0.0752835639727 -1.44235164992e-20)
(0.809445636288 0.0491099953774 0)
(0.803974855882 0.0319594153699 0)
(0.795238444011 0.0183366168799 -5.54406593716e-21)
(0.782732318557 0.00533473062209 -2.18229864261e-20)
(0.761727441322 -0.00227202303027 2.9153873478e-23)
(0.736758691967 -0.00498665280901 -5.62013841016e-23)
(0.696723525097 -0.0105647072762 2.19638674645e-23)
(0.601476208248 -0.017837548423 6.68554317437e-20)
(0.422268757493 -0.0117385107311 2.3793488317e-21)
(0.20530365059 0.0102032342485 -1.31141705672e-19)
(0.0409885390022 0.0312099470296 0)
(-0.0297872111737 0.0390948777666 -2.99489423002e-21)
(-0.049464024012 0.0442404390405 2.6430200701e-19)
(-0.0541239992436 0.0493846910672 -3.58050606963e-22)
(-0.0548329248196 0.0542841892576 -7.11585121366e-20)
(-0.0550809888037 0.0591596681709 5.90280787087e-20)
(-0.0560977564813 0.0637624530666 -5.09136179703e-20)
(-0.0582106776387 0.0678098996381 0)
(-0.0614231679831 0.0709610734956 0)
(-0.0655728318075 0.0729698203637 0)
(-0.070506360716 0.0736253162828 -7.71552616221e-20)
(-0.0760334213488 0.0728154145084 -2.89705471743e-22)
(-0.0819579602304 0.0704909724086 -3.58849896327e-20)
(-0.0880830946201 0.0667329164767 -3.50676001642e-20)
(-0.0942647894114 0.0617315286062 -5.15091838074e-22)
(-0.10034264474 0.0557617000178 4.87204826802e-22)
(-0.106045286715 0.0491874267601 0)
(-0.111177840587 0.0424847155448 0)
(-0.115064079245 0.0360649983211 1.53172081954e-21)
(-0.117620708805 0.0304732527459 0)
(-0.119939659981 0.0255548304595 0)
(-0.122085500048 0.0211687058375 -1.11505447459e-22)
(-0.123831690959 0.017297252568 1.06425607754e-22)
(-0.125183407968 0.0138584648404 -3.83019483364e-23)
(-0.126093060998 0.0107906961188 3.69212871873e-23)
(-0.126569184831 0.00803110643679 -4.94088084224e-23)
(-0.126617971631 0.00552646141617 4.79715163761e-23)
(-0.126254644732 0.00322774660808 0)
(-0.125491226559 0.00109599040732 -2.03344373093e-22)
(-0.124340165744 -0.000896785147805 1.98670349385e-22)
(-0.122815788373 -0.00277018444633 0)
(-0.120933339758 -0.00454019957386 3.76979706075e-22)
(-0.118707295107 -0.00621876578829 6.85221662496e-23)
(-0.116151869048 -0.00781418552422 -4.3080120848e-22)
(-0.113281073481 -0.00933153380874 2.8294990167e-22)
(-0.110108784789 -0.0107732897237 -5.94612299636e-22)
(-0.106648709914 -0.0121393106086 6.60869621432e-22)
(-0.102916067717 -0.0134274770439 -3.44921565757e-22)
(-0.0989278513159 -0.0146369588425 0)
(-0.0947008966832 -0.0157685987315 0)
(-0.0902516499544 -0.0168232802443 0)
(-0.0855965569372 -0.0178017667955 0)
(-0.0807520435463 -0.0187045630164 2.79395516548e-22)
(-0.0757346145808 -0.0195321106727 -2.77195138574e-22)
(-0.0705607558007 -0.02028492436 0)
(-0.0652468778418 -0.0209637041468 0)
(-0.0598092238236 -0.0215693938415 -1.75477883528e-22)
(-0.0542637967572 -0.0221032006292 -9.91073063479e-24)
(-0.0486262931112 -0.0225665786636 1.83467896191e-22)
(-0.0429120558973 -0.0229612030096 0)
(-0.0371360400018 -0.0232889362258 0)
(-0.0313127905796 -0.0235517952249 0)
(-0.0254564343877 -0.0237519272254 0)
(-0.0195806883792 -0.0238915937244 2.37101987453e-22)
(-0.0136988581088 -0.023973173771 9.19244184175e-24)
(-0.00782387227237 -0.0239991746595 -2.45113178365e-22)
(-0.00196817244062 -0.0239722617866 0)
(0.00385630343053 -0.0238950857026 0)
(0.00963858870064 -0.0237700807128 0)
(0.0153685202246 -0.0235980552511 0)
(0.0210353107142 -0.023378792841 -1.17619959961e-21)
(0.026627838991 -0.0231133420021 -3.25041776826e-23)
(0.0321356791248 -0.0228037858939 1.20480235448e-21)
(0.0375488281605 -0.022452433295 1.26641324353e-21)
(0.0428576844136 -0.0220615584363 -1.26524664987e-21)
(0.0480527754413 -0.0216328443487 0)
(0.0531253920815 -0.0211672048541 -1.35395350866e-21)
(0.0580667913424 -0.0206624908502 1.35384095014e-21)
(0.0628662744788 -0.0201154686849 0)
(0.0675126727438 -0.0195241466316 0)
(0.0719949964128 -0.0188863034067 2.93593963342e-21)
(0.0763020526455 -0.0181989138215 5.3351484537e-23)
(0.080422166087 -0.0174571183638 -2.99695467885e-21)
(0.0843433348042 -0.0166529523876 0)
(0.0880516173525 -0.01577422747 0)
(0.091531816987 -0.014804683166 0)
(0.0947655485306 -0.0137247291771 0)
(0.0977373178946 -0.0125092663676 0)
(0.100423169145 -0.0111274996604 -3.40506232723e-21)
(0.102814985474 -0.00954350773829 3.42381431058e-21)
(0.104870935951 -0.00771163977406 0)
(0.106621999751 -0.00560048369802 3.61589223032e-21)
(0.107957528467 -0.00313151147534 4.36654589607e-23)
(0.1089994424 -0.000492217814605 -3.73531824636e-21)
(0.111473232688 0.00224447918166 -2.43127387853e-19)
(0.115961615648 0.00552307125027 2.33791184011e-19)
(0.122050554965 0.00950428532691 2.44627143859e-19)
(0.129899732177 0.0144132840976 0)
(0.139440292095 0.0204261270057 0)
(0.150697723429 0.0276830520346 3.35682053235e-21)
(0.163554297472 0.0363016888044 -4.11709738316e-19)
(0.177731074523 0.0462541537727 -3.08834961105e-21)
(0.193284330259 0.0574557968739 3.03363491083e-21)
(0.210651947694 0.0698661319446 -2.73832221749e-23)
(0.230002911273 0.0835118111826 3.89172700967e-19)
(0.251289269023 0.0984772068439 -3.95033347097e-19)
(0.274646111423 0.114884107524 -1.50934106574e-21)
(0.300607383468 0.132839389223 -3.87279385947e-19)
(0.329924496247 0.152365052688 -1.5187534862e-21)
(0.363722353813 0.173260338765 3.63412918198e-19)
(0.40346320053 0.194740762037 0)
(0.450855680127 0.215161280684 2.78605219422e-19)
(0.506547082417 0.231838912883 -2.13709936156e-19)
(0.569541149045 0.241471094121 3.47523665931e-21)
(0.637432330096 0.240125484274 1.16647591906e-23)
(0.705429784023 0.223906871673 0)
(0.764736538171 0.192964637653 -5.30278483121e-20)
(0.804151446886 0.152220253373 0)
(0.82185863984 0.111728256081 0)
(0.822576002346 0.0758746270232 6.94788607255e-21)
(0.813845827574 0.0502424461124 0)
(0.809080567167 0.0330955871411 2.15516503953e-23)
(0.800644845328 0.019508376153 5.42476514465e-21)
(0.788690616334 0.00680038571896 -6.85178825496e-24)
(0.768723354737 -0.000967533752332 -3.75671405694e-23)
(0.744610558039 -0.00369888094798 0)
(0.710168954132 -0.00798773903963 0)
(0.632995868334 -0.0154836483628 -5.9585244595e-20)
(0.478295316962 -0.0139993283666 1.63990690618e-19)
(0.269804033748 0.00317875775298 2.02519158564e-22)
(0.0879019186749 0.0246566986653 1.44214811813e-19)
(-0.00843687683835 0.035717335498 -1.52439409517e-19)
(-0.0403373737133 0.0415529225976 -1.35434767331e-19)
(-0.049522368916 0.0472884612926 -9.9955207652e-20)
(-0.0516929706866 0.0525149615614 1.49031097318e-19)
(-0.0521757653898 0.0575338619652 -2.36341205417e-22)
(-0.0529683430157 0.0622121489233 0)
(-0.0547406296137 0.06633363641 -3.46637454468e-22)
(-0.0576187624618 0.069582640209 3.22313733227e-22)
(-0.0614778217079 0.0717218415805 -3.11023781651e-22)
(-0.0661698007845 0.0725384225251 3.84094048059e-20)
(-0.0714941923417 0.0719158250599 -5.82743001111e-22)
(-0.0772371643947 0.0698004042888 3.61733788194e-20)
(-0.0831851730259 0.066261512658 3.42535507954e-20)
(-0.0891817801003 0.0614799820259 -5.20392975949e-22)
(-0.0950532908716 0.055722720282 1.65225397882e-20)
(-0.100508695804 0.049344074974 0)
(-0.105344098078 0.0428032204804 4.32469303398e-22)
(-0.108855157406 0.0364958251759 -4.01634314477e-22)
(-0.110998374971 0.0309229846277 0)
(-0.112928547427 0.0259741851061 0)
(-0.114716083828 0.0215300414112 -1.13199669555e-22)
(-0.116136260459 0.0175774413679 1.86555481661e-22)
(-0.117195638603 0.014047580131 -7.52847259058e-23)
(-0.117843288905 0.0108831687151 0)
(-0.11808512206 0.00802661566209 0)
(-0.117924229958 0.00542634373315 0)
(-0.117373100071 0.00303402595834 0)
(-0.116440826719 0.000810673778253 0)
(-0.11513737294 -0.00127118076713 0)
(-0.113475395868 -0.00323054919734 -3.17104955184e-22)
(-0.111469022515 -0.00508331034794 3.1074478678e-22)
(-0.109131767339 -0.00684141720569 0)
(-0.106477135 -0.00851315429145 5.01995970423e-22)
(-0.103518635573 -0.010103575108 7.26616451956e-23)
(-0.100269706239 -0.0116151620662 -5.5854204491e-22)
(-0.0967435077981 -0.0130475991208 0)
(-0.0929548162468 -0.0143983249195 -3.84298595857e-22)
(-0.0889203363681 -0.0156663208787 3.79876530959e-22)
(-0.0846565217109 -0.0168525239319 0)
(-0.080179361715 -0.0179578571245 4.89292124875e-22)
(-0.0755048957465 -0.0189830850438 -1.00969629114e-21)
(-0.0706491685241 -0.0199286970453 5.20437850809e-22)
(-0.0656283264027 -0.0207951264505 0)
(-0.0604585001349 -0.0215828982072 0)
(-0.055155742161 -0.0222927427957 0)
(-0.0497359296026 -0.0229256541128 0)
(-0.0442146918681 -0.0234829062734 -1.85045629827e-22)
(-0.0386073462262 -0.0239660331496 -9.87674494634e-24)
(-0.0329288533664 -0.0243767986247 9.16336148424e-23)
(-0.0271937882288 -0.0247171601607 1.00993928752e-22)
(-0.0214163200599 -0.0249892321087 1.10229272734e-22)
(-0.0156102104543 -0.0251952586543 1.1932069759e-22)
(-0.00978882545506 -0.0253375952605 9.35160856125e-24)
(-0.00396514342807 -0.0254187114135 -2.3714073082e-22)
(0.001848199879 -0.0254412093031 0)
(0.00763901339343 -0.0254078713871 0)
(0.0133955564678 -0.0253215190049 0)
(0.0191071250766 -0.0251848202918 0)
(0.0247638817041 -0.0249986088954 0)
(0.0303552656051 -0.0247625287688 -1.17510897834e-21)
(0.0358703326278 -0.0244776722493 1.17267731814e-21)
(0.0412989086951 -0.0241462580937 0)
(0.0466312273996 -0.0237706815433 1.26417199423e-21)
(0.0518578541495 -0.0233532831352 -1.2626072933e-21)
(0.0569693945801 -0.0228958422611 0)
(0.0619573341007 -0.0223994099029 2.70058834333e-21)
(0.0668131453742 -0.0218615912311 -2.69942241217e-21)
(0.0715261192269 -0.0212788346186 0)
(0.0760851078558 -0.020649142921 0)
(0.0804793105608 -0.019970294233 0)
(0.0846977365484 -0.0192392247039 2.9792131343e-21)
(0.0887289805005 -0.0184510050549 -2.98232198651e-21)
(0.0925614264973 -0.0175975069194 0)
(0.0961816290565 -0.0166661754583 0)
(0.0995748790391 -0.0156404066024 3.20215877647e-21)
(0.102723627606 -0.0145005236607 4.8738251052e-23)
(0.105613504653 -0.0132213138671 4.79698045747e-23)
(0.108222077887 -0.0117722708819 -3.33107660175e-21)
(0.110543194405 -0.0101171742737 3.44117531671e-21)
(0.112536319212 -0.00821174783852 -3.46156956807e-21)
(0.114236664707 -0.00602251375795 0)
(0.115530103438 -0.00347508042159 0)
(0.116548439733 -0.000743277819371 0)
(0.119034327525 0.00211759220249 9.22981501171e-23)
(0.123572655366 0.00551436296487 -2.38479331564e-19)
(0.129730827312 0.00960570236339 0)
(0.137652188782 0.0145999039738 -2.27956859739e-19)
(0.147251704982 0.0206701406281 4.41046514059e-19)
(0.158520664999 0.0279581702992 4.31165547266e-19)
(0.171296071153 0.0365625747852 -6.36367694599e-21)
(0.185371770351 0.0464419949403 3.09488649029e-21)
(0.201062267095 0.0575492393687 -3.10705943449e-21)
(0.218705917142 0.0698734922777 0)
(0.238379385983 0.0834345759723 1.30347792233e-21)
(0.260020824686 0.0983148544477 4.01287077851e-19)
(0.283773713041 0.114619899988 -3.16975425891e-21)
(0.310179899206 0.13242435258 -3.94790156429e-19)
(0.339989530489 0.151702282389 1.53576268564e-21)
(0.374294043445 0.17218428507 0)
(0.414471148071 0.193015768116 0)
(0.462069189899 0.212518678112 -2.80468955966e-19)
(0.517556088014 0.2280634607 4.24049982859e-19)
(0.579764067841 0.236497817189 2.72690808864e-19)
(0.646176512072 0.234150258631 0)
(0.712105041315 0.217667156235 -6.75463398859e-21)
(0.769025633137 0.187678680863 3.13177695127e-23)
(0.80696999888 0.149086396257 -2.85563534607e-23)
(0.824563680655 0.110748237684 2.20827142696e-20)
(0.826035453484 0.0763759314749 0)
(0.818292551798 0.051314555188 0)
(0.814230324191 0.034212354404 0)
(0.806110986766 0.0206744574202 -5.06740015892e-21)
(0.794677957644 0.00824425884314 -1.90853564664e-20)
(0.775726570079 0.000341490797759 0)
(0.752334198318 -0.00257535072313 5.31215700091e-20)
(0.721884552577 -0.00581719970437 -9.68306610113e-24)
(0.659598024689 -0.0127832282968 1.52428813408e-23)
(0.529406699144 -0.0147601661917 -2.54847230825e-21)
(0.335681455382 -0.00261374763018 2.69455610538e-22)
(0.143858438146 0.0174370135986 -2.47917857527e-19)
(0.0216115768122 0.0313655116451 0)
(-0.0267414758192 0.0383545527764 -4.91249583158e-22)
(-0.042781501406 0.0447355604295 2.09264055742e-19)
(-0.0475443245869 0.0504239306385 -7.8482909734e-20)
(-0.0487857302331 0.0556757558022 0)
(-0.0495695129393 0.0604796487144 3.80489704764e-22)
(-0.0510601799565 0.0646983642705 -3.4311266163e-22)
(-0.0536003323564 0.0680582510163 -3.99610424025e-20)
(-0.0571434871233 0.0703373974253 -3.05548105895e-22)
(-0.0615635167064 0.0713232054217 -3.63958972621e-20)
(-0.0666551707679 0.0708953935729 1.63187655265e-23)
(-0.0721890244247 0.068996405158 -3.63604155341e-20)
(-0.0779355380259 0.065684591454 -3.49123521149e-20)
(-0.0837254896655 0.0611307439215 0)
(-0.0893712428516 0.0555922470006 -3.20757824674e-20)
(-0.094561566915 0.0494126834911 1.58447936081e-20)
(-0.0990830656631 0.0430338683446 -4.46213147023e-22)
(-0.102204682396 0.0368366716538 0)
(-0.103919035862 0.031284788106 5.56397176328e-27)
(-0.105441359478 0.0263104317759 0)
(-0.106850337201 0.0218133026924 2.30740950036e-22)
(-0.10792359901 0.017784827767 -2.2082047656e-22)
(-0.108669905744 0.0141685808629 4.0996393166e-23)
(-0.109035709478 0.0109114983712 -3.9596170213e-23)
(-0.109024429939 0.00796125193451 4.76904076281e-23)
(-0.108636252963 0.00526798023052 -4.63757125267e-23)
(-0.107880917766 0.00278403022851 0)
(-0.106764525243 0.000470428111748 0)
(-0.105294465034 -0.00169960490496 0)
(-0.103481711547 -0.00374427407002 -3.18188887715e-22)
(-0.101339272695 -0.00567926681426 3.11931403266e-22)
(-0.0988796707654 -0.00751649963509 4.40735335439e-22)
(-0.0961156905787 -0.0092641781204 -4.33380960485e-22)
(-0.0930603660832 -0.0109272952367 -5.69879343984e-22)
(-0.089726728269 -0.012508343328 -7.48271619658e-23)
(-0.0861273927446 -0.0140068322873 6.28178541659e-22)
(-0.0822766788858 -0.0154197048931 0)
(-0.0781909735192 -0.0167457444812 0)
(-0.0738863027535 -0.0179860135305 0)
(-0.0693781459928 -0.0191414756158 0)
(-0.0646821028172 -0.0202128864913 5.28557213318e-22)
(-0.0598138087728 -0.021200712524 -5.24132702604e-22)
(-0.0547890241225 -0.0221053753322 0)
(-0.0496234941473 -0.0229274109176 0)
(-0.0443328795316 -0.0236675831551 0)
(-0.0389326545994 -0.0243269401351 0)
(-0.0334380361352 -0.0249068272795 0)
(-0.0278639217878 -0.0254088623027 0)
(-0.0222248480443 -0.0258349011681 0)
(-0.0165349684239 -0.0261869988015 0)
(-0.0108080339166 -0.0264673684097 0)
(-0.00505739957695 -0.026678351302 0)
(0.000703961077474 -0.0268223956604 0)
(0.00646343638932 -0.0269020573533 0)
(0.0122087180153 -0.0269200264799 0)
(0.0179279006875 -0.0268791926913 0)
(0.0236094531946 -0.0267825517544 -5.42944199001e-22)
(0.0292429500421 -0.0266330353033 5.41198680216e-22)
(0.0348189029486 -0.0264315004407 -1.14754282929e-21)
(0.0403270068311 -0.0261774239406 1.14451543947e-21)
(0.0457565326134 -0.025871949525 0)
(0.0510976075644 -0.0255174444605 0)
(0.05634073996 -0.0251163796042 0)
(0.0614766764036 -0.0246711433023 0)
(0.0664960883976 -0.0241836131267 2.64565381431e-21)
(0.0713906702239 -0.0236550105821 5.87613603782e-23)
(0.0761521282874 -0.0230826569487 -2.69952478726e-21)
(0.0807697427772 -0.0224626411133 -2.81205086443e-21)
(0.0852323995735 -0.0217929923604 -5.52654769163e-23)
(0.0895295234886 -0.0210715079455 5.78762984837e-21)
(0.0936503385595 -0.0202950943755 -2.92184809114e-21)
(0.0975837053445 -0.0194587728981 3.02898414613e-21)
(0.101318397862 -0.0185542785498 -3.03185959608e-21)
(0.104841458617 -0.0175686866565 0)
(0.108138630516 -0.0164850769514 0)
(0.111193166718 -0.0152837593139 0)
(0.113991764113 -0.0139394995957 3.30403802376e-21)
(0.116513443135 -0.0124221445489 -3.31502965936e-21)
(0.118753810603 -0.0106952497033 0)
(0.120673487431 -0.00871591748131 6.97103816448e-21)
(0.122311532987 -0.00644861296185 -7.01616354341e-21)
(0.123550019585 -0.0038231546375 -1.09933129509e-25)
(0.124530889274 -0.00100039185506 0)
(0.127014889242 0.00198157586611 1.11334058069e-19)
(0.131590119449 0.00549500976291 1.47530527535e-20)
(0.137805192705 0.00969585383747 -7.2189403214e-21)
(0.145785000967 0.0147760731013 2.26397977721e-19)
(0.155425819496 0.0209075253646 -8.76560090743e-19)
(0.166675206376 0.028233464786 -4.22820102812e-19)
(0.179339157622 0.0368185093292 4.12849855444e-19)
(0.193427081069 0.0466341213663 -6.29595755403e-21)
(0.209362468798 0.0576667341253 0)
(0.227328321264 0.069905228018 3.17810036869e-21)
(0.24735139305 0.0833794168802 -4.18509868296e-19)
(0.269366243774 0.098167578649 8.96726700851e-22)
(0.293524619561 0.114355800126 0)
(0.320373697154 0.131984542626 4.0230013022e-19)
(0.35065772644 0.150979834813 0)
(0.385429183226 0.171006757678 -3.61136259919e-19)
(0.42597809643 0.191148681227 0)
(0.47369533897 0.209705851025 0)
(0.528876912917 0.224114309301 -4.75857345162e-21)
(0.590196519047 0.231382317131 -1.34253518013e-19)
(0.65505941102 0.228103709913 -6.26754296598e-24)
(0.718900912273 0.211454078779 1.19260658934e-20)
(0.773475268558 0.18246988045 4.20696079803e-20)
(0.809955070133 0.145958070992 3.68844678744e-23)
(0.827421607213 0.109698322608 -2.20463106042e-20)
(0.829595449262 0.0767862866052 -2.26070433684e-23)
(0.822795272906 0.0523239191904 2.41129868408e-23)
(0.819434348456 0.035306394567 -1.9717235905e-23)
(0.811647459239 0.0218332171073 4.9637367577e-21)
(0.80071116628 0.00966412115333 3.68911019595e-20)
(0.782742446981 0.0016578991552 3.39839752104e-23)
(0.760021570485 -0.00155944972582 -5.11566773248e-20)
(0.732345309552 -0.00403897051455 4.38654980991e-20)
(0.68181558985 -0.010048491626 0)
(0.574708926412 -0.0142448393011 -2.11235662828e-21)
(0.40062275749 -0.00695270855954 -1.47304551042e-22)
(0.206989667344 0.0102829663841 1.05532458994e-19)
(0.0622878718532 0.0258629303916 -1.23803257582e-19)
(-0.00701977340051 0.0346426709496 -1.21970985933e-19)
(-0.0328327398897 0.0416243080994 -1.07149676261e-19)
(-0.0418124456237 0.0479283452923 -6.10559752707e-22)
(-0.0445901366158 0.0535166077999 9.74755946772e-22)
(-0.0457487836687 0.0585237432147 -1.22187627743e-23)
(-0.0471068014718 0.0628801646708 -3.4008505828e-22)
(-0.0493414447329 0.0663705901452 4.00808463167e-20)
(-0.052555545351 0.0688027248296 6.0304792725e-22)
(-0.0566762586962 0.0699679769067 -2.35273803456e-22)
(-0.0615046975371 0.0697435957726 0)
(-0.0667999622809 0.0680690383626 3.55480778622e-20)
(-0.0723179728863 0.0649924193825 3.40825915632e-20)
(-0.0778768298373 0.0606740112164 5.22698298781e-22)
(-0.0832744329315 0.0553601119649 3.2587870748e-20)
(-0.0881786531731 0.0493824736765 -1.52536098982e-20)
(-0.0923660140751 0.0431653277497 0)
(-0.0950793802207 0.0370756528933 0)
(-0.0963442243321 0.0315463603473 -5.5570070933e-27)
(-0.0974352288322 0.0265511712702 0)
(-0.0984417764845 0.0220063695385 0)
(-0.0991441052541 0.0179077866175 0)
(-0.0995539784207 0.0142104987801 -8.52140631228e-23)
(-0.0996158395125 0.0108654189787 8.29727646774e-23)
(-0.0993306499209 0.00782544047836 -5.73217789521e-25)
(-0.0986958004784 0.00504245342708 0)
(-0.0977182208706 0.00246943552146 -1.49203304912e-22)
(-0.0964009325109 6.7452222395e-05 -5.8505685925e-23)
(-0.0947486675085 -0.002189383772 -6.17016309394e-23)
(-0.0927707042666 -0.00431822908983 2.55944294708e-22)
(-0.0904789234495 -0.00633450365696 0)
(-0.0878848124706 -0.00825002955716 0)
(-0.0850004236995 -0.0100728596349 0)
(-0.0818383482081 -0.01180787776 0)
(-0.0784112571464 -0.0134575967064 -6.42753669286e-22)
(-0.0747312377062 -0.0150213601 6.3440775833e-22)
(-0.0708121401983 -0.0164955614522 0)
(-0.066669976416 -0.0178787816428 -4.26070718336e-22)
(-0.0623202843987 -0.0191722460001 4.21654432009e-22)
(-0.0577779701476 -0.0203769562263 0)
(-0.0530581573718 -0.0214936449393 -5.34238617811e-22)
(-0.0481760423828 -0.0225227464163 5.29799469323e-22)
(-0.0431469682664 -0.0234646675985 0)
(-0.0379862597201 -0.0243199571899 0)
(-0.0327091468127 -0.0250894165532 0)
(-0.0273306583218 -0.0257741530415 0)
(-0.0218655533897 -0.0263755883968 0)
(-0.0163282638331 -0.0268954289096 0)
(-0.0107328540341 -0.0273356259602 1.03229159816e-22)
(-0.00509300942395 -0.0276983345921 -1.02767876734e-22)
(0.000577985146713 -0.0279858689696 -1.1208612808e-22)
(0.00626722723274 -0.0282006677813 1.1152385107e-22)
(0.0119621797353 -0.0283452700101 0)
(0.0176506467169 -0.0284223115763 0)
(0.0233206914291 -0.0284345603481 0)
(0.0289607256276 -0.0283850008989 0)
(0.0345594402884 -0.0282768051753 1.09237226161e-21)
(0.0401067027392 -0.0281132012243 -1.08857440683e-21)
(0.045593386525 -0.0278950694383 -1.1537860587e-21)
(0.051009478066 -0.0276216917576 1.15041383362e-21)
(0.0563445192102 -0.0272942754735 -1.21338166364e-21)
(0.0615889999393 -0.0269153496819 2.45300722353e-21)
(0.0667337459768 -0.0264874432512 -1.23987251303e-21)
(0.0717696969403 -0.0260129653399 0)
(0.0766875683685 -0.0254938916141 0)
(0.0814792723892 -0.0249316567863 2.71045366208e-21)
(0.0861367570017 -0.0243232549494 5.77581180312e-23)
(0.0906492995588 -0.0236643700133 5.65669997594e-23)
(0.0950058430344 -0.0229530990592 -2.81747017458e-21)
(0.099196084078 -0.0221872779626 0)
(0.103209472366 -0.0213637871899 -2.97917855777e-21)
(0.107035121372 -0.0204776185268 2.97979314255e-21)
(0.110662192023 -0.019520400275 3.08482321047e-21)
(0.114078200222 -0.0184788288852 5.03082384989e-23)
(0.117269301317 -0.0173356931992 -3.14157390654e-21)
(0.120219516321 -0.0160713670167 0)
(0.122916552359 -0.0146606868368 0)
(0.125340813856 -0.0130739045414 0)
(0.127489460655 -0.0112744237791 0)
(0.129324153851 -0.00922069566818 0)
(0.130887415431 -0.0068751541517 0)
(0.132057195317 -0.00417190754327 1.09405538598e-25)
(0.132985866005 -0.00125947318431 7.34378127936e-21)
(0.135452878191 0.00184078817503 -1.47232032702e-20)
(0.140050398804 0.00546965530749 7.28901724949e-21)
(0.146308084925 0.00977987273204 0)
(0.154330444707 0.0149480900082 0)
(0.163991625273 0.0211475810558 4.36821827052e-19)
(0.175184813775 0.0285142626041 -6.58962910572e-21)
(0.187754303883 0.037082059858 -4.0427002904e-19)
(0.20200460474 0.0468445000018 -6.42027226669e-21)
(0.218251718151 0.0578065380919 6.51656523993e-21)
(0.236572133324 0.0699593953638 -3.25430080322e-21)
(0.256965231049 0.0833444264963 6.56088390361e-21)
(0.279366053804 0.0980316856795 -4.27394800539e-19)
(0.303933081107 0.114085514261 3.29013144536e-21)
(0.331215622855 0.131511476858 4.04288173697e-19)
(0.361947712428 0.150188030983 0)
(0.397138484929 0.169718452569 3.65142956502e-19)
(0.437988109909 0.189132654166 3.2390504526e-19)
(0.48573335872 0.206720565405 -1.03401391031e-22)
(0.540506362226 0.219995592472 -4.99096571515e-21)
(0.600837174063 0.226135220054 -1.56171726972e-22)
(0.66408486979 0.221999883899 0)
(0.725820952823 0.205277692473 -1.56697135141e-21)
(0.778094120739 0.177347512458 -4.13632593693e-20)
(0.81312072934 0.142840723679 3.48028450318e-23)
(0.830443102685 0.10857929411 -7.78145775805e-23)
(0.833265142163 0.0771048022167 4.31812071659e-23)
(0.827363448449 0.0532680654626 0)
(0.824702366694 0.0363741183859 0)
(0.817263657934 0.0229825644944 0)
(0.806805446687 0.0110583549294 -1.78515269258e-20)
(0.789777396301 0.00298054942872 2.88846117006e-20)
(0.767731293014 -0.000603795067704 5.50836458194e-23)
(0.741948529277 -0.00260275157149 -4.08298002699e-20)
(0.700371121256 -0.0074885728565 4.28841942246e-20)
(0.613730981971 -0.0128005009015 -1.14462337294e-21)
(0.46242473563 -0.00975235149823 0)
(0.274816857535 0.0038359531983 0)
(0.113919577808 0.019441901578 1.08722654499e-19)
(0.0208360062825 0.0301688821597 1.14762513553e-19)
(-0.0182973878492 0.0378887773809 1.03468411692e-19)
(-0.0336439814633 0.0449239020944 -8.30016799681e-20)
(-0.039116104908 0.0509773736013 5.23871518764e-22)
(-0.0412319908197 0.0562789134158 5.04130301925e-20)
(-0.0427500775677 0.0608407004133 0)
(-0.0447840174026 0.0644944043121 0)
(-0.0476842250838 0.0670982110785 3.72005114656e-20)
(-0.0514879776586 0.0684566032606 3.62362356704e-20)
(-0.0560251329611 0.0684463177145 5.52680495288e-22)
(-0.0610515287047 0.0670052213181 0)
(-0.0663116494716 0.0641723732405 -3.52851868933e-20)
(-0.0716119821316 0.0600972919024 5.4195573042e-22)
(-0.0767357962759 0.0550136056699 -1.64080717049e-20)
(-0.0813293262693 0.0492402164664 -1.64531473264e-20)
(-0.0851583882812 0.043183828904 0)
(-0.0874395093171 0.037198391285 -1.28689760659e-21)
(-0.0882282529858 0.0316929841585 -2.27534573613e-23)
(-0.0888594886832 0.0266818123566 -3.44685055706e-22)
(-0.0894357327704 0.0220951339061 0)
(-0.0897397575487 0.0179328926049 0)
(-0.089787085433 0.0141607504364 -8.8713691144e-23)
(-0.089520625594 0.0107332045818 8.5843119081e-23)
(-0.0889387711778 0.00760827458192 0)
(-0.0880361051517 0.00473961833989 9.71253264731e-23)
(-0.0868166224688 0.00208078042852 -9.48335634792e-23)
(-0.0852801610537 -0.000407110420956 2.06397203154e-22)
(-0.0834287449359 -0.00274881667994 -4.65978030442e-22)
(-0.0812699336793 -0.00496017803949 5.83022376431e-22)
(-0.0788144587223 -0.00705627478819 -7.04329980625e-22)
(-0.0760727155128 -0.00904877156488 8.29604985232e-22)
(-0.0730560087093 -0.0109454777616 -4.42855846916e-22)
(-0.0697765283919 -0.0127511065168 5.82865451413e-22)
(-0.0662466486923 -0.0144682041531 7.66471213923e-23)
(-0.0624779741136 -0.0160959674659 -1.36447264409e-21)
(-0.058483878478 -0.0176301953974 1.50507405276e-21)
(-0.0542798926039 -0.0190692711108 -7.83561677317e-22)
(-0.0498809858704 -0.0204146233135 0)
(-0.0453014179273 -0.0216672829208 0)
(-0.04055579926 -0.0228279393163 0)
(-0.0356588554674 -0.0238969842689 0)
(-0.0306254775481 -0.0248748078372 0)
(-0.0254705290119 -0.0257619742995 0)
(-0.0202087642954 -0.026559328025 0)
(-0.0148547168756 -0.0272680419279 0)
(-0.00942263635917 -0.0278896195844 0)
(-0.00392643608371 -0.0284258613814 0)
(0.00162034640401 -0.0288788185609 0)
(0.00720454573625 -0.0292507491474 0)
(0.0128133940495 -0.029544069595 0)
(0.0184344976661 -0.0297613148166 0)
(0.024055809005 -0.0299051113682 0)
(0.0296655960761 -0.029978169119 0)
(0.035252342705 -0.0299833224918 0)
(0.0408048168916 -0.0299236329667 0)
(0.0463119444236 -0.0298024450377 0)
(0.0517638942806 -0.0296233183258 0)
(0.0571518910582 -0.0293871606233 0)
(0.0624662600149 -0.0290930364956 0)
(0.0676968990343 -0.0287422351273 0)
(0.0728347360846 -0.028337458548 0)
(0.0778709604187 -0.0278812661744 0)
(0.0827967125235 -0.0273760496465 0)
(0.0876027178757 -0.0268238793432 0)
(0.092281106395 -0.0262264567514 0)
(0.0968240536656 -0.0255804019149 0)
(0.101220860744 -0.0248809472474 0)
(0.105460568898 -0.0241263102719 0)
(0.109533204554 -0.0233143818004 0)
(0.11342844946 -0.0224420109303 0)
(0.117135644295 -0.0215041787075 0)
(0.120644323086 -0.020492440276 0)
(0.123942450965 -0.0193930982976 0)
(0.127016555715 -0.0181886745433 0)
(0.12985139527 -0.0168596898879 0)
(0.132435632655 -0.0153811422849 -6.60672020077e-21)
(0.13475098892 -0.0137237278728 6.62076394701e-21)
(0.136795969879 -0.0118507678243 6.82522685525e-21)
(0.138533186314 -0.00972199830156 -1.37905256444e-20)
(0.140008237952 -0.00729786037201 -8.75829893501e-23)
(0.141094631765 -0.00451683964629 1.42914753437e-20)
(0.141955473843 -0.00151572411732 -2.89672887774e-20)
(0.144389233869 0.00170037840844 -7.28671042374e-21)
(0.148992813679 0.00544383683229 2.33201786219e-19)
(0.155276847939 0.00986390105669 0)
(0.163323811657 0.015123844532 0)
(0.172979517559 0.0214012424526 -4.3549909658e-19)
(0.184083339295 0.0288053707888 4.21273987887e-19)
(0.196663690813 0.0373601544598 0)
(0.21118789319 0.0470783051271 0)
(0.227791808499 0.0579670770782 4.29395996394e-19)
(0.24649032615 0.0700348603408 -3.89588171553e-23)
(0.267268219541 0.0833272498065 -6.71114638134e-21)
(0.290061451535 0.0979026127403 6.67728312709e-21)
(0.315032938138 0.113802225543 -3.34859228001e-21)
(0.342731171451 0.130996474708 -4.1633078655e-19)
(0.37387641393 0.149317254517 4.63286470378e-21)
(0.409430956252 0.168310527075 -3.63153569824e-19)
(0.450503661449 0.186961735694 -6.44974773558e-19)
(0.498181141657 0.203561818311 0)
(0.552440386843 0.215712733393 -3.98104845296e-19)
(0.611684479159 0.220768111495 -2.27049217824e-23)
(0.673256374554 0.215853464549 2.71008710769e-23)
(0.732866457037 0.199147218284 -3.58063342057e-21)
(0.782889897212 0.172317744467 -5.75458201103e-23)
(0.816481820528 0.139739745119 -2.95764404738e-20)
(0.833639609563 0.107392595561 0)
(0.837054386287 0.0773309783371 -5.35048935003e-21)
(0.832006683436 0.0541445373069 0)
(0.830043807781 0.0374117389876 0)
(0.822968095349 0.0241199777018 2.20621841137e-21)
(0.812974433845 0.0124258220606 0)
(0.796839572734 0.00430571359351 -5.87565770973e-22)
(0.775497009579 0.000328511659747 -4.80663397487e-20)
(0.751011057739 -0.00144247772117 0)
(0.716033902258 -0.00524740700059 -3.86208933792e-20)
(0.646704824964 -0.01074435242 -2.58344865832e-22)
(0.519258507508 -0.0110440089889 5.69181268292e-20)
(0.344522971554 -0.00146186123704 1.13499895892e-22)
(0.175096224032 0.0126673037906 -3.64576373348e-22)
(0.0591547254733 0.0247668031463 -3.72640380103e-22)
(0.00250064097581 0.0335867236371 -1.9508924117e-19)
(-0.0218424002552 0.0413002020694 8.58358880143e-20)
(-0.0316657424744 0.0479660757885 0)
(-0.0355995707184 0.0536644095744 -1.05960479409e-19)
(-0.0377436957357 0.0585172405701 -3.50560298495e-22)
(-0.0398075859448 0.0623915183386 0)
(-0.0424686634368 0.0651958142754 -3.84891488202e-20)
(-0.0459614803436 0.0667664025025 3.68184414336e-20)
(-0.0501878121148 0.0669842978062 -3.60451299788e-20)
(-0.0549169676035 0.0657875594714 3.58860197631e-20)
(-0.0598884962813 0.063207994775 3.47724905252e-20)
(-0.0649001491645 0.059384609266 5.34740623445e-22)
(-0.0697211953503 0.0545367885185 0)
(-0.0739755452223 0.0489696194211 -3.34511858148e-22)
(-0.0774177581908 0.0430725966758 7.76799970567e-21)
(-0.0792366935923 0.0371874671686 1.70667135997e-21)
(-0.0795159147001 0.0317070467753 -2.98764713307e-27)
(-0.0796533488549 0.0266851934997 3.16184591311e-22)
(-0.0797670850656 0.0220632058452 -3.02215264973e-22)
(-0.0796419494141 0.0178446939182 -1.74852693113e-22)
(-0.0792978687039 0.0140049660177 2.61095269698e-22)
(-0.0786765249818 0.0105015363136 -8.6654457975e-23)
(-0.0777734345542 0.00729740294502 9.0725978529e-23)
(-0.0765801774029 0.00434799763051 -2.8721816717e-22)
(-0.0750976089615 0.00160736592414 1.91602333087e-22)
(-0.0733222707221 -0.000963260424564 0)
(-0.0712535234758 -0.00338724888716 0)
(-0.0688971501124 -0.00567883941158 0)
(-0.0662626854842 -0.00785270521684 0)
(-0.0633593594568 -0.00992028195721 4.57598311406e-22)
(-0.0601977124647 -0.0118890226867 -4.50335803305e-22)
(-0.0567895845263 -0.0137633906581 0)
(-0.0531471345442 -0.0155459779429 0)
(-0.0492815822245 -0.0172358685762 7.34059157922e-22)
(-0.0452058300078 -0.0188282434471 -1.53182066667e-21)
(-0.0409347347099 -0.0203213084158 1.67721118047e-21)
(-0.0364825926262 -0.0217167328038 -3.9385890867e-22)
(-0.0318629377447 -0.0230155567476 -4.72313343068e-22)
(-0.027089831481 -0.024218398903 0)
(-0.022177496901 -0.025325597338 -5.89411316899e-22)
(-0.017140333632 -0.0263375247122 5.84871390475e-22)
(-0.0119926968302 -0.0272547653 0)
(-0.00674881322461 -0.0280782138056 3.51374301442e-22)
(-0.00142266297027 -0.0288091171487 -7.19183803116e-22)
(0.00397207355853 -0.0294490677267 -2.08688106009e-23)
(0.0094220608606 -0.0299999655858 3.85623405794e-22)
(0.0149143462112 -0.0304639658156 -1.06004154522e-22)
(0.0204363511541 -0.0308434308524 1.05325526783e-22)
(0.0259758823447 -0.0311408801391 1.14699367242e-22)
(0.0315211108925 -0.0313589443496 -1.14041901645e-22)
(0.0370605360369 -0.0315003350687 4.92621418216e-22)
(0.0425829464148 -0.031567829196 1.90498682103e-23)
(0.0480773026512 -0.0315643131895 -1.0320996248e-21)
(0.0535327754798 -0.0314929001702 5.23018030415e-22)
(0.058938539867 -0.0313570960044 1.11426785205e-21)
(0.0642850666999 -0.0311608257131 3.54090865596e-23)
(0.0695638747337 -0.0309050353617 3.47073684233e-23)
(0.0747656963882 -0.0305885645463 -1.17146024483e-21)
(0.079880919695 -0.0302128108953 0)
(0.0849010004568 -0.0297806532193 -2.52736654018e-21)
(0.0898175373783 -0.0292946400492 2.52032410644e-21)
(0.0946218735157 -0.0287570925773 0)
(0.0993046956585 -0.0281701669137 0)
(0.103858336977 -0.027535895808 0)
(0.108275142501 -0.0268504793928 0)
(0.112544504324 -0.0261086583298 0)
(0.116655631839 -0.0253088348047 0)
(0.120598951261 -0.024448962418 0)
(0.124364374292 -0.0235258397536 3.01041673259e-21)
(0.127941425046 -0.0225344530986 -6.06981184124e-21)
(0.131319979886 -0.0214663231498 3.06020630894e-21)
(0.134488414449 -0.0203073390191 0)
(0.137433596306 -0.0190397795422 0)
(0.140140997303 -0.0176444029288 6.52793183518e-21)
(0.142600186226 -0.0160964562401 9.57426174008e-23)
(0.144794132671 -0.0143671055017 -1.33756446246e-20)
(0.146722482714 -0.0124196564763 6.74927255667e-21)
(0.148348732942 -0.0102150336106 0)
(0.149721174117 -0.0077117287933 0)
(0.150708557726 -0.00485269977344 -7.1843358031e-21)
(0.151485006939 -0.00176355546837 3.62532944305e-20)
(0.153868048368 0.0015663693732 0)
(0.158459793731 0.00542405481497 -4.73052558801e-19)
(0.164752021967 0.00995519259143 7.14014474212e-21)
(0.172803601171 0.0153132243827 7.03691977412e-21)
(0.182420899435 0.0216771166186 6.47974461214e-19)
(0.193432696697 0.029116320034 -1.02863344431e-21)
(0.206184833234 0.03765905054 -4.2745519067e-19)
(0.221052825592 0.0473312693033 4.32927620697e-19)
(0.238043673123 0.0581474270368 4.96337539701e-21)
(0.25713755171 0.0701304061698 -6.91435392753e-21)
(0.278309018546 0.0833249587512 3.3996742475e-21)
(0.301493650446 0.0977753289516 -8.94388914153e-23)
(0.32685683981 0.113498777288 -3.40512681356e-21)
(0.35494399638 0.130430667777 0)
(0.386458728543 0.14835804644 0)
(0.422313639834 0.166774764016 3.66766409647e-19)
(0.463525468575 0.184631033651 6.40203550714e-19)
(0.511035192188 0.20022997956 0)
(0.564674125636 0.21127251784 1.97232394715e-19)
(0.622736683267 0.215293535964 1.21119037692e-19)
(0.682576997669 0.209679932447 5.37156564991e-20)
(0.740035885501 0.193070275889 2.0426084735e-23)
(0.787871507656 0.167383793261 -1.60492797429e-23)
(0.820054281946 0.136660575578 2.98488468523e-20)
(0.837023114979 0.106140416426 6.44276364687e-23)
(0.840973647847 0.0774647869597 5.35579845452e-21)
(0.836734824535 0.0549509752477 0)
(0.835467944336 0.0384153407284 0)
(0.828768646259 0.0252425386018 -2.18977050162e-21)
(0.819230269843 0.0137656958943 0)
(0.803938960072 0.00562831826431 -2.7342405185e-20)
(0.783335248112 0.00126377614469 7.02497470611e-20)
(0.759773127111 -0.000488604955388 -3.87590701811e-20)
(0.729506805049 -0.00338102811846 -2.90897182045e-23)
(0.674167531564 -0.00841169181416 -3.98970934064e-20)
(0.569817378281 -0.0109720192227 -4.98657280455e-20)
(0.413282690951 -0.00534293907372 -2.18975206428e-22)
(0.243405209149 0.00629172315734 2.97199947694e-22)
(0.109266189765 0.0185986864302 0)
(0.031625225874 0.0285786545679 8.96418720108e-20)
(-0.00490160709986 0.0369887876124 0)
(-0.02120227756 0.0443636725061 6.65028114401e-20)
(-0.0282422749866 0.0505907192313 5.66441934511e-20)
(-0.0316940404774 0.0558259050736 -3.62028199778e-22)
(-0.0341782408946 0.060000055572 0)
(-0.0367861358935 0.0630547407125 3.73916822531e-20)
(-0.0400258811575 0.0648653033978 -7.34570979831e-20)
(-0.0439433227775 0.0653307203395 3.65598421752e-20)
(-0.0483547633038 0.0643924999837 -3.6246141167e-20)
(-0.0530084056114 0.0620775540649 1.80298445168e-20)
(-0.0576995874 0.0585153354578 0)
(-0.0621858738334 0.0539095131189 1.74486392721e-20)
(-0.0660684981207 0.0485504911781 2.20783307638e-22)
(-0.0690905424632 0.0428111163204 -8.80745077789e-21)
(-0.0704105859963 0.0370217428123 1.81214009421e-21)
(-0.0701390792503 0.0315674828621 2.51696927112e-23)
(-0.0697425670751 0.0265411775947 3.66202011273e-22)
(-0.0693570993858 0.0218916242962 0)
(-0.0687685489565 0.0176255095565 1.80754304333e-22)
(-0.0680016626531 0.0137268525517 -2.70712312732e-22)
(-0.0669970030715 0.0101554089296 9.32244735289e-23)
(-0.0657466306434 0.00687895369451 0)
(-0.0642386608807 0.00385470505601 1.99191343623e-22)
(-0.0624705133511 0.00103717691866 1.15668472219e-22)
(-0.0604353421844 -0.00161220851293 -3.03378222666e-22)
(-0.0581300716529 -0.0041151192607 2.73515943107e-22)
(-0.0555585917384 -0.00648391803388 -2.68036364479e-22)
(-0.0527291364217 -0.00873281079921 -4.00597716161e-22)
(-0.049649681123 -0.0108729168864 3.93802014917e-22)
(-0.0463299887 -0.0129111918207 0)
(-0.0427816078976 -0.014851747898 0)
(-0.0390165829505 -0.0166972291093 -6.77032676011e-22)
(-0.0350459395117 -0.0184466580743 6.68552392585e-22)
(-0.0308821409652 -0.0200946143206 8.23803229019e-22)
(-0.0265390220024 -0.0216391705853 -8.14865312115e-22)
(-0.0220300770937 -0.0230822605151 -9.74330821384e-22)
(-0.0173680373834 -0.0244248969893 9.65123053092e-22)
(-0.0125663854439 -0.0256675920809 5.63645573422e-22)
(-0.00763881119089 -0.0268106195542 -5.58987382715e-22)
(-0.00259917835886 -0.0278543375982 6.40650458954e-22)
(0.0025387213347 -0.0287993587884 -1.31394288332e-21)
(0.00776124881912 -0.0296466373984 3.14892166849e-22)
(0.0130550429263 -0.0303975028588 3.54965426396e-22)
(0.0184070610189 -0.0310536440517 0)
(0.0238046198444 -0.0316170657007 -2.06366258612e-22)
(0.029235417194 -0.0320900303091 2.04933523962e-22)
(0.0346875264602 -0.0324750072063 0)
(0.0401493948157 -0.0327746198725 0)
(0.0456098215813 -0.0329915940342 2.41465310987e-22)
(0.0510579157746 -0.0331287224468 -2.40100657879e-22)
(0.0564830493949 -0.0331888408915 0)
(0.0618747242181 -0.0331748709126 5.32826476115e-22)
(0.0672225698636 -0.0330899439709 5.67527140136e-22)
(0.072516031246 -0.0329377048342 -1.09277693575e-21)
(0.0777458698539 -0.0327224705498 0)
(0.0829037534991 -0.0324452456579 -1.19078491613e-21)
(0.0879809300576 -0.0321046650666 1.18624404606e-21)
(0.0929684945789 -0.0317022715491 0)
(0.0978585316248 -0.0312411099425 0)
(0.102643087819 -0.0307236578854 0)
(0.107313701854 -0.0301520953841 -2.66974457059e-21)
(0.11186095836 -0.0295286461055 -6.18132073906e-23)
(0.11627735684 -0.0288557461121 2.7177323433e-21)
(0.120555266228 -0.0281291392204 0)
(0.124684323098 -0.0273430555773 0)
(0.12865401907 -0.0264961552792 0)
(0.132455258843 -0.0255864449143 -2.9859505949e-21)
(0.136078166531 -0.0246106331285 2.98209491073e-21)
(0.139512381092 -0.0235637224605 0)
(0.142748063431 -0.0224372447377 -6.27234580681e-21)
(0.145773937614 -0.0212166549442 6.2692156719e-21)
(0.148577201745 -0.0198840176117 0)
(0.151144033486 -0.0184204257533 -6.56947364814e-21)
(0.153464861648 -0.0168014563262 6.57299071262e-21)
(0.155523831394 -0.0149987567455 6.77008494571e-21)
(0.157321525577 -0.0129756831844 -6.78042120303e-21)
(0.158822291313 -0.0106942200045 0)
(0.160076723387 -0.00811095027005 0)
(0.160948524975 -0.00517340240062 -7.19844866062e-21)
(0.161623064034 -0.00199650228376 1.45313867305e-20)
(0.163936694406 0.00144573480862 8.03313908248e-23)
(0.168497025109 0.00541780667617 4.51363643666e-19)
(0.174777633999 0.0100623568156 7.14855354896e-21)
(0.18281090116 0.015527948169 0)
(0.192355015956 0.0219759733502 -7.31738382188e-21)
(0.203362973402 0.0294495936409 -4.35044871989e-19)
(0.216415013921 0.0379811556716 8.34023199851e-21)
(0.231671256087 0.0476014743118 -1.72965523465e-21)
(0.249070500204 0.0583469328195 -4.50899295485e-19)
(0.268570777901 0.0702445400275 6.99454647995e-21)
(0.290136946678 0.0833342977433 -7.08333869441e-21)
(0.313702926817 0.0976444335201 0)
(0.339435500015 0.113167664796 -4.30480578008e-19)
(0.367875385732 0.129805070184 -3.35770860128e-21)
(0.399707141715 0.147301252196 3.94594974467e-19)
(0.435791348148 0.165103731424 3.60788186712e-19)
(0.47705234555 0.182136873315 -3.20400795809e-19)
(0.524290590531 0.196726924856 4.48715023768e-22)
(0.57720194782 0.206683146774 1.88527367497e-19)
(0.633991801669 0.209724948694 -2.39584566799e-19)
(0.692049269865 0.203495799206 -5.34530511183e-20)
(0.74732361445 0.187052167403 5.96646799788e-24)
(0.793044633408 0.16255991242 -1.37312328021e-23)
(0.823856043167 0.133609107426 2.57510841879e-20)
(0.840605778181 0.104825752952 0)
(0.845033843511 0.0775067358801 0)
(0.841558004366 0.055685190621 0)
(0.84098398624 0.0393809476781 0)
(0.834672731637 0.0263469834609 -2.00346854198e-21)
(0.825583710053 0.0150772846527 2.29535601411e-23)
(0.81108706638 0.00694291690489 -5.68890060026e-23)
(0.791252317383 0.00221848431472 -2.28303298585e-20)
(0.768407816819 0.000325093616988 3.72987975762e-20)
(0.741402981971 -0.00188371668542 3.43995188284e-20)
(0.696846836245 -0.00612673592463 -3.60072553863e-20)
(0.613145952545 -0.00992064493271 0)
(0.478389830071 -0.00773559592165 0)
(0.315757932331 0.000901551164895 -5.42765407452e-20)
(0.170076343287 0.0121113122849 2.77122055174e-22)
(0.0713882372567 0.0228267818897 5.71706240601e-22)
(0.0189941117209 0.0320214311088 -6.16085599705e-22)
(-0.00631949922942 0.0400553460915 -6.87606705074e-20)
(-0.0182443256141 0.0469478365457 0)
(-0.024039023623 0.0526768599565 7.56460341686e-22)
(-0.0275113218398 0.0572330857933 -6.47823288041e-22)
(-0.0303986919482 0.0606109688944 -3.96031903154e-20)
(-0.0335437426206 0.0627077051726 1.50980213562e-21)
(-0.0372024075049 0.0634480397504 -5.5814028454e-22)
(-0.0412963766544 0.0627875440562 0)
(-0.0456104559166 0.0607518332859 -1.83145074699e-20)
(-0.0499505811316 0.0574624260258 0)
(-0.0540683715452 0.0531060017497 -1.76764730524e-20)
(-0.0575430180627 0.0479575868701 1.69572041437e-20)
(-0.0601067289755 0.0423741817366 0)
(-0.0608836890347 0.0366755482698 -1.37286775902e-21)
(-0.0600116260358 0.0312491650958 -4.2418760236e-22)
(-0.0590346611945 0.0262262632441 3.37071080308e-22)
(-0.0581090081233 0.0215586264294 -3.22922830491e-22)
(-0.057019901647 0.0172553068611 0)
(-0.0557968798691 0.0133081422693 0)
(-0.0543792747871 0.0096781212991 -5.45056058372e-24)
(-0.0527547561135 0.00633753418054 5.30292238609e-24)
(-0.0509071243021 0.00324543257689 2.03780307949e-22)
(-0.0488299770276 0.000356858028176 -1.9930354087e-22)
(-0.0465130628258 -0.00236639635734 0)
(-0.0439514627391 -0.00494396269906 5.60589817075e-22)
(-0.0411469183657 -0.0073860913004 -1.23830450488e-21)
(-0.0381061537072 -0.00970646965599 1.08696497856e-21)
(-0.0348357960408 -0.0119157869488 -8.82756402403e-22)
(-0.0313448309629 -0.0140203263999 1.02062624817e-21)
(-0.0276445785217 -0.0160237237196 -1.16211792814e-21)
(-0.0237470806039 -0.0179286668929 -8.1687851886e-23)
(-0.0196635215345 -0.0197341949494 6.85649469011e-22)
(-0.0154060114711 -0.0214343775601 0)
(-0.0109867407654 -0.0230272193916 0)
(-0.00641826035298 -0.0245149057558 -9.99111628108e-22)
(-0.00171244067116 -0.0258983632997 9.89397780911e-22)
(0.00311783175281 -0.0271779552711 -5.77066698448e-22)
(0.00805942776554 -0.028353882456 5.71231278396e-22)
(0.0130990695333 -0.0294264948089 0)
(0.0182235894 -0.0303964451024 6.91418492113e-22)
(0.0234200172248 -0.0312647585693 -6.8541462521e-22)
(0.0286756835209 -0.0320328572639 -3.83307719876e-22)
(0.0339782611258 -0.0327025347076 3.80291239868e-22)
(0.0393157954053 -0.0332759067532 -2.10103360259e-22)
(0.044676712137 -0.0337553477795 3.18185504526e-22)
(0.0500498095634 -0.0341434359443 -1.08836907754e-22)
(0.0554242472755 -0.0344428982722 -1.18458680446e-22)
(0.0607895218901 -0.0346565538314 3.63316364296e-22)
(0.0661354204072 -0.0347872725163 -2.4414230564e-22)
(0.0714519667749 -0.0348379408728 5.25006256365e-22)
(0.0767292772621 -0.0348114970857 -5.22195903877e-22)
(0.0819575094337 -0.0347110492795 -1.11526253729e-21)
(0.0871264144596 -0.0345403434136 1.10985798724e-21)
(0.092227021077 -0.0343040990416 -1.17810283039e-21)
(0.0972508363517 -0.0340034230268 2.38158986169e-21)
(0.102189810861 -0.0336368114909 -3.68073403799e-21)
(0.107036101861 -0.0332059901467 5.00323022215e-21)
(0.111782520025 -0.0327141308161 -2.52647870326e-21)
(0.116421577858 -0.0321635578338 0)
(0.120944992184 -0.0315562196419 0)
(0.125343171851 -0.0308943758413 -2.75961001984e-21)
(0.129608713333 -0.0301809395647 2.75185934119e-21)
(0.133733691702 -0.0294111815372 2.86570431944e-21)
(0.137708320222 -0.0285788454844 5.85511772609e-23)
(0.14152255052 -0.0276829263899 -2.91122982204e-21)
(0.145167841259 -0.0267214432986 0)
(0.148634485392 -0.0256909476539 0)
(0.151912135755 -0.02458646104 0)
(0.154991135999 -0.0233995803579 0)
(0.157860456978 -0.022115313954 0)
(0.160507674321 -0.0207155536558 -6.5277055964e-21)
(0.162919687711 -0.0191818294904 -9.88949979338e-23)
(0.165087741066 -0.0174901156084 6.6247171696e-21)
(0.166997069549 -0.0156125375682 0)
(0.168648991266 -0.0135125690552 0)
(0.170008699713 -0.011153097757 0)
(0.171128713745 -0.00848882479079 -7.12266367069e-21)
(0.17186743538 -0.00547194290199 1.43744094376e-20)
(0.172421595156 -0.00220714186663 -7.24465493291e-21)
(0.17464588374 0.00134644374933 0)
(0.179153579816 0.00543361164758 -4.67118298924e-19)
(0.185401247769 0.0101960447062 -7.23180352855e-21)
(0.193386095864 0.0157796317054 7.03408010813e-21)
(0.202837408529 0.0223060123282 6.4112034015e-21)
(0.214022308579 0.0298034981297 -6.96710617154e-21)
(0.22744501715 0.0383183970458 4.54034006113e-19)
(0.24311709514 0.0478881140567 -1.90299702654e-21)
(0.26093892584 0.0585653147441 4.60785016923e-19)
(0.28084853055 0.0703757160074 0)
(0.302800743943 0.0833517329731 0)
(0.326727522052 0.0975041182154 4.54644805713e-19)
(0.35279687806 0.11280106268 8.7670723981e-19)
(0.381543684198 0.129110688175 4.25254469487e-19)
(0.413631336479 0.146138167079 -4.01268583151e-19)
(0.449866414249 0.163290941925 -3.65593414233e-19)
(0.491081072041 0.17947695654 3.11782500149e-19)
(0.537940968029 0.193056153981 2.52454094316e-19)
(0.590017480312 0.201954269961 -1.89219798056e-19)
(0.645447430869 0.204076625882 2.34103709321e-19)
(0.701674682164 0.197319067138 0)
(0.754721357524 0.181099307572 -3.93617957966e-21)
(0.79839599469 0.157847287728 -1.23294757311e-20)
(0.827905884108 0.13059000296 -2.6088264947e-20)
(0.844399125792 0.103452517179 3.36789612223e-23)
(0.849246136173 0.0774579043462 -3.44784050213e-23)
(0.846486646213 0.0563452269213 0)
(0.846601129708 0.0403045921151 1.61560370679e-23)
(0.840687446786 0.0274297656305 2.04377948591e-21)
(0.832044251861 0.0163598686795 -3.05334492972e-23)
(0.818296398533 0.00824435696644 -2.48079926735e-20)
(0.799249693063 0.00320071703111 0)
(0.777032473058 0.00105676531889 1.53372711948e-23)
(0.752239593622 -0.000706351925665 -3.20700476449e-20)
(0.715694356496 -0.00409457010734 3.2359722914e-20)
(0.649405699608 -0.00822855315447 -1.03616246805e-22)
(0.537605237425 -0.00864189427735 8.99053624632e-23)
(0.388771029251 -0.00316736063248 3.5055818521e-21)
(0.239275585124 0.00604036996202 -4.13599269689e-22)
(0.123244793533 0.0165385583623 5.09845490505e-22)
(0.052076757701 0.0263316677496 -4.94833855941e-22)
(0.0147132541196 0.0350132419704 5.09970836617e-22)
(-0.00429305229139 0.0426123821516 5.3179151358e-20)
(-0.0139439785929 0.0489687756121 7.59961622984e-22)
(-0.0192624173621 0.053998426035 0)
(-0.0229139848199 0.0577737318312 0)
(-0.0262548618416 0.06022429349 1.87748649477e-21)
(-0.0297982356767 0.0612837940362 -5.70543334265e-22)
(-0.0336222960534 0.060927756216 3.81564140981e-20)
(-0.0375964775898 0.0591910326748 1.82331444203e-20)
(-0.0415627893609 0.0561897852688 0)
(-0.0452799291346 0.0520927587283 5.80260204312e-22)
(-0.0483081792865 0.0471589953982 -5.47924113655e-22)
(-0.0503712580251 0.0417306559168 5.17467793531e-22)
(-0.0505532303224 0.0361177270684 -4.87733850974e-22)
(-0.0490218574981 0.0307222987415 -3.25766020962e-27)
(-0.0474120058311 0.0257132965464 0)
(-0.0459018233495 0.0210395699882 0)
(-0.0442734129987 0.0167117553017 1.93475382416e-22)
(-0.0425602330782 0.0127287053409 -8.37418547438e-23)
(-0.0407000858045 0.00905140417227 -1.05785438641e-22)
(-0.0386748720732 0.00565633887659 5.48174334139e-24)
(-0.0364626588313 0.00250452268351 0)
(-0.0340527857104 -0.000448242986572 0)
(-0.0314317370886 -0.00323944588746 0)
(-0.0285940416461 -0.00588635939934 5.77607169296e-22)
(-0.0255387243282 -0.00839698410349 1.43428200929e-22)
(-0.0222706086935 -0.0107844271406 -6.96790334055e-22)
(-0.0187949073871 -0.0130587866597 -4.93351709278e-22)
(-0.0151198632566 -0.0152254628147 -7.98324122772e-23)
(-0.0112566233318 -0.0172874594213 5.57404033091e-22)
(-0.00721733162033 -0.0192474304058 0)
(-0.00301396807313 -0.021104554785 0)
(0.00134153205341 -0.0228527387319 8.68999885739e-22)
(0.00583973423502 -0.0244899918868 -8.57994142955e-22)
(0.0104691402776 -0.0260185862341 1.02363617562e-21)
(0.0152187436662 -0.0274392612358 -1.01200172272e-21)
(0.0200762500363 -0.0287521821149 0)
(0.0250291229699 -0.0299574736219 0)
(0.0300647253177 -0.0310554901447 6.67443225232e-22)
(0.0351705887052 -0.0320469397759 4.48313229017e-23)
(0.0403344940148 -0.0329329337648 4.4623437651e-23)
(0.0455445529856 -0.0337149996278 -7.38139287448e-22)
(0.0507892426389 -0.034395045612 4.10065689932e-22)
(0.0560574231269 -0.0349753047993 -4.06904607212e-22)
(0.0613383330123 -0.0354582667606 -1.11761543048e-22)
(0.0666215755841 -0.0358466200462 1.10974726074e-22)
(0.0718971003403 -0.0361431948898 1.20746087343e-22)
(0.0771551752785 -0.0363509020797 -1.19968862757e-22)
(0.0823863379977 -0.0364726853729 -5.17752438291e-22)
(0.0875813380009 -0.0365114756902 5.14704283878e-22)
(0.092730988664 -0.0364702106408 -1.10253638693e-21)
(0.0978260614915 -0.0363519269928 -3.84826022911e-23)
(0.102856683178 -0.0361604088862 -3.77461764873e-23)
(0.107814118571 -0.0359007137985 1.1612820836e-21)
(0.112689096962 -0.0355741921474 0)
(0.117474626718 -0.0351794190187 0)
(0.122164512827 -0.0347182920367 0)
(0.126752341481 -0.0341939813955 0)
(0.131231066514 -0.0336085481815 -2.69063186629e-21)
(0.135592555069 -0.0329636017086 2.68101991585e-21)
(0.139826970895 -0.0322613879514 0)
(0.143926897272 -0.0315053610849 0)
(0.147883460585 -0.0306903552105 2.90571149994e-21)
(0.151688151179 -0.0298097120566 5.93162710368e-23)
(0.155331633985 -0.0288628197076 -2.94967254442e-21)
(0.158805965543 -0.027847621308 -6.11503904024e-21)
(0.162101523796 -0.0267604097313 -1.1105972987e-22)
(0.165207836009 -0.0255962172147 1.25125970734e-20)
(0.168115254058 -0.0243467693887 1.06437666472e-22)
(0.170812823321 -0.0229966354486 -6.39829108076e-21)
(0.173288666845 -0.0215276011127 0)
(0.17553045672 -0.0199217355119 -6.69197868183e-21)
(0.177530196337 -0.0181554540682 1.34755029775e-20)
(0.179274099793 -0.0162013424559 -6.78604493605e-21)
(0.180764019002 -0.014023065418 0)
(0.181966023161 -0.0115842363039 0)
(0.182934200665 -0.00883767877172 0)
(0.183521475457 -0.00574032771547 5.52041108185e-26)
(0.183935848531 -0.00238705198072 7.36919532007e-21)
(0.186049638463 0.00127743571746 -7.32482094618e-21)
(0.190482104427 0.00548126626152 2.3477835049e-19)
(0.196673671614 0.0103692148019 0)
(0.204573902322 0.0160675343946 0)
(0.214017246354 0.0226645723946 -4.532627338e-19)
(0.225526272743 0.030180474447 0)
(0.239361999138 0.0386688915949 0)
(0.255468539213 0.0481917005369 -4.72954235613e-19)
(0.27371827705 0.0588026465338 -2.44807596221e-21)
(0.294029219638 0.0705223534584 7.32625691372e-21)
(0.316346959376 0.0833733749665 -1.59318628879e-22)
(0.340602395194 0.097348131407 -9.28321521653e-19)
(0.366965308385 0.112390873858 -4.52981726761e-19)
(0.395963721724 0.128338630673 -4.2666773602e-19)
(0.428237827433 0.14486068509 -2.98687812522e-21)
(0.464538464371 0.161331020208 2.95475727908e-21)
(0.505606279709 0.176650517081 -3.14753922229e-19)
(0.551978485753 0.189222887631 -2.54060281546e-19)
(0.603113598485 0.197097012997 0)
(0.657100465036 0.198363583386 -1.15946533508e-19)
(0.711453410577 0.191168765323 1.90317019721e-23)
(0.762234758235 0.175228500633 3.90867196561e-21)
(0.803902846619 0.153210912078 1.24750424144e-20)
(0.832212115458 0.127602961286 0)
(0.848412801461 0.102025156347 0)
(0.85362175613 0.0773198955205 0)
(0.851531433259 0.0569294097537 0)
(0.852328563014 0.0411823828226 0)
(0.846819637896 0.0284871263025 1.87872040924e-21)
(0.838620272824 0.0176125671426 0)
(0.825579855068 0.00952815870169 2.46627587822e-20)
(0.807327734724 0.00421201688749 2.11788442978e-20)
(0.785719966858 0.00175338680939 -2.51975320672e-23)
(0.762424798056 0.00021734795582 -3.14360218913e-20)
(0.731628690328 -0.0023924983664 0)
(0.679334392123 -0.00621291989191 0)
(0.589368136961 -0.00830954923541 0)
(0.459246965127 -0.00577378919431 3.87877889018e-20)
(0.313722490943 0.00096296794606 3.97544105543e-20)
(0.186286272956 0.010168608464 -3.99788889828e-22)
(0.0965829513374 0.0200253673946 4.18647539604e-22)
(0.043885429685 0.0292487821946 -2.73367248585e-23)
(0.0152818937027 0.037500166107 -5.53865914298e-20)
(-0.000172964139135 0.0445790809261 -4.50103432777e-20)
(-0.00863978607494 0.0501994390368 -6.75446339842e-22)
(-0.0137829403415 0.0544472585031 -6.80933725314e-22)
(-0.0177400843955 0.0573188638881 4.15510536397e-20)
(-0.0214288438045 0.0587606673322 6.44289249646e-22)
(-0.0251154090747 0.0587511421161 -4.01064227602e-20)
(-0.0287993452611 0.0573414890981 -2.02313478173e-20)
(-0.0323917648422 0.0546490207138 -1.88150359796e-20)
(-0.0356855541382 0.0508259018711 0)
(-0.0382311353733 0.0461141474939 0)
(-0.0397497067889 0.0408420843019 0)
(-0.0392782740785 0.0353107456187 -1.50551083287e-21)
(-0.0370211043498 0.0299520297442 -4.59161266899e-22)
(-0.0347218907232 0.024971463482 0)
(-0.0325817110575 0.0203071455051 0)
(-0.0303762743407 0.0159705523048 0)
(-0.0281404970496 0.0119669001588 0)
(-0.0258103272587 0.00825572013707 4.54357846364e-24)
(-0.0233600142626 0.00481731978075 -4.42286501822e-24)
(-0.0207596522581 0.00161498686671 0)
(-0.0179939209164 -0.00139415676317 0)
(-0.0150466072368 -0.0042461217992 0)
(-0.0119141462456 -0.00695580410363 0)
(-0.00859161832877 -0.00952915583808 0)
(-0.00508126284916 -0.011978477613 0)
(-0.00138692252224 -0.0143129682643 1.0209903092e-21)
(0.00248379816144 -0.0165368973208 -1.00389007839e-21)
(0.00651991522691 -0.01865243129 0)
(0.0107091288974 -0.0206618113334 -7.35533136489e-22)
(0.015037472246 -0.0225644540531 1.53783544173e-21)
(0.0194928512404 -0.0243552716942 -8.01858409236e-22)
(0.0240706489749 -0.0260324831012 0)
(0.0287603702367 -0.0275977829553 0)
(0.0335517518885 -0.0290515462906 1.12834140958e-21)
(0.0384330526271 -0.0303936908013 -1.11596379135e-21)
(0.0433923509566 -0.0316242716895 0)
(0.0484177193974 -0.032743669182 0)
(0.0534974777322 -0.0337526680758 0)
(0.0586202545296 -0.0346524828856 0)
(0.0637750440712 -0.0354447593349 0)
(0.0689512268217 -0.0361315303157 0)
(0.0741385730584 -0.036715152231 0)
(0.0793272258722 -0.03719823289 0)
(0.0845076800232 -0.0375835721502 0)
(0.0896707570539 -0.0378741026178 0)
(0.0948075741879 -0.0380728247364 0)
(0.0999094951677 -0.0381827530228 0)
(0.104968071928 -0.0382068579815 0)
(0.10997490592 -0.0381480625743 0)
(0.114921492108 -0.038009280948 0)
(0.119798481908 -0.0377942119101 0)
(0.124597342379 -0.0375078594822 -1.22069690125e-21)
(0.129306789322 -0.0371521730297 1.21462721874e-21)
(0.133921628508 -0.0367266125248 -2.56326355748e-21)
(0.138438314483 -0.0362331192174 2.55166820225e-21)
(0.142851093862 -0.0356744506946 2.6798565019e-21)
(0.147153250867 -0.035052256886 -2.66884179462e-21)
(0.151336769449 -0.0343676950883 -2.79151327886e-21)
(0.155391537547 -0.0336229112319 5.62680343854e-21)
(0.159309971016 -0.0328218421143 -2.83566110987e-21)
(0.163080930423 -0.0319591874018 0)
(0.166698659615 -0.0310281349362 6.00368926878e-21)
(0.17015482972 -0.0300283500754 -5.98643235795e-21)
(0.17344204579 -0.0289575201675 0)
(0.176550630753 -0.0278115432097 0)
(0.179469809394 -0.0265854405189 0)
(0.182189647062 -0.0252711426694 0)
(0.184698961266 -0.0238528298688 0)
(0.186986848734 -0.0223122815606 0)
(0.189041838622 -0.0206321919082 -6.77091625977e-21)
(0.190856601528 -0.0187894260848 6.76481408315e-21)
(0.192418174267 -0.0167569994428 -6.95552215997e-21)
(0.193728737656 -0.0144988573155 6.95453270068e-21)
(0.194755298468 -0.0119791531916 7.14183360432e-21)
(0.195553222355 -0.00914880897989 -7.14883246081e-21)
(0.195969922521 -0.00596954890249 7.32976861631e-21)
(0.196224175274 -0.00252683523086 -7.33336374987e-21)
(0.198205206006 0.00124875567917 -7.45100288158e-21)
(0.202538768495 0.00557298250061 -1.10639666141e-19)
(0.208645105269 0.0105933678553 0)
(0.216446991709 0.0163979171812 -7.23425249081e-21)
(0.226086275481 0.0230437828667 2.41347207124e-19)
(0.237987048003 0.0305685078643 7.42393757903e-21)
(0.252258822469 0.0390331922238 -7.52916421107e-21)
(0.268808049133 0.0485139914342 -4.84286363644e-19)
(0.287478315976 0.059059365904 -4.87670003588e-19)
(0.308168784336 0.0706826969733 7.48734227207e-21)
(0.330818078617 0.0833948523679 -1.48985698139e-20)
(0.355357924837 0.0971697414926 4.77036307576e-19)
(0.381960668252 0.11192878118 0)
(0.411146295566 0.127480228961 0)
(0.443529634147 0.143461461862 2.98699943569e-21)
(0.479804217652 0.159219876861 3.5388130515e-19)
(0.520620354245 0.173658465896 3.05622801609e-19)
(0.56639380321 0.18523413816 -4.28074841397e-22)
(0.616482379824 0.192123999042 4.03156651871e-22)
(0.668946996378 0.192601597142 1.11786270022e-19)
(0.721384885163 0.185062956611 0)
(0.769887628382 0.169466525608 -8.02034077087e-24)
(0.809567358177 0.148649027719 3.6445100108e-23)
(0.836770824153 0.124643851789 -3.0674672487e-23)
(0.852654448609 0.10054752278 -3.01969839127e-23)
(0.85817182221 0.0770946696324 1.43369870367e-23)
(0.856703228257 0.0574363878332 1.68483717927e-23)
(0.858175429281 0.042010570538 -2.98777067212e-23)
(0.853075930419 0.029515169522 -1.90924633671e-21)
(0.845319162427 0.0188342432021 7.00253072089e-24)
(0.832950140736 0.0107906519477 5.04715315769e-23)
(0.81548793193 0.00524940191003 -2.09261044182e-20)
(0.794510566078 0.00244973923455 -3.89862372489e-23)
(0.772261865617 0.000957711972109 2.99840269734e-20)
(0.745455733119 -0.00103840938639 2.82099261703e-20)
(0.703822848058 -0.00426561504542 0)
(0.63287594845 -0.00716077018363 1.01316120582e-22)
(0.524266053575 -0.00696542065801 2.90534643658e-20)
(0.389720271022 -0.00282049334787 -6.45111740633e-20)
(0.258051288381 0.00439204939685 3.45708352498e-20)
(0.153369051723 0.0134271815012 0)
(0.0835883992304 0.0228181274415 0)
(0.0424224278686 0.0316271817838 7.24445001666e-22)
(0.0189218856767 0.0394062582873 4.71322127029e-20)
(0.00554576283631 0.045721657294 -6.67372578838e-22)
(-0.00222188744152 0.0505356681003 -4.08314941231e-20)
(-0.00742500897181 0.0538920136685 -6.85357548173e-22)
(-0.0116323996798 0.0557773443236 4.0994129899e-20)
(-0.0154093129581 0.0561696343243 -3.91731696508e-20)
(-0.0189268659285 0.0551294469007 -1.23068996036e-21)
(-0.0221941677375 0.0527766776622 2.17451806113e-20)
(-0.0250690291573 0.0492491523485 -2.49529109616e-21)
(-0.0271085869038 0.0447724859312 -2.44382563409e-23)
(-0.0280439542894 0.0396623278861 -9.23496073857e-21)
(-0.0268590823468 0.0342110487636 2.12860855412e-21)
(-0.0238066853814 0.0288991347989 9.60279556654e-22)
(-0.0207623485995 0.0239670976678 0)
(-0.0179501310245 0.0193321781191 0)
(-0.0151358962963 0.0150061027813 0)
(-0.0123505506041 0.0110002369087 0)
(-0.00952834968348 0.00727096236615 0)
(-0.0066335032415 0.00380159213612 0)
(-0.00362469748579 0.000558415529846 0)
(-0.000481849491059 -0.00249873453429 -3.56664844568e-22)
(0.00281267628592 -0.00540246304509 8.35060704522e-22)
(0.00625575580798 -0.00816624505198 -4.75876272745e-22)
(0.00985905847493 -0.0107955546651 0)
(0.0136241229112 -0.0133010257722 9.05577281229e-22)
(0.0175480987855 -0.0156901868323 -1.94140169409e-21)
(0.0216237726426 -0.0179658999999 1.03433014248e-21)
(0.0258404913382 -0.0201292607566 -1.3570389986e-21)
(0.0301859199038 -0.0221811852422 1.33598433464e-21)
(0.0346418654289 -0.0241206688664 0)
(0.039195483616 -0.0259456737991 -9.17003859391e-22)
(0.043850788901 -0.0276560650994 9.05770361309e-22)
(0.0485977771072 -0.0292516325077 1.08033787841e-21)
(0.053426506404 -0.0307322374964 9.41282705453e-23)
(0.0583256823453 -0.0320975730349 9.44910039741e-23)
(0.0632840161014 -0.0333476725063 -1.23179118003e-21)
(0.068290365447 -0.0344829834066 0)
(0.0733339376764 -0.0355043977064 0)
(0.0784043177292 -0.0364132528793 0)
(0.0834914944531 -0.0372113232456 0)
(0.0885858607732 -0.0379007693483 0)
(0.0936782012056 -0.0384840676186 0)
(0.0987596628012 -0.0389639357816 0)
(0.103821725785 -0.0393432727011 0)
(0.108856172667 -0.0396250976229 0)
(0.113855054148 -0.0398124819924 0)
(0.118810641718 -0.0399084898661 0)
(0.123715372987 -0.0399161078864 0)
(0.128561740374 -0.0398382141065 0)
(0.13334211646 -0.0396775385967 0)
(0.13804805506 -0.0394374671955 0)
(0.142671230641 -0.0391219425506 0)
(0.147195965567 -0.0387333181015 0)
(0.15162037129 -0.0382738702488 2.6127906491e-21)
(0.155945242178 -0.0377457939455 7.17869415441e-23)
(0.160164950049 -0.0371506563265 -2.659539872e-21)
(0.164272826941 -0.0364895510854 2.78620514832e-21)
(0.168260950887 -0.0357630947648 6.7051624924e-23)
(0.172119044365 -0.0349731395632 6.55949433832e-23)
(0.175839130018 -0.0341234112103 -8.78139722761e-21)
(0.179405099592 -0.0332096422102 -1.25206627413e-22)
(0.182817168604 -0.0322258971474 1.20825776342e-20)
(0.186068187845 -0.0311712997261 -1.22848033346e-20)
(0.189151021733 -0.0300428888083 6.18335367446e-21)
(0.192055725565 -0.0288360046288 -6.39646055481e-21)
(0.194771026877 -0.0275455920085 -1.1167313388e-22)
(0.197286206179 -0.0261638566211 -1.09203808449e-22)
(0.199589306182 -0.0246748370683 1.32489258834e-20)
(0.201671358175 -0.0230604758493 1.04197433233e-22)
(0.203521823264 -0.0213040470424 1.01805977678e-22)
(0.205133857953 -0.0193828086549 -6.85115616458e-21)
(0.206495093894 -0.0172701703 0)
(0.207607828573 -0.0149304785278 0)
(0.208440089855 -0.0123282563868 7.22069651962e-21)
(0.20904835976 -0.00941245160624 -7.22354836569e-21)
(0.209274792591 -0.00614945717641 5.61824397309e-26)
(0.209347709923 -0.00261578836224 -4.47006404417e-20)
(0.211173092126 0.00127278030439 1.19409192542e-19)
(0.215381835621 0.00572469658991 2.52864848729e-19)
(0.221366177757 0.010868508537 -2.50826456137e-19)
(0.229197301634 0.0167589573033 1.47953479793e-20)
(0.23918719065 0.0234441007329 1.51202554268e-20)
(0.251515523347 0.0309673433804 -5.05658862702e-19)
(0.266234114045 0.0394145302588 0)
(0.283219118507 0.0488575855793 9.98092091637e-19)
(0.302285736862 0.0593360612648 -5.04553371898e-19)
(0.323317885732 0.0708545750798 1.54136805777e-20)
(0.346250596415 0.0834111590307 -7.67096492687e-21)
(0.371018709884 0.0969617033279 -7.26556205088e-21)
(0.397797662481 0.111406316707 7.27191537748e-21)
(0.427097735863 0.126527179051 -3.26407456528e-21)
(0.459506003528 0.14193409352 3.2371490408e-21)
(0.495657312491 0.156954883741 -3.68132389059e-21)
(0.53611334383 0.17050352068 -6.13313358364e-19)
(0.581176026099 0.181098750358 0)
(0.630115041348 0.187049340015 0)
(0.680982474143 0.186807324269 -2.22130915052e-19)
(0.731468047781 0.179017895809 5.28717407188e-23)
(0.777699159388 0.163836064757 -8.63541700079e-24)
(0.815417089476 0.144186851331 7.56166788818e-21)
(0.841582946669 0.121709616507 -7.16598317528e-23)
(0.857131188183 0.0990227935151 4.5470641416e-23)
(0.862907155343 0.0767844160072 -3.10406654878e-23)
(0.862012940841 0.0578651599455 3.19435877884e-23)
(0.864150748187 0.0427856090023 0)
(0.859462711982 0.0305099379313 1.78475595352e-21)
(0.852147431375 0.020023450493 -1.01709584291e-22)
(0.840419263212 0.0120289330333 4.85409257047e-23)
(0.823733919476 0.00630721170241 3.49781975511e-23)
(0.803423077167 0.00316875066026 3.37583915942e-20)
(0.781964618016 0.00158158002681 -2.93810756124e-20)
(0.757863363947 6.06382192178e-06 -2.61731554071e-20)
(0.724030491338 -0.00257783325409 0)
(0.668594106221 -0.00555478020707 8.56391882512e-23)
(0.581511233928 -0.00685654886238 -2.56183905102e-21)
(0.46349987622 -0.00515300342412 3.46439237609e-21)
(0.335048636219 -0.000255529138269 -3.02562737253e-20)
(0.221030433745 0.00715495299098 -2.55370364612e-22)
(0.13564525759 0.0159744091345 5.72739821501e-22)
(0.0795293263376 0.0250376960809 3.59912782152e-20)
(0.0452915212695 0.0334441234964 3.81383186267e-20)
(0.0249258077655 0.0404579371761 0)
(0.0129443420492 0.0459298558851 8.36372619467e-20)
(0.0054996833002 0.0498447562608 4.00596121481e-20)
(0.000206887223518 0.0522346472129 -8.53574409271e-20)
(-0.00398705199506 0.0530785713504 2.2696875187e-20)
(-0.00753073799519 0.0524568345976 1.99060973681e-20)
(-0.0105796540118 0.0504876606886 -8.98653004355e-23)
(-0.0130802506638 0.0472894765906 1.29199827088e-21)
(-0.014617505237 0.0430721735606 0)
(-0.0149500435559 0.0381393171609 -1.12434907668e-21)
(-0.0130040232375 0.0327727683232 1.12194097031e-21)
(-0.00909696890417 0.0275237288513 0)
(-0.00526252298958 0.0226666025377 0)
(-0.0017480750388 0.018086240795 0)
(0.00169214340406 0.0137936186479 0)
(0.00504244135243 0.00980714455914 0)
(0.00836804968999 0.00607863472772 0)
(0.0117175955806 0.00259150384008 0)
(0.0151492040705 -0.000683634771054 0)
(0.0186870954494 -0.00378076272929 0)
(0.0223476863007 -0.00672498187524 0)
(0.0261119246591 -0.00952902743741 0)
(0.03000465148 -0.012203310812 0)
(0.0340332914301 -0.0147554404622 0)
(0.0381947311284 -0.017189963519 0)
(0.0424815550469 -0.0195082433321 0)
(0.0468839226078 -0.0217104390415 0)
(0.0513903758201 -0.0237978343538 0)
(0.0559899253403 -0.025771096876 0)
(0.0606761863215 -0.02762752491 0)
(0.0654419492418 -0.0293652897635 0)
(0.0702753213572 -0.030984621177 0)
(0.075164893127 -0.0324852133821 0)
(0.080099297877 -0.0338667667213 0)
(0.0850677380246 -0.0351294255355 0)
(0.0900599113585 -0.0362737897121 0)
(0.0950660699103 -0.0373009123078 0)
(0.100076970243 -0.0382122888329 8.24143347526e-22)
(0.105083846344 -0.0390098454011 -8.16672421806e-22)
(0.110078377243 -0.0396958856273 4.52977829846e-22)
(0.115052650687 -0.0402730154651 2.38774710395e-23)
(0.119999116701 -0.040744067736 -4.68576275141e-22)
(0.124910546886 -0.041112043382 0)
(0.129779999332 -0.0413800513116 0)
(0.134600785822 -0.0415512393899 -5.47016143212e-22)
(0.139366437302 -0.0416287328152 -2.20014043372e-23)
(0.144070668798 -0.0416155620431 5.59208407435e-22)
(0.148707355796 -0.0415146095085 -1.19351427932e-21)
(0.153270386852 -0.041328537803 1.18308829663e-21)
(0.157753766061 -0.0410605038735 0)
(0.162150463265 -0.0407153232657 0)
(0.166455277294 -0.0402964953448 0)
(0.17066606735 -0.0398051123782 0)
(0.174778061355 -0.0392427851578 0)
(0.178784465389 -0.0386111512975 0)
(0.182678198085 -0.0379109407178 0)
(0.186451489274 -0.0371422139925 0)
(0.190094472183 -0.0363061683042 0)
(0.19359840418 -0.035404349976 0)
(0.196936771261 -0.0344347389491 0)
(0.200122551044 -0.0333958948372 -6.20909336989e-21)
(0.203149376673 -0.0322845265883 6.18695859889e-21)
(0.206009535064 -0.0310964190749 0)
(0.208692523141 -0.0298262046504 0)
(0.211186427455 -0.0284684887376 0)
(0.213478841441 -0.0270156558822 0)
(0.215555990098 -0.0254526339781 0)
(0.217412991196 -0.0237620226114 0)
(0.219040138237 -0.0219270787762 0)
(0.220430687209 -0.0199252443811 0)
(0.221572530441 -0.0177302978648 0)
(0.222467862391 -0.0153071550696 0)
(0.22308580457 -0.012620604842 0)
(0.223484090292 -0.00961747439157 0)
(0.223500449463 -0.0062679009451 -5.67328484619e-26)
(0.223370122507 -0.00264013521603 6.01074788253e-20)
(0.225017128567 0.00136599983283 -1.85626479498e-22)
(0.2290692411 0.0059413070169 -1.20632528705e-19)
(0.234993210903 0.0111908984617 2.27107729346e-19)
(0.243070197905 0.0171424904046 -6.04682900025e-23)
(0.25346454421 0.0238534495346 2.65704338598e-19)
(0.26623054914 0.0313813220237 2.71328274081e-19)
(0.281387920369 0.0398182467321 -1.60064838071e-20)
(0.298780828775 0.0492257242444 -5.13796036792e-19)
(0.318199926203 0.0596330901653 5.1138104944e-19)
(0.339519055631 0.0710350839801 0)
(0.362673307999 0.0834165012824 0)
(0.387602611539 0.0967162544359 -4.7705780391e-19)
(0.414485281118 0.110814967475 4.57424411412e-19)
(0.443819569447 0.125471712897 4.34243938392e-19)
(0.476162178992 0.14027330911 3.96156103934e-19)
(0.512088149101 0.154535044703 -7.17031437134e-19)
(0.552072859823 0.167190313036 6.06533436987e-19)
(0.596312627188 0.176827408735 -2.3757102017e-19)
(0.6440018752 0.181888579948 -1.72513017294e-19)
(0.693201856511 0.180998358714 1.76781524176e-21)
(0.741701147643 0.173048717374 -3.68436731498e-23)
(0.785682067164 0.158352885913 0)
(0.821480958178 0.139829275737 -7.68737396097e-21)
(0.846654472539 0.118799000118 -2.38369706273e-23)
(0.861850441018 0.0974541674688 1.17948040761e-20)
(0.867838198746 0.0763915636763 5.38888044779e-23)
(0.86747137104 0.0582150958547 0)
(0.870263299738 0.0435042127501 0)
(0.865986072496 0.0314674866472 -1.6931555117e-21)
(0.859110784669 0.0211784188375 -5.86193579309e-24)
(0.847998139215 0.0132407091653 -4.66694854611e-23)
(0.832071565708 0.00737859907763 0)
(0.812463870474 0.00392292857114 -3.33703163387e-20)
(0.791673257147 0.00214590472152 2.85592053425e-20)
(0.769395801058 0.000803613587486 2.80578658077e-23)
(0.741068083942 -0.00119797416479 2.4459079233e-23)
(0.697637754393 -0.00380951184417 -2.25986979704e-20)
(0.629483902111 -0.0059006474277 -3.93370206562e-20)
(0.531475557054 -0.0061043981651 2.79174050924e-21)
(0.413204127989 -0.00347128346075 0)
(0.296580041072 0.00185718412357 0)
(0.1995361181 0.00931990832008 0)
(0.128661017332 0.0179746397651 -3.31427093126e-20)
(0.0813525708286 0.0267187488787 -6.7594958064e-20)
(0.0515524655808 0.03438185144 3.47905102972e-20)
(0.0333491532736 0.0405247781411 -4.12026916413e-20)
(0.0222459518995 0.0450685156157 -4.26019537327e-20)
(0.0149532581262 0.0480343420416 4.28450537725e-20)
(0.00982781395739 0.0493787458675 4.55398793935e-20)
(0.00596611542011 0.0492231213751 -4.51421407065e-20)
(0.00297717376528 0.0476825701437 2.24316028145e-20)
(0.000774149545956 0.0448560700853 0)
(-0.000290332214876 0.040936427854 0)
(-2.25304551195e-05 0.0362114961385 1.04138980587e-20)
(0.00271072571209 0.0309476457236 3.37520751483e-21)
(0.00750162769946 0.0257892263506 -1.0496680701e-21)
(0.0121429393474 0.0210415709414 8.07945746879e-22)
(0.016363609919 0.0165485704775 -1.38590208724e-21)
(0.0204179742322 0.0123165205144 5.90464032942e-22)
(0.0243282334417 0.00837281520815 0)
(0.0281507717653 0.00466948434041 -1.43353154137e-23)
(0.0319495775296 0.00118307308351 1.39411882519e-23)
(0.0358093639584 -0.00211230710091 2.64454742701e-22)
(0.0397557791599 -0.00523886434603 -2.57260917911e-22)
(0.0438010052315 -0.00821933892549 0)
(0.0479503746025 -0.01106512054 -6.87351078354e-22)
(0.0522132816868 -0.0137807423694 -1.66901174408e-22)
(0.056586526327 -0.0163726191022 1.83329758171e-21)
(0.0610622063433 -0.0188445201735 -9.89108589937e-22)
(0.0656306577926 -0.0211970676983 0)
(0.0702825126752 -0.0234302105644 1.51503737289e-21)
(0.0750082654161 -0.0255447765272 -3.18840832553e-21)
(0.0798071973756 -0.0275422312325 1.67270049755e-21)
(0.0846781342954 -0.0294217586828 0)
(0.089596617512 -0.0311796193718 0)
(0.0945495356565 -0.0328145701836 -1.21500301267e-21)
(0.0995237729711 -0.0343265350697 1.2028718943e-21)
(0.104508055932 -0.0357155151964 0)
(0.109492354661 -0.0369819282953 0)
(0.114467575149 -0.0381266263358 -1.58484488658e-21)
(0.119425427583 -0.039150887796 1.56935293056e-21)
(0.124358274767 -0.0400564092953 8.81667958086e-22)
(0.129259040134 -0.0408452985108 -8.73053417863e-22)
(0.134121138374 -0.04152002336 0)
(0.138938411506 -0.0420833345518 0)
(0.143705061936 -0.0425381912842 0)
(0.148415600323 -0.0428877065562 0)
(0.15306481103 -0.0431350903868 0)
(0.157647727553 -0.0432835832218 0)
(0.162159622249 -0.0433363978043 0)
(0.166596007461 -0.0432966562285 0)
(0.170952730893 -0.0431673390949 -1.2621131752e-21)
(0.17522589861 -0.0429512459908 1.24938438349e-21)
(0.179412923651 -0.0426516384831 0)
(0.183510081859 -0.0422728231062 0)
(0.187525072971 -0.0418196975015 0)
(0.191452412749 -0.0412938508512 0)
(0.19528023664 -0.0406952526318 2.85908527888e-21)
(0.19900145121 -0.0400247766838 7.4272996677e-23)
(0.202609028768 -0.0392831603422 -2.88198558837e-21)
(0.206096074892 -0.0384702827466 5.99734927568e-21)
(0.209455765967 -0.0375868147384 -1.2028560681e-20)
(0.212678922273 -0.0366363734952 6.03273479857e-21)
(0.215760098918 -0.0356172600424 0)
(0.218696468277 -0.0345248768676 0)
(0.221478430879 -0.033356921849 0)
(0.224096140639 -0.0321086006302 0)
(0.226538309356 -0.030773864559 0)
(0.228792511197 -0.0293463349493 6.71097954671e-21)
(0.230842906508 -0.0278178096769 -6.68577023835e-21)
(0.232671829562 -0.0261762753502 0)
(0.234283158216 -0.024406661504 0)
(0.235667281677 -0.0224906819019 0)
(0.23681672658 -0.0204055855165 0)
(0.237719159748 -0.018125545155 -1.44767545196e-20)
(0.238376453226 -0.0156162680976 1.44559043317e-20)
(0.238758783096 -0.0128429178057 0)
(0.238926009831 -0.00975028206446 1.49831133898e-20)
(0.238713504565 -0.00630954698124 -1.4983205732e-20)
(0.238357333269 -0.00258181038748 -6.08722443068e-20)
(0.239801023694 0.00153462475535 -2.45274768503e-19)
(0.2437493899 0.00621314813418 1.54823709498e-20)
(0.249815521113 0.0115430856849 -1.56226484018e-20)
(0.25825116762 0.0175430008674 0)
(0.269061691728 0.0242771867474 -2.60186911024e-19)
(0.282251429589 0.0318189099615 5.24458917496e-19)
(0.297813154539 0.0402507758275 0)
(0.315561442953 0.0496216805836 5.31679342386e-19)
(0.335268810865 0.0599500403265 -1.09318753859e-22)
(0.356804314786 0.0712202623064 -1.5978819912e-20)
(0.380106077919 0.0834041931684 -4.90023688373e-19)
(0.405120133923 0.0964251700744 4.7944705149e-19)
(0.432026449196 0.110146329726 -4.65492327602e-19)
(0.461308271033 0.124306798951 7.33686030399e-22)
(0.493489196846 0.138475170813 -4.01865357683e-19)
(0.529083727286 0.151961153033 9.13166573945e-21)
(0.56848395155 0.163725465425 -3.03001369623e-19)
(0.611789335965 0.172432608152 2.38075062381e-19)
(0.658132169353 0.176658600908 1.72923690923e-19)
(0.705599565701 0.175193210939 1.09121075729e-19)
(0.752081575881 0.167169775525 -3.67195173883e-23)
(0.793844030868 0.153027739746 -1.55234765636e-20)
(0.827781887526 0.135582489965 1.51992042226e-24)
(0.851993772677 0.1159132329 3.73812915284e-23)
(0.866820032331 0.0958451073038 -1.21178363824e-20)
(0.872974964326 0.0759188362736 2.78688476378e-23)
(0.873089038355 0.0584859630361 -2.84885751438e-23)
(0.876521472264 0.0441634120077 0)
(0.872651704099 0.0323839534056 0)
(0.866214148578 0.0222970735176 0)
(0.855696311959 0.0144240913292 0)
(0.840508470224 0.00845658915523 0)
(0.821633525798 0.00471657511398 -1.40207785659e-23)
(0.801471748347 0.0026947005159 2.77124167684e-20)
(0.780453674021 0.00142354858233 -4.10358560487e-23)
(0.755892229959 -0.000127442693633 -2.23146796798e-23)
(0.721315083029 -0.00227338643519 2.02681595098e-20)
(0.668546970691 -0.00449162923417 3.32479441505e-20)
(0.590862589078 -0.00577615815964 1.56929711359e-20)
(0.488288721782 -0.00515856842522 9.82391827444e-23)
(0.376047316002 -0.00202528686192 -1.14217032885e-22)
(0.27283211993 0.00351657770537 -1.4287551428e-20)
(0.189862999501 0.0110024227717 0)
(0.129252980126 0.0194581879381 2.88415869171e-20)
(0.0879562254447 0.027482241038 -3.29675729099e-20)
(0.0612662979355 0.0342692908155 5.06353311782e-22)
(0.0444997315401 0.0394836944633 3.60374467639e-20)
(0.0338716930201 0.0430598106025 -3.97210090427e-20)
(0.0269958493463 0.0449659898488 -2.41294955972e-20)
(0.0223177009737 0.0453351234357 2.53557213986e-21)
(0.019120721654 0.0442669459612 -2.37389013693e-20)
(0.0170879313271 0.0418570073272 -2.28673630256e-20)
(0.0164368054317 0.038284504302 0)
(0.0172918001363 0.0338108608242 0)
(0.0208254353803 0.0286868277686 -2.39177347306e-21)
(0.0264906028041 0.0236624136061 0)
(0.0319257210602 0.0190697528418 0)
(0.0368228031759 0.0147157420568 0)
(0.041429104294 0.0105913543093 0)
(0.0458639714172 0.00670445112671 0)
(0.050227939245 0.00301839750707 0)
(0.0545930108784 -0.00047376096563 0)
(0.0590076646015 -0.00378616392488 0)
(0.0634893775547 -0.00693762717017 4.4242093657e-22)
(0.0680438535267 -0.00994453817237 -1.02863169733e-21)
(0.0727090943064 -0.0128211454089 5.84810069668e-22)
(0.0774655615171 -0.0155706684033 9.25617729873e-22)
(0.0822951900267 -0.0181942312678 -9.11619042029e-22)
(0.0871846146049 -0.0206939118346 0)
(0.0921214385071 -0.0230704540479 0)
(0.0970959592136 -0.0253242911357 1.65617154427e-21)
(0.102099474479 -0.0274577437158 -1.63482067089e-21)
(0.107126094423 -0.0294722980304 0)
(0.112169509601 -0.0313632519231 2.23744997388e-21)
(0.117214525816 -0.0331260471129 -2.21019310559e-21)
(0.122251096001 -0.0347610076377 -1.31500800493e-21)
(0.127267999567 -0.0362688112293 1.299535982e-21)
(0.132256016816 -0.0376500488667 -1.51009127127e-21)
(0.137207225483 -0.038905606986 -1.13544692636e-22)
(0.142114724794 -0.040036711269 1.58841543351e-21)
(0.146972431058 -0.0410449367095 0)
(0.151774886733 -0.0419322199254 0)
(0.156517143437 -0.0427008687038 0)
(0.16119468151 -0.0433535196973 0)
(0.165803337731 -0.0438930617622 0)
(0.17033923327 -0.0443225661681 0)
(0.174798723032 -0.044645240425 0)
(0.179178370778 -0.0448643785151 0)
(0.183474938006 -0.0449833001452 0)
(0.187685393275 -0.0450053009772 0)
(0.191806939398 -0.044933607881 0)
(0.19583714886 -0.0447713382504 0)
(0.199773933353 -0.0445215261222 0)
(0.203616448747 -0.0441877401014 0)
(0.207362865979 -0.0437755410112 -2.86808640418e-21)
(0.211014830623 -0.0432884870488 2.83858483699e-21)
(0.214568368337 -0.0427256066097 0)
(0.218017398 -0.0420868376161 0)
(0.221356785095 -0.041373804566 -3.0716757702e-21)
(0.22458109206 -0.0405875194701 -3.19136252786e-21)
(0.227685373629 -0.0397280694296 6.16616610923e-21)
(0.23066721502 -0.0387961343233 0)
(0.23351987158 -0.0377937707235 6.46509523349e-21)
(0.236262155895 -0.0367225758468 -1.29503470244e-20)
(0.238867730927 -0.0355771697212 6.48600121053e-21)
(0.241325564025 -0.0343522726881 0)
(0.243624345203 -0.033043004196 6.75884173147e-21)
(0.245753282991 -0.03164319158 -1.35328680961e-20)
(0.247701397324 -0.030146732054 6.77674526447e-21)
(0.249457274972 -0.0285467196566 -6.96612193992e-21)
(0.251011359907 -0.0268300805309 6.93743940198e-21)
(0.252354797554 -0.0249806381124 0)
(0.253475219476 -0.0229814942532 -1.4430073979e-20)
(0.254363027696 -0.0208102256292 1.4390185904e-20)
(0.255005015979 -0.0184416400687 0)
(0.25540251696 -0.0158425734791 -1.49329891171e-20)
(0.255526187681 -0.0129791850792 1.49198145758e-20)
(0.255440385386 -0.00979593818565 0)
(0.254982379212 -0.00627005142182 -1.54569990332e-20)
(0.254424308946 -0.00245561831144 6.23549891524e-20)
(0.255745148515 0.00175927286447 9.4969893604e-20)
(0.259761078616 0.00652708566866 1.59782300143e-20)
(0.266114958621 0.0119184741634 0)
(0.274918756565 0.0179602331764 2.48663528612e-19)
(0.28611762799 0.0247276593876 1.67861596379e-20)
(0.299684446276 0.0322908046272 -5.40638880114e-19)
(0.315585769188 0.0407188727172 -5.38810842924e-19)
(0.333612505777 0.050047922238 -2.01122876984e-20)
(0.353525694398 0.0602851524297 5.52774949599e-19)
(0.375193705147 0.0714048436813 -8.19071866319e-21)
(0.398559239741 0.0833666479407 1.01189503329e-18)
(0.423574157598 0.0960798971843 4.92760957481e-19)
(0.450417833689 0.109392314379 -1.44860621486e-20)
(0.479555058635 0.12302636582 -4.34557920133e-19)
(0.511473672273 0.136537271294 3.22331153163e-21)
(0.546627449852 0.149235924122 3.51152143019e-19)
(0.585328936328 0.160117629209 2.46913761052e-21)
(0.62758999306 0.167928584104 8.07830382785e-22)
(0.672494100538 0.17137749412 -7.53465061095e-22)
(0.718169316189 0.169411214465 -4.16916295495e-23)
(0.762605526258 0.161394471924 1.82257819261e-23)
(0.802189766335 0.147865824758 1.54811389832e-20)
(0.8343382941 0.131451495157 2.44292885066e-21)
(0.857610075785 0.113054880261 0)
(0.872047935783 0.0941995123483 0)
(0.878326902889 0.0753693356555 1.55912898105e-21)
(0.878875985873 0.0586779587455 2.67577146295e-23)
(0.882933074453 0.0447606038745 0)
(0.879464763198 0.0332556238016 1.46466341837e-21)
(0.873461645924 0.0233770802632 4.74429057923e-23)
(0.86352176268 0.0155773839156 -7.47517902052e-23)
(0.849053152602 0.00953471127105 7.6370406254e-23)
(0.830931135155 0.00554822824657 -3.09829571165e-20)
(0.81140499104 0.00325856249684 -2.72277521278e-20)
(0.791314732144 0.00193292389664 0)
(0.769287599506 0.000675912731827 -6.85975380356e-23)
(0.740984340768 -0.00101565529663 -1.81621974873e-20)
(0.700097101922 -0.00292586503995 -1.47240999058e-20)
(0.640059247894 -0.00470954275303 -1.12724770768e-22)
(0.556419026316 -0.00548934653594 -7.43014973105e-21)
(0.45512040292 -0.00432301445279 1.19620396982e-23)
(0.352125425084 -0.000890928441367 1.27324339184e-20)
(0.261408130356 0.004809477233 1.07774550053e-20)
(0.189280279659 0.0122132144026 0)
(0.136188330526 0.0200135433066 2.02368064283e-20)
(0.0993665996158 0.0271221622584 8.29715415593e-22)
(0.0748210903098 0.032975935195 -3.58989263543e-20)
(0.0589817441675 0.0372413261663 7.86099953406e-20)
(0.0489183228278 0.0397705604489 -1.2223478331e-21)
(0.0425923414304 0.0406921501203 1.64411315439e-21)
(0.0387095177545 0.0401412837286 0)
(0.0366025449523 0.0382030351445 2.3973889678e-20)
(0.0362281014237 0.0350434475031 1.43597185146e-21)
(0.0376119730579 0.0308811870688 -1.34677364222e-21)
(0.0419264520576 0.025965410748 2.28798312958e-21)
(0.0484093861108 0.02115606594 -9.86518147622e-22)
(0.0546068236338 0.0167734703731 9.35941474701e-22)
(0.0601712001064 0.0125690102541 0)
(0.0654874135494 0.00853263438067 0)
(0.0706391176637 0.00470613394898 0)
(0.0757629455242 0.00104847241806 -1.03170612985e-22)
(0.0809152310007 -0.00244417839605 1.00744489518e-22)
(0.0860815775504 -0.00577059662644 0)
(0.0912702329666 -0.00894023883895 0)
(0.0964793770999 -0.0119715909187 6.73607118663e-22)
(0.101720945682 -0.0148725118489 -6.60150135741e-22)
(0.106982294944 -0.0176392358257 -1.03118869815e-21)
(0.112253742139 -0.0202734791231 -2.0655568644e-22)
(0.11752402989 -0.02277879142 1.19724406153e-21)
(0.122782540516 -0.0251568672322 1.6068253375e-21)
(0.128021061243 -0.0274089181812 -3.38609299925e-21)
(0.133232140521 -0.0295378636582 3.78342721955e-21)
(0.138407508891 -0.031545246874 -1.97549873346e-21)
(0.143539511658 -0.0334255372306 0)
(0.148622453502 -0.0351738839397 -2.61457869883e-21)
(0.15365143102 -0.0367909538064 3.98584000718e-21)
(0.158619998063 -0.0382778232551 -1.38903097802e-21)
(0.163522737361 -0.0396355971003 -1.60926697262e-21)
(0.168355036068 -0.0408655940516 1.58825564432e-21)
(0.173112982462 -0.0419693779727 0)
(0.177793211183 -0.0429487782287 1.90253440643e-21)
(0.182392749974 -0.0438059254409 -1.87969875019e-21)
(0.186908930995 -0.0445432812267 1.04524193716e-21)
(0.191339335209 -0.045163605452 -1.03331287605e-21)
(0.195681736831 -0.0456698801091 -5.6769845847e-22)
(0.199934044042 -0.0460652451052 8.56220066501e-22)
(0.204094262534 -0.04635296301 -2.91564765559e-22)
(0.208160486313 -0.0465363774887 -3.15572966015e-22)
(0.212130898185 -0.0466188583426 9.6339461628e-22)
(0.216003782803 -0.0466037602624 -6.44465551866e-22)
(0.219777551741 -0.04649439432 -1.37798084224e-21)
(0.223450828263 -0.0462939938417 1.36435537364e-21)
(0.22702240481 -0.0460057730068 -2.89676939702e-21)
(0.230491511251 -0.0456333935891 -9.42973948358e-23)
(0.233856458469 -0.0451824677136 -9.18802514598e-23)
(0.237114239985 -0.0446561372554 2.99619662963e-21)
(0.240261846894 -0.0440526797245 0)
(0.243297474003 -0.0433716937278 -3.19586749569e-21)
(0.246218481973 -0.0426147984977 9.6569600388e-21)
(0.249021577443 -0.0417831514855 -1.30166679046e-20)
(0.251703652857 -0.0408772092806 6.52298101526e-21)
(0.254263843329 -0.0398980430343 -6.7627232699e-21)
(0.256697277995 -0.0388499219094 1.35378327216e-20)
(0.259008097458 -0.0377303115853 1.41813535406e-22)
(0.261183439521 -0.0365307926453 -6.84652777534e-21)
(0.263216523536 -0.03524756707 0)
(0.265097927934 -0.0338764446737 0)
(0.266819370607 -0.0324115165808 0)
(0.268373345516 -0.0308463178641 -7.23088603263e-21)
(0.269755673243 -0.0291735842829 7.1733554485e-21)
(0.270966176513 -0.0273821811585 0)
(0.27197991537 -0.0254553902396 0)
(0.272783681084 -0.0233747715614 1.49984357295e-20)
(0.273366887439 -0.0211188273433 -1.4937689083e-20)
(0.273716988163 -0.0186634119596 0)
(0.273836062776 -0.0159770009918 0)
(0.273696946829 -0.0130274444664 -1.56822038731e-20)
(0.273370692591 -0.00975938990805 1.57154736112e-20)
(0.272691242489 -0.0061527643019 1.61085845204e-20)
(0.271980198482 -0.00225619831465 -1.61774490474e-20)
(0.273291241773 0.0020400267396 1.65793093474e-20)
(0.277474830474 0.00687266799971 1.06257969109e-22)
(0.284109691226 0.0123190336307 8.24732623502e-23)
(0.293228911147 0.01841136341 -3.10848903472e-19)
(0.304747002783 0.0252208793812 -2.76964568788e-19)
(0.318608674767 0.0328079677104 5.7294743796e-19)
(0.334756850248 0.0412283034707 5.54443113035e-19)
(0.352965025738 0.0505051901903 -1.09382908213e-18)
(0.372987788276 0.0606348745495 -1.09280939281e-18)
(0.394694941186 0.0715821692967 1.65919412412e-20)
(0.41803360265 0.0832954960302 -5.13284828448e-19)
(0.442959931989 0.095671770404 1.53961162084e-21)
(0.469649713112 0.108545394156 -7.44999679217e-21)
(0.498545659703 0.121625534143 0)
(0.530097523679 0.134458912243 3.9172530476e-19)
(0.564698858541 0.146364089413 0)
(0.602587169555 0.156377472954 -2.87447911618e-19)
(0.643696370737 0.163331191965 -9.86697666968e-22)
(0.687074591596 0.166064363143 2.77287448988e-22)
(0.730903808405 0.16367227708 -2.1070947603e-22)
(0.773267150725 0.155734518887 -5.6524815156e-23)
(0.810722725796 0.142866591278 1.6461441179e-23)
(0.841165760032 0.12743876234 -2.50783428415e-21)
(0.86351239968 0.110227279292 0)
(0.877541714103 0.0925218240336 4.27997226244e-23)
(0.883902651052 0.0747466116448 -1.63287270631e-21)
(0.884841546003 0.0587917410363 -2.50076548681e-23)
(0.88950510955 0.0452935972282 0)
(0.886429696154 0.0340789905213 -1.39740890645e-22)
(0.880856518247 0.0244159073557 -3.67305568564e-23)
(0.871480788236 0.0166989043965 1.54530397568e-22)
(0.857714144486 0.0106072735481 -1.36250741496e-22)
(0.840356557388 0.00641289411345 3.0938130387e-20)
(0.821493236665 0.0038558937248 0)
(0.802158403845 0.00238892196283 2.27390456856e-20)
(0.781847689878 0.00127500409732 -1.96969860024e-20)
(0.757842483383 -4.45431176993e-05 1.68348931336e-20)
(0.725660184518 -0.00158758117119 -1.33704947121e-22)
(0.679688790615 -0.00332889710029 0)
(0.614666896494 -0.00473874233491 6.44341414905e-21)
(0.529321202358 -0.00511105145255 4.93762301632e-23)
(0.433212346872 -0.00366921756258 -5.58269748307e-23)
(0.340224294413 -6.12805334403e-05 -9.61904561399e-21)
(0.259976649119 0.00566154485502 8.4379135791e-21)
(0.196432006563 0.0125406132995 -1.92145494056e-20)
(0.149331596499 0.0194353105812 6.11221575429e-22)
(0.115959379916 0.0255632926147 -9.61133778282e-22)
(0.0931304940056 0.0304001928278 -3.51814865178e-20)
(0.0780985181098 0.0336348026241 1.8388068664e-20)
(0.0687620884406 0.0352160866617 4.1672749496e-20)
(0.0632172552013 0.0352694777779 -2.04216739895e-20)
(0.0603785107066 0.0338755883026 -2.22224143445e-20)
(0.0599452644085 0.0311877050831 0)
(0.0616929679293 0.0274192704118 1.29402855205e-21)
(0.0667098617029 0.0227705235866 -3.65016056455e-21)
(0.0741688474367 0.0181858383414 -4.11448944395e-27)
(0.081358921647 0.0140282377582 -8.13108400125e-22)
(0.0878581324808 0.0100041991331 7.84596225649e-22)
(0.0942290529868 0.00606753125793 3.74844727943e-22)
(0.100416418676 0.00228204760108 -4.80923598535e-22)
(0.106491911722 -0.00135909037665 1.11906379925e-22)
(0.112482228977 -0.00483929390728 4.83735977536e-22)
(0.118393901331 -0.00815164696159 -1.28377623481e-21)
(0.124239809537 -0.0113079962489 1.95164418239e-21)
(0.13002004181 -0.0143273292651 -1.13003914546e-21)
(0.135732602436 -0.0172155988799 0)
(0.141375539575 -0.0199668491944 0)
(0.146950076201 -0.0225822554263 0)
(0.152453048391 -0.0250654573325 1.53248982674e-21)
(0.157880253923 -0.0274186742922 -3.23542351152e-21)
(0.163228123125 -0.0296435815215 1.70029117442e-21)
(0.168492836081 -0.0317428615631 2.14440501724e-21)
(0.17366910153 -0.0337178918239 -2.10538598271e-21)
(0.178752783076 -0.0355644431927 0)
(0.18374390721 -0.0372784089264 0)
(0.188642418356 -0.0388599810921 0)
(0.193446880725 -0.040310169602 0)
(0.19815594552 -0.0416302728873 0)
(0.202768488082 -0.0428218275357 -1.79052181175e-21)
(0.20728362081 -0.043886574444 1.76595480621e-21)
(0.211700613493 -0.0448264642554 -1.9884743036e-21)
(0.216018805893 -0.0456437094813 1.96318308304e-21)
(0.22023757417 -0.0463408308573 -1.09025562173e-21)
(0.224356319766 -0.0469206296164 -5.96316426276e-23)
(0.228374443154 -0.047386107764 1.12394221044e-21)
(0.232291304552 -0.0477404080338 0)
(0.236106206126 -0.0479867897245 0)
(0.239818398551 -0.0481285935557 0)
(0.243427087517 -0.0481691886565 0)
(0.246931438489 -0.0481119355163 1.39548948865e-21)
(0.250330583735 -0.0479601640474 5.25655945285e-23)
(0.253623640906 -0.0477171347055 -1.42093348691e-21)
(0.256809655042 -0.0473860751631 3.01767870556e-21)
(0.259887519123 -0.0469705123292 -2.98996955887e-21)
(0.262855184146 -0.0464753374733 0)
(0.265708693925 -0.0459035769131 -3.22021649293e-21)
(0.268445367699 -0.0452542891797 -9.08100071439e-23)
(0.271064491873 -0.0445270894345 3.25301001367e-21)
(0.273564735475 -0.0437231812899 0)
(0.275944052018 -0.0428436385556 0)
(0.278200156974 -0.0418891071894 0)
(0.280331421666 -0.0408606194174 7.10215493728e-21)
(0.282333544782 -0.0397623974439 -7.03994416358e-21)
(0.284200950112 -0.0385910955625 7.27824881645e-21)
(0.285929263601 -0.0373373011791 -1.45721999899e-20)
(0.287515652463 -0.035996975816 -1.40475484772e-22)
(0.288954343141 -0.0345659647045 7.37017558921e-21)
(0.290239772794 -0.0330387268357 0)
(0.291366751911 -0.0314096396934 0)
(0.292329606115 -0.0296718730434 0)
(0.293124457695 -0.0278111737171 1.55466577767e-20)
(0.293739052789 -0.0258094007657 -1.54456660616e-20)
(0.294164660838 -0.0236498348652 0)
(0.294393440425 -0.0213122595203 0)
(0.294416292042 -0.0187736354462 0)
(0.294237863455 -0.0160040988678 0)
(0.293835031071 -0.0129733382932 -1.65239114556e-20)
(0.293284360297 -0.00962764033863 1.65692604985e-20)
(0.29240648785 -0.00595457475169 -1.6983832805e-20)
(0.291536954512 -0.00199624151537 1.70376322789e-20)
(0.292819554778 0.00236629446112 -1.74027960576e-20)
(0.29711994897 0.00726211467485 1.74839290757e-20)
(0.303951396296 0.0127694484136 2.82865612533e-19)
(0.313287929776 0.0189193024649 1.78271038738e-20)
(0.325020205897 0.0257728023618 -1.64111565366e-20)
(0.339066361415 0.0333797440565 -3.02843260853e-19)
(0.355348913048 0.0417824605631 3.51797447849e-20)
(0.373628692047 0.0509917879454 3.99189110864e-21)
(0.393656618548 0.060993681304 5.30047045057e-19)
(0.415304027284 0.0717443017746 0)
(0.43852083663 0.0831818275697 5.03303421668e-19)
(0.463265128371 0.0951922908714 -4.88306343213e-19)
(0.489705767026 0.107598868127 4.56151973695e-19)
(0.518259955207 0.120100832944 6.98374847314e-21)
(0.549337579006 0.132241243369 -7.03697534833e-21)
(0.583273271315 0.143352434538 0)
(0.620234742107 0.152517605943 2.88735094006e-19)
(0.660087936026 0.158657720843 1.94640819526e-21)
(0.701858984939 0.160739056654 2.75481402136e-22)
(0.743793837105 0.157996731697 1.0664199707e-19)
(0.784055728019 0.150199939411 -5.80283649975e-23)
(0.819441303962 0.138036813847 1.18162998117e-20)
(0.848279651104 0.123544991475 4.04296714007e-23)
(0.86970849012 0.107434307592 -7.14026053416e-23)
(0.883307677435 0.0908170557947 8.07737459671e-21)
(0.889709648304 0.0740546913576 0)
(0.890994057341 0.0588284483396 0)
(0.896243509516 0.0457606474217 0)
(0.893550029783 0.0348508052451 -1.45540026934e-21)
(0.888400996935 0.025410896489 0)
(0.879577913761 0.0177868515805 -6.95592394899e-23)
(0.866499129159 0.0116693794965 1.66783940868e-20)
(0.849911125912 0.00730382678202 6.34791042823e-23)
(0.831742936827 0.00449526279193 -1.11302917879e-23)
(0.813091507033 0.00283496986495 -2.21479980099e-20)
(0.793990505375 0.00173795590191 1.87405724823e-20)
(0.772875869666 0.000670783645104 1.57012149368e-20)
(0.746801311468 -0.000529464314256 1.2170462043e-22)
(0.711486265581 -0.00193558277017 7.59303897336e-21)
(0.662007932645 -0.00350553367199 -2.79025232158e-21)
(0.594615256227 -0.00468744399567 1.83412320946e-23)
(0.511205914333 -0.00483341338157 -3.28508991516e-21)
(0.422172536038 -0.00324524098337 0)
(0.338487459801 0.000446193765201 -8.50646058773e-21)
(0.267239538352 0.00578318988563 -5.79003128205e-21)
(0.210976352447 0.0118249924101 -5.29706592005e-22)
(0.168863404721 0.0177084647984 -8.40538704187e-21)
(0.138514881961 0.0227705702486 0)
(0.117509997541 0.0264945519044 -1.79280910592e-20)
(0.103763662706 0.0286974672922 -3.77570075349e-20)
(0.0953228840442 0.0294258582279 1.02945252527e-21)
(0.0908011499164 0.0286939532226 2.49895290118e-20)
(0.0897236730574 0.0265826870397 -1.34128213929e-20)
(0.0915297403067 0.0232823569935 1.33297568388e-21)
(0.0972411654667 0.018977866464 0)
(0.105954466463 0.0146625908852 3.76819192561e-27)
(0.114435950355 0.0107321199085 0)
(0.122133166345 0.006862925246 0)
(0.129556672825 0.0030309826774 0)
(0.136686555467 -0.000666343188525 4.02169725265e-23)
(0.143555769589 -0.00423020947344 2.32417320659e-22)
(0.150191145869 -0.00764224856828 -2.61557518704e-22)
(0.156626237388 -0.0108926091756 0)
(0.162887542602 -0.0139914162092 1.31121545607e-21)
(0.168986938651 -0.0169541377396 -1.27167678938e-21)
(0.174928473294 -0.0197865473899 2.06843702205e-21)
(0.180720230324 -0.0224845470133 -7.81711166382e-22)
(0.186372304354 -0.025048369188 -1.19902785414e-21)
(0.191890555459 -0.0274804483202 -1.63374341813e-21)
(0.197278432158 -0.0297826304244 1.59590122981e-21)
(0.202538441573 -0.0319564139026 2.0460222994e-21)
(0.207671904229 -0.0340039135211 -4.25738507555e-21)
(0.212678608013 -0.0359262618393 2.20933930024e-21)
(0.217559162513 -0.0377205855154 2.67248684873e-21)
(0.222317125548 -0.0393836596983 -5.50625618001e-21)
(0.226956022737 -0.040915198001 -2.57999224914e-22)
(0.231478135109 -0.0423159417063 4.68909629762e-21)
(0.235885271415 -0.0435871078469 -1.623384744e-21)
(0.240179049015 -0.044730228004 1.85435469008e-21)
(0.244360950719 -0.0457470387346 -1.82801691195e-21)
(0.248432287183 -0.0466394600763 -2.0553681562e-21)
(0.252394160066 -0.0474096611555 2.02861622015e-21)
(0.256247480097 -0.0480601195075 0)
(0.259992998482 -0.0485935917751 0)
(0.263631305808 -0.0490130241325 -6.0989748631e-22)
(0.267162807838 -0.0493214941835 6.03122882329e-22)
(0.270587723135 -0.0495221974864 0)
(0.273906102652 -0.0496184155672 0)
(0.277117838241 -0.0496134595237 6.98398174145e-22)
(0.280222658138 -0.0495106325 -6.91620276785e-22)
(0.283220121253 -0.0493132069711 0)
(0.286109607191 -0.049024376473 0)
(0.28889026768 -0.0486472529844 3.11203473027e-21)
(0.291560922899 -0.0481851231901 -3.08485343346e-21)
(0.294119491933 -0.0476421696213 -3.25668858377e-21)
(0.296562518823 -0.0470213217887 3.2293975382e-21)
(0.298887460576 -0.0463225472733 -3.39164013608e-21)
(0.301093363856 -0.045545716727 1.02754910279e-20)
(0.303179096024 -0.0446917116614 1.77602318831e-22)
(0.305142858371 -0.0437614103202 -1.41316929336e-20)
(0.306982395228 -0.0427553575603 7.09744963026e-21)
(0.308695146078 -0.0416742470771 7.37399711546e-21)
(0.310276724554 -0.0405209147987 -1.47958758398e-20)
(0.311719947611 -0.0392926907695 7.42169837466e-21)
(0.313021909764 -0.037981524701 7.67125236303e-21)
(0.314181041635 -0.0365826033615 -7.61599009432e-21)
(0.315193917728 -0.0350913329547 -7.84943996189e-21)
(0.316056543318 -0.033502182447 7.79585730032e-21)
(0.316764629995 -0.0318095153098 0)
(0.317312071158 -0.0300064135297 -1.61885641089e-20)
(0.317693019371 -0.0280782241262 1.60925643734e-20)
(0.31790375573 -0.0260064899818 0)
(0.317940822471 -0.0237747449583 -1.66600875608e-20)
(0.31780093389 -0.0213635721198 3.34249185663e-20)
(0.31747908038 -0.0187510132604 -1.67834805491e-20)
(0.316982500736 -0.0159090043399 -1.71920440952e-20)
(0.316290716382 -0.0128088506704 3.46007215069e-20)
(0.315483095342 -0.00939749861153 -1.74361537458e-20)
(0.314369439514 -0.00566800273323 6.76458257762e-26)
(0.313299882147 -0.00165565157608 1.80483948734e-20)
(0.314484741729 0.00276868738018 -1.80137222999e-20)
(0.31879678581 0.00772801712726 -1.82641295712e-20)
(0.325705816233 0.0132981366894 -2.75116419642e-19)
(0.335135469964 0.0195044774307 2.92253111019e-19)
(0.34695598649 0.0263960383068 3.11002525486e-19)
(0.361061706826 0.0340119114798 -1.81274798276e-20)
(0.377357337407 0.0423813671902 0)
(0.395593981018 0.0515033185244 8.44671552232e-19)
(0.415519801924 0.0613542097783 -1.70116829643e-20)
(0.437006328992 0.0718823206288 5.49030785699e-19)
(0.460003842373 0.0830165184373 -5.1965025459e-19)
(0.484469688855 0.0946334251825 7.5365396395e-21)
(0.510562622471 0.106547106243 -1.45136977421e-20)
(0.538671407934 0.118450369752 0)
(0.569165013124 0.129887337585 -7.77166921648e-19)
(0.602321294042 0.140209762456 -2.80706877321e-21)
(0.638244079726 0.148552423334 -2.81554396084e-19)
(0.676741472279 0.153926656954 0)
(0.71683028672 0.155421932649 0)
(0.756826932506 0.152405780177 -1.52211609053e-23)
(0.794956212015 0.14480030634 -4.42565748438e-23)
(0.828343311463 0.133376552826 -1.19238567255e-20)
(0.855695319896 0.119769701846 3.06459405764e-21)
(0.87620288668 0.104680437574 -6.886186093e-21)
(0.889349864099 0.0890907164112 -8.24783007459e-21)
(0.895753660789 0.0732980383703 2.11568995179e-23)
(0.897340529329 0.058789695972 -2.1407639368e-23)
(0.903152828742 0.046160476049 0)
(0.900828127983 0.0355681211713 1.2756206494e-21)
(0.896096128109 0.0263593349427 0)
(0.887815811783 0.0188392280219 1.74509997675e-20)
(0.87541420863 0.0127167878122 -3.27546161175e-20)
(0.859597329412 0.00821376591922 0)
(0.842154014132 0.00517813922108 -2.42885165541e-20)
(0.824171493411 0.00330044010334 0)
(0.805991112602 0.00212671773464 6.07102977508e-23)
(0.786829659733 0.00118650140893 -1.50228597245e-20)
(0.764896601107 0.000254804167232 4.6872313541e-23)
(0.737220512192 -0.000823822687456 -6.73779630154e-21)
(0.699716998607 -0.00215560453939 4.31553516593e-22)
(0.648463273817 -0.00357593754645 4.64800991194e-23)
(0.581330786529 -0.00465132066626 2.87588330709e-21)
(0.502299399046 -0.00466816524035 0)
(0.420804659039 -0.00298791078102 1.07029771269e-21)
(0.345838369077 0.000448552581811 6.17046673683e-21)
(0.282628555332 0.00506431546646 3.71830998301e-21)
(0.232727095485 0.0101146210374 1.33684154003e-20)
(0.195138622527 0.0148970924434 -8.58759053283e-21)
(0.168057455188 0.0187479682975 0)
(0.149523667109 0.0213492345502 1.74101783667e-20)
(0.137655630883 0.0226376184438 3.76020723251e-20)
(0.130902253524 0.0225268021018 -1.93195037456e-20)
(0.128615639514 0.0210388407288 1.09977703413e-20)
(0.130126082982 0.0183107893992 0)
(0.136434677813 0.0144133709583 0)
(0.146167058387 0.010414068242 9.33147113439e-22)
(0.155653057689 0.00676812794645 -9.00797568409e-22)
(0.164211726199 0.00313433972195 -4.99117020194e-22)
(0.172314062294 -0.000511676773356 7.07987240868e-22)
(0.179970861633 -0.00404600675617 -1.4779543081e-22)
(0.187221931456 -0.0074587074367 -4.57694310419e-22)
(0.194121353828 -0.0107376381004 -3.5244898344e-22)
(0.200718930059 -0.0138726821244 1.7827091525e-21)
(0.207053944193 -0.0168681882393 -2.49215295942e-21)
(0.213151361303 -0.0197340506476 1.40143020041e-21)
(0.219026997783 -0.0224747963582 0)
(0.224697327185 -0.0250878094634 0)
(0.230178970118 -0.0275722787625 0)
(0.23548463745 -0.0299290863705 0)
(0.240623843663 -0.0321591063461 0)
(0.245604223904 -0.0342631403022 0)
(0.250431656756 -0.0362425421538 0)
(0.255110309886 -0.0380980674791 0)
(0.259644425774 -0.0398275960256 0)
(0.264039759353 -0.0414284349647 0)
(0.268301973398 -0.0428999130751 0)
(0.272435545251 -0.0442424252846 0)
(0.276444204748 -0.0454569566366 1.80018959891e-21)
(0.28033125497 -0.0465448904848 -1.77343692288e-21)
(0.284099650332 -0.0475078287038 0)
(0.287751969121 -0.0483475451824 0)
(0.29129040487 -0.0490660699291 0)
(0.294716823873 -0.0496657608931 1.15324151138e-21)
(0.298032828122 -0.0501492666099 -2.34128776557e-21)
(0.301239766697 -0.0505194200161 1.188039398e-21)
(0.304338715397 -0.050779181221 3.2400979903e-22)
(0.307330484075 -0.0509316356932 -3.20591677485e-22)
(0.310215646657 -0.0509799622535 -3.46609992758e-22)
(0.31299454996 -0.0509273686452 3.43205002122e-22)
(0.31566730371 -0.0507770517735 1.47261070563e-21)
(0.318233773606 -0.050532173494 -2.97309919332e-21)
(0.320693574396 -0.0501958061153 1.50053016596e-21)
(0.323046042375 -0.0497709037325 0)
(0.325290188707 -0.0492605046407 0)
(0.327424240309 -0.0486682595596 0)
(0.329445412583 -0.0479969680921 0)
(0.331351318002 -0.0472471893229 0)
(0.333140636019 -0.0464190414183 0)
(0.334812041162 -0.0455132075776 7.21766334202e-21)
(0.336363622428 -0.0445303446913 -7.16618764427e-21)
(0.337792971876 -0.0434707558631 0)
(0.339097199671 -0.042334745506 7.58108763243e-21)
(0.340271947088 -0.0411239122634 -7.53073396923e-21)
(0.341310966147 -0.0398361762999 0)
(0.342210769212 -0.0384650952634 0)
(0.342969448189 -0.0370055355682 0)
(0.343584199622 -0.035452526206 0)
(0.344051537558 -0.0338003266552 0)
(0.344367465903 -0.0320428298164 0)
(0.344526579367 -0.0301726885527 0)
(0.344523447831 -0.0281764916961 0)
(0.344356503515 -0.0260368931073 0)
(0.344024998728 -0.0237371857148 0)
(0.343528814451 -0.021258345531 0)
(0.3428659012 -0.0185792022862 0)
(0.342045080963 -0.0156732083256 0)
(0.341047744317 -0.0125127761999 0)
(0.339954554614 -0.00904516003232 0)
(0.33856949171 -0.00526694860037 -1.85589272478e-20)
(0.337260664695 -0.00120497662909 -1.86581996413e-20)
(0.338274723094 0.00327919497571 -5.60207078124e-20)
(0.342489203095 0.00829936125298 -1.87133772368e-20)
(0.34935314272 0.0139268598432 -2.99501848389e-19)
(0.358747665135 0.0201808093503 -1.58986395215e-21)
(0.370527520174 0.0270975724734 0)
(0.384567225556 0.034705538065 1.83020999896e-20)
(0.400755629246 0.0430214263523 -3.61295542668e-20)
(0.418835827149 0.0520329082236 3.2898609049e-20)
(0.438553132628 0.0617076472955 -3.45706097438e-20)
(0.459777366519 0.0719867150207 1.08756941649e-20)
(0.482456647148 0.0827905643288 0)
(0.506545204344 0.0939878645705 0)
(0.532189012275 0.105385728322 -4.68772113784e-19)
(0.559746201574 0.116673920311 0)
(0.589544581017 0.127402177138 7.73743148684e-19)
(0.62180818505 0.136946764339 3.31237393968e-19)
(0.656583410884 0.144497871344 2.859845455e-19)
(0.693630518779 0.149157445055 2.19433151908e-19)
(0.731968307505 0.150133645425 -1.61318732085e-19)
(0.769987922838 0.146920869275 -1.07172989541e-19)
(0.80596862003 0.139550678285 -6.35773290022e-20)
(0.837443723651 0.128854135632 0)
(0.863413802521 0.116107510584 -8.18073196043e-21)
(0.88299386315 0.101970139677 7.10820445514e-21)
(0.895669138099 0.0873484923759 0)
(0.902038275747 0.0724814302839 1.11766566471e-21)
(0.903886258784 0.0586775428868 -1.95402116621e-23)
(0.910235901238 0.0464922706811 0)
(0.908264917247 0.0362283234165 -1.33364848562e-21)
(0.903941558072 0.0272585227951 1.08877722456e-22)
(0.896195205989 0.0198538123262 -1.77917348423e-20)
(0.8844633272 0.0137457027837 1.61750498654e-20)
(0.869417918318 0.00913566431129 1.33887239299e-20)
(0.852724035021 0.00590142090503 1.25360052986e-20)
(0.835424882903 0.00380253560262 -2.02236435396e-20)
(0.818018325647 0.00249043640619 1.71254704408e-20)
(0.800224538738 0.00156876301543 0)
(0.781060148289 0.000803152914733 1.04361047877e-20)
(0.758624932981 -4.11634488184e-06 -6.36559237886e-21)
(0.729908391822 -0.00100219952807 3.57054395539e-21)
(0.691396764515 -0.00226985380534 0)
(0.640153708678 -0.00360060553555 1.07195054357e-22)
(0.575431800285 -0.00460030694918 -1.19938418074e-22)
(0.501957972445 -0.00455077649413 0)
(0.428286197113 -0.00303219059804 -9.50516084808e-22)
(0.361571171324 -0.000173715693268 -3.5670662937e-21)
(0.305706134393 0.00355520697995 -4.52751279256e-21)
(0.261702540826 0.0075259934452 2.87091039533e-21)
(0.228863642528 0.0110550462358 -7.90874176438e-21)
(0.205623727492 0.0137120678859 1.02248611041e-20)
(0.190197461399 0.0153009991138 -1.64049745138e-20)
(0.181104301125 0.0156549183192 2.02812112599e-20)
(0.17738577943 0.014751732964 7.29533915268e-21)
(0.178347002103 0.0126206278424 4.19127625385e-21)
(0.184804069955 0.00924393131542 2.69339770856e-21)
(0.194958301356 0.00565166161115 -8.91771180637e-22)
(0.204842562651 0.00234764497914 0)
(0.213668562537 -0.000974560543333 0)
(0.221898824447 -0.00434932698062 9.44217496166e-23)
(0.229584863591 -0.00765089503788 -9.0653943271e-23)
(0.236777867373 -0.0108558165807 0)
(0.243548964853 -0.0139542019455 -8.44064770366e-22)
(0.249956748016 -0.0169333290092 -3.78360469333e-22)
(0.256047993749 -0.0197908713911 1.15553976305e-21)
(0.261856636614 -0.0225310521952 1.93401864552e-21)
(0.267407471182 -0.0251559666779 -1.87830231408e-21)
(0.272722867838 -0.0276628269165 0)
(0.277823658098 -0.0300494357882 3.12154434768e-21)
(0.282726763115 -0.0323150088242 4.86652350867e-22)
(0.287445540037 -0.0344591557069 -3.45061081836e-21)
(0.291990943155 -0.0364816945292 -2.1838139047e-21)
(0.296371856663 -0.0383830644651 2.138622984e-21)
(0.300595280858 -0.0401634480671 -2.60779060715e-21)
(0.304667607089 -0.0418209564622 -2.61686406896e-22)
(0.308595730538 -0.0433530861247 -2.63186836729e-22)
(0.312386269015 -0.044758786049 2.98411670832e-21)
(0.316044731869 -0.0460380535779 0)
(0.319575777853 -0.0471915716739 0)
(0.322983533587 -0.0482205054975 0)
(0.326271682009 -0.0491262504197 0)
(0.329443424446 -0.0499103663549 0)
(0.332501488987 -0.0505746901812 2.25006453898e-21)
(0.335448223502 -0.0511214212018 -2.22309760875e-21)
(0.338285682641 -0.0515530683709 1.22447528419e-21)
(0.341015638941 -0.0518723199912 -1.84741446398e-21)
(0.343639554783 -0.0520819885933 6.29701092833e-22)
(0.346158595312 -0.0521850242545 0)
(0.348573668115 -0.0521844797298 0)
(0.350885430512 -0.0520834342293 7.28523614421e-22)
(0.353094275353 -0.0518849527387 -2.22223084814e-21)
(0.355200328527 -0.0515920634577 1.48701454965e-21)
(0.357203451994 -0.051207700628 -3.16771150529e-21)
(0.359103231789 -0.0507346638117 3.14106060856e-21)
(0.36089895818 -0.0501757681005 0)
(0.36258926795 -0.0495342361567 3.40081049306e-21)
(0.364171951273 -0.0488126874489 -1.03226698392e-20)
(0.365644852505 -0.0480120146044 -1.93970096076e-22)
(0.367006483215 -0.047132506777 7.03908984121e-21)
(0.368255380632 -0.0461746954262 7.36220654635e-21)
(0.369389597114 -0.0451390241137 1.79727889764e-22)
(0.370406722368 -0.0440255578072 1.75059199757e-22)
(0.371303939817 -0.0428342587745 1.70432191048e-22)
(0.372077202816 -0.04156587294 1.65886818523e-22)
(0.372721197532 -0.0402185829667 -7.8125712395e-21)
(0.373231996521 -0.0387870582672 1.61737762203e-20)
(0.3736070631 -0.0372661804535 -3.24825262517e-20)
(0.373843476674 -0.0356507748335 1.63122914917e-20)
(0.373937808999 -0.0339349064736 -1.68205362987e-20)
(0.373886211861 -0.0321120884452 1.67469936663e-20)
(0.373683941621 -0.0301746586606 1.72315413857e-20)
(0.373326324702 -0.0281104278401 2.63801189827e-22)
(0.372811571732 -0.0259034703244 2.55342961025e-22)
(0.372139377758 -0.0235372768274 -1.75922475181e-20)
(0.371310653435 -0.0209932676293 0)
(0.370324705575 -0.0182509116753 1.82473480232e-20)
(0.369190724183 -0.0152849278286 -1.82383540617e-20)
(0.367891712039 -0.0120685591648 0)
(0.366508474008 -0.00854993999576 0)
(0.364843300111 -0.00472884824034 1.90914587131e-20)
(0.363279619973 -0.000621935870453 -1.89211852074e-20)
(0.364071142399 0.00391831471 7.69938973419e-20)
(0.368099112133 0.0089930568832 1.92128970974e-20)
(0.374811423191 0.0146671537526 2.87450977036e-19)
(0.384055490255 0.0209541289578 -3.23648847825e-19)
(0.395676450412 0.0278781004885 1.88128969841e-20)
(0.409533577773 0.0354570430023 0)
(0.425501593179 0.0436958731225 0)
(0.443316890481 0.0525717475693 -2.86859123749e-19)
(0.462721742614 0.0620442066124 0)
(0.483582606363 0.0720477445386 -7.93442731504e-19)
(0.505843432708 0.0824953294118 -3.23182965906e-20)
(0.529453624418 0.0932491788145 1.57304986675e-20)
(0.554544457479 0.104111671633 0)
(0.581442058362 0.114772905647 -4.22971597996e-19)
(0.610433637251 0.124792528946 -3.86959063558e-19)
(0.64169306706 0.13357578838 -3.36455780539e-19)
(0.675216103922 0.140371139109 0)
(0.71072475867 0.144370239697 -2.20727188453e-19)
(0.747249529628 0.144894842659 1.77595149166e-21)
(0.783261799348 0.141560642062 -1.08856321336e-19)
(0.817114624778 0.134471267082 9.68526912434e-20)
(0.846759165448 0.124464601653 -4.49075541828e-23)
(0.871414956709 0.112548456847 1.22411588827e-20)
(0.890072745006 0.0993060146739 -3.35500558519e-23)
(0.902262635611 0.0855956354552 2.47780933025e-21)
(0.9085643961 0.0716097762763 -1.1211422061e-21)
(0.910634408044 0.0584944272317 0)
(0.91749347161 0.0467556596807 0)
(0.91585958648 0.0368291440497 0)
(0.91193528785 0.0281058301591 0)
(0.904714746565 0.0208281706361 0)
(0.893647844757 0.0147525608909 -1.44908388202e-20)
(0.879374789647 0.0100630058379 -2.61341229443e-20)
(0.863450002546 0.00665945110162 1.16640505442e-20)
(0.846860366786 0.00434906516908 2.00599247935e-20)
(0.830167665692 0.00286379506283 -1.67868229034e-20)
(0.813399806625 0.00187885674591 8.66272960575e-23)
(0.796109702269 0.00117492408097 -9.85921258488e-21)
(0.777169381479 0.000551455753981 5.71653700409e-21)
(0.754558734807 -0.00016138901275 -6.80685047061e-22)
(0.725550815884 -0.00109690743694 0)
(0.68730688168 -0.00230874878038 3.6660645486e-21)
(0.637618734864 -0.00360937434598 -4.96377385547e-21)
(0.57676083774 -0.00454982636073 -3.22882397651e-22)
(0.509860423728 -0.00456549979669 0)
(0.444208382034 -0.00344843444555 3.92651439505e-21)
(0.385317583248 -0.00132023414368 -1.639441325e-21)
(0.336315664759 0.00142731601383 2.98616784317e-21)
(0.298184826129 0.00417570749722 7.46171538472e-21)
(0.270326882488 0.00645530307684 -1.85704836669e-20)
(0.251268541445 0.00801832908368 1.25012952508e-21)
(0.239654704988 0.00861331550563 0)
(0.234341718484 0.00815305279789 -9.4537500972e-21)
(0.234442517538 0.00659146143638 -1.24064013041e-21)
(0.240559141006 0.00380756643761 -3.22512247295e-21)
(0.250495968354 0.000700137869604 8.64728345768e-23)
(0.260183015874 -0.00222613018931 6.11076042506e-22)
(0.268758267668 -0.00519686610799 0)
(0.276688845332 -0.00825214432848 0)
(0.284049041015 -0.0112796628271 0)
(0.290877655975 -0.0142454126731 -6.18710769119e-22)
(0.297249113917 -0.0171359050064 5.99891616488e-22)
(0.303226257933 -0.0199343558759 0)
(0.308858905349 -0.0226324439294 0)
(0.314185992843 -0.0252292423471 -2.00965305472e-21)
(0.319237978946 -0.0277238992982 1.9583030164e-21)
(0.324041181911 -0.0301123255837 0)
(0.328619036514 -0.0323905676011 0)
(0.332990928471 -0.0345560332519 0)
(0.33717253445 -0.0366068908476 -4.01550388447e-21)
(0.341176796005 -0.038541803816 3.93534596683e-21)
(0.345014373601 -0.0403601873112 0)
(0.34869394516 -0.0420614816348 0)
(0.352223094928 -0.0436436606471 0)
(0.355609195621 -0.0451041630377 0)
(0.358859132939 -0.0464415389521 0)
(0.361978786776 -0.0476553637851 0)
(0.364973186862 -0.0487459929305 0)
(0.367846809369 -0.0497143465877 0)
(0.370603654025 -0.0505615756252 0)
(0.373247176325 -0.0512889876707 0)
(0.375780312275 -0.0518982025479 -2.28007989353e-21)
(0.378205614186 -0.0523912518052 1.06326953614e-21)
(0.380525360595 -0.0527704996661 1.17796350311e-21)
(0.382741555792 -0.0530384787967 6.45171633697e-22)
(0.384855883913 -0.053197841598 -3.03968189832e-22)
(0.386869727089 -0.0532513950789 -3.31403535385e-22)
(0.388784216543 -0.0532020595065 -3.5810730597e-22)
(0.390600235354 -0.053052776334 -3.84028471447e-22)
(0.392318397595 -0.0528064699076 7.32320131805e-22)
(0.393939050932 -0.052466030051 1.56501144567e-21)
(0.395462285447 -0.0520342523137 1.66194751517e-21)
(0.396887926945 -0.0515137905603 -3.18791364624e-21)
(0.398215519658 -0.0509072593159 0)
(0.399444063205 -0.0502175092876 -3.45181271765e-21)
(0.400571824032 -0.0494469394997 3.42622288442e-21)
(0.401596929146 -0.0485966167265 0)
(0.402517892549 -0.047666939923 0)
(0.403333250163 -0.0466583117112 -7.47661071217e-21)
(0.404041154916 -0.0455709830782 7.42796135458e-21)
(0.404639349547 -0.0444048204765 -7.73878780153e-21)
(0.405125226716 -0.0431594959782 7.6919055631e-21)
(0.405495186849 -0.0418351086242 7.98620596371e-21)
(0.405744602534 -0.0404298920141 -2.41525161308e-20)
(0.405869510951 -0.038939234459 1.61257032638e-20)
(0.405866992379 -0.0373581315656 1.66716579917e-20)
(0.405733996358 -0.0356813073095 -1.65948197635e-20)
(0.405467131268 -0.0339027153804 0)
(0.405062710338 -0.0320156522606 0)
(0.404516434596 -0.0300122947865 0)
(0.403824098766 -0.0278813033282 0)
(0.402983447719 -0.0256079646747 0)
(0.40199377286 -0.0231763193406 1.81815326639e-20)
(0.400855859988 -0.0205684004038 -3.65487183718e-20)
(0.399569364612 -0.0177643616325 1.83783607438e-20)
(0.398143024148 -0.0147401532003 1.88206419581e-20)
(0.396561265644 -0.0114698684484 -1.88342257987e-20)
(0.394903681603 -0.0079033336358 -1.9254280196e-20)
(0.392973718751 -0.00404361782796 -1.69994999522e-22)
(0.391164226798 0.000103447214265 1.17091396626e-19)
(0.39170876735 0.0046938828383 -5.86073477392e-20)
(0.395489082932 0.00981417821035 -7.74361743108e-20)
(0.401967565295 0.0155208641976 2.69935280188e-19)
(0.410966576691 0.0218228033525 3.44171159575e-19)
(0.422327129084 0.0287328410544 -3.40120600849e-19)
(0.435897895159 0.0362590795243 0)
(0.4515413257 0.0443955418358 0)
(0.468988608238 0.0531096519585 0)
(0.487979346938 0.0623534816531 0)
(0.508375760016 0.0720556314366 2.8785407718e-19)
(0.530116484844 0.0821226220446 -2.73298118502e-19)
(0.553145234383 0.0924118087428 0)
(0.577577475991 0.102723110437 2.28350345334e-19)
(0.603706761024 0.112750232585 4.27166741718e-19)
(0.631780970218 0.122066695762 1.93591309909e-19)
(0.661928016091 0.130110504958 -5.43524134145e-21)
(0.694099937209 0.136190275786 0)
(0.727989534106 0.139585533644 2.1525670836e-19)
(0.762647716558 0.139725704151 1.17142046862e-21)
(0.796634938414 0.136339428597 1.09007108572e-19)
(0.82840766108 0.129570535956 1.1887444493e-21)
(0.856295403397 0.120223257262 -1.95535603446e-20)
(0.879679815789 0.109086821295 -7.21362568844e-21)
(0.897427015337 0.0966888293214 2.13744234651e-22)
(0.909123555022 0.0838365154148 -4.38129773937e-21)
(0.915329761706 0.0706879019147 0)
(0.917585565601 0.0582430668296 0)
(0.924923817416 0.0469506594024 -3.33011988058e-23)
(0.923609270375 0.037368658692 3.35350889372e-23)
(0.920073407045 0.0288987405333 6.22986475658e-23)
(0.913370853566 0.0217596935292 -1.19039626012e-22)
(0.902966232205 0.0157338549172 1.46667228604e-20)
(0.889467894789 0.0109898391446 7.825511825e-22)
(0.8743285278 0.00744543555659 -1.9284161356e-23)
(0.858477146943 0.00494125153609 9.18801323782e-21)
(0.84248728064 0.00326855841164 7.71353873902e-21)
(0.826562652749 0.00216531053951 8.24199430838e-23)
(0.810598045626 0.00143634475692 4.55598915306e-21)
(0.793980402844 0.000896533945949 -1.24048753246e-22)
(0.775439669184 0.000377417379409 -1.56682179748e-21)
(0.753094373765 -0.000267356642864 -6.11209066992e-23)
(0.724635158603 -0.00116147802149 -3.20740070364e-21)
(0.68775526552 -0.00233078244487 4.69555492278e-21)
(0.640847569687 -0.00359366895992 0)
(0.585219167886 -0.00453392399327 0)
(0.525718923513 -0.00479904063857 -3.2338986829e-21)
(0.468063087234 -0.00423074493667 -2.88477297873e-21)
(0.416746455715 -0.00291285376749 2.87582988935e-21)
(0.374546009337 -0.00124312305004 6.02296876832e-22)
(0.342319660268 0.000350557137329 6.32401494953e-21)
(0.319395718102 0.00155211523958 -5.7200726929e-21)
(0.304660489293 0.00208442966198 -3.90202419368e-21)
(0.297246910109 0.00180129291864 -5.96725917809e-21)
(0.296015885668 0.000615697817847 1.36805761717e-21)
(0.301418694466 -0.00161936067022 6.00084844127e-23)
(0.310671874797 -0.00419765407321 -2.03622665439e-21)
(0.31972161105 -0.00672020957964 9.13897158558e-22)
(0.32770474822 -0.00933335536813 -7.96505530661e-23)
(0.335067793396 -0.0120597715759 7.75921236413e-23)
(0.341877095009 -0.014798988297 0)
(0.348151231802 -0.0175103087684 0)
(0.353959822248 -0.0201773824224 -1.0181738621e-21)
(0.359365184998 -0.0227803882675 9.94249641892e-22)
(0.364416145036 -0.0253058975814 0)
(0.369152946831 -0.0277484122455 0)
(0.373608823592 -0.0301040561577 0)
(0.377812259184 -0.0323668182457 2.82237657406e-21)
(0.381787959967 -0.0345307087894 4.54734420482e-22)
(0.385556528195 -0.0365912146127 -3.15992097858e-21)
(0.389134912774 -0.0385449354199 0)
(0.392537173151 -0.040389244657 0)
(0.395774988041 -0.0421224585785 -2.44500324308e-21)
(0.398858066459 -0.0437431606785 2.40587271977e-21)
(0.401794735326 -0.0452489073888 0)
(0.404592578894 -0.0466368822905 -3.09247252323e-21)
(0.407258506008 -0.0479052226613 3.04924012784e-21)
(0.409798520004 -0.0490530823864 0)
(0.412217827804 -0.0500804909941 0)
(0.414521113249 -0.0509881189483 0)
(0.416712575865 -0.0517768428908 2.08551755578e-21)
(0.418795811203 -0.0524476867947 -4.25310619442e-21)
(0.42077385828 -0.0530020426483 -1.28393279068e-22)
(0.422649391905 -0.0534417816932 2.27164324374e-21)
(0.424424855038 -0.053769132011 0)
(0.426102432149 -0.0539864668826 -1.30023980747e-21)
(0.427683974904 -0.0540962718159 1.28796960526e-21)
(0.429171030138 -0.054101211007 0)
(0.430564907455 -0.0540040731783 0)
(0.431866673256 -0.0538076580508 1.49064215526e-21)
(0.433077119504 -0.0535147457099 -1.47824040935e-21)
(0.434196772562 -0.0531280872498 0)
(0.435225905346 -0.0526503393134 3.24452097069e-21)
(0.436164528774 -0.0520840116533 1.07982655073e-22)
(0.437012374436 -0.0514315316655 1.05624477447e-22)
(0.437768710674 -0.0506954237556 -3.38403544479e-21)
(0.438432179255 -0.0498778502503 7.12733445051e-21)
(0.439001180046 -0.0489799466151 -7.07883102071e-21)
(0.439474299395 -0.048002177343 0)
(0.439850129731 -0.0469448388628 7.56008997233e-21)
(0.440126964723 -0.045808013539 -7.51339683075e-21)
(0.440302741264 -0.0445913958927 -7.8283017041e-21)
(0.440375069319 -0.043294406263 7.78333214044e-21)
(0.440340780947 -0.0419166090372 0)
(0.440195830793 -0.0404561721378 0)
(0.439936452791 -0.038908968987 0)
(0.43955961751 -0.0372701302553 -1.68787600504e-20)
(0.439062310105 -0.0355343332919 1.68055255067e-20)
(0.438441294361 -0.0336954784557 0)
(0.437693126549 -0.0317467329031 0)
(0.436813929758 -0.0296801811502 1.77722627372e-20)
(0.435799887057 -0.02748508711 2.66575939799e-22)
(0.434648572605 -0.0251477256497 2.5739896333e-22)
(0.43335893641 -0.0226527959757 -1.81735533253e-20)
(0.43193147723 -0.0199830352894 0)
(0.430365953869 -0.017119367667 0)
(0.428670412221 -0.0140390194604 0)
(0.426830653062 -0.0107170567857 1.92893362027e-20)
(0.424923874456 -0.0071056752321 -5.83212511466e-20)
(0.422756725894 -0.00321116459047 3.90829693617e-20)
(0.420725499233 0.000971041778474 -7.90051965439e-20)
(0.421019622181 0.00560407744956 -1.18343671235e-19)
(0.424515327645 0.0107590531736 1.96722838403e-19)
(0.430700592565 0.0164825993072 -1.57446926066e-19)
(0.439379973273 0.0227796301153 -3.48364567606e-19)
(0.450394573353 0.0296529749192 3.44062201383e-19)
(0.463586779865 0.0371015403452 0)
(0.478808922443 0.0451094705125 0)
(0.495788986929 0.0536353427083 0)
(0.514265146305 0.0626245048282 1.71837167298e-20)
(0.534095489099 0.0720004817571 -1.703361943e-20)
(0.555213116967 0.0816645404063 5.15534816302e-19)
(0.577556006498 0.091470865478 -1.48747260348e-20)
(0.601223429317 0.10121920966 -2.1589329602e-19)
(0.626476475068 0.110609988743 -2.07789411201e-19)
(0.653525529569 0.119234141264 -1.89454970222e-19)
(0.68245710435 0.126565469764 -4.7583462165e-21)
(0.713186410545 0.131973717095 -1.27917992225e-19)
(0.745385575841 0.134823586199 -3.25055224019e-19)
(0.778134461013 0.134645092863 1.61289526382e-19)
(0.810093936396 0.13126784238 -4.06144446412e-22)
(0.839849966863 0.124848874551 -7.05443358738e-20)
(0.866053817099 0.116122157351 2.00448423002e-20)
(0.888192154804 0.105717614187 0)
(0.905041651537 0.0941185192355 -2.39197574645e-22)
(0.916241239008 0.0820746308577 1.93963189292e-21)
(0.922328594821 0.0697203558072 6.70648331122e-22)
(0.924737328833 0.0579263290781 2.71900612801e-23)
(0.932522387763 0.0470775959995 0)
(0.931508730415 0.0378452626843 0)
(0.928349819234 0.0296348774113 -3.62733730566e-21)
(0.922157533436 0.0226456442772 0)
(0.912413854362 0.0166860143363 4.82694953655e-23)
(0.89969431417 0.0119106488798 2.34577901637e-20)
(0.885355059657 0.0082522968094 1.83125408227e-23)
(0.870269470554 0.00557612219373 -9.17159968641e-21)
(0.854996354042 0.00371629463462 -3.9356800334e-22)
(0.839830610904 0.00246239295849 0)
(0.824874872337 0.00164578923781 -4.37111373676e-21)
(0.809845200324 0.00110088614409 5.14909451869e-23)
(0.793975921975 0.00067666520923 6.85792451856e-22)
(0.776077370977 0.000231030824261 -1.1501187308e-21)
(0.754512969608 -0.000366699162076 2.35181395494e-22)
(0.727353825876 -0.0012342601362 -5.85034774623e-22)
(0.692674974763 -0.00237757544587 6.9572038529e-21)
(0.649783119638 -0.00360816313134 -4.05446784532e-22)
(0.600488306444 -0.00466323073673 0)
(0.548829416515 -0.00524907423173 3.47312375356e-21)
(0.499298758858 -0.00524546355895 -1.21628292088e-21)
(0.455769375594 -0.00479716469796 -7.44479415782e-22)
(0.420492659868 -0.0041780866102 -2.01282591041e-23)
(0.393992086896 -0.0036392568356 5.23130893027e-21)
(0.375857190428 -0.00343071956367 3.58520143891e-21)
(0.365635500809 -0.00375311185863 4.22258258987e-21)
(0.362287447093 -0.00475807973258 1.58158930064e-21)
(0.366189307906 -0.00665014676179 9.69992309556e-22)
(0.374377608309 -0.0088556946246 1.19224273566e-27)
(0.382417837042 -0.0109814036757 0)
(0.389482348688 -0.0132363773414 8.0655522391e-23)
(0.396009330491 -0.0156467188994 -7.91206199447e-23)
(0.402047081398 -0.0181039776823 0)
(0.407587112868 -0.0205600138755 7.86277156679e-22)
(0.41268690883 -0.0229993938036 3.10347102458e-22)
(0.417402713402 -0.0254014600483 -1.06222197975e-21)
(0.42177694552 -0.0277486824586 0)
(0.425845833504 -0.0300317362927 2.08578187973e-21)
(0.429641198945 -0.0322440470179 -4.5025481697e-21)
(0.433190763845 -0.0343774773743 2.41153196617e-21)
(0.436518297543 -0.0364239148924 3.2251374807e-21)
(0.439643750424 -0.0383769432631 -3.17397990184e-21)
(0.442583824325 -0.0402315705203 0)
(0.44535251738 -0.0419838303439 4.45440489991e-21)
(0.44796164442 -0.0436309533289 4.8667767592e-22)
(0.45042132691 -0.0451706412953 -4.81005056397e-21)
(0.452740272366 -0.0465998349927 0)
(0.454926112516 -0.0479153106621 -3.08437860004e-21)
(0.45698568482 -0.049114789488 3.04650362951e-21)
(0.458925022466 -0.0501970169116 0)
(0.460749451134 -0.051161717164 0)
(0.462463855372 -0.0520093207347 0)
(0.464072651323 -0.0527403962162 -2.08292708678e-21)
(0.465579587298 -0.0533556498747 2.06170769194e-21)
(0.466987823333 -0.0538562414007 0)
(0.468300192767 -0.0542438979102 -2.39850268726e-21)
(0.469519349282 -0.0545207224573 2.37647503178e-21)
(0.470647690897 -0.0546889182763 0)
(0.471687245831 -0.0547507908654 0)
(0.472639722202 -0.0547088605842 0)
(0.473506600643 -0.054565783547 0)
(0.474289112676 -0.0543242087867 0)
(0.474988195281 -0.0539867642132 0)
(0.475604510752 -0.0535560580862 3.16825843496e-21)
(0.476138463338 -0.0530346019168 -3.1453954559e-21)
(0.476590184707 -0.0524247551953 0)
(0.476959520222 -0.0517287643966 0)
(0.47724590838 -0.0509488678833 0)
(0.477448253715 -0.0500869921112 0)
(0.477565167723 -0.0491442657581 0)
(0.477595301202 -0.0481211801308 0)
(0.477537280784 -0.0470179427756 0)
(0.477389492681 -0.0458344889372 0)
(0.477150014113 -0.0445703572758 0)
(0.47681661714 -0.0432247482216 1.60244787748e-20)
(0.47638646929 -0.0417967886377 -1.5943189165e-20)
(0.475856017568 -0.0402845226891 0)
(0.475221765977 -0.0386841510248 -1.67757891559e-20)
(0.47448072313 -0.0369909484095 1.6703947901e-20)
(0.473630002311 -0.035199590136 0)
(0.472666602791 -0.033303962084 0)
(0.471587397616 -0.0312971569982 0)
(0.47038898819 -0.0291712095047 1.79278412575e-20)
(0.469068035306 -0.0269158530144 -1.7882762993e-20)
(0.467622256407 -0.0245182000326 1.83673201274e-20)
(0.466050579164 -0.0219636311821 -1.8339010801e-20)
(0.464353460918 -0.0192356219468 0)
(0.462530926562 -0.0163159182985 0)
(0.46059049732 -0.0131830378441 3.84665807387e-20)
(0.458519507956 -0.00981311988389 -7.74090552323e-20)
(0.456392050602 -0.00616119893027 -3.56146500094e-22)
(0.454019779807 -0.00223650622373 3.94053576716e-20)
(0.451797345649 0.0019748979225 3.99115333546e-20)
(0.451849665659 0.00664132144279 1.98757227754e-19)
(0.455039889795 0.0118186381191 -1.57200313057e-19)
(0.46088871315 0.0175422953534 -2.35227447848e-19)
(0.469188448041 0.023813613595 3.86915561591e-20)
(0.479783058273 0.0306267179522 -3.80075314645e-20)
(0.492512464579 0.0379720544794 -2.60663884529e-19)
(0.507221369239 0.045824975714 0)
(0.523637151731 0.0541362530782 0)
(0.54149865974 0.062845413645 0)
(0.560660870719 0.0718719003236 -2.82358920169e-19)
(0.581051908979 0.0811130811758 -2.26300480606e-19)
(0.6026046135 0.0904217413594 2.25105992973e-19)
(0.625402233188 0.0995997219891 0)
(0.649674043219 0.108357002996 2.09389654242e-19)
(0.675595182883 0.116304999863 -1.83713078894e-19)
(0.703215520275 0.122955586927 -1.54578357261e-19)
(0.732420210936 0.12773969875 2.63652886114e-19)
(0.762868904419 0.130103673851 1.05833711142e-19)
(0.793679165246 0.129669559049 8.14884254896e-20)
(0.82362405432 0.126352574909 5.67269536988e-20)
(0.851435274356 0.120301298201 3.61292756137e-20)
(0.876023621464 0.112155914721 -1.38552413877e-23)
(0.896933794676 0.102438105206 6.9255060386e-23)
(0.912898909657 0.0915945801891 0)
(0.923601346558 0.0803126507426 0)
(0.929551403461 0.0687112548546 -7.12159395707e-22)
(0.932083951697 0.0575470883044 0)
(0.940281486298 0.0471370078882 2.656009732e-23)
(0.939550052356 0.0382576268232 8.31858788115e-22)
(0.936755973579 0.0303120124542 3.57997050673e-21)
(0.93106618103 0.0234832062969 6.08972034384e-21)
(0.921982809454 0.017605342619 1.17777647727e-20)
(0.910047560198 0.0128201657318 -1.14522745321e-20)
(0.896522718574 0.00907307371772 0)
(0.882228417684 0.0062483105714 -5.84295108937e-23)
(0.86769698977 0.00421115915703 -7.13320992485e-21)
(0.853263222363 0.00279188883641 5.35356919175e-21)
(0.83914797123 0.00184734624246 3.81944284562e-21)
(0.825271591526 0.0012310095355 0)
(0.811187887195 0.000812277261764 -3.62054194829e-24)
(0.796182931791 0.000465231140395 2.12162702684e-21)
(0.779216672456 6.75924361867e-05 0)
(0.758903497844 -0.000507109938013 -4.53812259645e-21)
(0.733598896589 -0.00136460694806 -5.5965415001e-21)
(0.702051188842 -0.00248092240825 6.89085748773e-21)
(0.664244562224 -0.00373833939881 0)
(0.621963005191 -0.00493127312447 0)
(0.578390581002 -0.00585181655188 5.25406780594e-22)
(0.537293069201 -0.00644600562549 -5.25833077916e-21)
(0.501717304698 -0.00680627773819 0)
(0.473294922154 -0.00707225212866 1.21458067327e-21)
(0.452532718104 -0.00744533503508 0)
(0.439483250391 -0.00811447066515 4.7735110649e-22)
(0.433496731721 -0.00921189039157 -2.59296681862e-21)
(0.43500580811 -0.0108791776847 -1.13956139449e-22)
(0.441236380251 -0.0128563060733 -1.09586850538e-27)
(0.447810030267 -0.0147849249038 0)
(0.453554269564 -0.0167342051347 0)
(0.458896562447 -0.0188514778999 -7.36385096707e-22)
(0.46388148025 -0.021054321561 1.92742700091e-21)
(0.468461653907 -0.0232784347147 -1.18443802992e-21)
(0.47267087667 -0.025506001459 -1.14016999689e-21)
(0.476552549152 -0.0277173178385 1.12394717439e-21)
(0.480136254361 -0.0298927938564 0)
(0.483447757183 -0.0320207605496 -2.10260567839e-21)
(0.486512416594 -0.0340928538953 4.53095676701e-21)
(0.489353373449 -0.0360990743191 -2.42405387167e-21)
(0.49199022917 -0.0380294077832 -3.20782188182e-21)
(0.494439426737 -0.0398757855178 3.16609965486e-21)
(0.496715054997 -0.0416318105101 0)
(0.498829230538 -0.0432923436203 -4.4113696804e-21)
(0.500792603241 -0.0448537647918 9.18582965568e-21)
(0.50261485336 -0.0463130512319 -1.00201333351e-20)
(0.504304520204 -0.0476664560945 5.18963724067e-21)
(0.505868912313 -0.0489102687682 0)
(0.507314512626 -0.0500418109897 0)
(0.508647134604 -0.0510594448288 0)
(0.509872045113 -0.0519626423725 0)
(0.510994256985 -0.0527516352721 0)
(0.512018392859 -0.0534266537874 0)
(0.512948352204 -0.0539880566567 0)
(0.513787428477 -0.0544367780062 2.27464623599e-21)
(0.514538650584 -0.0547744257282 -2.25550897394e-21)
(0.515204929275 -0.0550029850085 -1.24074789324e-21)
(0.515788901355 -0.0551244609702 2.52235882754e-21)
(0.516292766872 -0.0551409539179 -1.28151812384e-21)
(0.516718383054 -0.0550548364085 0)
(0.517067391313 -0.0548686252661 0)
(0.517341165947 -0.0545847996167 -1.48563637444e-21)
(0.517540750224 -0.0542058197135 3.00734482689e-21)
(0.517666896512 -0.0537341416255 -1.5216859185e-21)
(0.517720088994 -0.0531721186351 -3.24232695726e-21)
(0.517700518451 -0.0525219471782 3.2220238133e-21)
(0.517608074528 -0.0517856928578 -6.82510782077e-21)
(0.517442276118 -0.0509653385471 6.78471904396e-21)
(0.517202179637 -0.0500625816811 0)
(0.516886525404 -0.0490784886734 0)
(0.516493985054 -0.0480135397168 0)
(0.516023164084 -0.0468678600376 0)
(0.51547245997 -0.0456412535401 0)
(0.514839998575 -0.0443331162097 0)
(0.514123626779 -0.0429424584117 0)
(0.513320721525 -0.0414680612064 0)
(0.512428091818 -0.0399078257076 0)
(0.51144248367 -0.0382581649317 0)
(0.51036097853 -0.0365145008235 0)
(0.509180814117 -0.0346715512024 0)
(0.507899217642 -0.0327232292016 0)
(0.506513383522 -0.0306626137071 0)
(0.505020393567 -0.0284817469799 1.80041591744e-20)
(0.503417444108 -0.0261707615638 -1.79664351873e-20)
(0.501702589899 -0.0237175097173 0)
(0.499874981436 -0.0211080720499 0)
(0.497935274532 -0.0183266908406 -3.77835911447e-20)
(0.495883968755 -0.0153559683315 7.59949752718e-20)
(0.493728337643 -0.0121756991212 -3.82337356615e-20)
(0.491457498748 -0.00876316794223 0)
(0.489142077712 -0.00507654057954 3.94866255285e-20)
(0.486600615998 -0.00112757242235 -3.95754880081e-20)
(0.484221560762 0.00310572982372 0)
(0.484047548 0.00779462954378 -1.59316001905e-19)
(0.48692085292 0.0129804414238 1.19423325465e-21)
(0.492399600628 0.0186865025923 0)
(0.500268469339 0.0249105899152 -3.0774831619e-19)
(0.51037602759 0.0316393815671 -3.79194520449e-20)
(0.522563137459 0.0388556330912 6.72527544977e-19)
(0.53666974268 0.0465270537967 -7.30087669117e-20)
(0.552425741509 0.0545978309655 -2.47061740011e-19)
(0.569573440018 0.0630027569989 0)
(0.587966398925 0.071658352733 5.31997541488e-19)
(0.607528860771 0.0804595670459 1.55322633168e-20)
(0.628189551749 0.0892595822988 -4.90187607491e-21)
(0.650016261617 0.0978644701306 2.07605649396e-19)
(0.673207498825 0.105996305408 0)
(0.697905696624 0.11328949574 1.84778902072e-19)
(0.724128925584 0.119295480265 7.4477522141e-21)
(0.75173892444 0.123505551383 -1.38068393297e-19)
(0.780390816138 0.125443213328 1.05515667785e-19)
(0.809248660533 0.124812379969 -1.60927254623e-19)
(0.837207842521 0.121596261651 -5.72381897682e-20)
(0.863149803913 0.115919643703 8.75240631189e-23)
(0.8861845353 0.108318958596 2.60036359584e-20)
(0.905882938736 0.0992458254535 0)
(0.920978029407 0.0891160564684 3.28953760366e-21)
(0.931186012263 0.0785524714581 -1.58177089419e-22)
(0.93698491282 0.0676641736862 4.11130084003e-22)
(0.939616086594 0.0571080859899 0)
(0.948190024939 0.0471295373303 0)
(0.947722382187 0.0386046351047 -1.51334885043e-21)
(0.945280619739 0.0309280548571 4.73369854912e-23)
(0.940085384601 0.0242695207023 -6.19025965634e-21)
(0.931661805242 0.018488000083 -1.33501862233e-21)
(0.920517111635 0.0137131861506 9.62051802504e-21)
(0.907821123104 0.00990100669197 8.51788927495e-21)
(0.894341950774 0.00695124699897 -7.32828629591e-21)
(0.880580998244 0.00475229936919 -5.69304927332e-23)
(0.866883673806 0.00316578660273 -5.22633106241e-21)
(0.853531258938 0.00207106862377 -7.20824374097e-21)
(0.840566307406 0.00133934020006 0)
(0.827740749608 0.000857371444675 0)
(0.814637002818 0.000518220602385 -1.93450011604e-21)
(0.800641005351 0.000214353841 -1.14283321835e-22)
(0.784868067167 -0.000166807366242 4.11499299988e-21)
(0.766130770064 -0.000748554437195 0)
(0.74329658349 -0.00159581756571 -7.17142274783e-24)
(0.715696386796 -0.00271651158356 6.84418594477e-21)
(0.683631444276 -0.00402093890342 8.86640293358e-23)
(0.64864908234 -0.00535364301249 -6.16983246017e-21)
(0.613428770956 -0.00659245385134 1.06242556745e-20)
(0.580839864539 -0.00770929959843 0)
(0.553048367425 -0.00872528754026 -5.04753141523e-21)
(0.531347654347 -0.00972969634141 -7.81954864945e-23)
(0.516440343166 -0.0108464848298 9.06733119562e-22)
(0.508188530538 -0.0122087221053 6.3339590733e-22)
(0.507173073944 -0.0139243971877 1.06800395647e-22)
(0.510751084535 -0.0158240638845 0)
(0.515126716856 -0.0177035849064 1.50757543168e-22)
(0.519165399744 -0.019560559944 -1.48574430545e-22)
(0.522976829634 -0.0214721116857 0)
(0.526612361925 -0.0234708586984 -1.37624121726e-21)
(0.529993064571 -0.0255112761294 1.3607545912e-21)
(0.533118340646 -0.027569379141 0)
(0.536008731422 -0.029622080906 0)
(0.538674321311 -0.0316494061867 1.78909176667e-21)
(0.541125671612 -0.0336404689509 -1.76900630489e-21)
(0.543378430696 -0.0355869853157 0)
(0.545447835682 -0.0374774554192 0)
(0.547345750019 -0.0393003228974 0)
(0.549081966638 -0.0410464596886 0)
(0.550665542978 -0.0427086333484 0)
(0.55210496019 -0.044281059034 4.33915673554e-21)
(0.553408476084 -0.0457598416083 -4.29562639846e-21)
(0.55458454911 -0.0471416050152 5.15482204848e-21)
(0.555640837268 -0.0484219258278 -5.10578485383e-21)
(0.556583581738 -0.0495965877297 2.9949909541e-21)
(0.557418233244 -0.05066255596 -6.17411087482e-21)
(0.558149829704 -0.0516178702213 3.1780401817e-21)
(0.558783200316 -0.0524618885499 -3.62979407022e-21)
(0.559323318166 -0.0531947658619 7.44145630146e-21)
(0.55977493871 -0.0538163881069 -3.81088372223e-21)
(0.560142013132 -0.0543267469115 0)
(0.560427857231 -0.054726565955 2.23544432587e-21)
(0.560635612979 -0.0550173670712 -2.21917698291e-21)
(0.560768390732 -0.0552010218133 0)
(0.56082900019 -0.0552792910239 0)
(0.560819729445 -0.0552540386651 0)
(0.560742515568 -0.0551274916208 0)
(0.56059911152 -0.0549020184179 0)
(0.560390979383 -0.0545798991198 0)
(0.560119204584 -0.0541634068444 0)
(0.559784571268 -0.0536548351375 0)
(0.559387588963 -0.0530563610534 -3.20334096738e-21)
(0.558928447478 -0.0523700004141 3.18611062098e-21)
(0.558407017476 -0.0515976339542 0)
(0.557822824828 -0.0507410096418 -6.91799102041e-21)
(0.557174986367 -0.0498016031607 -1.96391374036e-22)
(0.556462295316 -0.0487803778973 7.04709071692e-21)
(0.555683399027 -0.0476777660965 7.39406560024e-21)
(0.554836832774 -0.046493806832 -7.36165052248e-21)
(0.553920935837 -0.0452281814143 0)
(0.55293380197 -0.0438801537721 0)
(0.551873270911 -0.0424485708291 0)
(0.550736815041 -0.0409319462479 0)
(0.549521467348 -0.0393280422963 0)
(0.548224146483 -0.0376334049876 0)
(0.546841990139 -0.0358436007448 0)
(0.545372316693 -0.0339534313 0)
(0.543812522086 -0.0319568845812 0)
(0.542160063857 -0.0298470940749 -1.77470117378e-20)
(0.540412431925 -0.0276161824697 1.77145096982e-20)
(0.538567317613 -0.02525465601 -1.82158046864e-20)
(0.536623165898 -0.0227510459627 5.50857349197e-20)
(0.534579443622 -0.020092158003 -3.68652406754e-20)
(0.532437102631 -0.0172630423712 0)
(0.530197199885 -0.0142472023436 0)
(0.527866941896 -0.0110257019469 0)
(0.52543739768 -0.0075770488582 -3.90851442669e-20)
(0.522975437853 -0.00386271516855 7.86452611984e-20)
(0.520308523169 0.000103547148846 2.91027491762e-22)
(0.517814173252 0.00435027162742 3.00700058256e-22)
(0.517436030958 0.00904917760857 -7.88211932496e-20)
(0.519988173851 0.0142280630164 2.37107071226e-19)
(0.52506977589 0.0198977493318 -3.89783879729e-20)
(0.532462554284 0.0260523534765 3.09334012338e-19)
(0.542021130044 0.0326723014894 0)
(0.553590530064 0.0397335026719 -2.98886902937e-19)
(0.567009200834 0.0471972366317 2.88515637743e-19)
(0.582013080374 0.0550025026515 5.30322345747e-19)
(0.59835112854 0.0630806061024 1.77577402751e-20)
(0.615877592077 0.0713464206093 1.25160197797e-20)
(0.634514233698 0.0796940137058 2.49337746353e-19)
(0.654186933868 0.0879787175248 -2.39589468757e-19)
(0.67494885862 0.0960127896228 -4.06505716939e-21)
(0.696969116915 0.103532544821 -1.942221749e-19)
(0.720360195438 0.11019731222 -5.89117267239e-21)
(0.745113241897 0.115598797381 1.57989591011e-19)
(0.771073084515 0.119286905848 -1.3033429207e-19)
(0.797897959854 0.120856838653 -2.11055100519e-19)
(0.824806724866 0.120082754496 8.08514207459e-20)
(0.850823814314 0.116997574851 -5.91410795436e-20)
(0.874972184125 0.111693873155 4.0929891022e-20)
(0.896508459638 0.104604543016 1.52788886436e-21)
(0.915013581885 0.0961376815855 8.66392118333e-23)
(0.929255047012 0.0866814442455 -3.33827710778e-21)
(0.938973990985 0.0767952372314 1.37230587785e-22)
(0.944612097982 0.0665820680271 -4.19387030863e-22)
(0.947320635087 0.0566118051937 0)
(0.956233369166 0.0470558199892 0)
(0.956011723275 0.0388853089858 7.48516335908e-22)
(0.953909605111 0.0314810231115 -4.10990213912e-23)
(0.949200754392 0.0250017084571 8.03011631929e-23)
(0.941436065469 0.019330015292 -2.02985782722e-20)
(0.931088150683 0.0145844401307 -1.83935494563e-20)
(0.91923544286 0.010729449475 -8.60378111526e-21)
(0.906594087518 0.0076778142989 7.47150027753e-21)
(0.89363303818 0.00533570786134 -5.16023466297e-23)
(0.880692444233 0.00358886817498 4.28638520696e-21)
(0.86807834133 0.00233553127631 3.34554788652e-21)
(0.855902228317 0.00146283571089 -1.57006338286e-21)
(0.844037931541 0.000871843244358 0)
(0.832245733666 0.000471235879654 2.0548752329e-21)
(0.82017596664 0.000169772189535 1.11656403515e-22)
(0.807310391782 -0.00012760619009 4.12961585612e-21)
(0.79288556434 -0.000532342901899 -6.20152946879e-22)
(0.776088297466 -0.0011346456725 -4.81828851316e-21)
(0.756237224931 -0.00200355932376 -1.52515384447e-20)
(0.733046063521 -0.00314081072532 9.00136375025e-22)
(0.706952520084 -0.00448106745496 1.47201201105e-20)
(0.679389855252 -0.00592977248448 7.20974474648e-22)
(0.652382605897 -0.00742875546363 -6.81717124013e-21)
(0.62788950995 -0.00893645905464 3.59685729313e-21)
(0.607485380859 -0.0104448944163 2.59616719414e-21)
(0.592338444981 -0.0119899738821 -7.98676726192e-22)
(0.582815105671 -0.0136492466527 6.78134012701e-22)
(0.579773289448 -0.0154786952802 2.97001645334e-22)
(0.580940194643 -0.0174796956378 2.82145084744e-23)
(0.582870604952 -0.0194482739975 -1.37047972241e-22)
(0.584800244979 -0.0213617233187 4.62183728416e-22)
(0.586889172257 -0.0232797636753 1.14123278866e-21)
(0.588991476578 -0.025185126793 -2.68129819687e-21)
(0.591012641417 -0.0271112924718 1.53675242052e-21)
(0.59292047333 -0.0290583479171 0)
(0.594705969365 -0.0310013223882 0)
(0.596357015497 -0.0329199710239 -1.81076672873e-21)
(0.597869004187 -0.0348067322236 3.91080320803e-21)
(0.599247167948 -0.0366550656427 -2.09735364019e-21)
(0.600496035327 -0.0384516866217 0)
(0.601616703449 -0.0401838856066 -3.1248438669e-21)
(0.602610625737 -0.0418426855885 3.09732884133e-21)
(0.603481129704 -0.0434211987075 0)
(0.604232598246 -0.0449139194224 0)
(0.60487045425 -0.0463175733193 0)
(0.605401561076 -0.0476287520868 -5.02443910584e-21)
(0.605831672169 -0.0488421006288 -4.41099364976e-22)
(0.606164736125 -0.049952909751 1.12153293483e-20)
(0.606404250591 -0.0509579732792 -8.90789923897e-21)
(0.606553903409 -0.0518552103473 3.09743319186e-21)
(0.606617764377 -0.0526441826077 0)
(0.60660073345 -0.0533252023854 -3.73867363673e-21)
(0.606507615539 -0.0538977829916 3.71365194364e-21)
(0.606342131644 -0.0543615092162 0)
(0.606107276697 -0.0547168986952 0)
(0.605806034869 -0.0549654338812 2.27894576243e-21)
(0.605441542306 -0.0551088963953 -2.26547555942e-21)
(0.605016635989 -0.0551487557087 -1.23959549189e-21)
(0.604533532274 -0.0550866179943 5.8831498132e-22)
(0.603994117317 -0.0549245844678 6.40950683065e-22)
(0.603400163466 -0.0546648686432 6.92644972374e-22)
(0.602753129924 -0.0543095163685 7.43274295724e-22)
(0.602054055167 -0.0538605996545 -1.42546725314e-21)
(0.601303689311 -0.0533202463249 -3.04869877973e-21)
(0.600502514483 -0.0526904368311 3.03484049972e-21)
(0.599650663462 -0.0519729874681 0)
(0.598747937075 -0.0511695920784 -6.62346266244e-21)
(0.597793822428 -0.050281779012 1.33882182921e-20)
(0.596787438135 -0.0493108084434 1.91400199474e-22)
(0.595727578644 -0.048257510906 -6.9303604273e-21)
(0.594612840171 -0.0471222369507 0)
(0.593441666022 -0.0459049293186 0)
(0.592212305388 -0.0446051500835 0)
(0.590922781392 -0.0432220388898 0)
(0.589570886391 -0.0417543012358 0)
(0.58815412433 -0.0402002443069 0)
(0.586669655547 -0.0385575079844 0)
(0.585114522459 -0.0368227233263 0)
(0.58348591514 -0.0349915962571 0)
(0.581781209721 -0.033059045222 0)
(0.579997921288 -0.0310191771353 1.73534687113e-20)
(0.578133703944 -0.0288652449674 -3.49343389459e-20)
(0.576186361257 -0.0265895259777 3.54344818067e-20)
(0.57415398668 -0.0241829042708 -5.40159710188e-20)
(0.572035379089 -0.0216345564695 3.61678180359e-20)
(0.569830309435 -0.0189320382209 3.71181834215e-20)
(0.567540007459 -0.0160612560851 4.39099692673e-22)
(0.565166041708 -0.013006673502 -7.56309632896e-20)
(0.562715586542 -0.00975063925477 3.80744450122e-20)
(0.560181673566 -0.00627298183009 0)
(0.557627049871 -0.00253858644478 3.9287976014e-20)
(0.554890071865 0.00143742001769 2.72099574408e-22)
(0.552332397494 0.00568838302365 -1.94955429479e-20)
(0.551781962074 0.0103837012532 4.00153999885e-20)
(0.55401755658 0.0155389018691 0)
(0.55868271871 0.0211524268808 0)
(0.56556144146 0.027214693807 0)
(0.574516109224 0.0337010595324 -3.35761564537e-19)
(0.585399104038 0.0405815493322 3.69625858404e-20)
(0.598050971385 0.0478122964199 -5.74745552599e-19)
(0.612217441063 0.0553286411229 -2.47045587474e-19)
(0.627657492015 0.0630597530761 2.34160193691e-19)
(0.644228367067 0.0709201743125 -4.32958186076e-21)
(0.661850913291 0.0788046102397 -2.50255312775e-19)
(0.680449570543 0.0865721813311 -1.42203148513e-20)
(0.700063940099 0.0940430369755 -2.05859866633e-19)
(0.720835392826 0.100969445102 2.00926904406e-19)
(0.742849414462 0.107036972411 0)
(0.7660750968 0.111877496137 -1.53302514004e-19)
(0.790346683632 0.115096870296 1.68033259348e-21)
(0.815332611646 0.116355524219 1.05491374215e-19)
(0.840313687972 0.115485223535 5.74970349707e-22)
(0.86444525103 0.112551331658 5.92539429552e-20)
(0.886873107963 0.107612510379 -4.15934828672e-20)
(0.906960689232 0.101004975589 1.5192206438e-21)
(0.92429566867 0.0931096066251 9.55942746679e-23)
(0.937702847746 0.0842885571756 0)
(0.946940826757 0.0750413394486 1.08431659197e-21)
(0.9524122973 0.0654672271289 -1.19136765136e-22)
(0.955180710097 0.0560603660491 9.56226654494e-24)
(0.964393288849 0.0469163802257 -1.52279159355e-23)
(0.964400815424 0.0390987241301 4.97042088392e-23)
(0.962625734035 0.0319690019216 -1.05546580997e-22)
(0.958394796622 0.0256768750701 6.15704359668e-25)
(0.951287272872 0.0201273078704 1.79319122893e-20)
(0.941741464603 0.0154285174082 1.12381639536e-21)
(0.930745782428 0.0115517230354 1.30360812874e-23)
(0.918963848835 0.00842060639917 5.82608054634e-21)
(0.906831463715 0.00595547628835 0)
(0.89467503498 0.00406088536465 -7.13541154569e-22)
(0.88280424711 0.00265052133202 -2.21770043668e-21)
(0.871365866089 0.00162538777043 1.47385702212e-21)
(0.860307745461 0.000898696159074 1.22789322816e-22)
(0.849496757221 0.000391040035821 2.57313391301e-22)
(0.838736817855 2.44033099598e-05 0)
(0.82773700135 -0.000279548224076 -1.07641845542e-22)
(0.81604820574 -0.000613052732134 -5.19260964139e-21)
(0.803167869499 -0.00106280196875 -5.1909112868e-21)
(0.788606584775 -0.00171418612957 6.36760797222e-21)
(0.77199953776 -0.00261713326085 0)
(0.753313551322 -0.00377295045206 -6.80586589492e-21)
(0.733145585844 -0.00513978282468 -6.6381513631e-21)
(0.712631968994 -0.00668158674923 1.39515208556e-20)
(0.693115697799 -0.00835503419319 7.71967736997e-22)
(0.675933836778 -0.0101131052924 -3.16883734211e-21)
(0.662315833475 -0.0119286419435 0)
(0.652915578635 -0.0138156933754 7.33397892893e-22)
(0.64878933616 -0.0157560541994 -2.89843891158e-22)
(0.64821744349 -0.0178514069135 -9.78043417774e-28)
(0.648300454565 -0.0199935674504 0)
(0.648309774349 -0.022043581367 0)
(0.648615815004 -0.0240578537299 1.37322267542e-21)
(0.649173956765 -0.0260489609945 -1.3573321344e-21)
(0.649856188906 -0.0279847958375 -2.15049519801e-21)
(0.650541774027 -0.0298910192629 4.74680156284e-21)
(0.651208442545 -0.0317768499745 5.2186809411e-22)
(0.651835544506 -0.033634382047 -6.74269219671e-21)
(0.652406858579 -0.0354580950761 -6.01056763391e-22)
(0.652910537718 -0.0372417034917 4.19220206146e-21)
(0.653338238312 -0.0389712256031 -2.73028552536e-21)
(0.65368203457 -0.0406345519704 2.70983054181e-21)
(0.653937657778 -0.0422242226801 3.40005859828e-21)
(0.654104731858 -0.0437346862495 3.76062013153e-22)
(0.65418423088 -0.0451614803471 3.87587185397e-22)
(0.654178791674 -0.0465028364565 -8.56770705637e-21)
(0.65409279804 -0.047755141539 4.4529102365e-21)
(0.653928447964 -0.0489113231504 -5.24261376654e-21)
(0.653686210747 -0.0499664061289 1.08402367095e-20)
(0.653367433066 -0.0509176240067 -1.16189480255e-20)
(0.652974634125 -0.0517632694614 2.77797107623e-21)
(0.652511279342 -0.0525037036671 3.19050025682e-21)
(0.651982496417 -0.0531395851894 -3.60705177146e-21)
(0.651392820322 -0.0536696827112 3.58767094472e-21)
(0.650745041568 -0.054093057338 4.00601602523e-21)
(0.650041265716 -0.0544100913426 -3.9858931049e-21)
(0.649284016795 -0.054622382691 -2.2013436862e-21)
(0.648476381321 -0.0547317126899 -1.08642950668e-22)
(0.647621132091 -0.0547392050685 1.09064823234e-21)
(0.646720229452 -0.0546461980114 5.699081178e-22)
(0.645775348427 -0.0544547095734 6.20832585033e-22)
(0.644788190059 -0.054166797174 6.70975507985e-22)
(0.643760128123 -0.053784238268 7.2021239746e-22)
(0.642692076437 -0.0533089074024 1.48570277966e-21)
(0.641584707826 -0.0527427765077 1.00876050144e-22)
(0.640438448331 -0.0520876072473 -2.94937468085e-21)
(0.639253341623 -0.0513450018556 -6.27260679137e-21)
(0.638029103639 -0.0505164724758 6.25277872829e-21)
(0.636765177615 -0.0496033388392 6.61383899436e-21)
(0.635460662785 -0.0486066501305 -6.59489848002e-21)
(0.634114335972 -0.0475270840486 0)
(0.632724747183 -0.0463648825592 1.42046844499e-20)
(0.631290267418 -0.0451198819586 -2.86886523719e-20)
(0.629809076839 -0.04379152764 2.9310766433e-20)
(0.628279149305 -0.0423788429495 -1.47946085063e-20)
(0.626698255139 -0.040880411874 1.54215713159e-20)
(0.625063939117 -0.0392943827151 -3.11063317562e-20)
(0.623373474626 -0.0376182961521 1.56873560628e-20)
(0.621624045531 -0.0358488433702 0)
(0.619812940785 -0.0339818632952 0)
(0.6179376243 -0.0320124117772 -1.68155376366e-20)
(0.61599573113 -0.0299347478411 -2.73514192271e-22)
(0.613985088332 -0.0277422961945 5.17497387204e-20)
(0.611903757036 -0.0254275527119 5.0973044866e-22)
(0.609750160583 -0.0229817969099 -3.51936302319e-20)
(0.607523405749 -0.0203948330045 -3.61732003994e-20)
(0.605223531342 -0.0176549845091 7.28604005669e-20)
(0.602851992883 -0.0147490574143 4.21878256622e-22)
(0.600410773657 -0.0116625359666 -3.71857289506e-20)
(0.597906967354 -0.0083790839176 -3.80260204743e-20)
(0.595335452317 -0.00487996012331 3.81248052421e-20)
(0.592754458208 -0.00113352065177 3.88597489109e-20)
(0.590014938239 0.0028444200825 2.50519258599e-22)
(0.587457851741 0.00709010874347 -1.94345653092e-20)
(0.586779094845 0.0117675396684 3.91240323038e-20)
(0.588714867702 0.0168814173228 -2.31280926422e-19)
(0.592955780019 0.0224184539243 3.8237608922e-20)
(0.599293941547 0.0283654184902 0)
(0.607601457129 0.03469388662 2.98129080896e-19)
(0.617741114641 0.0413691071003 2.88204967582e-19)
(0.629559336138 0.0483433884624 2.85371026537e-19)
(0.642815470667 0.0555499964611 0)
(0.657281883899 0.0629173445675 -2.68584452611e-19)
(0.672821223489 0.0703609250244 -2.58235689596e-19)
(0.689355090697 0.0777775123539 0)
(0.706807987396 0.0850314819534 2.28017109159e-19)
(0.725207228881 0.0919522863691 -1.29250228181e-20)
(0.744668405059 0.0983093991748 -1.92940825682e-19)
(0.765253109662 0.103815313384 1.84864537935e-19)
(0.786913182903 0.108141193238 1.53568101204e-19)
(0.809478286757 0.110945276348 1.25646084597e-19)
(0.832633223546 0.111945877805 -9.9409715358e-20)
(0.855726040045 0.11101946449 -8.17496535643e-22)
(0.878038583847 0.108248898375 -6.41061500327e-22)
(0.898814569967 0.103662842215 -4.45809775505e-20)
(0.917501699169 0.0975116658415 1.61436762313e-21)
(0.933695976556 0.0901563949408 0)
(0.946291480971 0.0819344549193 0)
(0.95505906715 0.0732904307409 -1.11549945817e-21)
(0.960361392283 0.0643212527039 1.26513387416e-22)
(0.963175705676 0.0554554451341 -4.84997591994e-24)
(0.972648022195 0.0467115379924 0)
(0.972869112557 0.0392439260983 0)
(0.971408707648 0.0323900884963 -5.86567713967e-23)
(0.967646854034 0.026292098724 -3.29652518998e-21)
(0.961193564124 0.0208757091837 -8.38629998785e-21)
(0.952453479968 0.0162398433015 7.71713427915e-21)
(0.942326910387 0.0123609874833 2.63813524502e-23)
(0.931424404304 0.00917195096608 -5.88820742943e-21)
(0.920148024746 0.00660451022591 0)
(0.908805685536 0.00457820071039 -7.00892396717e-22)
(0.897698530347 0.00301934773947 2.3208585125e-21)
(0.886987994887 0.00184076717383 4.78028482363e-23)
(0.876665889646 0.000966050009125 -1.19961309111e-22)
(0.866663257375 0.000325464169778 -1.32674920375e-21)
(0.856872550742 -0.000149444450487 0)
(0.847131038035 -0.000524242674555 -3.29511188144e-21)
(0.837186552592 -0.000872434574074 4.24309712461e-21)
(0.8267702619 -0.00126756797698 5.40523227166e-21)
(0.815597138042 -0.00179089457818 -6.48118295656e-21)
(0.803397662103 -0.002508186243 0)
(0.790033978316 -0.00345575050488 -7.68749720235e-21)
(0.775712875696 -0.00463318019737 8.08010501272e-21)
(0.760985675928 -0.00603449462754 -7.02232345838e-21)
(0.746608621205 -0.00763886259332 0)
(0.733470303857 -0.00940366845155 -9.20570735575e-22)
(0.72254508266 -0.0112810446237 9.46668303899e-22)
(0.714486688835 -0.0132485114167 -1.5615004817e-21)
(0.710346303196 -0.0152371450075 -1.05552184848e-21)
(0.7089374778 -0.0173756651959 1.02872579537e-21)
(0.707996945746 -0.0196056247839 0)
(0.706914273949 -0.021796100278 0)
(0.705933242996 -0.0239386593185 0)
(0.705201015216 -0.0260183590275 0)
(0.704649409563 -0.0280476253695 0)
(0.704228853676 -0.0300271432551 0)
(0.7038983659 -0.03193950167 0)
(0.703616083728 -0.0337929504625 0)
(0.703352130325 -0.0355919356922 0)
(0.703062130306 -0.0373364406272 0)
(0.70273413299 -0.0390210751164 0)
(0.702363382025 -0.0406382869712 0)
(0.70194506616 -0.0421811758722 0)
(0.701476278234 -0.0436440922037 -3.62359274776e-21)
(0.700953886186 -0.0450228949223 3.60299204883e-21)
(0.700376872682 -0.0463169646203 0)
(0.699742524443 -0.0475227007314 0)
(0.699049997207 -0.0486322041131 -5.02681694979e-21)
(0.698297829148 -0.0496410142744 5.00199362946e-21)
(0.697486968282 -0.0505472477071 0)
(0.696619659719 -0.0513498780592 0)
(0.69569917266 -0.0520507377887 0)
(0.694730561989 -0.0526506067446 0)
(0.693716932658 -0.0531464940761 0)
(0.692659092107 -0.0535368748796 3.83559275636e-21)
(0.691558007549 -0.0538224277548 -1.80774773381e-21)
(0.690415972121 -0.0540053748876 -2.00655970428e-21)
(0.689236396663 -0.0540875933535 2.20473046129e-21)
(0.688021932737 -0.0540695934901 -3.34736678564e-21)
(0.686774003695 -0.0539524198722 1.14621497041e-21)
(0.685493943485 -0.0537381237849 0)
(0.684183412593 -0.0534286325023 0)
(0.68284370135 -0.0530254222285 1.3356330059e-21)
(0.681475574208 -0.0525301983749 -4.09397553294e-21)
(0.680079639544 -0.0519447984529 2.75505213374e-21)
(0.678656290433 -0.0512707408872 -2.93928682143e-21)
(0.677205512113 -0.0505094119618 -3.11946547439e-21)
(0.675726990704 -0.0496621476937 -1.83512969516e-22)
(0.674220154219 -0.0487300562359 6.21186529498e-21)
(0.67268410074 -0.0477139824173 0)
(0.671117622037 -0.0466144466821 0)
(0.669519282214 -0.0454315680262 0)
(0.667887458988 -0.0441650722283 0)
(0.666220348649 -0.0428142933619 0)
(0.664515962666 -0.041378149124 0)
(0.662772142338 -0.0398551244425 0)
(0.660986552284 -0.038243258923 0)
(0.659156685705 -0.0365400177113 -1.55781153255e-20)
(0.657279944429 -0.0347421285416 1.55744329526e-20)
(0.655353801292 -0.0328455520188 0)
(0.653375888346 -0.0308454927514 -1.64181513653e-20)
(0.651344022988 -0.0287363848482 1.64256003021e-20)
(0.649256248516 -0.0265118633627 0)
(0.647110899723 -0.0241646926316 3.44330693688e-20)
(0.644906725388 -0.021686567074 -3.44766588681e-20)
(0.642643143307 -0.0190679068259 0)
(0.640320463336 -0.0162978094976 3.59433214908e-20)
(0.637940349506 -0.0133640079484 -3.60233592855e-20)
(0.635505129108 -0.0102530540811 0)
(0.633021766093 -0.00694995626555 0)
(0.630486818075 -0.00343751150733 0)
(0.627953731503 0.000312470205732 0)
(0.625287355464 0.0042841344732 3.83311850089e-20)
(0.622803633797 0.00851471179317 -7.72529620271e-20)
(0.622051849445 0.0131594419433 -3.80974380189e-20)
(0.623718763338 0.0182137949012 3.04193684353e-19)
(0.627542877958 0.0236540911094 1.49244623253e-19)
(0.633329938138 0.0294636050446 3.68594413214e-20)
(0.640963736086 0.0356113177428 -3.65050069713e-20)
(0.650320202117 0.0420589249101 -2.8704007996e-19)
(0.661255402362 0.0487562450245 -3.43995189945e-20)
(0.673546042595 0.0556360286875 2.68782454712e-19)
(0.686981102868 0.062627267881 3.30902376737e-20)
(0.701431055345 0.069647591506 3.07733105909e-20)
(0.716819990686 0.0765971303761 -1.58981118856e-20)
(0.733074034875 0.0833467645724 -2.42189156404e-19)
(0.750209704364 0.0897363379884 -2.07945323531e-19)
(0.768319046979 0.0955533081193 3.51128093712e-21)
(0.787442988774 0.100537156677 -1.73395732745e-19)
(0.80752074761 0.104396693216 1.4905378316e-19)
(0.828382825798 0.106838158012 0)
(0.849735199396 0.107629860231 1.04740953021e-19)
(0.870995732365 0.106680891986 0)
(0.89156072167 0.104079714532 6.3373043509e-20)
(0.910748760903 0.0998343900351 -1.02882124609e-21)
(0.928090693653 0.0941152825003 -3.362789149e-20)
(0.943179576737 0.0872717662983 -1.5546956017e-22)
(0.954988591505 0.0796155353519 6.32636345728e-23)
(0.963298506433 0.0715414829731 9.30292582878e-23)
(0.968432046905 0.0631450608572 0)
(0.971281469192 0.0547982180231 0)
(0.980972455339 0.0464413313396 6.89437573017e-24)
(0.98139287063 0.039319851261 -6.90385443831e-24)
(0.980235160445 0.0327423334797 -1.15181367041e-21)
(0.976933132194 0.0268444050046 8.6287777385e-22)
(0.971129596685 0.0215709726598 0)
(0.963196410972 0.01701268625 0)
(0.953948297797 0.0131501670872 4.60627425778e-21)
(0.943942630972 0.00992383810702 -2.14513493394e-23)
(0.933547283612 0.00727484845163 3.09055070661e-21)
(0.923048742959 0.00513486722919 -8.06565151818e-22)
(0.912732498522 0.0034406649381 6.41090780395e-23)
(0.902762388671 0.00211512379919 0)
(0.89315553988 0.00109059859106 0)
(0.883881448758 0.000305623843907 0)
(0.874884450678 -0.000300754448219 0)
(0.866072569625 -0.000785678780023 0)
(0.85730353139 -0.0012083528074 -6.14000812013e-22)
(0.848454919372 -0.00162776420538 1.34606300767e-21)
(0.839399164578 -0.00211306310307 6.04230339489e-21)
(0.829987183181 -0.00272895433887 -8.27235844839e-22)
(0.820109753945 -0.00352485382915 -6.1697163304e-22)
(0.809838948946 -0.0045248332084 -6.35490346637e-21)
(0.799432472906 -0.00574458781697 -2.00775984406e-21)
(0.78926948143 -0.00718443287298 1.03861931819e-21)
(0.779853142885 -0.0088198526343 4.58756290859e-21)
(0.77182383324 -0.0106086486502 -5.90002711603e-21)
(0.765669075249 -0.0125198042121 2.31878368516e-21)
(0.762262055112 -0.0144712187072 -1.2095987797e-21)
(0.760810095109 -0.016580140714 -1.0468511456e-27)
(0.759618128062 -0.0188079333074 0)
(0.758208926954 -0.0210217312909 0)
(0.756769339743 -0.0232181221282 0)
(0.755390712095 -0.0253870289035 0)
(0.754066775511 -0.027493703412 0)
(0.752845626691 -0.0295263357353 2.85969059695e-21)
(0.751719003854 -0.0314871330837 -2.83198236651e-21)
(0.750664394425 -0.0333762201054 0)
(0.749660448782 -0.0352009837103 0)
(0.748688949995 -0.036958929174 0)
(0.747731154055 -0.0386373814443 0)
(0.746773450791 -0.0402365095786 0)
(0.745806368811 -0.0417560529227 0)
(0.744822283082 -0.0431919688093 3.48891173138e-21)
(0.743813518556 -0.044539362447 3.31054653462e-22)
(0.74277425819 -0.045796295851 3.40886400411e-22)
(0.741686815912 -0.046962173272 -8.56100610222e-21)
(0.740557439162 -0.0480333221847 4.43730181262e-21)
(0.739387843034 -0.0490063818327 0)
(0.73817995445 -0.0498787871846 0)
(0.736934784634 -0.0506490294684 0)
(0.735655018435 -0.0513197227869 0)
(0.734340886302 -0.051891565056 0)
(0.73299379461 -0.0523602319413 0)
(0.731613256951 -0.0527241253409 0)
(0.73020009713 -0.0529846679585 0)
(0.728757292606 -0.0531453014002 0)
(0.727288792941 -0.0532077251735 0)
(0.72579656868 -0.0531710904113 0)
(0.724281032769 -0.0530362239424 5.707534452e-22)
(0.722743339105 -0.0528055845941 -5.69790149377e-22)
(0.721185445114 -0.0524810081506 -6.15935473147e-22)
(0.719608616556 -0.0520635526268 6.15040114926e-22)
(0.718013447492 -0.0515548147993 0)
(0.716400575597 -0.0509565484001 0)
(0.71477046165 -0.0502699877875 0)
(0.713123104323 -0.0494963131831 0)
(0.711458257377 -0.0486367176223 0)
(0.70977545038 -0.0476920984377 0)
(0.708073891278 -0.0466630970861 0)
(0.706352507956 -0.0455500763343 -1.29295424622e-20)
(0.704610015842 -0.044353024621 1.29246818671e-20)
(0.702844944942 -0.0430715589208 0)
(0.701055653649 -0.0417049087154 0)
(0.699240332308 -0.0402518972824 0)
(0.697397029011 -0.0387109332437 0)
(0.695523651904 -0.0370799720403 0)
(0.693618016456 -0.0353564292524 0)
(0.691677847938 -0.033537078659 0)
(0.689700929103 -0.0316179917984 0)
(0.687685193277 -0.0295945215955 3.18414990325e-20)
(0.685628765462 -0.0274612897372 -6.42804191142e-20)
(0.683530017418 -0.0252121686483 3.24478104296e-20)
(0.681387649828 -0.0228402278177 0)
(0.679200810819 -0.0203375925951 3.39878814353e-20)
(0.676969301926 -0.0176952874242 -3.40751495161e-20)
(0.67469377236 -0.0149031766882 -3.50023915631e-20)
(0.67237614284 -0.011949926167 3.51137967008e-20)
(0.670019079546 -0.00882317701469 3.59664810602e-20)
(0.6676294063 -0.00550929395788 -7.2528630235e-20)
(0.66520521657 -0.00199269058534 3.65775094658e-20)
(0.662794882384 0.00175144945519 0)
(0.660278423876 0.00570773785143 3.7347136492e-20)
(0.657943110775 0.00991244340202 -9.41545553695e-20)
(0.657181068078 0.0145090631807 1.12933198406e-19)
(0.658622812423 0.0194856479855 -2.97172114724e-19)
(0.662053360845 0.024809686243 -1.47707023668e-19)
(0.667296481715 0.0304612622106 -1.79544673191e-19)
(0.674249401922 0.036407853733 3.56784872995e-20)
(0.68280345645 0.0426088171908 -2.76155681832e-19)
(0.692827814289 0.0490127625097 0)
(0.704119902845 0.0555533795326 -2.66319337039e-19)
(0.716488180076 0.062161463077 2.84403925162e-19)
(0.729813217863 0.0687578175367 -3.11671315928e-20)
(0.744023297566 0.0752470264272 2.60097723016e-19)
(0.75904770089 0.0815074706013 -1.48407775766e-20)
(0.774893783291 0.0873901339455 1.94024156298e-19)
(0.791632515675 0.0927007626789 1.896750681e-19)
(0.809287406446 0.0972052878651 0)
(0.827789327165 0.100647846805 -1.48853428807e-19)
(0.846974151728 0.102777673951 0)
(0.86657212127 0.103405195382 -1.04011314934e-19)
(0.886070197929 0.102462138287 -8.35672449072e-20)
(0.904959721524 0.10003203326 9.39003205689e-22)
(0.922627566019 0.0961169839754 9.59943942246e-20)
(0.938689675343 0.0908068979363 0)
(0.952710718425 0.0844490513864 -2.77135294729e-20)
(0.963759690628 0.077327804669 9.63642681872e-21)
(0.971626439339 0.069792875768 -3.01817703271e-21)
(0.976594010255 0.0619388974384 1.7835871173e-22)
(0.979470572617 0.0540893221047 4.88717344465e-24)
(0.989338416445 0.0461054572864 0)
(0.989945352105 0.0393252584498 -2.49280823451e-23)
(0.989078805836 0.0330236823492 1.79392144814e-21)
(0.986226827516 0.0273307329958 2.65256461302e-21)
(0.981066707902 0.0222087709619 7.67211829852e-25)
(0.973938516968 0.0177411783993 -3.60812205511e-23)
(0.965574413767 0.0139119315597 -8.07107066128e-21)
(0.95647914534 0.0106678522673 0)
(0.946986297043 0.00795775900516 -5.24640966451e-21)
(0.93735902565 0.00572323363708 -2.19792775571e-21)
(0.927862841229 0.00390976192399 3.8942340362e-23)
(0.918656705671 0.00244892019452 -6.80009222724e-22)
(0.909771690154 0.00128044948088 -1.75164381202e-21)
(0.901200003636 0.000349970725449 -2.30224956465e-21)
(0.892916685104 -0.00039692368258 -3.65622843291e-21)
(0.884869928038 -0.0010114099666 4.30819801971e-21)
(0.876976394997 -0.00154336906714 -6.34330433275e-22)
(0.869192384835 -0.00204014440751 6.41074411505e-21)
(0.861488682356 -0.00255747102718 -6.41645071072e-21)
(0.85381364414 -0.00315153105974 0)
(0.846117506563 -0.00387215665856 -6.01207830331e-22)
(0.838444133718 -0.00475438251554 8.17382000014e-21)
(0.830925273514 -0.00582635207735 -1.03556426728e-21)
(0.823742791221 -0.00710227491663 -2.42817900996e-21)
(0.817156199726 -0.00857418318959 -5.27617614904e-21)
(0.811541521934 -0.0102140797194 5.70672698491e-21)
(0.807201706233 -0.0119965376237 1.24364445758e-21)
(0.804776916351 -0.0138516237889 0)
(0.803713770868 -0.0158693256454 0)
(0.802749483404 -0.0180182133001 0)
(0.801517489452 -0.0201762319355 0)
(0.800162407298 -0.022328991615 0)
(0.798750909993 -0.024472421357 2.32112775914e-21)
(0.797281205547 -0.0265851610082 3.30256026914e-22)
(0.795775909525 -0.0286486840467 -2.61532267239e-21)
(0.794262313464 -0.0306442675831 0)
(0.79275910473 -0.0325624326943 0)
(0.791270148035 -0.0344018179285 -4.21763592036e-21)
(0.789809998139 -0.0361625424499 4.18789779232e-21)
(0.788370737648 -0.0378438089449 -5.17344000797e-21)
(0.786942290546 -0.0394436228082 5.13866233441e-21)
(0.785517357056 -0.0409586322309 0)
(0.784089355544 -0.042384729232 -3.38502501537e-21)
(0.782653515871 -0.0437188558905 3.36372089361e-21)
(0.781207836336 -0.0449652019513 0)
(0.77975085427 -0.0461178618146 4.26463559984e-21)
(0.778278905185 -0.0471683573107 -4.24958333486e-21)
(0.776791105162 -0.048119475986 0)
(0.775287232373 -0.048970353714 0)
(0.773764947492 -0.0497184885369 0)
(0.772225742113 -0.0503642242129 0)
(0.770654425799 -0.0509101852476 0)
(0.769058347205 -0.0513552237451 0)
(0.76743991379 -0.0516983654967 3.45927839123e-21)
(0.76580052565 -0.0519403174187 -3.4554854298e-21)
(0.764143055242 -0.052084707251 0)
(0.762468710276 -0.0521327528421 0)
(0.760778477625 -0.0520824355188 0)
(0.759072043435 -0.0519349268972 -5.42077109795e-22)
(0.757351150136 -0.0516935263115 5.41824773797e-22)
(0.755618416541 -0.0513596718616 5.8568607181e-22)
(0.75387485701 -0.050933600762 -5.85524871495e-22)
(0.752120769383 -0.0504169759992 0)
(0.750357101396 -0.0498115939394 0)
(0.748584562169 -0.0491183126552 0)
(0.746803224603 -0.0483381537149 -5.53620305148e-21)
(0.745013036753 -0.0474722173482 5.5371572537e-21)
(0.743213821458 -0.0465211763696 0)
(0.741405069193 -0.0454854876551 0)
(0.739586016952 -0.0443653652127 0)
(0.737755707504 -0.0431606595391 0)
(0.735912998019 -0.0418708819019 -1.29970318446e-20)
(0.734056581737 -0.0404951599929 2.63127895314e-20)
(0.732184993179 -0.0390322297963 -2.69249434301e-20)
(0.730296641411 -0.0374804405347 1.36235501632e-20)
(0.72838982945 -0.0358376869863 0)
(0.72646276392 -0.0341013567446 1.44918263305e-20)
(0.724513618893 -0.0322682744183 1.50403031363e-20)
(0.722540648023 -0.0303346245268 5.07689294642e-22)
(0.72054225842 -0.0282959137652 -3.01912214042e-20)
(0.718517052561 -0.0261469622474 3.12341750776e-20)
(0.716463893531 -0.0238819004398 -3.13184392972e-20)
(0.714382000433 -0.0214941304424 0)
(0.712271062939 -0.0189762204117 0)
(0.710131407812 -0.0163197857174 0)
(0.707964163291 -0.0135154382584 0)
(0.705771634063 -0.0105527612103 3.43455536928e-20)
(0.703556910523 -0.00742047569068 3.24402942074e-22)
(0.70132674116 -0.00410628080301 -3.49860199342e-20)
(0.699080691726 -0.000596219020029 0)
(0.696861840836 0.00313130781854 0)
(0.694566066304 0.00706180981942 -3.61446829416e-20)
(0.69244919819 0.0112291338001 5.48158455724e-20)
(0.691740068927 0.0157619771871 -7.23312167778e-20)
(0.693007405193 0.0206426607185 1.45259021619e-19)
(0.696079439044 0.025832102893 3.55167051153e-20)
(0.700801591651 0.0313074649731 1.06315790048e-19)
(0.707085843934 0.0370356626108 0)
(0.71484024894 0.0429749515671 2.72865253648e-19)
(0.723949739332 0.0490739134675 -3.26528572041e-20)
(0.734235075544 0.0552684256256 2.8690248391e-19)
(0.745526398987 0.0614921224242 -2.50731524743e-19)
(0.757716282427 0.067669822583 0)
(0.770738697216 0.0737114216396 -2.29850268502e-19)
(0.784527443838 0.0795035099633 -1.99764064163e-19)
(0.799082411026 0.0849086147836 -1.9915667223e-19)
(0.814456099785 0.0897506219722 1.701727996e-19)
(0.830657763309 0.0938208305525 1.63952997003e-19)
(0.847613662157 0.0968958546698 0)
(0.865168492361 0.0987625837976 0)
(0.883078065717 0.0992662705601 1.05636405323e-19)
(0.900895091213 0.0983539999647 8.24941753619e-20)
(0.918186185162 0.0960937861765 -6.56435072771e-20)
(0.934417142218 0.0924916803616 -1.00237427504e-19)
(0.949259960148 0.0875771935905 0)
(0.962251482303 0.0816818576773 4.33840636269e-20)
(0.972568169874 0.0750670805447 -9.82114142935e-21)
(0.980007969337 0.068042456281 3.06957508193e-21)
(0.984814498653 0.0607023564885 6.87505097762e-23)
(0.98771268146 0.0533288374007 9.88937456436e-24)
(0.997715080842 0.0457032330438 -1.98579989867e-24)
(0.9984971489 0.0392586757895 6.83653671557e-23)
(0.997910698715 0.0332319231535 -8.35326056435e-22)
(0.995498369229 0.0277478984236 -7.92870578582e-22)
(0.990973184057 0.0227846817447 0)
(0.984644474146 0.0184193352935 -1.13102100653e-23)
(0.977165229833 0.0146387183599 3.45662932327e-21)
(0.968988771657 0.0113951539507 -4.96717007027e-24)
(0.960414827958 0.00864375984256 1.11897162608e-21)
(0.951682121483 0.00633423903338 -1.90437882228e-23)
(0.943033486033 0.00441936349353 0)
(0.934618592727 0.00283832345976 2.04249077816e-21)
(0.92647553103 0.00153716217838 1.71817296023e-21)
(0.918609618246 0.000467528334034 -6.3896927401e-22)
(0.911013924138 -0.000419115530283 3.40858997394e-21)
(0.903660312939 -0.00116892808293 -4.19147352385e-21)
(0.896498070868 -0.0018255916025 6.08961970306e-21)
(0.889521760834 -0.00242867692962 -6.95523599183e-21)
(0.882752404461 -0.003023157166 6.04906061537e-21)
(0.87619962378 -0.00365492212551 8.37778197977e-22)
(0.869866838319 -0.00436781392962 -6.47399621651e-22)
(0.86380711647 -0.00519867939261 -1.17179351778e-20)
(0.858105922238 -0.00618039938663 6.56449556393e-21)
(0.852853353451 -0.0073346519451 -2.62239579522e-22)
(0.848177291556 -0.00866533509622 2.32689054073e-21)
(0.844285907738 -0.0101581863249 -4.91612035124e-21)
(0.841344857612 -0.0117970526189 5.53770531423e-21)
(0.839792158679 -0.0135330434749 -7.25820442638e-22)
(0.839202902847 -0.0154276275719 1.50843563401e-21)
(0.838617286233 -0.0174514518509 0)
(0.837750741683 -0.0195020360412 0)
(0.836713185036 -0.0215580693232 0)
(0.835554631446 -0.0236159691599 0)
(0.834270908495 -0.0256583420945 -2.73136468625e-21)
(0.832874612243 -0.0276662832984 2.72018700424e-21)
(0.831390319311 -0.0296223920443 0)
(0.829841015912 -0.0315156120345 0)
(0.828241755319 -0.0333432246027 -4.2335299317e-21)
(0.82660329353 -0.0351016280296 4.21251626723e-21)
(0.824933584499 -0.0367817021942 0)
(0.823239821409 -0.0383770688246 0)
(0.82152637755 -0.0398847431633 -6.12304782728e-21)
(0.819795555077 -0.0413022173447 -5.50115953595e-22)
(0.818050230156 -0.0426270733124 6.6072184577e-21)
(0.816293041201 -0.0438584938633 0)
(0.814536370085 -0.0449950400963 -4.13977187525e-21)
(0.812774760185 -0.0460352245786 8.54773525428e-21)
(0.811007535798 -0.0469773027223 -9.12486699132e-21)
(0.809234467736 -0.0478187714223 4.69773475225e-21)
(0.807455311182 -0.0485567935747 0)
(0.805671912425 -0.0491983426988 0)
(0.803886135529 -0.0497409176724 0)
(0.802096416097 -0.0501763157784 -3.12399503275e-21)
(0.800302931255 -0.0505084051584 3.12037558525e-21)
(0.798505130399 -0.0507385933912 0)
(0.796701643275 -0.0508694767793 0)
(0.794883396922 -0.0509041456693 1.8893665416e-21)
(0.793055538776 -0.0508424742236 -1.8897823315e-21)
(0.791219335187 -0.0506861344886 -5.14106113766e-22)
(0.789376332199 -0.0504382032533 5.14372037807e-22)
(0.78752790056 -0.0500991847495 5.55853499518e-22)
(0.785674501974 -0.0496686178406 -5.56250447792e-22)
(0.783816333115 -0.0491487081867 -2.38912630232e-21)
(0.781955047953 -0.0485412028255 2.39120631001e-21)
(0.780091585054 -0.0478462001946 0)
(0.778226004968 -0.0470646864008 0)
(0.776358668418 -0.0461977768795 0)
(0.774489849305 -0.0452458831773 0)
(0.772619413851 -0.0442093311504 0)
(0.770747031712 -0.0430882064021 0)
(0.768872205548 -0.0418822133796 0)
(0.766994253488 -0.0405907638561 -1.2406373305e-20)
(0.765112343497 -0.0392128790817 2.51344448314e-20)
(0.763225492953 -0.0377472123038 2.72296121643e-22)
(0.761332616742 -0.0361920692832 -1.30294479641e-20)
(0.759432561835 -0.0345453053712 -1.35849319098e-20)
(0.75752408429 -0.0328042933448 1.36175798176e-20)
(0.755605947751 -0.0309659164642 -2.8305896219e-20)
(0.753677028859 -0.0290264883656 2.83852516112e-20)
(0.751736372021 -0.0269816819678 0)
(0.749783223507 -0.0248265290986 -2.99560489967e-20)
(0.747817107634 -0.0225554397099 3.00610333425e-20)
(0.745837936365 -0.0201621748331 0)
(0.743846118651 -0.0176397581098 0)
(0.741842691423 -0.0149803846137 0)
(0.739829454866 -0.0121753902103 0)
(0.737809295768 -0.00921524714555 0)
(0.735785909352 -0.00608972438376 3.34906455641e-20)
(0.733766149804 -0.00278780058546 -3.36746518831e-20)
(0.731751128201 0.000702937263109 -3.43403808816e-20)
(0.729778738101 0.00440109265487 3.43724830263e-20)
(0.727760719645 0.00829336137431 -3.32814972193e-26)
(0.725920432641 0.0124100835561 0)
(0.725321269845 0.0168632172781 1.02075162716e-21)
(0.726466649739 0.0216307150307 -6.90379546831e-20)
(0.729223805395 0.02666897761 0)
(0.733461672699 0.0319527497269 6.74866319139e-20)
(0.739107635752 0.0374489698655 6.52314226981e-20)
(0.746086880436 0.0431159675152 9.72373939464e-20)
(0.754301745873 0.0489034630714 6.47094289587e-22)
(0.763597901612 0.0547505583007 -2.5020764146e-19)
(0.773828462626 0.060594527466 9.18934885417e-22)
(0.78489929647 0.0663648013618 -1.99805453798e-19)
(0.796751192618 0.0719771734052 0)
(0.809323547116 0.0773268421891 2.36148312331e-19)
(0.822610453334 0.0822879469314 1.83395648778e-19)
(0.836648615439 0.0867019557535 -1.92245279672e-19)
(0.851436007299 0.0903840106724 -2.48533504646e-21)
(0.866897369197 0.0931400082046 1.37766093214e-19)
(0.882888633548 0.0947891725972 4.06643072365e-21)
(0.899190840385 0.0952051044311 1.51332327717e-21)
(0.915418296373 0.0943449331776 -2.6515661117e-21)
(0.931200912388 0.0922547854764 1.14267987305e-21)
(0.946079886628 0.0889455980619 5.19350871415e-20)
(0.959755107587 0.0844154383866 -1.81281873532e-22)
(0.971760516553 0.0789633960401 9.74138919617e-22)
(0.981375491472 0.0728287954697 0)
(0.988406442266 0.0662875362285 -5.12827037735e-23)
(0.993058668821 0.0594344030623 1.28788630758e-22)
(0.995975019211 0.0525162857118 0)
(1.0060694826 0.045233578839 0)
(1.00701662243 0.0391183660625 -1.36950468668e-22)
(1.00669961898 0.0333646459828 -1.73244085774e-23)
(1.0047157836 0.02809255998 7.98087141351e-22)
(1.00081465281 0.0232941669041 -2.52575657956e-22)
(0.995275870777 0.0190410677291 5.67002021764e-24)
(0.98867689845 0.015322775325 -5.75672079829e-24)
(0.981421366179 0.0120965174819 -3.42091789249e-22)
(0.973776137384 0.00932265740332 1.19468833848e-21)
(0.965955151098 0.00695756927935 -1.96388107938e-23)
(0.958177006032 0.004960089899 2.00269651285e-23)
(0.950579358773 0.00327612491882 -1.45339668839e-21)
(0.943203013052 0.00185718501247 0)
(0.936060544904 0.000660050520963 3.38384500965e-21)
(0.929155331682 -0.000358620715601 -2.4365221734e-22)
(0.922473471764 -0.00124042200603 5.29225051439e-21)
(0.915983482943 -0.00202425605511 -5.26987540925e-21)
(0.909697596192 -0.00274443293602 7.94671758883e-22)
(0.903657709138 -0.00343860330856 -8.08883372191e-22)
(0.89790321829 -0.00414421901031 9.17517919318e-22)
(0.892470920351 -0.00489742159546 8.45566936304e-21)
(0.887429714444 -0.0057314429112 1.6055728363e-21)
(0.882853614024 -0.00667834163733 -8.69987118335e-21)
(0.87879567159 -0.00776213623284 0)
(0.875320320499 -0.00899354881461 -5.19522924447e-21)
(0.872541350885 -0.0103688379035 0)
(0.870539182647 -0.0118804047937 -1.14533058082e-21)
(0.869606179521 -0.0134985568728 -3.09829154428e-21)
(0.869386247948 -0.0152626187668 6.54778063963e-21)
(0.869126214027 -0.0171446335769 -1.5428473313e-21)
(0.868600135185 -0.019063479106 -1.82841238007e-21)
(0.867889864391 -0.0209962993607 0)
(0.86703252339 -0.0229377304058 0)
(0.86602258432 -0.0248725563083 0)
(0.86486654722 -0.026783827122 -3.11104063377e-21)
(0.863581644085 -0.0286569879603 -3.49425051152e-22)
(0.862185487238 -0.0304810051814 3.44716736166e-21)
(0.860692542387 -0.0322492808558 0)
(0.859114181295 -0.0339554675704 0)
(0.857461003377 -0.035591012299 0)
(0.855744089794 -0.0371491000832 0)
(0.853973234396 -0.038625294831 -6.01096655792e-21)
(0.852156476691 -0.040016242158 5.99142910638e-21)
(0.850300809187 -0.0413198975841 0)
(0.848410943319 -0.042536902994 3.76606549082e-21)
(0.846491848145 -0.0436645224889 -3.75313575722e-21)
(0.844548500207 -0.0446967685064 0)
(0.842586670573 -0.0456308619767 -4.5801625651e-21)
(0.840610723252 -0.046465457282 9.42414426843e-21)
(0.838625854112 -0.0471993751331 2.98692364445e-22)
(0.836634485517 -0.0478333901184 -5.12429255922e-21)
(0.834651920864 -0.0483673566846 0)
(0.832674935806 -0.0488011569755 0)
(0.830704536969 -0.0491340264889 -3.14833214546e-21)
(0.828742073142 -0.04936647047 -1.54340294849e-22)
(0.826789176699 -0.0495043841516 3.28848967876e-21)
(0.824846218578 -0.0495448844066 0)
(0.822910758921 -0.0494830118654 0)
(0.820982477232 -0.0493235752883 0)
(0.819056679556 -0.049071043875 0)
(0.817129081262 -0.0487279119674 0)
(0.815202464158 -0.048295136729 0)
(0.813277833097 -0.0477754042564 0)
(0.811355822505 -0.047169614083 0)
(0.809437174595 -0.046476895241 4.85155030092e-21)
(0.807521858394 -0.0456985403148 1.46585774129e-22)
(0.805610873948 -0.0448356016355 -5.01597276818e-21)
(0.803704888681 -0.0438879988088 1.06267478394e-20)
(0.801804068772 -0.0428560212412 -1.06480576539e-20)
(0.799908582909 -0.0417396589277 -1.12287533624e-20)
(0.798018449086 -0.0405384848562 1.1253415609e-20)
(0.79613350566 -0.0392518504956 1.18185057475e-20)
(0.794253467625 -0.0378786635357 -1.18472391011e-20)
(0.792377904679 -0.0364175046413 0)
(0.790506324906 -0.0348666607986 0)
(0.788638211728 -0.033223950605 0)
(0.786772989044 -0.0314867494211 0)
(0.784910117127 -0.0296520397675 2.70198528496e-20)
(0.7830492129 -0.0277162866001 -2.7112509216e-20)
(0.781190076896 -0.0256753366119 2.8093395854e-20)
(0.779332714085 -0.0235244472748 -2.82021432015e-20)
(0.777477431349 -0.0212583364685 2.91373817346e-20)
(0.775624968162 -0.0188711583491 -2.92644387638e-20)
(0.773776598227 -0.0163564122821 3.01475499862e-20)
(0.771934224455 -0.013706870281 -3.0295179843e-20)
(0.770100488436 -0.0109145757077 0)
(0.768279050007 -0.00797086530235 0)
(0.766474406418 -0.0048665218091 0)
(0.764693777649 -0.00159173805528 0)
(0.762939903434 0.00186446460275 -3.27943856441e-20)
(0.761246250345 0.00551798140842 -3.31705409207e-20)
(0.759539947263 0.00935707511102 6.61364428872e-20)
(0.758013001017 0.0134077737309 6.71682412815e-20)
(0.757567842703 0.0177641925199 6.0727772522e-22)
(0.758640856428 0.022401590637 1.33352469278e-19)
(0.761132183668 0.0272737682014 0)
(0.76493379055 0.0323533608427 0)
(0.769987963947 0.0376079117932 -1.29430385761e-19)
(0.776236502999 0.0429967540891 -2.51738000666e-19)
(0.783599692643 0.0484716223893 0)
(0.791948491935 0.053975571952 2.66878597924e-19)
(0.801159251094 0.0594500651723 2.00509663701e-19)
(0.811151729697 0.0648295122053 1.98492499412e-19)
(0.821874242836 0.0700359269133 -1.84344450796e-19)
(0.833272552478 0.0749732209902 -2.24897607705e-19)
(0.845336573642 0.0795269224198 2.11727345272e-19)
(0.85808989771 0.0835551932072 1.72866234907e-19)
(0.87152193967 0.0868951759412 -1.49668932398e-19)
(0.885558389558 0.0893787114916 -1.50269128933e-19)
(0.900067928552 0.0908523695691 0)
(0.914855047674 0.0912123712214 0)
(0.92959274143 0.0904214337987 0)
(0.943964670204 0.0885013845989 0)
(0.957567897319 0.0854728293724 5.54107729275e-20)
(0.97012882754 0.0813140383854 -4.96947097088e-22)
(0.981195468626 0.0762866121167 -3.42776212751e-20)
(0.990142028253 0.0706078279943 6.03131752451e-23)
(0.99678403296 0.0645248786468 -2.20390703367e-21)
(1.00129018059 0.0581334046318 -4.7496368805e-22)
(1.00422292395 0.0516506482603 0)
(1.01436712791 0.0446950231208 2.26307813312e-23)
(1.01547045741 0.0389023128671 2.59319329658e-22)
(1.01541257669 0.0334192187967 1.83276388166e-22)
(1.01384518526 0.0283611948984 5.66230495304e-22)
(1.01055460813 0.0237325521509 2.64599135353e-22)
(1.00579183574 0.0196001856987 4.57837004277e-22)
(1.00006258518 0.0159562068189 -8.94807106507e-25)
(0.993722911526 0.0127624080559 3.46721561571e-22)
(0.987008276924 0.00998363903878 -1.59161611059e-21)
(0.980108180096 0.00758180083556 -1.91274008339e-21)
(0.973216368632 0.00552075357406 -2.04785714144e-22)
(0.966456888374 0.0037523308217 3.49041927424e-22)
(0.959870518948 0.0022328456978 -1.98740125623e-22)
(0.953473504725 0.000923478666438 0)
(0.947274794728 -0.000214572588792 -5.33191640026e-21)
(0.941269037339 -0.001218756126 -1.50039406064e-21)
(0.935436685139 -0.00212389361731 -1.52624266756e-21)
(0.929797564484 -0.00296019564885 -2.71657251393e-21)
(0.924399583267 -0.00376020626518 -9.16853964344e-22)
(0.919292233307 -0.00455549015131 -1.13581612196e-21)
(0.914526540315 -0.00537569564491 -5.82406765718e-21)
(0.910179923818 -0.00624865786686 4.07654321667e-21)
(0.906325498957 -0.00720251531649 6.62782424206e-21)
(0.903005190654 -0.0082598983319 -4.81851376108e-21)
(0.900257153983 -0.00943391922327 1.54019032884e-20)
(0.898146797985 -0.0107273757571 -2.68218406977e-21)
(0.89670838397 -0.0121388403723 1.72361907538e-22)
(0.896138886894 -0.0136519969712 -7.63236210982e-22)
(0.896126093594 -0.0152924853579 -3.53528089111e-21)
(0.896061374625 -0.0170354447894 -2.89858509459e-22)
(0.895761042926 -0.0188187953115 3.83766734677e-21)
(0.895284985531 -0.0206213734557 4.6585855631e-21)
(0.894659718725 -0.0224360533341 -4.66211665222e-21)
(0.893879028837 -0.0242492339086 -2.84540276993e-21)
(0.892945727357 -0.0260459967006 5.99013723845e-21)
(0.891871128502 -0.0278137210811 -3.14388521809e-21)
(0.890667142357 -0.0295421154803 0)
(0.889344413347 -0.031223309136 0)
(0.887912447584 -0.0328501364477 4.58469699755e-21)
(0.88638069807 -0.0344148438197 -9.57950097219e-21)
(0.884759368368 -0.0359105913639 1.04274618203e-20)
(0.883058551096 -0.0373321106279 -5.42621175597e-21)
(0.881287487528 -0.0386753096923 0)
(0.879454601697 -0.0399372229103 6.83616119328e-21)
(0.877566670966 -0.0411163907555 -6.82369113389e-21)
(0.875629299694 -0.0422099058751 0)
(0.873648783617 -0.0432133474435 0)
(0.87163242314 -0.0441239337668 0)
(0.869586964936 -0.0449401167871 0)
(0.867518998564 -0.0456611337833 -4.97972143373e-21)
(0.865432952186 -0.046289426048 4.96885780858e-21)
(0.863333618655 -0.0468246355959 -5.52687891544e-21)
(0.861225955831 -0.0472622576681 5.51470027296e-21)
(0.859116565085 -0.0476004534023 0)
(0.857011330533 -0.0478395408676 -3.1780273961e-21)
(0.854915478257 -0.0479811202634 6.48761588317e-21)
(0.852839415067 -0.0480255486731 -5.03851825851e-21)
(0.850780885376 -0.0479728368882 -7.23599859991e-23)
(0.848741474631 -0.0478264022551 8.61360501012e-22)
(0.846722452744 -0.0475898654789 9.33090891315e-22)
(0.844722040759 -0.047259171785 1.0055023162e-21)
(0.84273747238 -0.0468328428048 1.0778245017e-21)
(0.840766463007 -0.046316432569 7.07469788644e-23)
(0.838802060399 -0.045713759506 -6.62765994886e-21)
(0.83684714822 -0.0450257351388 9.0883226875e-21)
(0.834902207313 -0.0442543005287 -4.62403684304e-21)
(0.832967533017 -0.0433996894467 0)
(0.831043761434 -0.042461132871 1.01082108457e-20)
(0.829131210394 -0.0414390148647 -1.01339674988e-20)
(0.827230542613 -0.0403330225313 0)
(0.825342178989 -0.0391425684654 -1.09683814059e-20)
(0.823466475424 -0.0378670456414 1.09994907552e-20)
(0.821603711861 -0.0365052442225 0)
(0.819754001894 -0.0350557242839 -2.36058980381e-20)
(0.817917466812 -0.0335168047906 2.36817200093e-20)
(0.816094248753 -0.0318862703344 -2.46877460825e-20)
(0.814284434913 -0.0301615242484 2.47747609545e-20)
(0.812488205818 -0.0283396930603 0)
(0.810705969941 -0.0264174146213 2.62610839471e-20)
(0.808938328913 -0.0243907138748 4.02991441043e-22)
(0.80718607805 -0.0222550917647 -5.41612078519e-20)
(0.805450344014 -0.0200056139961 2.73980007832e-20)
(0.803732746449 -0.017636873937 -2.82549104246e-20)
(0.802035484283 -0.0151428744564 2.83966792138e-20)
(0.800361388102 -0.0125169696088 -2.91962294804e-20)
(0.798714009725 -0.00975190669636 5.9007056068e-20)
(0.797097875682 -0.00683987971444 -2.9821226485e-20)
(0.795518398141 -0.00377267146683 0)
(0.793983364765 -0.000541652928259 0)
(0.792497246531 0.00286280178365 6.23661221952e-20)
(0.79108982843 0.00645412166637 -6.25025953841e-20)
(0.789702903268 0.010222419982 -6.310365348e-20)
(0.788499355853 0.0141892357687 7.94796468549e-20)
(0.788231526379 0.0184309666891 0)
(0.789269985808 0.0229211981495 -6.41176828689e-20)
(0.791541066344 0.027613063616 -1.24793170226e-19)
(0.794957986277 0.0324779613649 -6.1882899094e-20)
(0.799476336765 0.0374843887095 6.16945742469e-20)
(0.805052647566 0.0425933265068 1.2175340794e-19)
(0.811624220065 0.0477590926237 0)
(0.819086281147 0.0529290339671 -2.04172912984e-19)
(0.827337584464 0.0580490350538 -2.81413434959e-19)
(0.836311669969 0.0630585948557 -5.28490224132e-20)
(0.845964689186 0.0678860041146 7.98790169467e-20)
(0.856249264946 0.0724437236263 1.97383913997e-19)
(0.867152670098 0.0766282148007 -1.84935710338e-19)
(0.878688005441 0.0803132126974 -1.70840065594e-19)
(0.890838533774 0.0833558327686 0)
(0.903532860718 0.0856105605826 8.19425885561e-21)
(0.916653042075 0.0869468466481 -7.90339273134e-21)
(0.930024471823 0.0872781878566 -1.02841274983e-19)
(0.943378778941 0.0865693265174 0)
(0.956438734655 0.0848212468566 -2.53485999741e-22)
(0.968837326784 0.082064090141 -8.4574802679e-20)
(0.98033782021 0.0782650688325 0)
(0.990514785582 0.0736443766919 1.79756549945e-20)
(0.998828123871 0.0683987597815 -1.9804665078e-22)
(1.00510248218 0.0627507886869 -1.00307163218e-22)
(1.009471859 0.056797187369 0)
(1.01242049661 0.050730403042 0)
(1.02257270578 0.0440857316036 0)
(1.02382432511 0.0386082290367 -1.79087716485e-22)
(1.02401543727 0.0333927832038 -7.28653519181e-22)
(1.0228513973 0.028550089446 -1.65206667888e-21)
(1.02015507273 0.0240950146165 -1.58700080056e-23)
(1.01614980782 0.020090399731 -4.48550195486e-22)
(1.01127344491 0.0165310151424 0)
(1.00583681086 0.0133830756217 1.28286587045e-21)
(1.00004574906 0.0106154139846 2.93832059191e-21)
(0.994066225194 0.00819459150939 1.9022185034e-21)
(0.988067333381 0.00608863348494 1.89305033379e-21)
(0.982158779943 0.00425460174981 -2.57012612363e-22)
(0.976379597452 0.00265305690588 -3.67090360358e-23)
(0.97074748767 0.0012489789212 3.75262319493e-21)
(0.965274069381 7.51292771323e-06 4.59562474022e-21)
(0.959959030947 -0.00110508901533 -2.92773323467e-21)
(0.954790445828 -0.00212008299293 3.60152629566e-21)
(0.949790494424 -0.00306417756478 3.43995831568e-21)
(0.945006060688 -0.00396585949428 4.08345015236e-21)
(0.940486761142 -0.00485243369952 1.7980826739e-21)
(0.936285510857 -0.005748800558 2.11042104191e-21)
(0.932478661897 -0.00667791494101 2.46917074037e-21)
(0.929136936045 -0.00766321062436 7.4109112774e-21)
(0.926299699446 -0.00872409673766 0)
(0.92399625978 -0.00987312568592 -7.96183975016e-21)
(0.922269386205 -0.011115807914 0)
(0.921132076968 -0.0124541901629 -1.47054706607e-21)
(0.920722364619 -0.0138800865188 0)
(0.920766016907 -0.0154121833127 1.79704810331e-27)
(0.920762581167 -0.0170299036041 0)
(0.920560191912 -0.0186862148055 0)
(0.920202191815 -0.0203631681741 0)
(0.91970635954 -0.0220531061343 0)
(0.919065592601 -0.0237439449353 0)
(0.918280070006 -0.0254226369958 0)
(0.917356733833 -0.0270780559491 0)
(0.916303083024 -0.0287007486822 0)
(0.915126265093 -0.0302826992679 0)
(0.913833395599 -0.0318166533885 0)
(0.912431940643 -0.0332954669717 -4.92863908787e-21)
(0.910930049881 -0.0347126616276 -4.10179106806e-22)
(0.909336179449 -0.0360628658756 5.33736385943e-21)
(0.907658564874 -0.0373416862167 0)
(0.905905092772 -0.0385455896196 0)
(0.904082791348 -0.0396719542077 0)
(0.902197843979 -0.0407178319888 -7.61626882474e-21)
(0.900256693741 -0.0416797044119 3.55571051635e-21)
(0.898266474368 -0.0425548009026 -2.54468441132e-22)
(0.896234248625 -0.0433412769467 4.30087634798e-21)
(0.894166808291 -0.0440380406741 4.81772112201e-21)
(0.892069779579 -0.0446456327258 2.65888209506e-22)
(0.889947700833 -0.0451633789246 -5.07239409174e-21)
(0.887805798312 -0.0455887184113 0)
(0.885650653698 -0.0459204883791 0)
(0.883488609912 -0.0461594874674 0)
(0.881324086582 -0.0463082225648 0)
(0.879161708018 -0.0463660714159 1.66663489276e-21)
(0.877007258984 -0.0463298187963 -1.66442903778e-21)
(0.874866674971 -0.0461992822337 0)
(0.872747854763 -0.0459756285709 0)
(0.870656325723 -0.0456591102358 0)
(0.868591157901 -0.0452517025438 0)
(0.866553895997 -0.044758680012 -2.06030355239e-21)
(0.864543375854 -0.0441771634151 2.06321068211e-21)
(0.86255642342 -0.0435034956301 0)
(0.860590175096 -0.0427429947784 0)
(0.858639042151 -0.0418990266907 0)
(0.85670552587 -0.0409727981893 0)
(0.85478981988 -0.0399651463564 0)
(0.85289243454 -0.0388748164819 0)
(0.851013843917 -0.0377009510259 0)
(0.849154851449 -0.0364429032809 0)
(0.847316195431 -0.0350991193829 0)
(0.845498400966 -0.0336682572989 0)
(0.843702217257 -0.0321487898343 2.29837971847e-20)
(0.841928432616 -0.0305384579973 -2.30694662365e-20)
(0.840177718395 -0.0288347351771 -2.40011282674e-20)
(0.83845092812 -0.0270349659592 2.40981129723e-20)
(0.836749248219 -0.0251359822001 0)
(0.835074046544 -0.0231339803209 0)
(0.833426849143 -0.0210247216665 0)
(0.831809550705 -0.0188036686924 -2.64188887091e-20)
(0.830224619881 -0.0164659098757 2.65520116417e-20)
(0.828675152661 -0.01400597978 2.73242593053e-20)
(0.827164864658 -0.011417818115 -2.74746871134e-20)
(0.825698167941 -0.00869488093519 2.81824614239e-20)
(0.824280423621 -0.0058302305275 -2.8351167446e-20)
(0.822917939123 -0.0028166635612 5.79580981629e-20)
(0.821619128342 0.00035326141368 -5.83075276113e-20)
(0.820390190078 0.00368784012573 0)
(0.819257856859 0.00719821140254 0)
(0.81817737321 0.0108761112201 5.97916311485e-20)
(0.81728598767 0.0147390499577 -7.55278353603e-20)
(0.817198904723 0.0188471871954 6.06196212758e-20)
(0.818224626787 0.023173333289 5.95478096033e-20)
(0.820310644601 0.0276715997842 6.11250956635e-20)
(0.823389289182 0.0323129431149 -5.94917662403e-20)
(0.82742751174 0.0370671341584 5.80283922587e-20)
(0.832394059253 0.0418973023685 -9.91964091242e-22)
(0.838241315559 0.0467607436101 -1.20494145469e-21)
(0.844886611496 0.0516091574352 -5.57523835955e-20)
(0.852249293663 0.0563928143546 1.06020644807e-19)
(0.860275907082 0.0610561630322 1.0454164676e-19)
(0.868930365053 0.0655335721816 7.59824576195e-20)
(0.878172345123 0.0697456489547 1.17028098829e-21)
(0.887987850583 0.0735991398294 2.27594407309e-20)
(0.898381921209 0.0769820810639 0)
(0.909333702582 0.0797694614422 7.4609990729e-20)
(0.92077629818 0.0818352986387 0)
(0.932604722238 0.083067998244 0)
(0.944663555714 0.0833929126773 1.05535013842e-19)
(0.956745308824 0.0827748463462 -1.60532123883e-21)
(0.968584948523 0.0812033014514 -9.33909117017e-22)
(0.979844362532 0.0787134052782 5.88278643044e-20)
(0.990339971997 0.0752620645656 -2.08125111769e-22)
(0.999678218599 0.0710299789288 0)
(1.0073950082 0.0661961006999 0)
(1.01332391379 0.0609612449608 -1.26229089034e-22)
(1.01756644924 0.0554231283275 -7.61804690258e-22)
(1.02053133851 0.0497535873933 0)
(1.03065089032 0.0434035608871 4.19559010231e-23)
(1.03204365089 0.0382335883326 -4.1948559674e-23)
(1.03247366297 0.0332822730305 6.89954590751e-22)
(1.03169869928 0.0286553495304 2.74839330826e-21)
(1.02957739969 0.0243765865071 -3.06058233769e-23)
(1.02630644981 0.0205053284596 3.08001681872e-23)
(1.02225973868 0.0170391380219 -2.11201778063e-21)
(1.01770533407 0.0139486493204 -1.35088430241e-21)
(1.01282140464 0.0112063792422 -1.48764779965e-21)
(1.0077516799 0.00878292205107 -2.1904000756e-21)
(1.00264145675 0.00664979583544 6.25714303302e-22)
(0.997586076127 0.00476868088205 0)
(0.992621829314 0.00310391119014 0)
(0.987766558083 0.00162376607565 -6.04166654178e-21)
(0.983032803037 0.000296822174754 0)
(0.978423122968 -0.000907396627397 -3.77256922095e-21)
(0.97393052494 -0.0020170366735 -7.54614570443e-21)
(0.969576564605 -0.00305577173281 4.22600836297e-21)
(0.965403620094 -0.00404856480565 -3.9914459969e-21)
(0.961456718058 -0.00501923540374 0)
(0.957784348435 -0.00598908667208 -7.2541332725e-21)
(0.954455284309 -0.0069771565178 2.45016139883e-22)
(0.9515333332 -0.00800278450067 -4.75640408108e-21)
(0.949055320901 -0.00908209874113 -2.56469962329e-21)
(0.947047495529 -0.0102259187641 5.51093972148e-21)
(0.945542782039 -0.011440083698 0)
(0.944546682195 -0.0127277360811 -3.38879388234e-21)
(0.944161195101 -0.0140841699269 -2.27111157703e-22)
(0.944150674836 -0.0155254197536 3.63612995802e-21)
(0.944103214609 -0.0170361136559 -4.17540463769e-21)
(0.943892871327 -0.018580101169 -3.56450556819e-22)
(0.943550614741 -0.0201427920969 9.50165911124e-21)
(0.943087528393 -0.0217170054164 -4.96010027826e-21)
(0.942495780908 -0.0232922318692 0)
(0.941773639077 -0.0248571995924 0)
(0.94092491225 -0.0264021188663 -3.50662651505e-21)
(0.939954023283 -0.0279184441451 3.51102294294e-21)
(0.938865463197 -0.0293985715758 -4.14941689132e-21)
(0.937664201661 -0.0308355591029 8.65348234271e-21)
(0.936355782327 -0.0322228362742 -9.37289635242e-21)
(0.934946368784 -0.0335544123594 4.87244826713e-21)
(0.933442548078 -0.0348251143305 5.6579168758e-21)
(0.931851013231 -0.0360305497351 -5.66038793398e-21)
(0.930178391604 -0.0371669922805 6.50677493638e-21)
(0.928431005631 -0.0382313172993 -6.50819868122e-21)
(0.92661482328 -0.0392204893085 0)
(0.924735938269 -0.0401313881876 7.87284345336e-21)
(0.922800834625 -0.0409613715952 -3.69825534833e-21)
(0.920816048858 -0.0417084907425 -4.17360050253e-21)
(0.918787939785 -0.0423713951798 0)
(0.916722262354 -0.0429495681157 0)
(0.914623999992 -0.0434422226983 0)
(0.912498332126 -0.0438478310466 -5.41128052046e-21)
(0.910351178691 -0.0441654173574 8.24126592596e-21)
(0.908188471016 -0.0443950923077 -2.83096802801e-21)
(0.906014992915 -0.0445378808914 0)
(0.903834889041 -0.0445934762867 1.60666539524e-21)
(0.901653344942 -0.0445606151807 -1.60577431006e-21)
(0.899475974637 -0.0444403334331 0)
(0.897307496358 -0.0442343182754 0)
(0.895152928861 -0.0439410824527 0)
(0.893018054639 -0.0435585370347 0)
(0.890909182149 -0.0430870496232 -1.98018237947e-21)
(0.888834422287 -0.0425265233671 1.9799093131e-21)
(0.886792575266 -0.0418790863123 0)
(0.884785102827 -0.0411489257723 -4.32758768509e-21)
(0.882810498272 -0.0403327297002 1.3246476671e-20)
(0.880866799445 -0.0394277665039 -8.93152814526e-21)
(0.878948481233 -0.0384388486835 0)
(0.87705485747 -0.0373677765888 0)
(0.875187434927 -0.0362153602508 0)
(0.873346673116 -0.0349807841414 -1.01890954747e-20)
(0.871533445361 -0.0336616062 -1.06539962018e-20)
(0.869748409866 -0.0322565833062 2.09571014156e-20)
(0.867992947784 -0.030764257727 0)
(0.866268374366 -0.0291821533713 2.23507659936e-20)
(0.864575737188 -0.0275079248592 -4.52721579892e-20)
(0.862916506686 -0.025739309503 2.29268816573e-20)
(0.861292637218 -0.0238733486491 0)
(0.859706161489 -0.0219063742657 0)
(0.858159186107 -0.0198344261935 0)
(0.856654244588 -0.0176534251951 0)
(0.855194564743 -0.0153590196964 2.55349125098e-20)
(0.853784055304 -0.0129462966516 -5.16257896874e-20)
(0.852427200009 -0.0104097748493 -2.66148897329e-20)
(0.851129125791 -0.00774362322149 -4.71844220442e-22)
(0.849895887392 -0.00494179007499 5.38193142338e-20)
(0.84873454155 -0.00199811770257 0)
(0.847654074666 0.00109362058819 5.55536888825e-20)
(0.84666215147 0.00434034886444 -5.5716205023e-20)
(0.845782837959 0.00775105602278 5.62862029095e-20)
(0.844983529681 0.0113192923374 -5.64456827777e-20)
(0.844378108953 0.0150582387389 6.4090127904e-20)
(0.844461189509 0.019013531292 -5.74307944681e-20)
(0.845483855532 0.0231590797994 -5.77092154227e-20)
(0.847410107238 0.0274514829265 5.73152204789e-20)
(0.850188654244 0.0318619808852 -5.58947166951e-20)
(0.853796065435 0.0363617334689 7.7283318513e-22)
(0.858211210386 0.040916289679 5.52187359318e-20)
(0.863399628597 0.0454861363364 0)
(0.869298136057 0.0500272665076 0)
(0.875844393201 0.0544941686113 -2.12844389148e-21)
(0.882996879979 0.0588359367478 -2.4330392559e-20)
(0.890726939108 0.0629926395536 1.18739751837e-19)
(0.899001218537 0.0668924650384 9.0009488119e-20)
(0.907805541234 0.0704516745526 0)
(0.917138980116 0.0735712425293 -7.91247793167e-20)
(0.926978246427 0.0761419453426 -8.2448122813e-20)
(0.937262156875 0.0780544911103 8.59314694388e-21)
(0.947897216435 0.0792126219635 6.19029039894e-20)
(0.958748577061 0.0795483466387 -3.35294141944e-21)
(0.969665849173 0.0790286967223 0)
(0.980355902881 0.0776451300518 3.63555234412e-20)
(0.99054571088 0.0754163417603 5.77730619394e-22)
(1.00009552687 0.0722987339447 2.62012409835e-20)
(1.00864778288 0.06843703345 2.17117658577e-20)
(1.01580564298 0.0639944576122 -5.96307897601e-22)
(1.02141164504 0.0591520681914 3.20397911534e-21)
(1.02553742882 0.0540082819597 6.06562502671e-22)
(1.02851936792 0.0487178863495 0)
(1.03856722562 0.042646135272 0)
(1.04009447784 0.0377756812637 8.27035055783e-23)
(1.04075316376 0.0330844586481 -1.38703817503e-21)
(1.04035169787 0.0286729370148 5.2319512983e-22)
(1.03878320994 0.0245721835458 0)
(1.03621870653 0.0208385235869 0)
(1.03297208835 0.0174724900322 2.13923102572e-21)
(1.02927118754 0.0144492265769 0)
(1.02526847758 0.0117447866013 2.78186992818e-21)
(1.02108696356 0.00933336221854 -5.54454223721e-22)
(1.01684947575 0.00718946509607 -6.10425296032e-21)
(1.01263750304 0.00527888010724 -2.51003123158e-23)
(1.00848413594 0.00356931600706 3.9925684716e-22)
(1.00440663331 0.00203194651436 3.26000171073e-21)
(1.00041744683 0.000638362487844 0)
(0.996520633838 -0.000639012547509 3.73327462998e-21)
(0.992712399773 -0.00182559268704 5.02016473033e-21)
(0.989011873922 -0.00294245277334 -7.47806498012e-21)
(0.985455055421 -0.00401146642602 2.25031765575e-21)
(0.982080093529 -0.00505344820485 0)
(0.978928263164 -0.00608682688798 2.04259588742e-21)
(0.976057514948 -0.00712780966603 2.94449967478e-21)
(0.973522353966 -0.00819245429946 5.69225075764e-21)
(0.971355098199 -0.00929386714957 -5.56534119759e-21)
(0.969578924948 -0.0104408120481 -3.20155568953e-21)
(0.968220958224 -0.0116384166322 0)
(0.967284945124 -0.0128898377724 0)
(0.966849024824 -0.0141914235977 4.85274072432e-22)
(0.966717145807 -0.0155583003263 4.05794334801e-21)
(0.966556245319 -0.0169797849274 2.92041970664e-22)
(0.96626358906 -0.018427315072 -4.36754590978e-21)
(0.965861091842 -0.0198892190647 0)
(0.965355195438 -0.0213594012709 0)
(0.964737914372 -0.0228290022633 6.00976652751e-21)
(0.964006331197 -0.0242884528794 5.01401066095e-22)
(0.963162101882 -0.0257292573917 5.40368401235e-22)
(0.962207576005 -0.027143817231 -7.08152761464e-21)
(0.961145404795 -0.0285251739978 0)
(0.959978917866 -0.029866911084 0)
(0.958712108261 -0.0311630467217 0)
(0.957349551968 -0.032408108287 0)
(0.955896276666 -0.0335972469255 0)
(0.95435756792 -0.0347262284915 5.95627480913e-21)
(0.952738822587 -0.0357913547303 4.0157423952e-22)
(0.951045418769 -0.0367893867705 -6.36717778548e-21)
(0.949282680321 -0.0377173163434 0)
(0.947456063966 -0.038572273958 0)
(0.945571276181 -0.0393517705375 0)
(0.943634112585 -0.0400538366027 4.27845421617e-21)
(0.941650288365 -0.0406769730103 2.3031596821e-22)
(0.939625224192 -0.0412201786065 -4.51188300839e-21)
(0.93756394004 -0.0416825063641 0)
(0.935471472139 -0.0420627932649 0)
(0.93335318076 -0.0423601680211 0)
(0.931214448583 -0.0425743838436 2.85207668846e-21)
(0.929060102373 -0.042705712846 -2.85239333722e-21)
(0.926894475734 -0.042754048396 0)
(0.924722153616 -0.0427189214583 -1.6075904281e-21)
(0.922548041663 -0.0426007281117 1.60768009335e-21)
(0.920376463329 -0.0424002042389 0)
(0.918211637642 -0.0421169115603 0)
(0.9160585138 -0.0417506667672 1.84646828785e-21)
(0.913921683781 -0.041302860596 -1.84641806332e-21)
(0.911806175289 -0.0407725378178 0)
(0.909717258018 -0.0401571792251 -4.03961138004e-21)
(0.907661448384 -0.0394562174352 4.03999416615e-21)
(0.90564559161 -0.0386689614593 0)
(0.903669624542 -0.0377994400614 8.75555438151e-21)
(0.901734513037 -0.036848405565 -8.77152128543e-21)
(0.899838506053 -0.0358107690013 9.22339853299e-21)
(0.897979966194 -0.0346873046322 2.08667848488e-22)
(0.896154217929 -0.0334810263515 -9.49295345288e-21)
(0.894363875115 -0.0321918207524 0)
(0.892609913256 -0.0308194574365 0)
(0.89089358281 -0.0293619914083 -2.07942892971e-20)
(0.889216288444 -0.0278161907889 2.08813648781e-20)
(0.887579111605 -0.0261799946812 0)
(0.885984184845 -0.0244517522872 0)
(0.884434242525 -0.0226285933902 0)
(0.88293172706 -0.0207068386529 0)
(0.881479047785 -0.0186828559579 -2.3427286786e-20)
(0.880079215308 -0.0165531789458 4.738597673e-20)
(0.878736159363 -0.0143141287504 -2.39651182385e-20)
(0.877454525084 -0.0119613242008 0)
(0.876239395099 -0.00948981967878 0)
(0.875096384397 -0.00689449681318 0)
(0.874032008902 -0.00417020134801 0)
(0.873053837635 -0.00131185037052 -5.20398683631e-20)
(0.872171259201 0.00168554423089 5.22806726312e-20)
(0.871393032624 0.00482752962105 0)
(0.870740702558 0.00812107278875 0)
(0.870192251867 0.0115607845985 -1.30662190923e-26)
(0.869840067426 0.0151569388219 -1.34526269437e-20)
(0.870073504452 0.018942979808 0)
(0.871092676447 0.0228934807103 0)
(0.872874605978 0.0269688782912 -2.79586509327e-22)
(0.875382173498 0.0311420338366 1.06502986808e-19)
(0.878599941238 0.0353861847732 -5.30886999213e-20)
(0.882515073176 0.0396695499958 1.54654194286e-19)
(0.887103955653 0.0439558122809 -5.17411042187e-20)
(0.89232038517 0.0482047999428 0)
(0.898118341671 0.0523748315549 -1.47222668733e-19)
(0.904467208882 0.0564192805808 1.19084727346e-19)
(0.911345259035 0.0602835127647 -6.91268708734e-20)
(0.918725801524 0.0639026729564 -8.82547138345e-20)
(0.926595296677 0.0672016980589 -8.19950177146e-20)
(0.934948643571 0.0700931025984 9.65438721632e-20)
(0.94376164928 0.0724814437527 -2.69924188177e-20)
(0.952979546606 0.0742714631549 8.4009890684e-21)
(0.962518845399 0.0753786292827 -6.4813228029e-20)
(0.972270228609 0.0757386765573 5.43113249241e-20)
(0.982110660508 0.0753266069422 4.1576491209e-21)
(0.991701403949 0.0741528108525 -7.46774991e-20)
(1.00090526003 0.0721720868687 -3.1184529759e-20)
(1.00956981161 0.0693693826067 -5.32483626607e-20)
(1.01738871417 0.0658597843227 -1.04551427037e-20)
(1.02402536538 0.0617887538932 0)
(1.02933094002 0.0573191109821 0)
(1.03334985137 0.0525495206566 8.18856214364e-23)
(1.03634970287 0.0476207392158 -8.17676217108e-23)
(1.04628907741 0.0418109420011 0)
(1.04794441171 0.0372316924794 2.40389294073e-22)
(1.04882124395 0.0327960168731 3.52599462805e-22)
(1.04877630779 0.0285987353111 -1.8734329253e-21)
(1.04773545349 0.0246766672249 -2.49192368167e-21)
(1.04584499564 0.0210835268905 -2.11977988831e-21)
(1.04336286009 0.0178230244555 0)
(1.04047918859 0.0148749657389 -3.81902937732e-21)
(1.03732269151 0.0122189017821 -2.97079729379e-21)
(1.03399723388 0.00983233448534 3.06079348578e-21)
(1.03060480067 0.00769242173896 3.21399632575e-21)
(1.02721389607 0.00576864276816 0)
(1.02385430194 0.0040317801573 -4.22134877526e-21)
(1.02054228652 0.00245557509041 4.39546968783e-21)
(1.01728969559 0.00101429093153 0)
(1.01410126587 -0.000316979486851 0)
(1.01097514099 -0.00156127288434 -4.93411724459e-21)
(1.00792711095 -0.00273768936878 -7.58772511442e-21)
(1.00498606466 -0.00386570239311 2.46802569865e-21)
(1.00218292118 -0.00496350006219 0)
(0.999550691323 -0.00604698557453 5.15886526508e-21)
(0.997135114243 -0.00712973243943 -5.37499963702e-21)
(0.994979822486 -0.00822513596899 -2.80652843824e-21)
(0.993111069784 -0.00934439421803 3.16115874035e-21)
(0.991547761118 -0.0104945916119 -8.13454632658e-23)
(0.990311051052 -0.0116796760441 0)
(0.989403882034 -0.0129020881745 9.56990292809e-22)
(0.988885815963 -0.0141582628466 3.03773441473e-21)
(0.988601430821 -0.0154628128229 -4.00435958987e-21)
(0.98829066162 -0.0168088400115 0)
(0.987872523356 -0.0181732520366 0)
(0.987362305867 -0.019546665826 0)
(0.986763544536 -0.0209242227453 0)
(0.986068823529 -0.0222986363767 0)
(0.985274771317 -0.0236618794752 0)
(0.984381724408 -0.0250066695137 0)
(0.983390743177 -0.0263263528544 0)
(0.982303309774 -0.0276147104566 0)
(0.981121632354 -0.0288659474982 0)
(0.979848592456 -0.0300746754163 0)
(0.978487622496 -0.0312359405273 0)
(0.977042602208 -0.0323452768366 0)
(0.975517732976 -0.0333987051885 0)
(0.973917426209 -0.0343926851911 0)
(0.972246218126 -0.0353240565415 0)
(0.970508739006 -0.0361899321044 0)
(0.968709775049 -0.0369876515694 0)
(0.966854306027 -0.0377148803937 0)
(0.964947418108 -0.038369684038 0)
(0.962994190264 -0.0389505034696 0)
(0.960999579816 -0.0394561292864 4.59122735817e-21)
(0.958968367422 -0.0398855104902 -9.40995630994e-21)
(0.956905317671 -0.0402376219317 -2.23211084486e-22)
(0.954815322109 -0.0405116609262 5.04506400709e-21)
(0.9527032681 -0.0407072037072 2.7494351055e-21)
(0.950573790457 -0.040824141866 -5.61526383547e-21)
(0.948431243891 -0.040862342935 2.86583146287e-21)
(0.946280012598 -0.0408215538257 0)
(0.944124547695 -0.0407018512294 0)
(0.941968949828 -0.0405035862509 0)
(0.939817099556 -0.0402267545424 0)
(0.93767317741 -0.0398713558654 0)
(0.935541240545 -0.0394379179886 0)
(0.93342524759 -0.0389261215248 3.77223030911e-21)
(0.931329628144 -0.0383354954485 -7.65545632136e-21)
(0.929258843472 -0.0376665919991 3.88322917931e-21)
(0.927218178631 -0.0369179487165 0)
(0.925212204725 -0.0360873120533 0)
(0.923249395147 -0.0351730959365 0)
(0.921332900176 -0.034175547236 0)
(0.919464408049 -0.0330985219006 0)
(0.917644469547 -0.031938839348 0)
(0.915872077756 -0.0306914888517 1.89036249634e-20)
(0.914146101046 -0.0293590732875 3.62979621815e-22)
(0.912464929605 -0.0279424529105 3.52859953564e-22)
(0.91083118878 -0.0264397845417 -1.9847551146e-20)
(0.909246388951 -0.0248498257952 0)
(0.907712862893 -0.0231712293644 -2.10236007623e-20)
(0.906233539954 -0.0214006909402 2.11243591421e-20)
(0.904810833667 -0.0195342118783 0)
(0.903447141822 -0.0175685141786 0)
(0.902145911775 -0.0155010772609 4.52034941347e-20)
(0.900911898737 -0.0133291157533 -4.54524284514e-20)
(0.899750396138 -0.0110485705082 0)
(0.898666721807 -0.00865482438895 0)
(0.897666599788 -0.00614348149824 0)
(0.896756723716 -0.00351035643614 4.86291753075e-20)
(0.895944932064 -0.000751517346264 -4.89354286706e-20)
(0.895240837895 0.00213674646629 0)
(0.894653981369 0.00515867293534 4.99568818801e-20)
(0.894203521325 0.00831945086787 -5.01136937418e-20)
(0.893876159912 0.0116143772256 5.03725359826e-20)
(0.893745298073 0.0150509666523 -4.43187377124e-20)
(0.894106999589 0.0186530411675 1.26662745272e-20)
(0.895116907078 0.0223968168452 0)
(0.896762818695 0.0262470139589 -1.018223911e-19)
(0.899020560686 0.0301787283379 5.06865240184e-20)
(0.901881778041 0.0341676148366 0)
(0.905340453548 0.0381847872943 -9.99585635255e-20)
(0.909382106351 0.0421973364136 0)
(0.913975337671 0.0461689224925 0)
(0.919088500402 0.0500612893586 1.38631072377e-19)
(0.924700449855 0.0538316072797 -9.26486890959e-20)
(0.930795756066 0.0574299524471 2.32378978009e-20)
(0.937354091064 0.060797644805 2.14784089469e-20)
(0.94436333048 0.0638673552016 8.04454911705e-20)
(0.951815825091 0.0665617508086 7.43220813236e-20)
(0.959687931438 0.0687972510146 0)
(0.967931119107 0.0704898299191 0)
(0.976472009547 0.0715636959462 -4.99977261799e-20)
(0.985227190555 0.0719621464504 -5.3899165877e-20)
(0.994038614021 0.0716696413784 -2.86482041605e-21)
(1.00259591802 0.0707141737021 7.49249713479e-20)
(1.01089076128 0.0689789740332 -3.27408195976e-20)
(1.01873050431 0.0664702478557 2.74137894302e-20)
(1.0258690549 0.0632935691564 -2.35428171951e-20)
(1.0320222662 0.0595743392619 -5.02290452218e-21)
(1.037049747 0.0554583596988 2.06599558623e-21)
(1.04097121666 0.0510436545609 0)
(1.04398959529 0.0464594536893 0)
(1.05378662146 0.0408954364155 7.16487081448e-23)
(1.05556361992 0.036598776636 -3.54506340757e-23)
(1.05664761923 0.0324135988105 1.016093061e-21)
(1.05694081682 0.0284286209211 1.44075082608e-21)
(1.05639956619 0.0246849322399 2.54183672688e-21)
(1.05514650222 0.0212339722831 1.99195032802e-21)
(1.05338765119 0.0180828541177 -2.47665924181e-21)
(1.05127802152 0.0152162417263 3.72854423209e-21)
(1.04892439807 0.0126172221006 1.33856717278e-22)
(1.0464130655 0.0102664314089 -5.33846717075e-22)
(1.04382693009 0.00814345441666 -1.2621036904e-21)
(1.0412225731 0.00622114753212 -5.46028237684e-22)
(1.03862657519 0.00447312622998 3.06399873676e-21)
(1.03605409876 0.00287545900128 -3.22920724192e-21)
(1.03351617454 0.0014047104713 -1.34527960901e-21)
(1.03101800474 3.81124621741e-05 -2.61091894745e-21)
(1.02855963192 -0.00124526062977 8.88098536787e-22)
(1.02615328016 -0.0024626630262 5.05966058124e-21)
(1.02382038467 -0.0036312912624 0)
(1.02158401291 -0.00476725436203 0)
(1.01946850028 -0.00588473296405 0)
(1.01750728734 -0.00699525748461 0)
(1.01573176815 -0.00810999151706 0)
(1.01416100725 -0.00923831894073 0)
(1.01280888551 -0.0103860034359 -1.81511399259e-21)
(1.01169056543 -0.0115560551187 -1.91065169751e-21)
(1.01080801403 -0.0127502275525 -9.24692089063e-22)
(1.01020446972 -0.013964757865 4.89964471718e-22)
(1.00976419423 -0.0152134638506 0)
(1.00929479104 -0.0164925953646 0)
(1.008735628 -0.0177832341368 0)
(1.00809696227 -0.0190776055982 0)
(1.00738063357 -0.0203718800274 0)
(1.00658040949 -0.0216601299149 0)
(1.0056931055 -0.0229356581123 0)
(1.00471844209 -0.0241922703153 0)
(1.00365683321 -0.0254242074253 0)
(1.00250914744 -0.0266259990781 -8.31832951121e-21)
(1.0012769402 -0.027792492638 8.32805890418e-21)
(0.9999623973 -0.028918877769 0)
(0.998568212294 -0.0300007046897 0)
(0.997097500824 -0.0310339101739 0)
(0.995553714192 -0.0320148199079 5.7696957343e-21)
(0.993940556642 -0.032940121912 -5.77610044426e-21)
(0.992261922289 -0.0338068289157 0)
(0.990521864036 -0.0346122264957 0)
(0.988724602448 -0.0353538487193 0)
(0.986874526215 -0.0360295156866 7.67183758315e-21)
(0.984976137762 -0.0366373678649 -1.57580904543e-20)
(0.98303397916 -0.0371758519567 8.08652353063e-21)
(0.981052565001 -0.0376436902875 0)
(0.979036349251 -0.0380397934583 0)
(0.976989778659 -0.0383631965737 0)
(0.97491734664 -0.0386131284139 0)
(0.972823533127 -0.0387890806106 0)
(0.970712687786 -0.0388907683428 0)
(0.968588997795 -0.0389179635666 0)
(0.966456648387 -0.0388704325703 0)
(0.964319811244 -0.0387481226816 0)
(0.962182469896 -0.0385511537018 0)
(0.960048425754 -0.0382795487158 0)
(0.957921505692 -0.0379333092722 0)
(0.955805444279 -0.0375126443654 0)
(0.953703826942 -0.0370175161732 0)
(0.951620426862 -0.0364477333532 0)
(0.949559042529 -0.0358033597815 0)
(0.947523674449 -0.0350838011003 0)
(0.945518356934 -0.0342888644081 0)
(0.943547759166 -0.0334179293962 0)
(0.941617171169 -0.0324684998828 0)
(0.939732216938 -0.0314386017436 0)
(0.937900823524 -0.0303262930979 0)
(0.936124302521 -0.0291324503717 1.80478381014e-20)
(0.934405772343 -0.0278590752079 -1.80854687491e-20)
(0.932746727992 -0.0265018132439 0)
(0.931147115746 -0.0250560094382 0)
(0.929608618652 -0.0235221883697 0)
(0.928130405428 -0.0219008398141 0)
(0.926714378128 -0.0201903872286 0)
(0.925364144621 -0.0183878421879 0)
(0.924082395036 -0.0164902736282 -4.20911325267e-20)
(0.922873043675 -0.0144958818835 8.51057719e-20)
(0.921741101968 -0.0124026650056 -8.64966360304e-20)
(0.92069192515 -0.0102064965883 -4.07282905239e-22)
(0.919730517095 -0.00790273995168 4.43854652803e-20)
(0.918862313768 -0.00548764798376 0)
(0.918094042833 -0.00295812473246 0)
(0.917433746767 -0.000311664284499 -4.64374620078e-20)
(0.916891233659 0.0024540028143 -1.77871792048e-22)
(0.916476540765 0.0053420800769 9.40518565619e-20)
(0.916206315811 0.00835644755727 -4.72448256217e-20)
(0.916074167245 0.0114928465381 0)
(0.916136130057 0.0147564069799 -4.76512868377e-20)
(0.916607000092 0.0181633261575 7.20818846159e-20)
(0.917602951452 0.0216917135712 -4.82302281685e-20)
(0.919120616846 0.0253110584584 -4.7686472908e-20)
(0.921147199858 0.0289994209173 4.79255439433e-20)
(0.923680934894 0.0327351286534 0)
(0.926721818339 0.0364923527595 0)
(0.930263910357 0.04024149988 -4.58124414605e-20)
(0.934288726212 0.0439498233893 4.49312930672e-20)
(0.938776916642 0.0475822466256 -1.35378664912e-19)
(0.943715609853 0.0510994595618 -1.30488619794e-19)
(0.949095197603 0.0544558670397 1.15248472671e-21)
(0.954901409612 0.0575981719045 2.03362424038e-20)
(0.961123961116 0.0604656531168 1.96968655531e-20)
(0.967754026243 0.0629896054924 -5.54096876673e-20)
(0.974768987368 0.0650966405631 -5.09276463691e-20)
(0.982124656962 0.0667114117293 -3.08397643316e-20)
(0.989756444645 0.0677673234592 5.61208222912e-20)
(0.99758086702 0.0682293646495 0)
(1.005368833 0.068094865154 -1.28666637991e-21)
(1.01299597366 0.0673260993593 -3.67799384041e-20)
(1.02045456438 0.0658247083202 1.58309737956e-20)
(1.02754227099 0.063595009863 4.85056086756e-22)
(1.03405887538 0.0607333354345 1.21481022808e-20)
(1.03976782346 0.0573467010187 1.03658695538e-20)
(1.04453955698 0.0535659448482 -2.08672336416e-21)
(1.04837238887 0.0494875571456 0)
(1.05140939398 0.045231338613 0)
(1.0610337999 0.0398971686539 0)
(1.06292582898 0.0358741237988 -1.42475582095e-22)
(1.06420545784 0.0319338826423 -4.49251020309e-22)
(1.06481699404 0.0281585254346 -3.85062799986e-21)
(1.06474467899 0.0245920044491 1.73545977848e-21)
(1.06408853185 0.0212837148294 -3.18547926064e-21)
(1.0630068374 0.0182444282744 2.46746790512e-21)
(1.061622037 0.0154639029004 4.21916395835e-23)
(1.06002071195 0.0129288400617 0)
(1.05827305908 0.0106228999067 2.74750594395e-21)
(1.05644474822 0.00852794978292 2.52428931834e-22)
(1.05458163306 0.00661990871964 -6.40640977763e-22)
(1.05270748569 0.00487492538211 -1.4696851577e-21)
(1.05083682034 0.00327113839562 -1.32078613803e-21)
(1.04898003809 0.00178721517691 5.46455648132e-21)
(1.04714262714 0.000402570882749 2.75677972794e-21)
(1.04532610401 -0.00090185332149 5.53409929629e-21)
(1.0435392426 -0.0021420430043 0)
(1.04179630704 -0.00333341767734 0)
(1.04011186446 -0.00449028752857 -3.14869098568e-21)
(1.03850137777 -0.00562510014129 3.13348448283e-21)
(1.03698636763 -0.00674784119395 1.72215696061e-21)
(1.03558670215 -0.00786794049593 1.69933953068e-21)
(1.03431397859 -0.00899319140789 1.50943097888e-22)
(1.033176414 -0.0101283688178 -1.8535965952e-21)
(1.03218322202 -0.0112759291302 6.85940364224e-21)
(1.0313350874 -0.0124373664883 2.15096270956e-22)
(1.03066033633 -0.0136092404622 -8.62068240757e-21)
(1.03008008067 -0.0148040874316 -2.53119871805e-22)
(1.02946379243 -0.0160202822684 9.64029326802e-21)
(1.02876953381 -0.0172422652737 -4.96604920116e-21)
(1.0280035401 -0.01846341225 0)
(1.02716667438 -0.0196806752705 0)
(1.02625425029 -0.0208892518967 6.4312184391e-21)
(1.02526371641 -0.0220835547281 -6.43703718361e-21)
(1.02419469029 -0.0232583176621 0)
(1.02304741723 -0.0244085764316 -7.84775014589e-21)
(1.02182257766 -0.025529554875 7.85568835736e-21)
(1.02052145199 -0.0266167078216 0)
(1.01914587563 -0.0276657653023 0)
(1.01769813558 -0.0286727507306 0)
(1.01618090063 -0.0296339963977 5.38485649597e-21)
(1.01459715928 -0.0305461480504 -5.39086411658e-21)
(1.01295015864 -0.0314061524398 0)
(1.0112433553 -0.0322112360206 0)
(1.00948038483 -0.0329588791757 -6.766678305e-21)
(1.00766504942 -0.0336468027777 1.39105003054e-20)
(1.00580130298 -0.0342729803617 3.691586488e-22)
(1.00389321303 -0.0348356510014 -7.5221408037e-21)
(1.00194491147 -0.0353333092583 0)
(0.999960551278 -0.0357646813985 0)
(0.997944281947 -0.0361286818305 0)
(0.995900260239 -0.0364243796583 -4.74694563967e-21)
(0.993832663309 -0.0366510173601 -1.99171748157e-22)
(0.991745656341 -0.0368080347204 4.95727335891e-21)
(0.989643333358 -0.0368950451213 0)
(0.987529691786 -0.0369117626823 0)
(0.985408684311 -0.0368579551747 0)
(0.98328423791 -0.0367334854288 0)
(0.981160193433 -0.0365383136673 0)
(0.979040283014 -0.0362724013311 0)
(0.976928188637 -0.0359357150008 0)
(0.974827510812 -0.0355283027111 0)
(0.972741735391 -0.0350501362856 0)
(0.9706743697 -0.0345010861152 0)
(0.968628908573 -0.0338810833082 7.40394045434e-21)
(0.966608863114 -0.0331898418741 1.85883617907e-22)
(0.964617809263 -0.0324271137351 1.82628060965e-22)
(0.962659419607 -0.0315924099945 1.79085473668e-22)
(0.9607377294 -0.0306848420795 -7.98346818563e-21)
(0.958856835398 -0.0297040856067 1.66761364191e-20)
(0.957021725138 -0.0286482787905 3.3344735556e-22)
(0.955237752694 -0.027514402831 -1.70430369006e-20)
(0.953511600563 -0.0263006928277 1.76999751306e-20)
(0.951849671098 -0.0250054264147 -1.77239474888e-20)
(0.950254090022 -0.0236266814004 0)
(0.948728892264 -0.022165930274 0)
(0.947277691575 -0.0206229172059 0)
(0.945902717015 -0.018991634572 0)
(0.94460653215 -0.0172686365259 0)
(0.943391797114 -0.015452777078 0)
(0.942262412606 -0.0135427468987 0)
(0.941219472006 -0.0115375825456 -4.10765319694e-20)
(0.940267678017 -0.00943485955844 4.12947201671e-20)
(0.939413227005 -0.00723133210192 0)
(0.938661904708 -0.00492388894116 -4.27434370575e-20)
(0.938020430311 -0.00250991940635 4.30008077854e-20)
(0.937496814503 1.18945016113e-05 0)
(0.93710052489 0.00264230565258 4.40089913554e-20)
(0.93684114928 0.00538375933391 -4.41736016757e-20)
(0.936732412178 0.00823944117338 4.44395467822e-20)
(0.936773131151 0.0112055611345 -4.45992436614e-20)
(0.937003546972 0.0142851877384 0)
(0.937568290284 0.0174885529832 -3.35363293096e-20)
(0.938549330349 0.0207957197707 9.02861238129e-20)
(0.939950652323 0.0241810738456 -4.16591840163e-22)
(0.941768932887 0.0276262182174 -4.52299034822e-20)
(0.944007737956 0.0311125109044 2.2249900921e-20)
(0.946672063403 0.034617320272 -1.1069833584e-19)
(0.949763212493 0.0381142211979 8.87469166709e-20)
(0.953273912646 0.0415735589962 0)
(0.957195641879 0.0449631695761 0)
(0.96152337921 0.0482468126713 0)
(0.966253044001 0.0513826421178 4.06360202847e-20)
(0.971375838543 0.0543220018274 -3.90667146582e-20)
(0.97688335715 0.0570096509991 0)
(0.982766040658 0.0593843108472 0)
(0.988999267276 0.0613827849159 3.27679096432e-20)
(0.995538563476 0.0629401279368 3.73961176891e-20)
(1.00231466744 0.0640066478316 -7.07722494425e-21)
(1.00919842551 0.0645632404202 0)
(1.01603798006 0.0645959384388 0)
(1.02285856317 0.0639970685747 1.92069447557e-20)
(1.02956394628 0.0627041912279 1.72887104087e-20)
(1.03597784181 0.0607364227177 0)
(1.0419335003 0.0581727389155 7.49388398309e-22)
(1.04723826274 0.0551010848463 -6.71139330405e-21)
(1.05177636762 0.0516381701129 8.93631946044e-22)
(1.05552850231 0.0478783486747 -2.65551759671e-22)
(1.05858346488 0.0439338860531 0)
(1.06800914799 0.038813991323 0)
(1.07000924501 0.0350552009921 -8.95019715981e-23)
(1.07147237796 0.0313538673992 5.58918478398e-22)
(1.07238117388 0.0277847198563 1.96754525706e-21)
(1.07274479095 0.024393260925 -9.75322062646e-22)
(1.07264181687 0.0212268623241 3.46123253403e-21)
(1.07218707118 0.0183003740588 5.00447524519e-23)
(1.07147297368 0.0156090386146 1.43915827103e-21)
(1.0705674974 0.0131432801144 1.93022726273e-22)
(1.06952620784 0.010889654911 -4.36764270163e-21)
(1.06839945241 0.00883211500457 2.76123499531e-21)
(1.06722373412 0.00694939680957 -1.49013461646e-21)
(1.06602035661 0.00522003951275 5.86734582799e-21)
(1.06480331863 0.00362401468644 1.59304875767e-21)
(1.06358264956 0.00214179391711 -2.95437181045e-21)
(1.0623640941 0.000754672594074 -4.47682500824e-21)
(1.06114964925 -0.000554673158984 -1.65633151088e-21)
(1.05994466348 -0.00180089269845 -3.26399304405e-21)
(1.05875705278 -0.0029978535177 3.24001859285e-21)
(1.05759412765 -0.00415828287846 0)
(1.05646318786 -0.00529315246776 0)
(1.05537461484 -0.00641126927034 -2.62291654999e-21)
(1.05433787798 -0.00752076516126 5.49241859063e-21)
(1.05335758626 -0.00862845715975 -4.71229311477e-21)
(1.05243632891 -0.00973870575932 -8.08402023582e-21)
(1.05157741387 -0.0108538829914 1.13076962823e-20)
(1.05077962875 -0.0119755516078 -8.36966833851e-21)
(1.05005752995 -0.0131011319577 4.4156577212e-21)
(1.04936535102 -0.0142409686654 0)
(1.04862767264 -0.0153945433214 0)
(1.04781925792 -0.0165494295744 0)
(1.04694305916 -0.0176999511717 0)
(1.04599933766 -0.0188435772374 0)
(1.04498503276 -0.0199764025063 0)
(1.0438984354 -0.0210937550325 0)
(1.04273935555 -0.0221911342922 0)
(1.04150815923 -0.023264247745 7.96172087724e-21)
(1.04020561342 -0.0243089273 4.99566218071e-22)
(1.03883298596 -0.025321171121 -8.47635028469e-21)
(1.03739201376 -0.0262971933891 0)
(1.03588482419 -0.027233445159 0)
(1.0343138797 -0.0281266267794 0)
(1.03268193158 -0.0289736942531 0)
(1.03099197424 -0.0297718555062 0)
(1.02924720622 -0.0305185599229 0)
(1.02745100193 -0.0312114855754 6.68565069683e-21)
(1.02560689227 -0.0318485314659 -6.69371973594e-21)
(1.02371854482 -0.0324278197115 0)
(1.02178973491 -0.0329476981228 0)
(1.01982431148 -0.0334067320087 0)
(1.01782616668 -0.0338036872805 0)
(1.01579921555 -0.0341375060678 4.44577430828e-21)
(1.01374739075 -0.0344072866501 -9.09040468731e-21)
(1.01167463905 -0.0346122832509 4.64492035702e-21)
(1.00958490054 -0.0347519092417 0)
(1.00748207624 -0.0348257203755 -2.61334548348e-21)
(1.00537000945 -0.0348333775969 2.61680244047e-21)
(1.00325249705 -0.0347746164277 0)
(1.00113329834 -0.0346492494029 0)
(0.999016114617 -0.0344571591716 0)
(0.996904578998 -0.0341982523669 0)
(0.994802277411 -0.0338724452676 0)
(0.992712739528 -0.0334796848139 0)
(0.990639421205 -0.0330198934187 3.39790523184e-21)
(0.98858574887 -0.0324929410711 -3.40229315967e-21)
(0.986555119224 -0.0318986954196 0)
(0.984550906534 -0.0312369276007 0)
(0.98257649818 -0.0305073565047 0)
(0.980635285814 -0.0297095902601 1.54405764982e-20)
(0.978730791662 -0.0288430360402 -3.12506842543e-20)
(0.976866609306 -0.0279071472366 -3.23643677507e-22)
(0.975046557165 -0.026900824664 3.2621415484e-20)
(0.9732748604 -0.0258229344605 3.05882459725e-22)
(0.971555923085 -0.0246727947984 -1.68129158614e-20)
(0.969894590211 -0.0234481489191 0)
(0.968296784338 -0.0221456321739 0)
(0.966768210278 -0.0207633162432 -3.59808556639e-20)
(0.96531653519 -0.0192997327657 -4.99942866163e-22)
(0.963946754765 -0.0177531408878 7.3635930116e-20)
(0.96266270085 -0.016121248225 -3.7109398596e-20)
(0.961469311732 -0.0144011593807 0)
(0.960371765275 -0.0125943334456 -3.84842682681e-20)
(0.959375150897 -0.0107001481016 7.7552620288e-20)
(0.958484278453 -0.00871190148785 -3.91086723973e-20)
(0.957704639247 -0.00662636425562 3.98838636459e-20)
(0.957042386664 -0.00444274071473 -4.0066914209e-20)
(0.956503652259 -0.00215952492405 0)
(0.956095412438 0.0002245701551 0)
(0.955823367203 0.00270992086576 0)
(0.955694417343 0.00529699026684 0)
(0.955721899744 0.00798624921081 0)
(0.955909809832 0.0107737824518 0)
(0.956284651441 0.0136614203162 0)
(0.956930880929 0.0166553230566 -2.60057995221e-21)
(0.957901018362 0.0197381402177 8.39352091852e-20)
(0.959203830535 0.0228890365645 -8.47071591266e-20)
(0.960842590396 0.0260933173689 1.04167271843e-20)
(0.962824281771 0.029335571509 2.12036661868e-20)
(0.965157556409 0.0325962401542 2.10684704582e-20)
(0.96784960732 0.0358518615208 0)
(0.970902836674 0.0390755716459 2.01744712444e-20)
(0.974318196618 0.0422377690457 0)
(0.978097424027 0.0453049159729 1.9088914181e-20)
(0.98224100152 0.048238521754 -1.98265411111e-20)
(0.986744015004 0.0509943368836 0)
(0.991598864238 0.0535221891143 -1.70556494732e-20)
(0.996792178494 0.0557678920388 5.23705142016e-22)
(1.00229175567 0.0576799516126 0)
(1.00804894462 0.0592117427386 1.42675841515e-20)
(1.01396650777 0.0603304394357 1.30719391028e-20)
(1.01996707558 0.0609981217822 -1.19050585739e-20)
(1.02604054337 0.0611494789716 -1.28824758876e-21)
(1.03216302357 0.0606981849643 -1.78553451425e-20)
(1.0382053945 0.0596030808327 8.46181610738e-21)
(1.04402290112 0.0578856831959 -7.72567083171e-21)
(1.04947668884 0.0556050339754 -3.37477551681e-21)
(1.05441624792 0.0528325091975 -3.59129394367e-21)
(1.05874171293 0.0496713068952 1.29414774458e-21)
(1.0624197692 0.0462133422953 0)
(1.06549096902 0.0425648749384 0)
(1.07469655171 0.0376448954472 0)
(1.07679742071 0.0341426281785 9.04882891081e-23)
(1.07843128209 0.0306748180647 0)
(1.07961505663 0.0273078342755 -2.86851079423e-22)
(1.08037948296 0.0240873261171 -9.98114048775e-22)
(1.08078334761 0.0210585516546 3.83771552886e-22)
(1.08090243638 0.0182413032848 -1.21585445137e-22)
(1.08080149688 0.0156372790036 -1.22943181595e-21)
(1.08053123231 0.0132411804438 -4.37630877737e-22)
(1.08013384414 0.0110426178217 7.35000037177e-22)
(1.07964621021 0.00902760291041 8.27222504637e-22)
(1.07909677054 0.00717747213945 -1.63208871097e-21)
(1.07850454797 0.00547279962188 8.71614970273e-23)
(1.07788278082 0.00389508149678 -1.53838634634e-21)
(1.07724106341 0.00242641109463 -1.74286641405e-21)
(1.07658547004 0.0010497527524 6.58795261052e-21)
(1.07591870789 -0.000250540671388 -1.70744549131e-21)
(1.07524310461 -0.00148786617372 0)
(1.07456111185 -0.00267465813186 3.47185771358e-21)
(1.07387407388 -0.00382221745001 1.02435540321e-22)
(1.07318242432 -0.00494036381441 -3.50724589049e-21)
(1.07248706818 -0.00603717169605 -6.55547743766e-21)
(1.07178840106 -0.00711992794605 -2.77011153023e-22)
(1.07108487174 -0.00819476566613 8.53162999548e-21)
(1.07037404517 -0.00926594420337 -8.2043317372e-21)
(1.06965393068 -0.01033620112 8.17128186431e-21)
(1.06892103219 -0.0114076028694 -2.62010882959e-22)
(1.06817802365 -0.0124793035837 0)
(1.06740747009 -0.0135585369315 0)
(1.0665808322 -0.0146449473064 5.18383233031e-21)
(1.06568735538 -0.0157295560346 2.92281373111e-22)
(1.0647275878 -0.0168076133052 -5.48091676267e-21)
(1.06370133261 -0.0178767349434 -6.14117079482e-21)
(1.06260691649 -0.0189336444813 6.14489354928e-21)
(1.06144344522 -0.0199744262252 6.90374210856e-21)
(1.060211018 -0.0209952216552 -6.9087744144e-21)
(1.05891022893 -0.0219923103802 7.76519239063e-21)
(1.05754205227 -0.0229620582355 -7.77175943477e-21)
(1.05610788351 -0.0239009496971 0)
(1.05460951193 -0.0248056347073 9.23428919478e-21)
(1.05304906287 -0.0256729522258 -9.24356548634e-21)
(1.05142895371 -0.0264999427501 0)
(1.04975185719 -0.0272838561914 -1.0897492428e-20)
(1.04802066572 -0.0280221534296 2.24005041187e-20)
(1.04623845968 -0.0287125026636 -1.15041441523e-20)
(1.04440848203 -0.0293527736042 0)
(1.04253411769 -0.0299410330488 0)
(1.04061887348 -0.0304755437135 0)
(1.03866635489 -0.0309547626403 0)
(1.03668024099 -0.0313773342543 0)
(1.0346642616 -0.0317420783083 0)
(1.03262217991 -0.0320479744812 0)
(1.03055778196 -0.0322941485893 4.36838216573e-21)
(1.02847486747 -0.0324798660013 1.72164522007e-22)
(1.02637723462 -0.0326045264484 -9.27958811965e-21)
(1.02426866038 -0.032667650472 4.73316023376e-21)
(1.02215288676 -0.0326688570068 0)
(1.02003361922 -0.032607842591 0)
(1.01791452733 -0.032484372197 -1.36269406222e-21)
(1.01579923645 -0.0322982681006 1.36468964726e-21)
(1.01369132252 -0.0320493848348 1.45303707425e-21)
(1.01159431993 -0.0317375928496 -1.455161146e-21)
(1.00951172161 -0.031362776537 0)
(1.00744697339 -0.0309248103507 0)
(1.00540348867 -0.0304235387788 6.52076717441e-21)
(1.00338465368 -0.0298587839747 -1.32233008054e-20)
(1.0013938312 -0.0292303111808 1.3565844784e-20)
(0.999434376921 -0.0285378280656 -6.872777051e-21)
(0.997509641064 -0.0277809648471 1.43887595654e-20)
(0.995623019531 -0.0269592246636 -1.44084110196e-20)
(0.993777953922 -0.0260720501503 1.50240895104e-20)
(0.991977964936 -0.0251186605617 2.86130194528e-22)
(0.990226794765 -0.0240981330627 -1.53499355225e-20)
(0.988528324987 -0.0230095253366 1.59155297499e-20)
(0.986886625517 -0.021851338966 -3.21290247273e-20)
(0.985306452581 -0.0206217996994 -1.67093236934e-20)
(0.983792796325 -0.0193201399091 6.63966466354e-20)
(0.982350568717 -0.0179454005415 -3.34734654934e-20)
(0.980985034396 -0.0164947901043 3.43867966159e-20)
(0.97970238483 -0.0149650455308 -6.92464377648e-20)
(0.978509862023 -0.0133536040603 7.00873852098e-20)
(0.977413897569 -0.0116591061966 -3.52636370988e-20)
(0.976423461698 -0.00988043009436 -3.59522484112e-20)
(0.975544990593 -0.00801604378563 7.22731582635e-20)
(0.97478460173 -0.00606393813587 -3.63208769238e-20)
(0.974149635294 -0.00402187595342 0)
(0.973647631504 -0.00188763507964 3.70165084615e-20)
(0.973286272453 0.000337319038145 -3.70590841681e-20)
(0.973074594861 0.00265054764927 -3.72710147713e-20)
(0.973022580016 0.00505590468097 3.73363732943e-20)
(0.973140113866 0.00755580661855 -3.74085710886e-20)
(0.973434552493 0.0101451588205 -3.7322211495e-20)
(0.973919701143 0.0128234493732 7.50367037268e-20)
(0.974628453262 0.0155941492577 -7.23175713811e-20)
(0.975586374144 0.0184464765691 7.51234955404e-20)
(0.976799982663 0.0213662208268 0)
(0.978277592917 0.024339750517 -8.35908732069e-20)
(0.980031284286 0.0273518821985 7.48533589584e-20)
(0.982073250507 0.0303852146874 0)
(0.984415108051 0.0334191267441 0)
(0.987066218374 0.0364292056037 -5.40348440822e-20)
(0.990034053529 0.0393877923672 3.60534102075e-20)
(0.993324368796 0.0422636184946 1.75885525936e-20)
(0.996939741563 0.045021398899 1.61600005828e-20)
(1.00087644187 0.0476215942418 -3.33601780929e-20)
(1.00512436697 0.0500214967471 0)
(1.00965883837 0.0521803155325 2.95333602349e-20)
(1.01444488278 0.0540594587755 -1.44533133639e-20)
(1.01943959611 0.0556019103649 -1.31899652689e-20)
(1.02460547581 0.0567675670666 -1.22664144051e-20)
(1.02993241008 0.0575104140561 1.13567229157e-20)
(1.03539734243 0.0577484419312 0)
(1.04091665976 0.0574255797883 -5.66503450617e-22)
(1.0463817703 0.0565182544591 -8.48450127616e-21)
(1.05167398925 0.0550368042765 9.01992097024e-21)
(1.05668081478 0.0530221912503 2.44680393592e-21)
(1.06129160292 0.0505323769793 2.92749100134e-21)
(1.06542342978 0.0476575220279 -6.35834200269e-22)
(1.069032152 0.0444866615714 0)
(1.07211657108 0.0411208873316 0)
(1.0810849227 0.0363842733279 0)
(1.08327748252 0.0331220993479 0)
(1.08504765933 0.0298789892623 0)
(1.08642567452 0.0267131376499 0)
(1.08744926524 0.023668383213 0)
(1.08816473032 0.0207847916909 0)
(1.0886254513 0.0180847799907 0)
(1.08888030195 0.0155751969412 0)
(1.0889702997 0.0132546253341 0)
(1.08893040989 0.0111157835241 0)
(1.08879063589 0.00914719270293 0)
(1.08857523949 0.00733330137048 0)
(1.08830225838 0.00565720525654 0)
(1.0879849363 0.0041022768325 0)
(1.08763300958 0.00265234289487 0)
(1.0872531326 0.00129202842704 0)
(1.08684911539 7.1309241606e-06 0)
(1.08642305896 -0.00121488456988 0)
(1.08597559559 -0.00238552997555 0)
(1.08550604854 -0.00351521023504 0)
(1.08501256263 -0.00461303630862 0)
(1.08449267181 -0.00568670811666 0)
(1.08394339931 -0.00674303715285 0)
(1.08336103433 -0.00778779110544 0)
(1.08274141305 -0.0088253017184 0)
(1.08208060725 -0.00985866298823 0)
(1.081374222 -0.0108903703958 0)
(1.08061984237 -0.0119209661616 0)
(1.07981288831 -0.0129544455668 0)
(1.07894523633 -0.0139903234963 0)
(1.07801211333 -0.0150227311592 0)
(1.07701287738 -0.0160476825859 0)
(1.07594703806 -0.0170626905851 0)
(1.07481357271 -0.0180647893221 0)
(1.07361202416 -0.0190505403268 0)
(1.07234267485 -0.0200164946604 0)
(1.07100627278 -0.0209592900493 0)
(1.06960394522 -0.0218756276804 0)
(1.06813720478 -0.0227623006151 0)
(1.06660791913 -0.0236162366654 0)
(1.06501826391 -0.024434523155 0)
(1.06337068447 -0.0252144206585 0)
(1.06166786259 -0.0259533723054 0)
(1.05991268493 -0.0266490080529 0)
(1.05810821468 -0.0272991443548 0)
(1.05625766769 -0.0279017814142 0)
(1.05436439203 -0.0284551002944 0)
(1.05243184854 -0.0289574609938 0)
(1.05046359025 -0.0294073997732 0)
(1.04846324129 -0.0298036230865 0)
(1.04643447751 -0.0301449979491 0)
(1.04438101076 -0.0304305400435 0)
(1.04230657724 -0.0306594022648 0)
(1.04021492723 -0.0308308664688 0)
(1.03810981217 -0.0309443358999 0)
(1.03599496994 -0.0309993232129 0)
(1.03387411358 -0.0309954334399 0)
(1.03175092693 -0.0309323470742 0)
(1.0296290625 -0.030809808442 0)
(1.02751213607 -0.0306276140083 0)
(1.02540372303 -0.030385594337 0)
(1.02330736218 -0.0300835987038 0)
(1.02122655733 -0.0297214869724 0)
(1.01916477603 -0.0292991135995 0)
(1.01712545787 -0.0288163114198 0)
(1.01511202004 -0.028272888158 0)
(1.01312786129 -0.0276686075605 0)
(1.01117637331 -0.0270031804535 0)
(1.00926094621 -0.0262762508339 0)
(1.0073849974 -0.0254873672411 0)
(1.00555198181 -0.0246360031807 0)
(1.00376541167 -0.0237214892749 0)
(1.00202894212 -0.0227430218683 0)
(1.00034634975 -0.0216997317455 0)
(0.998721553753 -0.0205904785884 0)
(0.997158912224 -0.0194138940574 0)
(0.995663074427 -0.0181689378893 0)
(0.994238617182 -0.0168544825917 0)
(0.992890414728 -0.0154686054904 0)
(0.991624173604 -0.0140091429104 0)
(0.990446478934 -0.0124743887775 0)
(0.989363651155 -0.0108638324855 0)
(0.988381950302 -0.00917658672536 0)
(0.987507989197 -0.00740997707487 0)
(0.986749406565 -0.00556132593922 0)
(0.986114392382 -0.00362886856573 0)
(0.98561172072 -0.0016112698084 0)
(0.985250342101 0.000491337511853 0)
(0.985041648976 0.00267744752439 0)
(0.98499618079 0.00494676066771 0)
(0.985122147914 0.00729972085771 0)
(0.985429032712 0.00973423210581 0)
(0.985926105823 0.0122495624951 0)
(0.98662716443 0.014846822393 0)
(0.987547062049 0.017516640448 0)
(0.988700214464 0.0202476471346 0)
(0.990098238527 0.0230303405859 0)
(0.991751617725 0.0258510977759 0)
(0.993670578341 0.028693208882 0)
(0.995864649569 0.0315376624559 0)
(0.998342093557 0.0343620588729 0)
(1.00110927028 0.0371408013736 0)
(1.00417013394 0.0398450416543 0)
(1.0075252414 0.0424427381549 0)
(1.01117053872 0.0448991395287 0)
(1.0150935904 0.0471751348693 0)
(1.01927490197 0.0492284655719 0)
(1.0237015039 0.0510242864477 0)
(1.02834668593 0.0525225361738 0)
(1.03319533332 0.0536598166213 0)
(1.03821147054 0.0543834064315 0)
(1.04334443369 0.054643400153 0)
(1.04852075678 0.0543960042231 0)
(1.05364846608 0.0536171398245 0)
(1.05862761938 0.052309709496 0)
(1.06336403336 0.0505043404896 0)
(1.06777126001 0.0482506469795 0)
(1.07178024367 0.0456263046471 0)
(1.07534535568 0.0427145176043 0)
(1.07844654285 0.0396070127309 0)
(1.086951959 0.0350842697781 0)
(1.08922478532 0.0320431434913 0)
(1.09110048526 0.0290086578824 0)
(1.09260563011 0.0260338166796 0)
(1.09377380784 0.0231608039586 0)
(1.09464470383 0.0204252873068 0)
(1.09526324916 0.0178493085466 0)
(1.09567238296 0.0154419281603 0)
(1.09590963137 0.0132041765908 0)
(1.0960075496 0.0111313097877 0)
(1.09599415789 0.00921433147028 0)
(1.09589256759 0.00744069739039 0)
(1.09572069371 0.00579623940009 0)
(1.0954921074 0.00426649846936 0)
(1.09521696234 0.00283713070121 0)
(1.09490249331 0.00149432504883 0)
(1.09455337695 0.000225136852189 0)
(1.09417242044 -0.000982152976032 0)
(1.09376099314 -0.00213828164063 0)
(1.09331917662 -0.00325299796595 0)
(1.09284592067 -0.00433493297753 0)
(1.09233942201 -0.00539151282921 0)
(1.09179731479 -0.00642921628321 0)
(1.09121662045 -0.00745351337717 0)
(1.09059391524 -0.00846865643045 0)
(1.08992582319 -0.0094777679109 0)
(1.089208687 -0.0104833342752 0)
(1.0884395721 -0.0114863471781 0)
(1.08761485947 -0.0124890751455 0)
(1.08672890986 -0.013491168394 0)
(1.08577771071 -0.014488744206 0)
(1.08476012146 -0.0154784669231 0)
(1.08367556499 -0.0164578413956 0)
(1.082523331 -0.0174240859505 0)
(1.08130319136 -0.0183740702396 0)
(1.08001554175 -0.019304615796 0)
(1.07866122554 -0.0202125847463 0)
(1.07724146143 -0.0210948823568 0)
(1.07575783444 -0.0219484887423 0)
(1.07421226545 -0.0227704980521 0)
(1.07260696972 -0.0235581434281 0)
(1.07094442121 -0.0243088125125 0)
(1.06922732122 -0.0250200582618 0)
(1.0674585686 -0.0256896049388 0)
(1.06564123306 -0.0263153498002 0)
(1.06377853207 -0.026895362218 0)
(1.06187381051 -0.027427881903 0)
(1.05993052164 -0.0279113170493 0)
(1.05795220781 -0.0283442414634 0)
(1.05594248117 -0.0287253890609 0)
(1.05390500601 -0.0290536455735 0)
(1.05184348383 -0.0293280384211 0)
(1.04976164144 -0.0295477265152 0)
(1.04766322037 -0.0297119916791 0)
(1.04555196511 -0.0298202302779 0)
(1.04343161052 -0.0298719419525 0)
(1.04130587194 -0.0298667149764 0)
(1.0391784399 -0.0298042113418 0)
(1.03705297699 -0.0296841547522 0)
(1.03493311346 -0.0295063188227 0)
(1.03282244433 -0.0292705117041 0)
(1.03072453145 -0.0289765617832 0)
(1.02864290533 -0.0286243077701 0)
(1.02658106556 -0.0282135851402 0)
(1.02454248704 -0.0277442119215 0)
(1.02253062542 -0.0272159819183 0)
(1.02054892161 -0.0266286503818 0)
(1.01860081138 -0.0259819236019 0)
(1.01668973227 -0.0252754472935 0)
(1.01481914437 -0.0245087860999 0)
(1.01299254314 -0.0236814297213 0)
(1.01121347651 -0.0227927545315 0)
(1.00948560282 -0.0218420195531 0)
(1.00781269154 -0.0208284069823 0)
(1.006198643 -0.0197509167616 0)
(1.00464768017 -0.0186083697909 0)
(1.00316429314 -0.0173997246296 0)
(1.00175297793 -0.016123895844 0)
(1.00041847966 -0.0147793214592 0)
(0.999166210611 -0.013364237766 0)
(0.99800230011 -0.0118771508599 0)
(0.996932891259 -0.0103173638701 0)
(0.995963861905 -0.00868394589932 0)
(0.995101583801 -0.00697474386018 0)
(0.994353590561 -0.00518756092344 0)
(0.993728108062 -0.00332093449349 0)
(0.993233949773 -0.00137397726163 0)
(0.992880084687 0.000652581302551 0)
(0.99267545992 0.00275706308762 0)
(0.99262925564 0.00493971941362 0)
(0.992751614053 0.00720131530239 0)
(0.993053241611 0.00953998863735 0)
(0.993544261852 0.0119538926531 0)
(0.994238041339 0.0144419683296 0)
(0.995149056359 0.0169968206621 0)
(0.996294357665 0.0196069924084 0)
(0.997684767688 0.0222613709378 0)
(0.999328894068 0.0249473602592 0)
(1.0012354803 0.0276493942442 0)
(1.00341204176 0.0303489814589 0)
(1.00586463329 0.0330245410333 0)
(1.00859734245 0.0356515741602 0)
(1.01161176642 0.0382027261921 0)
(1.01490634849 0.0406479649233 0)
(1.01847625763 0.042955265269 0)
(1.02231161901 0.0450903857944 0)
(1.02640153734 0.0470129258449 0)
(1.03073743433 0.0486815558285 0)
(1.03529220305 0.0500559988939 0)
(1.04003691277 0.0510884806627 0)
(1.04493061981 0.0517351060158 0)
(1.04992178012 0.051952734048 0)
(1.05494279171 0.0517061565351 0)
(1.05991205755 0.0509768649449 0)
(1.06474179456 0.0497687229205 0)
(1.0693482363 0.0481086710839 0)
(1.0736553613 0.0460407724642 0)
(1.07760148689 0.0436298305528 0)
(1.08114431779 0.0409484019199 0)
(1.08426221158 0.0380755154051 0)
(1.09216988011 0.0338003702478 0)
(1.0945093704 0.0309606184875 0)
(1.09647481029 0.0281172748662 0)
(1.09808914786 0.0253188634213 0)
(1.09938186823 0.0226050334918 0)
(1.10038757487 0.0200081736078 0)
(1.10114486377 0.0175498511196 0)
(1.10169153116 0.0152408055126 0)
(1.10206164906 0.0130841954174 0)
(1.10228531508 0.0110775418904 0)
(1.10238867639 0.00921410280113 0)
(1.10239363144 0.00748379820095 0)
(1.10231765616 0.00587470128902 0)
(1.10217435756 0.00437420638493 0)
(1.10197414134 0.00296955581177 0)
(1.10172466048 0.00164828279097 0)
(1.10143119546 0.000398550499449 0)
(1.10109716867 -0.000790542042788 0)
(1.10072455158 -0.00192901956997 0)
(1.10031405817 -0.00302601828143 0)
(1.09986531059 -0.00408968671301 0)
(1.09937712483 -0.00512711608781 0)
(1.0988477075 -0.00614446345227 0)
(1.0982746982 -0.00714693183466 0)
(1.09765530563 -0.00813865745801 0)
(1.09698666026 -0.00912274330382 0)
(1.09626567766 -0.0101016123884 0)
(1.09548953593 -0.0110764958033 0)
(1.0946551532 -0.0120487870913 0)
(1.09375836213 -0.013018209019 0)
(1.09279594791 -0.0139820686468 0)
(1.09176666894 -0.0149375793795 0)
(1.09066994099 -0.0158823740282 0)
(1.08950528251 -0.0168138701928 0)
(1.08827265404 -0.0177292046291 0)
(1.08697256015 -0.0186254401671 0)
(1.08560593248 -0.0194996470558 0)
(1.08417406954 -0.0203489213438 0)
(1.08267862004 -0.0211704184026 0)
(1.08112155327 -0.0219613894398 0)
(1.07950512179 -0.02271920665 0)
(1.07783182827 -0.0234413801126 0)
(1.07610439554 -0.0241255698142 0)
(1.0743257385 -0.0247695929904 0)
(1.07249893858 -0.025371427396 0)
(1.07062722125 -0.0259292119049 0)
(1.06871393598 -0.0264412457147 0)
(1.06676253751 -0.0269059868091 0)
(1.06477656746 -0.027322049184 0)
(1.06275963645 -0.0276881978624 0)
(1.06071540751 -0.0280033416303 0)
(1.05864758187 -0.0282665242005 0)
(1.05655988704 -0.0284769150073 0)
(1.05445606616 -0.0286338006984 0)
(1.05233986708 -0.0287365764992 0)
(1.05021503126 -0.0287847355359 0)
(1.04808528484 -0.0287778558224 0)
(1.04595433302 -0.0287155868534 0)
(1.04382585641 -0.0285976378093 0)
(1.04170350724 -0.0284237659506 0)
(1.03959090692 -0.0281937629336 0)
(1.03749164715 -0.0279074416146 0)
(1.03540929163 -0.0275646255605 0)
(1.03334737733 -0.0271651368295 0)
(1.03130941966 -0.0267087832713 0)
(1.02929891774 -0.0261953503664 0)
(1.02731935943 -0.0256245891356 0)
(1.02537422988 -0.024996205828 0)
(1.02346701933 -0.024309851696 0)
(1.02160123938 -0.0235651073294 0)
(1.01978043663 -0.0227614824205 0)
(1.01800820847 -0.0218983923307 0)
(1.01628824412 -0.0209751519389 0)
(1.0146243366 -0.0199909980208 0)
(1.01302040233 -0.018945033071 0)
(1.01148060278 -0.017836224802 0)
(1.0100093318 -0.0166635929037 0)
(1.00861105656 -0.0154261205241 0)
(1.00729046912 -0.014122486154 0)
(1.00605278013 -0.0127512193689 0)
(1.00490377204 -0.0113110099354 0)
(1.0038493792 -0.00980104361696 0)
(1.00289538195 -0.00822043195822 0)
(1.00204797325 -0.00656756035259 0)
(1.00131436605 -0.00484072791179 0)
(1.00070252934 -0.00303875859761 0)
(1.00022099782 -0.00116104945121 0)
(0.999878518056 0.000791708689189 0)
(0.999683437996 0.00281803234951 0)
(0.999644268463 0.00491767957184 0)
(0.999770967715 0.00709078420527 0)
(1.00007437823 0.00933557509619 0)
(1.00056509863 0.0116495728352 0)
(1.00125577241 0.0140301655458 0)
(1.00216000351 0.0164698110576 0)
(1.00329066798 0.0189582863089 0)
(1.00465887713 0.021486056481 0)
(1.00627524024 0.024041365464 0)
(1.00814926314 0.0266090487012 0)
(1.01028865026 0.0291711528246 0)
(1.01269931775 0.0317069418054 0)
(1.01538504578 0.034192939975 0)
(1.01834704946 0.0366030201981 0)
(1.02158348044 0.0389085616032 0)
(1.0250893709 0.0410789029543 0)
(1.02885605715 0.0430803538532 0)
(1.03287000709 0.0448752440717 0)
(1.03711481705 0.0464281899727 0)
(1.04156786667 0.0477019794368 0)
(1.04619890416 0.0486526753771 0)
(1.05096618736 0.0492405863008 0)
(1.05581856847 0.049429160255 0)
(1.06069293291 0.0491897732158 0)
(1.06551568824 0.0485082743685 0)
(1.0702085825 0.047389220229 0)
(1.07469641149 0.0458566288527 0)
(1.07891110102 0.0439500788768 0)
(1.08279679615 0.0417255109007 0)
(1.08631394775 0.0392468474302 0)
(1.08944037156 0.0365831327751 0)
(1.09682518904 0.0325386641073 0)
(1.09921859374 0.0298813611894 0)
(1.10125921026 0.0272120109233 0)
(1.10296655547 0.0245753733056 0)
(1.10436630401 0.0220086562573 0)
(1.10548876377 0.0195419402522 0)
(1.10636751797 0.0171961681107 0)
(1.10703600145 0.0149830385563 0)
(1.10752508428 0.0129072304515 0)
(1.10786248727 0.010968037397 0)
(1.10807256421 0.00916059118123 0)
(1.10817600035 0.00747681902359 0)
(1.10818967419 0.00590668327747 0)
(1.10812702418 0.00443921317945 0)
(1.10799854098 0.00306307533887 0)
(1.10781214796 0.00176702176808 0)
(1.10757355221 0.000540235708409 0)
(1.10728666258 -0.000627387315546 0)
(1.10695394637 -0.00174519833673 0)
(1.1065766427 -0.00282175808237 0)
(1.10615493589 -0.00386474849883 0)
(1.1056881887 -0.00488091030201 0)
(1.10517512755 -0.00587610043164 0)
(1.10461393084 -0.00685527968957 0)
(1.10400235543 -0.0078224468064 0)
(1.10333799897 -0.0087806518504 0)
(1.10261826668 -0.00973223559305 0)
(1.10184063179 -0.0106785261563 0)
(1.10100244743 -0.0116205623667 0)
(1.10010050923 -0.0125581179141 0)
(1.09913226182 -0.0134891995751 0)
(1.09809653896 -0.0144114741246 0)
(1.09699281236 -0.0153227561919 0)
(1.09582078606 -0.0162206613452 0)
(1.09458058035 -0.0171025613717 0)
(1.09327280086 -0.0179657356927 0)
(1.09189845885 -0.0188074464267 0)
(1.09045892154 -0.0196249660397 0)
(1.08895589201 -0.0204156117729 0)
(1.08739138094 -0.0211767804406 0)
(1.08576767296 -0.0219059737836 0)
(1.08408729569 -0.0226008163962 0)
(1.08235299135 -0.0232590687409 0)
(1.08056769008 -0.0238786356312 0)
(1.07873448545 -0.0244575708025 0)
(1.07685661258 -0.0249940787349 0)
(1.07493742833 -0.0254865147455 0)
(1.07298039297 -0.0259333838934 0)
(1.07098905244 -0.0263333384866 0)
(1.06896702138 -0.0266851736312 0)
(1.06691796748 -0.0269878208237 0)
(1.06484559765 -0.0272403401293 0)
(1.06275364628 -0.027441911794 0)
(1.06064586463 -0.0275918279932 0)
(1.05852601054 -0.0276894842353 0)
(1.05639783833 -0.0277343692479 0)
(1.05426509057 -0.0277260531767 0)
(1.05213149239 -0.0276641753441 0)
(1.05000074755 -0.0275484328807 0)
(1.04787653506 -0.0273785694868 0)
(1.04576250705 -0.0271543629655 0)
(1.04366228926 -0.0268756129859 0)
(1.0415794826 -0.0265421305477 0)
(1.03951766488 -0.0261537267014 0)
(1.03748039525 -0.0257102010021 0)
(1.03547121935 -0.0252113328049 0)
(1.03349367469 -0.0246568705917 0)
(1.03155129854 -0.0240465221645 0)
(1.02964763625 -0.0233799453836 0)
(1.027786255 -0.0226567357174 0)
(1.02597075734 -0.0218764230648 0)
(1.02420479625 -0.0210384566859 0)
(1.02249210602 -0.0201421990912 0)
(1.02083651895 -0.0191869385712 0)
(1.01924198443 -0.0181718604293 0)
(1.01771264787 -0.0170960471337 0)
(1.01625285755 -0.0159585888583 0)
(1.01486707609 -0.0147585402033 0)
(1.01355997641 -0.0134947604522 0)
(1.01233664045 -0.0121660113026 0)
(1.01120260833 -0.0107711601646 0)
(1.01016363147 -0.0093093915626 0)
(1.0092254436 -0.00777988928111 0)
(1.00839412959 -0.00618141465895 0)
(1.00767660265 -0.0045126705118 0)
(1.00708049256 -0.00277276731977 0)
(1.0066139652 -0.000961337922678 0)
(1.00628545184 0.000921005108943 0)
(1.00610308925 0.00287294009304 0)
(1.0060750887 0.00489372594877 0)
(1.00621089383 0.00698281637075 0)
(1.00652095851 0.00913833037602 0)
(1.00701584973 0.0113574314951 0)
(1.00770743996 0.0136366191577 0)
(1.00860831701 0.0159686821148 0)
(1.00972982038 0.0183439960792 0)
(1.01108236269 0.0207530751917 0)
(1.01267645002 0.0231845823228 0)
(1.01452166398 0.0256241520786 0)
(1.01662579263 0.0280547467844 0)
(1.01899468169 0.0304567175572 0)
(1.02163193847 0.0328078558357 0)
(1.02453856187 0.035083507081 0)
(1.02771252977 0.0372567067003 0)
(1.03114862743 0.039298480671 0)
(1.03483817018 0.0411771135297 0)
(1.03876707486 0.0428573096314 0)
(1.04291631688 0.044305141645 0)
(1.04726294533 0.0454866482954 0)
(1.05177672125 0.0463632637696 0)
(1.05641695366 0.046899445997 0)
(1.06113409099 0.0470637892554 0)
(1.06586900503 0.0468325826561 0)
(1.07055451455 0.0461947833414 0)
(1.07511995344 0.0451552432144 0)
(1.07949718327 0.0437354458065 0)
(1.08362451384 0.0419708695738 0)
(1.08745083432 0.0399105786733 0)
(1.09093893096 0.0376112837299 0)
(1.09406648624 0.035134106569 0)
(1.10098979056 0.0313043235637 0)
(1.10342567771 0.0288125558881 0)
(1.10552837578 0.0263020154324 0)
(1.1073142723 0.0238141518782 0)
(1.1088055848 0.021383851357 0)
(1.11002886521 0.0190393079001 0)
(1.11101355649 0.0168007792564 0)
(1.11178937711 0.0146804984225 0)
(1.11238430309 0.0126842423371 0)
(1.11282382837 0.0108126929061 0)
(1.11313060737 0.00906252381609 0)
(1.11332413815 0.00742732319955 0)
(1.11342062323 0.0058986570063 0)
(1.11343320448 0.0044669844239 0)
(1.11337232812 0.00312223678473 0)
(1.11324606257 0.00185426387402 0)
(1.1130604071 0.000653180195125 0)
(1.11281964089 -0.000490365747093 0)
(1.11252663228 -0.00158509259047 0)
(1.11218305431 -0.0026390227926 0)
(1.11178956038 -0.00365939567485 0)
(1.11134598496 -0.00465260678026 0)
(1.11085151577 -0.00562422682261 0)
(1.11030480317 -0.00657898801133 0)
(1.10970408189 -0.00752074273068 0)
(1.1090473763 -0.00845246765453 0)
(1.10833252348 -0.00937642337856 0)
(1.10755733833 -0.0102939756765 0)
(1.10671957047 -0.0112059942515 0)
(1.10581670073 -0.012112309955 0)
(1.10484669542 -0.013011402105 0)
(1.10380853525 -0.0139013068945 0)
(1.10270178623 -0.0147800297769 0)
(1.10152631153 -0.015645374034 0)
(1.10028236896 -0.0164949210579 0)
(1.09897065642 -0.0173261464725 0)
(1.09759225633 -0.0181364893079 0)
(1.09614859482 -0.0189233852321 0)
(1.09464142058 -0.0196843014893 0)
(1.09307277846 -0.0204167704653 0)
(1.09144497894 -0.0211184151146 0)
(1.08976056942 -0.0217869676228 0)
(1.0880223074 -0.0224202832158 0)
(1.08623313514 -0.0230163495798 0)
(1.08439615613 -0.023573292505 0)
(1.08251461387 -0.0240893787265 0)
(1.08059187241 -0.0245630168146 0)
(1.07863139828 -0.024992756586 0)
(1.07663674339 -0.025377286989 0)
(1.07461152866 -0.0257154321879 0)
(1.07255942905 -0.0260061458963 0)
(1.07048416009 -0.0262485043942 0)
(1.06838946626 -0.0264416988471 0)
(1.06627911052 -0.0265850274109 0)
(1.06415686444 -0.0266778868569 0)
(1.06202649881 -0.0267197629986 0)
(1.05989177591 -0.0267102198482 0)
(1.05775644385 -0.0266488883204 0)
(1.05562423249 -0.0265354553827 0)
(1.05349885034 -0.0263696532764 0)
(1.05138398257 -0.0261512479867 0)
(1.04928329123 -0.0258800278279 0)
(1.04720041655 -0.0255557931391 0)
(1.0451389789 -0.0251783457447 0)
(1.04310258277 -0.0247474783223 0)
(1.04109482177 -0.0242629656301 0)
(1.03911928413 -0.0237245548404 0)
(1.03717956026 -0.0231319563608 0)
(1.03527925127 -0.022484835363 0)
(1.03342198114 -0.0217828015727 0)
(1.03161140997 -0.0210254048785 0)
(1.02985124838 -0.0202121251026 0)
(1.02814528219 -0.0193423667572 0)
(1.02649739051 -0.0184154664725 0)
(1.02491156414 -0.0174306791019 0)
(1.02339195929 -0.0163871789497 0)
(1.02194291237 -0.0152841269132 0)
(1.02056889458 -0.0141206518612 0)
(1.01927457617 -0.0128957582401 0)
(1.01806496082 -0.0116083912129 0)
(1.01694542698 -0.0102575733871 0)
(1.015921585 -0.00884254088205 0)
(1.01499912716 -0.00736256301993 0)
(1.01418406194 -0.00581667881302 0)
(1.01348306128 -0.00420392251093 0)
(1.01290343135 -0.00252367094941 0)
(1.01245297152 -0.000775769419815 0)
(1.01213977682 0.00103917177669 0)
(1.01197181655 0.00291991144909 0)
(1.01195712741 0.00486536893159 0)
(1.01210468188 0.00687446381122 0)
(1.01242439027 0.00894509254328 0)
(1.01292647682 0.011074133998 0)
(1.01362205036 0.0132575481026 0)
(1.01452271799 0.015488456498 0)
(1.01563898473 0.0177577627056 0)
(1.01698056092 0.020055901444 0)
(1.01855724007 0.0223717276905 0)
(1.02037812127 0.024691535426 0)
(1.02245072532 0.0269991339657 0)
(1.02478066607 0.029275885122 0)
(1.02737132066 0.0315007549446 0)
(1.03022346742 0.0336504315122 0)
(1.03333490817 0.0356994531211 0)
(1.03670020484 0.0376204387078 0)
(1.04031041901 0.0393837328282 0)
(1.04415144379 0.0409568316936 0)
(1.0482036917 0.0423076663353 0)
(1.05244355692 0.0434046164002 0)
(1.05684096111 0.0442136707038 0)
(1.06135673402 0.0447032798611 0)
(1.06594353866 0.0448462564092 0)
(1.07054601701 0.0446227012759 0)
(1.07510239895 0.0440238826727 0)
(1.07954826415 0.0430547863482 0)
(1.08382138751 0.0417347726292 0)
(1.0878653342 0.0400957074189 0)
(1.09163291905 0.0381810214166 0)
(1.09508895088 0.0360412818408 0)
(1.09821119249 0.0337310494995 0)
(1.10472271057 0.0301014536043 0)
(1.10719114599 0.0277601447873 0)
(1.10934440944 0.0253948394209 0)
(1.11119609857 0.0230440117099 0)
(1.11276534038 0.0207403589985 0)
(1.11407537764 0.0185104201578 0)
(1.11515214151 0.0163737425221 0)
(1.11602214635 0.0143428175484 0)
(1.1167107711 0.0124242119172 0)
(1.11724145558 0.0106196962905 0)
(1.11763526233 0.00892720887162 0)
(1.11791054504 0.00734171781985 0)
(1.11808279546 0.00585615025242 0)
(1.1181647815 0.00446220994456 0)
(1.11816681474 0.00315094547001 0)
(1.11809701214 0.0019131895467 0)
(1.11796156189 0.000739901631832 0)
(1.11776501821 -0.000377569533887 0)
(1.11751056955 -0.00144735165876 0)
(1.11720024585 -0.00247696437248 0)
(1.11683509174 -0.00347322985538 0)
(1.116415345 -0.0044422106367 0)
(1.11594059699 -0.00538920399392 0)
(1.11540991043 -0.00631872472685 0)
(1.11482193723 -0.00723447635909 0)
(1.11417508715 -0.00813934993293 0)
(1.11346758167 -0.00903553028058 0)
(1.1126975763 -0.00992439037327 0)
(1.11186318494 -0.0108067152231 0)
(1.11096240751 -0.0116823999678 0)
(1.10999362816 -0.0125502625672 0)
(1.10895599944 -0.0134086380786 0)
(1.10784919974 -0.0142557164408 0)
(1.10667323198 -0.0150894763589 0)
(1.10542847363 -0.0159076872736 0)
(1.10411570612 -0.0167080028522 0)
(1.1027360752 -0.0174880250132 0)
(1.10129105737 -0.0182453404282 0)
(1.09978243922 -0.018977555635 0)
(1.09821229303 -0.0196823295956 0)
(1.09658294914 -0.0203573990643 0)
(1.09489696935 -0.0210005977407 0)
(1.09315712171 -0.0216098706796 0)
(1.0913663565 -0.0221832844543 0)
(1.08952778377 -0.0227190336681 0)
(1.08764465264 -0.0232154446434 0)
(1.08572033235 -0.0236709770204 0)
(1.08375829455 -0.0240842236867 0)
(1.0817620966 -0.0244539090835 0)
(1.07973536578 -0.0247788858059 0)
(1.07768178476 -0.0250581295955 0)
(1.07560507846 -0.0252907330739 0)
(1.07350900255 -0.025475898694 0)
(1.07139733312 -0.025612931256 0)
(1.06927385708 -0.0257012298509 0)
(1.06714236335 -0.0257402788097 0)
(1.06500663539 -0.0257296376504 0)
(1.0628704456 -0.0256689305864 0)
(1.06073755126 -0.0255578362238 0)
(1.05861169144 -0.0253960772853 0)
(1.05649658527 -0.0251834098479 0)
(1.05439593182 -0.0249196126409 0)
(1.05231341133 -0.0246044771106 0)
(1.05025268714 -0.0242377975083 0)
(1.04821740938 -0.0238193610184 0)
(1.04621121977 -0.0233489391823 0)
(1.04423775719 -0.0228262790135 0)
(1.04230066496 -0.0222510944759 0)
(1.04040359931 -0.0216230587195 0)
(1.03855024069 -0.0209417954856 0)
(1.0367443064 -0.0202068743938 0)
(1.03498956451 -0.0194178036465 0)
(1.03328985457 -0.0185740258924 0)
(1.03164910547 -0.0176749229956 0)
(1.03007135328 -0.01671981015 0)
(1.02856077976 -0.0157079383921 0)
(1.02712172992 -0.0146385373794 0)
(1.02575869182 -0.0135108100797 0)
(1.02447634253 -0.0123238809446 0)
(1.02327964069 -0.0110768424241 0)
(1.02217386003 -0.00976885029903 0)
(1.02116450803 -0.00839921467893 0)
(1.02025723446 -0.00696729933035 0)
(1.01945798312 -0.0054723632211 0)
(1.01877323662 -0.003913711091 0)
(1.01821002403 -0.00229095234958 0)
(1.01777581622 -0.00060412101088 0)
(1.01747838803 0.00114612257036 0)
(1.01732552289 0.00295855359512 0)
(1.01732509951 0.00483185705669 0)
(1.01748569513 0.0067645495823 0)
(1.01781667643 0.00875428146784 0)
(1.01832779038 0.010797692099 0)
(1.01902941054 0.012890394395 0)
(1.01993224279 0.0150257379034 0)
(1.02104612804 0.0171950658634 0)
(1.02238015306 0.0193888672806 0)
(1.02394330044 0.0215961665638 0)
(1.02574393725 0.0238037784346 0)
(1.02778905349 0.0259962534415 0)
(1.03008384776 0.0281558822198 0)
(1.03263135507 0.0302627315679 0)
(1.03543207064 0.0322947519258 0)
(1.03848357896 0.0342279025582 0)
(1.04178023248 0.0360363473386 0)
(1.04531285319 0.0376923494259 0)
(1.04906743773 0.0391659891581 0)
(1.0530245533 0.0404273408898 0)
(1.05716039081 0.0414469967082 0)
(1.06144523519 0.0421946106832 0)
(1.06584150391 0.0426421660964 0)
(1.07030425734 0.0427659920912 0)
(1.07478169561 0.0425492452943 0)
(1.07921676165 0.0419849913608 0)
(1.08355032615 0.0410782640674 0)
(1.08772519756 0.0398466319324 0)
(1.09168936189 0.0383188233769 0)
(1.09539894723 0.0365335864159 0)
(1.09882054425 0.0345362528379 0)
(1.10193212681 0.0323758513934 0)
(1.10807196062 0.0289330133336 0)
(1.11056452791 0.0267287136643 0)
(1.11275842766 0.0244964475644 0)
(1.11466480479 0.0222719951845 0)
(1.11630005203 0.020086012025 0)
(1.11768449716 0.0179635397929 0)
(1.11884104488 0.0159234012377 0)
(1.11979341798 0.0139781505863 0)
(1.12056466701 0.012134906413 0)
(1.12117635102 0.0103962875425 0)
(1.12164805322 0.00876126480566 0)
(1.12199703739 0.00722595384075 0)
(1.12223807745 0.00578443728901 0)
(1.12238352343 0.00442950021269 0)
(1.12244349219 0.00315317660326 0)
(1.12242607893 0.00194717732393 0)
(1.12233758311 0.000803226443269 0)
(1.12218275883 -0.000286681104236 0)
(1.12196504768 -0.00133012371395 0)
(1.12168677268 -0.00233415244664 0)
(1.12134930555 -0.00330519786081 0)
(1.1209532282 -0.00424900476728 0)
(1.12049848298 -0.00517061033731 0)
(1.11998449225 -0.00607432265162 0)
(1.11941027245 -0.0069636975688 0)
(1.11877457856 -0.00784153405769 0)
(1.11807597467 -0.00870994491296 0)
(1.11731293659 -0.00957029415047 0)
(1.11648390863 -0.0104233267879 0)
(1.11558730299 -0.0112690027454 0)
(1.11462184658 -0.0121063900928 0)
(1.11358686712 -0.0129340669557 0)
(1.11248216102 -0.0137503953939 0)
(1.11130785521 -0.0145535164313 0)
(1.11006443202 -0.0153413688007 0)
(1.10875274798 -0.0161117679353 0)
(1.10737400489 -0.0168624656424 0)
(1.10592972228 -0.0175911883371 0)
(1.10442171798 -0.0182956720403 0)
(1.10285208578 -0.0189736940473 0)
(1.10122317046 -0.0196230981229 0)
(1.09953754323 -0.0202418139455 0)
(1.09779797812 -0.02082787194 0)
(1.09600742924 -0.0213794140053 0)
(1.0941690094 -0.0218947007193 0)
(1.09228597008 -0.0223721157271 0)
(1.09036168292 -0.0228101679609 0)
(1.08839962245 -0.0232074920677 0)
(1.08640334981 -0.0235628471411 0)
(1.08437649738 -0.0238751138087 0)
(1.08232275463 -0.0241432898164 0)
(1.08024585525 -0.0243664843922 0)
(1.07814956577 -0.0245439117751 0)
(1.07603767534 -0.0246748841635 0)
(1.07391398638 -0.02475880403 0)
(1.07178230613 -0.024795155568 0)
(1.06964643938 -0.0247834953217 0)
(1.06751018292 -0.0247234423986 0)
(1.06537732145 -0.0246146687167 0)
(1.06325162459 -0.0244568892429 0)
(1.06113684518 -0.0242498518938 0)
(1.05903671902 -0.0239933274633 0)
(1.05695496592 -0.023687100113 0)
(1.05489529165 -0.0233309580205 0)
(1.05286139129 -0.0229246841686 0)
(1.05085695394 -0.022468048097 0)
(1.04888566811 -0.0219607976772 0)
(1.04695122891 -0.0214026512395 0)
(1.04505734631 -0.0207932904513 0)
(1.04320775582 -0.0201323529464 0)
(1.04140623053 -0.0194194277242 0)
(1.03965659451 -0.0186540497462 0)
(1.03796274084 -0.0178356968558 0)
(1.03632864877 -0.0169637931851 0)
(1.03475840065 -0.0160377076857 0)
(1.03325621143 -0.0150567578008 0)
(1.03182644644 -0.0140202384136 0)
(1.03047361576 -0.012927423757 0)
(1.02920240914 -0.0117775402037 0)
(1.0280177614 -0.0105698020041 0)
(1.02692487967 -0.00930348068171 0)
(1.02592919818 -0.00797796928 0)
(1.02503632552 -0.00659272914012 0)
(1.02425214647 -0.00514719901245 0)
(1.02358299322 -0.00364090347254 0)
(1.02303566574 -0.00207364961415 0)
(1.02261735374 -0.000445636311628 0)
(1.02233554352 0.00124240160534 0)
(1.02219781566 0.00298921393824 0)
(1.02221187505 0.00479330899187 0)
(1.02238595738 0.00665290055943 0)
(1.02272893344 0.00856541709048 0)
(1.02325004087 0.0105273059901 0)
(1.02395896529 0.0125339556276 0)
(1.02486559811 0.0145788728865 0)
(1.02597915772 0.0166537573882 0)
(1.02730814937 0.01874924244 0)
(1.02886078449 0.0208545466356 0)
(1.03064464022 0.0229569318042 0)
(1.03266604566 0.0250416063751 0)
(1.03492965621 0.0270917091387 0)
(1.0374380631 0.0290883312271 0)
(1.04019140617 0.0310106103504 0)
(1.04318700068 0.0328358536191 0)
(1.04641898244 0.0345397168629 0)
(1.04987797455 0.0360962477097 0)
(1.05355009588 0.037477820309 0)
(1.05741629698 0.038656649362 0)
(1.06145295852 0.0396054946448 0)
(1.06563094934 0.0402970678494 0)
(1.06991425481 0.0407064124605 0)
(1.0742602994 0.0408128134267 0)
(1.07862057978 0.0406019208191 0)
(1.08294219431 0.0400682324005 0)
(1.08717057888 0.0392167765949 0)
(1.09125289046 0.0380635963029 0)
(1.09514090683 0.0366347060346 0)
(1.09879360944 0.0349649203128 0)
(1.10217918522 0.0330950963492 0)
(1.10527590697 0.0310695461065 0)
(1.1110763415 0.027800958855 0)
(1.11358607463 0.0257216802156 0)
(1.11581220581 0.0236115008254 0)
(1.11776374142 0.0215037538239 0)
(1.11945467126 0.0194272013738 0)
(1.12090275981 0.0174055077499 0)
(1.12212827983 0.0154567645849 0)
(1.12315250441 0.0135934476256 0)
(1.12399639581 0.0118230418646 0)
(1.12467979731 0.0101488191656 0)
(1.12522092459 0.00857058933122 0)
(1.12563601286 0.00708542210921 0)
(1.12593912955 0.00568838145768 0)
(1.12614218555 0.00437319080547 0)
(1.12625506471 0.00313275245947 0)
(1.12628579098 0.00195956094112 0)
(1.12624071779 0.000846031113744 0)
(1.12612474108 -0.000215248754202 0)
(1.12594150161 -0.00123134853097 0)
(1.12569356338 -0.00220888359338 0)
(1.12538257286 -0.00315391786127 0)
(1.12500940646 -0.00407189516442 0)
(1.12457431152 -0.00496760610736 0)
(1.12407702443 -0.00584516238995 0)
(1.12351688083 -0.00670797561974 0)
(1.12289294357 -0.00755875011162 0)
(1.12220408195 -0.00839952977462 0)
(1.12144906482 -0.00923166114765 0)
(1.12062663283 -0.0100558721527 0)
(1.11973553663 -0.0108721833624 0)
(1.11877479023 -0.0116798529681 0)
(1.11774389002 -0.0124776587432 0)
(1.11664274917 -0.0132641199225 0)
(1.1154716054 -0.0140375265292 0)
(1.11423103333 -0.0147959701757 0)
(1.11292195652 -0.0155374135479 0)
(1.11154562613 -0.0162597464066 0)
(1.11010359832 -0.0169608245461 0)
(1.10859771642 -0.0176385044495 0)
(1.10703009067 -0.0182906741377 0)
(1.10540307561 -0.0189152780965 0)
(1.10371924744 -0.0195103368474 0)
(1.10198138204 -0.0200739620553 0)
(1.10019243353 -0.0206043676618 0)
(1.09835551382 -0.0210998776331 0)
(1.09647387338 -0.0215589309207 0)
(1.09455088329 -0.0219800842167 0)
(1.09259001831 -0.0223620128408 0)
(1.09059484111 -0.02270350988 0)
(1.08856898723 -0.023003483728 0)
(1.08651615125 -0.0232609541995 0)
(1.08444007419 -0.0234750474609 0)
(1.0823445322 -0.0236449900939 0)
(1.08023332649 -0.0237701024807 0)
(1.07811027421 -0.0238497915075 0)
(1.07597920012 -0.023883542486 0)
(1.07384392957 -0.0238709103876 0)
(1.07170828298 -0.0238115106888 0)
(1.06957607163 -0.0237050101564 0)
(1.0674510948 -0.0235511176002 0)
(1.06533713804 -0.0233495743633 0)
(1.06323797283 -0.0231001448168 0)
(1.06115735743 -0.0228026072903 0)
(1.05909903874 -0.0224567452368 0)
(1.0570667555 -0.0220623386104 0)
(1.05506424269 -0.0216191560113 0)
(1.05309523696 -0.0211269470469 0)
(1.05116348341 -0.020585435078 0)
(1.04927274386 -0.019994310696 0)
(1.04742680686 -0.0193532253108 0)
(1.04562949927 -0.0186617868673 0)
(1.04388469904 -0.0179195557393 0)
(1.04219635136 -0.0171260425612 0)
(1.04056848489 -0.0162807109892 0)
(1.03900522785 -0.0153829787288 0)
(1.03751083175 -0.0144322221132 0)
(1.03608968861 -0.0134277970716 0)
(1.03474633347 -0.0123690450754 0)
(1.03348547223 -0.0112552810688 0)
(1.03231202932 -0.0100858227468 0)
(1.03123117018 -0.00886004344906 0)
(1.03024827731 -0.0075774205483 0)
(1.02936892163 -0.00623751102829 0)
(1.02859893354 -0.00483990366907 0)
(1.02794452286 -0.00338430311168 0)
(1.02741230107 -0.00187068323199 0)
(1.02700922118 -0.000299385660303 0)
(1.02674251606 0.00132877179656 0)
(1.02661955883 0.00301248969587 0)
(1.02664786449 0.00475013629648 0)
(1.02683536164 0.00653969837746 0)
(1.02719047863 0.00837842196137 0)
(1.02772195983 0.0102626080247 0)
(1.02843886196 0.0121875039847 0)
(1.02935034649 0.0141467382885 0)
(1.03046502934 0.016132303395 0)
(1.03179085446 0.0181350225458 0)
(1.03333532679 0.020144340423 0)
(1.03510526085 0.0221479329525 0)
(1.03710628936 0.0241316062527 0)
(1.03934246197 0.0260792736479 0)
(1.04181586037 0.0279729715976 0)
(1.04452621223 0.0297929437858 0)
(1.04747051833 0.0315177622917 0)
(1.05064268289 0.0331245006469 0)
(1.05403315995 0.0345888655277 0)
(1.05762817909 0.0358852772192 0)
(1.06140911947 0.0369879839337 0)
(1.06535278043 0.0378718160111 0)
(1.06943077662 0.0385121103458 0)
(1.07360861628 0.0388865583707 0)
(1.07784596335 0.0389769439552 0)
(1.08209732204 0.0387709741341 0)
(1.08631346574 0.0382643051786 0)
(1.09044380968 0.0374619296258 0)
(1.09443930598 0.0363785860461 0)
(1.09825503212 0.0350379444077 0)
(1.10185246764 0.0334714827762 0)
(1.1052012495 0.0317162151395 0)
(1.10828001245 0.0298123954438 0)
(1.11376705483 0.0267064111956 0)
(1.11628832045 0.0247414779338 0)
(1.1185396901 0.0227435588148 0)
(1.12052831475 0.0207437594312 0)
(1.12226608094 0.0187690908021 0)
(1.12376850259 0.0168419378373 0)
(1.12505355216 0.0149796624708 0)
(1.12614034372 0.0131945606639 0)
(1.12704796622 0.0114943393021 0)
(1.12779470122 0.00988276473798 0)
(1.12839750477 0.00836032426957 0)
(1.12887164821 0.00692488027876 0)
(1.12923051578 0.0055723301009 0)
(1.12948557357 0.00429721070274 0)
(1.12964644997 0.00309318884667 0)
(1.12972106385 0.00195345780787 0)
(1.12971578098 0.00087105580757 0)
(1.12963559508 -0.000160885926532 0)
(1.12948430318 -0.00114896786943 0)
(1.12926466832 -0.00209940098709 0)
(1.12897856929 -0.00301790662154 0)
(1.12862713588 -0.00390964470438 0)
(1.12821088139 -0.004779172608 0)
(1.12772981746 -0.00563041560775 0)
(1.12718356035 -0.00646664571141 0)
(1.12657144722 -0.00729047240984 0)
(1.12589261929 -0.0081038734271 0)
(1.12514611 -0.00890817316509 0)
(1.1243309242 -0.0097040933068 0)
(1.12344609664 -0.0104917089592 0)
(1.12249088563 -0.0112704266652 0)
(1.12146494537 -0.012039189716 0)
(1.12036830104 -0.0127966589706 0)
(1.11920128979 -0.0135412604573 0)
(1.11796456761 -0.0142712242121 0)
(1.11665911765 -0.0149846472281 0)
(1.11528623428 -0.0156795463239 0)
(1.11384750468 -0.0163538971644 0)
(1.11234479275 -0.0170056684109 0)
(1.11078022082 -0.0176328517803 0)
(1.10915614919 -0.0182334866317 0)
(1.10747515534 -0.0188056795365 0)
(1.10574001346 -0.0193476195325 0)
(1.10395367423 -0.0198575895349 0)
(1.10211924546 -0.0203339744922 0)
(1.10023997353 -0.0207752668123 0)
(1.09831922602 -0.0211800695746 0)
(1.09636047532 -0.0215470978314 0)
(1.09436728316 -0.0218751781196 0)
(1.09234328605 -0.0221632464088 0)
(1.09029218167 -0.0224103446987 0)
(1.08821771647 -0.0226156164605 0)
(1.08612367452 -0.022778301202 0)
(1.08401386758 -0.0228977282816 0)
(1.08189212606 -0.0229733099963 0)
(1.07976229094 -0.0230045339536 0)
(1.07762820676 -0.0229909548561 0)
(1.07549371618 -0.022932185917 0)
(1.07336265573 -0.0228278901704 0)
(1.0712388529 -0.0226777717335 0)
(1.06912612443 -0.0224815668298 0)
(1.06702827594 -0.0222390347972 0)
(1.06494910251 -0.021949949456 0)
(1.0628923905 -0.0216140907571 0)
(1.0608619205 -0.021231236692 0)
(1.05886147157 -0.0208011558599 0)
(1.05689482646 -0.0203236003637 0)
(1.05496577824 -0.0197982991443 0)
(1.0530781383 -0.0192249520175 0)
(1.05123574595 -0.0186032240369 0)
(1.04944247941 -0.0179327416066 0)
(1.04770226807 -0.0172130893215 0)
(1.04601910718 -0.0164438085623 0)
(1.04439707317 -0.0156243999999 0)
(1.04284033883 -0.0147543260723 0)
(1.04135319327 -0.0138330162254 0)
(1.03994005828 -0.0128598832166 0)
(1.03860549526 -0.0118343313704 0)
(1.03735422817 -0.0107557539172 0)
(1.03619117957 -0.0096235582315 0)
(1.03512148937 -0.00843720804492 0)
(1.03415050339 -0.00719626235017 0)
(1.03328375934 -0.00590036883724 0)
(1.0325270378 -0.00454924360015 0)
(1.03188644679 -0.00314274051887 0)
(1.03136844145 -0.00168097411781 0)
(1.03097977568 -0.00016440904603 0)
(1.03072746178 0.00140605473349 0)
(1.0306186709 0.00302905798634 0)
(1.03066072053 0.00470285575443 0)
(1.03086125645 0.0064252644865 0)
(1.03122831199 0.00819338763645 0)
(1.03177017271 0.0100034203133 0)
(1.03249532834 0.0118505284781 0)
(1.03341228922 0.0137284461713 0)
(1.03452909454 0.0156294150928 0)
(1.03585314435 0.0175444721093 0)
(1.03739129799 0.0194633146085 0)
(1.03914966334 0.0213740175449 0)
(1.04113319355 0.0232629423006 0)
(1.04334532009 0.0251147157603 0)
(1.04578758717 0.026912247048 0)
(1.0484592778 0.0286368061146 0)
(1.05135704805 0.0302681445983 0)
(1.05447455689 0.0317846678378 0)
(1.0578021069 0.0331636190697 0)
(1.06132602117 0.0343812549793 0)
(1.06502808732 0.0354137152327 0)
(1.06888562656 0.0362377676009 0)
(1.0728710838 0.0368310371929 0)
(1.07695142498 0.0371735128852 0)
(1.0810883939 0.0372491042058 0)
(1.08523921201 0.0370472306787 0)
(1.08935790313 0.0365644962592 0)
(1.09339736919 0.0358058402929 0)
(1.09731189434 0.0347848813608 0)
(1.10105945488 0.0335232625352 0)
(1.10460374269 0.0320496092429 0)
(1.10791572421 0.0303976182106 0)
(1.11097444098 0.0286040270345 0)
(1.11616907433 0.0256498104296 0)
(1.11869742704 0.0237897192282 0)
(1.12096831352 0.0218952488552 0)
(1.12298727952 0.019995473625 0)
(1.12476437494 0.0181157864443 0)
(1.1263131396 0.0162773782188 0)
(1.12764952973 0.0144968898119 0)
(1.12879075174 0.0127863654915 0)
(1.12975421451 0.0111536216021 0)
(1.13055678087 0.00960279009567 0)
(1.13121424998 0.00813490117346 0)
(1.13174099491 0.00674847443409 0)
(1.13214974751 0.0054401146214 0)
(1.13245153432 0.00420506342493 0)
(1.13265571731 0.0030376601546 0)
(1.13277008822 0.00193172075227 0)
(1.13280099551 0.000880845476779 0)
(1.13275349741 -0.000121338663306 0)
(1.13263151369 -0.00108099974163 0)
(1.13243797275 -0.00200397381608 0)
(1.13217495141 -0.00289566255554 0)
(1.1318437991 -0.00376095879868 0)
(1.13144526235 -0.00460419959046 0)
(1.13097959546 -0.00542913332206 0)
(1.13044666276 -0.00623889765361 0)
(1.12984604615 -0.0070360085054 0)
(1.12917712965 -0.00782237972417 0)
(1.12843918434 -0.00859931083012 0)
(1.12763145004 -0.00936752177328 0)
(1.12675320394 -0.0101271354801 0)
(1.1258039147 -0.0108776767184 0)
(1.12478338194 -0.0116182271584 0)
(1.12369173629 -0.0123475742852 0)
(1.12252940437 -0.0130642677918 0)
(1.12129711425 -0.0137666632997 0)
(1.1199959018 -0.0144529805259 0)
(1.11862709909 -0.015121353424 0)
(1.11719231935 -0.0157698688309 0)
(1.11569344281 -0.0163965999834 0)
(1.1141326002 -0.0169996358 0)
(1.11251215421 -0.0175771050694 0)
(1.11083468048 -0.0181271959249 0)
(1.10910294852 -0.0186481711407 0)
(1.10731990275 -0.0191383797069 0)
(1.10548864406 -0.0195962652837 0)
(1.10361241205 -0.0200203719981 0)
(1.1016945682 -0.0204093480449 0)
(1.09973858005 -0.0207619473568 0)
(1.09774800609 -0.0210770294389 0)
(1.09572648158 -0.0213535576861 0)
(1.09367770518 -0.021590596415 0)
(1.0916054268 -0.0217873067707 0)
(1.08951343652 -0.0219429417678 0)
(1.08740555482 -0.022056840517 0)
(1.08528562368 -0.0221284216795 0)
(1.08315749862 -0.0221571762623 0)
(1.08102504171 -0.022142659911 0)
(1.07889211617 -0.0220844848451 0)
(1.07676258206 -0.0219823116769 0)
(1.07464029331 -0.021835841181 0)
(1.07252909611 -0.0216448058011 0)
(1.07043282832 -0.0214089611215 0)
(1.06835531999 -0.021128077665 0)
(1.06630039497 -0.0208019329931 0)
(1.06427187369 -0.0204303041054 0)
(1.0622735772 -0.0200129604355 0)
(1.06030933219 -0.0195496572452 0)
(1.05838297743 -0.019040129513 0)
(1.05649837148 -0.018484086499 0)
(1.05465940197 -0.0178812067472 0)
(1.05286999601 -0.0172311346085 0)
(1.05113413185 -0.016533477811 0)
(1.04945585254 -0.0157878066912 0)
(1.04783928024 -0.0149936566412 0)
(1.04628863059 -0.0141505314586 0)
(1.04480823012 -0.0132579090584 0)
(1.04340253155 -0.0123152550077 0)
(1.042076123 -0.0113220321105 0)
(1.04083374755 -0.0102777036413 0)
(1.03968033115 -0.00918175594826 0)
(1.03862099872 -0.00803373361826 0)
(1.03766106992 -0.00683327259732 0)
(1.03680605358 -0.00558010490865 0)
(1.03606168504 -0.00427405599395 0)
(1.03543398609 -0.00291510476337 0)
(1.03492928049 -0.00150348456408 0)
(1.03455415357 -3.97657198175e-05 0)
(1.03431542562 0.00147507561312 0)
(1.03422007691 0.00303961866132 0)
(1.03427522826 0.00465202672547 0)
(1.03448826248 0.00630998861544 0)
(1.03486685812 0.00801050077484 0)
(1.03541888122 0.00974968720743 0)
(1.03615231331 0.0115226762558 0)
(1.03707508508 0.0133233028765 0)
(1.03819469312 0.0151440298877 0)
(1.03951801592 0.0169761196199 0)
(1.04105132095 0.018809540122 0)
(1.04280007073 0.0206327569344 0)
(1.04476857967 0.0224326560999 0)
(1.04695967993 0.024194529278 0)
(1.04937437977 0.0259020952258 0)
(1.05201150841 0.0275375768388 0)
(1.05486736367 0.0290818230415 0)
(1.05793535173 0.0305144821728 0)
(1.06120563371 0.0318142166523 0)
(1.06466460955 0.0329589385232 0)
(1.06829443596 0.0339265257062 0)
(1.07207298395 0.0346955344099 0)
(1.07597354946 0.0352456013937 0)
(1.07996447191 0.0355587164736 0)
(1.08400940373 0.0356206090657 0)
(1.08806800675 0.0354221364751 0)
(1.09209717829 0.0349606844122 0)
(1.0960528832 0.0342411283112 0)
(1.09989234044 0.0332761192875 0)
(1.10357608721 0.0320855435923 0)
(1.10706978844 0.0306955709723 0)
(1.11034563496 0.0291370210277 0)
(1.1133831044 0.0274435662333 0)
(1.11830227404 0.0246310566318 0)
(1.12083430203 0.0228673472198 0)
(1.12312010296 0.0210684255955 0)
(1.12516383611 0.0192615110045 0)
(1.12697394935 0.0174705012811 0)
(1.12856225161 0.0157154703056 0)
(1.12994292839 0.014012352278 0)
(1.13113149801 0.0123728896333 0)
(1.13214386341 0.0108049210225 0)
(1.1329956009 0.00931283934445 0)
(1.13370144993 0.00789810559724 0)
(1.13427495027 0.00655978269934 0)
(1.13472821675 0.00529507533484 0)
(1.13507184912 0.00409983520566 0)
(1.13531494035 0.00296899300396 0)
(1.13546514185 0.00189691931563 0)
(1.13552876408 0.000877720886963 0)
(1.13551090512 -9.45231874423e-05 0)
(1.13541558129 -0.00102558318339 0)
(1.13524585951 -0.00192094790328 0)
(1.13500398688 -0.00278572096952 0)
(1.13469150475 -0.00362454432708 0)
(1.13430936564 -0.00444154705126 0)
(1.13385803921 -0.00524030974051 0)
(1.13333761049 -0.00602384117046 0)
(1.13274788056 -0.00679456574491 0)
(1.13208845092 -0.00755433541514 0)
(1.13135880595 -0.00830442303722 0)
(1.13055839465 -0.00904554799611 0)
(1.12968670373 -0.00977787436575 0)
(1.1287433848 -0.0105010226862 0)
(1.12772837036 -0.011214191223 0)
(1.12664188915 -0.0119162802044 0)
(1.12548444861 -0.0126059514718 0)
(1.12425684083 -0.0132816747538 0)
(1.12296014832 -0.0139417820873 0)
(1.12159573588 -0.0145845155303 0)
(1.12016523857 -0.0152080651404 0)
(1.11867054927 -0.0158106017505 0)
(1.11711380394 -0.0163903054806 0)
(1.11549736491 -0.0169453894816 0)
(1.11382380341 -0.0174741192407 0)
(1.11209588183 -0.0179748278387 0)
(1.11031653599 -0.0184459275889 0)
(1.10848885756 -0.0188859186981 0)
(1.1066160771 -0.0192933953544 0)
(1.10470154777 -0.0196670496589 0)
(1.10274873007 -0.020005673618 0)
(1.10076117718 -0.0203081592516 0)
(1.09874252106 -0.0205734972336 0)
(1.09669645939 -0.020800774318 0)
(1.09462674352 -0.0209891696719 0)
(1.09253716768 -0.0211379503698 0)
(1.0904315592 -0.0212464660133 0)
(1.08831376985 -0.0213141425269 0)
(1.08618766787 -0.0213404753441 0)
(1.0840571311 -0.0213250221737 0)
(1.08192604149 -0.0212673954161 0)
(1.07979828073 -0.0211672544723 0)
(1.07767772738 -0.02102429802 0)
(1.0755682551 -0.0208382559597 0)
(1.07347373205 -0.0206088813034 0)
(1.07139802123 -0.0203359423887 0)
(1.06934498194 -0.0200192154043 0)
(1.06731847234 -0.0196584772413 0)
(1.0653223533 -0.0192534989147 0)
(1.06336049324 -0.0188040394267 0)
(1.06143677429 -0.0183098401783 0)
(1.05955509983 -0.0177706200342 0)
(1.05771940334 -0.0171860708542 0)
(1.05593365834 -0.0165558544176 0)
(1.05420188947 -0.0158796005779 0)
(1.05252818525 -0.0151569070223 0)
(1.05091671147 -0.0143873417706 0)
(1.04937172482 -0.0135704470627 0)
(1.04789758835 -0.012705745407 0)
(1.04649878582 -0.0117927514311 0)
(1.04517993196 -0.0108309822339 0)
(1.04394578932 -0.0098199643196 0)
(1.04280129069 -0.00875925441306 0)
(1.0417515529 -0.00764846985996 0)
(1.0408018768 -0.00648731811451 0)
(1.03995774627 -0.00527560864901 0)
(1.03922485588 -0.00401326160156 0)
(1.03860915338 -0.00270036155259 0)
(1.03811685055 -0.00133724250032 0)
(1.03775438865 7.5434856199e-05 0)
(1.03752841997 0.00153662630079 0)
(1.0374457475 0.00304485324995 0)
(1.03751330189 0.00459820532583 0)
(1.03773822141 0.0061942766345 0)
(1.03812786415 0.00782998691598 0)
(1.03868971501 0.00950141815484 0)
(1.03943130067 0.0112036941486 0)
(1.04036003552 0.0129307522398 0)
(1.04148291277 0.0146752590274 0)
(1.04280631741 0.0164287075813 0)
(1.04433597346 0.0181813469665 0)
(1.04607675656 0.0199220265525 0)
(1.04803239187 0.0216381332807 0)
(1.05020514752 0.0233155839113 0)
(1.05259551663 0.0249388528346 0)
(1.05520188344 0.0264910500956 0)
(1.05802018862 0.0279540451587 0)
(1.06104358551 0.0293086426027 0)
(1.06426210069 0.0305348139435 0)
(1.06766219658 0.0316119692832 0)
(1.07122635734 0.0325195739752 0)
(1.07493299162 0.0332378208914 0)
(1.07875622495 0.0337481249365 0)
(1.08266567206 0.0340342254774 0)
(1.08662672185 0.0340834196031 0)
(1.09060121932 0.0338877811044 0)
(1.09454860118 0.0334453448927 0)
(1.09842752667 0.0327609152101 0)
(1.1021978039 0.0318463015452 0)
(1.10582223913 0.0307198613274 0)
(1.10926826342 0.0294056368447 0)
(1.11250919595 0.0279319400217 0)
(1.11552496579 0.0263297573711 0)
(1.12018233199 0.0236496349288 0)
(1.12271550498 0.0219747721427 0)
(1.12501258602 0.0202643154565 0)
(1.12707653762 0.0185437874841 0)
(1.12891441073 0.0168357040167 0)
(1.1305364963 0.0151590925518 0)
(1.13195542245 0.0135291993319 0)
(1.13318521206 0.0119574310407 0)
(1.13424041904 0.0104515814545 0)
(1.13513545509 0.00901621964544 0)
(1.13588409136 0.00765314414094 0)
(1.13649909776 0.00636186522818 0)
(1.13699200993 0.00514009572659 0)
(1.13737301861 0.00398421499833 0)
(1.13765095142 0.0028896735562 0)
(1.13783331276 0.00185133594028 0)
(1.13792636132 0.000863765209872 0)
(1.13793521689 -7.85476221118e-05 0)
(1.1378639721 -0.000981007156255 0)
(1.13771581096 -0.0018487807155 0)
(1.13749312836 -0.00268669417512 0)
(1.13719763475 -0.00349915401306 0)
(1.13683046594 -0.0042900930813 0)
(1.13639228406 -0.00506293281205 0)
(1.13588337181 -0.00582055854902 0)
(1.13530372754 -0.00656530565281 0)
(1.13465314835 -0.00729896590136 0)
(1.13393131047 -0.00802278420418 0)
(1.1331378497 -0.00873747879694 0)
(1.13227243581 -0.00944324857848 0)
(1.13133488097 -0.0101397926435 0)
(1.13032523854 -0.0108264081884 0)
(1.12924382802 -0.0115020956255 0)
(1.12809123003 -0.0121656183311 0)
(1.12686829378 -0.0128155498321 0)
(1.12557614315 -0.0134503251064 0)
(1.12421617135 -0.0140682860883 0)
(1.12279003155 -0.0146677187829 0)
(1.12129962621 -0.0152468852107 0)
(1.11974709397 -0.0158040511448 0)
(1.11813479449 -0.0163375093771 0)
(1.1164652925 -0.0168455988033 0)
(1.11474134137 -0.0173267195713 0)
(1.11296586644 -0.0177793446984 0)
(1.11114194836 -0.0182020288631 0)
(1.10927280678 -0.018593414714 0)
(1.10736178476 -0.0189522370865 0)
(1.10541233393 -0.0192773252798 0)
(1.10342800037 -0.0195676033774 0)
(1.10141241098 -0.0198220891687 0)
(1.09936926066 -0.0200398919359 0)
(1.09730230047 -0.0202202091746 0)
(1.09521532693 -0.0203623225285 0)
(1.0931121725 -0.0204655927788 0)
(1.09099669698 -0.0205294539475 0)
(1.08887277958 -0.0205534068404 0)
(1.08674431214 -0.0205370122606 0)
(1.0846151935 -0.0204798838691 0)
(1.08248932519 -0.0203816809689 0)
(1.08037060843 -0.0202421012908 0)
(1.07826294244 -0.0200608733349 0)
(1.07617022374 -0.0198377486314 0)
(1.07409634629 -0.0195724943547 0)
(1.07204520278 -0.0192648862506 0)
(1.07002068706 -0.0189147019069 0)
(1.06802669768 -0.0185217145903 0)
(1.06606714259 -0.0180856875529 0)
(1.06414594506 -0.0176063689477 0)
(1.06226705098 -0.0170834873586 0)
(1.06043443737 -0.0165167477748 0)
(1.05865212183 -0.0159058288908 0)
(1.05692417305 -0.0152503817448 0)
(1.0552547228 -0.014550029918 0)
(1.05364797851 -0.0138043721441 0)
(1.05210823611 -0.0130129865324 0)
(1.0506398941 -0.0121754368484 0)
(1.04924746688 -0.0112912833233 0)
(1.04793559534 -0.0103600934258 0)
(1.04670906168 -0.00938145111988 0)
(1.04557280771 -0.00835497640522 0)
(1.0445319469 -0.00728035240369 0)
(1.04359176651 -0.00615735245969 0)
(1.04275772903 -0.00498585662847 0)
(1.04203549248 -0.00376586753021 0)
(1.04143094039 -0.002497559658 0)
(1.04095018793 -0.00118135250538 0)
(1.04059955209 0.000182016482737 0)
(1.04038553691 0.00159144360802 0)
(1.04031478233 0.00304539933992 0)
(1.0403940388 0.00454191517547 0)
(1.04063021765 0.00607851658729 0)
(1.04103038648 0.00765207196994 0)
(1.04160168458 0.00925864528944 0)
(1.04235123091 0.0108933811018 0)
(1.04328597911 0.0125503234618 0)
(1.04441245976 0.0142223323935 0)
(1.04573659628 0.0159011334914 0)
(1.04726361383 0.0175772616964 0)
(1.04899785492 0.01923994324 0)
(1.05094250594 0.0208770458522 0)
(1.05309931311 0.0224750779393 0)
(1.05546828586 0.0240192228943 0)
(1.05804738419 0.0254934193095 0)
(1.06083220349 0.0268804868264 0)
(1.06381565103 0.0281623042552 0)
(1.06698762551 0.0293200504692 0)
(1.07033464018 0.0303344962392 0)
(1.07383946831 0.0311865528891 0)
(1.07748102497 0.031857903624 0)
(1.08123421954 0.0323315412855 0)
(1.08506983685 0.0325927406833 0)
(1.08895483519 0.0326301567594 0)
(1.09285300716 0.0324368997253 0)
(1.09672603321 0.0320115466542 0)
(1.10053494508 0.0313588253935 0)
(1.10424183695 0.0304898077534 0)
(1.10781152838 0.0294215141891 0)
(1.11121303349 0.0281761324585 0)
(1.11442070942 0.0267797778031 0)
(1.11741493997 0.0252610713151 0)
(1.12182143715 0.0227047221454 0)
(1.12435396459 0.0211119890532 0)
(1.12665951683 0.019483642085 0)
(1.12874002319 0.0178436496999 0)
(1.13060131608 0.0162132490354 0)
(1.13225235446 0.0146104865446 0)
(1.13370439472 0.0130499422121 0)
(1.13497013382 0.0115426651517 0)
(1.13606291784 0.0100963528476 0)
(1.13699610584 0.00871568206227 0)
(1.13778258625 0.00740271136317 0)
(1.13843442023 0.00615731751279 0)
(1.13896260323 0.00497764297529 0)
(1.13937693807 0.00386052321662 0)
(1.13968599496 0.00280186556167 0)
(1.13989712963 0.00179697444874 0)
(1.14001654041 0.000840824045115 0)
(1.14004935577 -7.17194403803e-05 0)
(1.13999972905 -0.000945724581811 0)
(1.13987094428 -0.00178606113992 0)
(1.13966552578 -0.00259729620593 0)
(1.13938533429 -0.00338361536578 0)
(1.13903166986 -0.00414876635385 0)
(1.13860536782 -0.00489601959747 0)
(1.1381068891 -0.00562814233228 0)
(1.1375364105 -0.00634738354081 0)
(1.13689390595 -0.00705547635103 0)
(1.13617922479 -0.00775363672215 0)
(1.13539217042 -0.00844258027186 0)
(1.13453257412 -0.00912253488982 0)
(1.13360039009 -0.0097932646844 0)
(1.13259578159 -0.0104541512988 0)
(1.13151915176 -0.0111042841108 0)
(1.13037114769 -0.0117425183384 0)
(1.12915266991 -0.0123675220227 0)
(1.12786487904 -0.0129778246005 0)
(1.12650919303 -0.0135718603734 0)
(1.1250872801 -0.0141480046306 0)
(1.12360104974 -0.0147046046881 0)
(1.12205264114 -0.0152400068359 0)
(1.12044440953 -0.0157525791024 0)
(1.11877891148 -0.0162407300904 0)
(1.11705888989 -0.0167029239552 0)
(1.11528725821 -0.0171376919217 0)
(1.11346708467 -0.0175436411449 0)
(1.11160157664 -0.0179194611784 0)
(1.10969406562 -0.0182639284455 0)
(1.10774799295 -0.0185759087658 0)
(1.10576689617 -0.0188543578247 0)
(1.10375439564 -0.019098320337 0)
(1.101714182 -0.0193069281599 0)
(1.09965000444 -0.0194793973703 0)
(1.09756566023 -0.0196150246348 0)
(1.09546498536 -0.0197131825456 0)
(1.09335184605 -0.0197733139851 0)
(1.09123013091 -0.0197949259949 0)
(1.08910374408 -0.0197775834139 0)
(1.08697659963 -0.0197209021507 0)
(1.08485261714 -0.0196245424291 0)
(1.0827357187 -0.0194882020928 0)
(1.08062982727 -0.0193116092988 0)
(1.07853886585 -0.0190945151018 0)
(1.0764667575 -0.0188366864514 0)
(1.07441742636 -0.0185378995025 0)
(1.07239480001 -0.0181979332743 0)
(1.07040281271 -0.0178165638882 0)
(1.06844540992 -0.0173935592947 0)
(1.06652655392 -0.0169286746807 0)
(1.06465023101 -0.0164216484352 0)
(1.06282045961 -0.0158721984849 0)
(1.06104129929 -0.0152800199387 0)
(1.0593168607 -0.0146447841398 0)
(1.05765131685 -0.0139661392358 0)
(1.056048915 -0.0132437129191 0)
(1.05451398874 -0.0124771168686 0)
(1.05305097088 -0.0116659531792 0)
(1.05166440591 -0.0108098245079 0)
(1.05035896044 -0.00990834505612 0)
(1.04913943632 -0.00896115126576 0)
(1.04801078599 -0.00796792040703 0)
(1.04697812291 -0.00692839527468 0)
(1.04604672472 -0.00584240962489 0)
(1.04522203567 -0.00470990752846 0)
(1.04450968123 -0.00353096374419 0)
(1.04391548889 -0.00230582964253 0)
(1.04344548973 -0.00103499744369 0)
(1.04310589243 0.000280730685594 0)
(1.04290306947 0.001640200044 0)
(1.04284351145 0.00304183831765 0)
(1.04293380009 0.00448363252047 0)
(1.04318063684 0.00596306052383 0)
(1.04359082531 0.00747696043961 0)
(1.04417119137 0.00902139788894 0)
(1.04492848762 0.0105915577187 0)
(1.04586925533 0.0121815959332 0)
(1.04699960215 0.0137845598763 0)
(1.04832502352 0.0153924075545 0)
(1.04985028735 0.0169959609056 0)
(1.05157925167 0.0185848153192 0)
(1.05351461221 0.0201473011493 0)
(1.05565763676 0.021670489173 0)
(1.05800788714 0.02314023088 0)
(1.06056292635 0.0245412411483 0)
(1.06331802333 0.025857225837 0)
(1.06626585117 0.027071061991 0)
(1.06939618813 0.0281650427819 0)
(1.07269558932 0.0291211790214 0)
(1.07614708346 0.0299216986578 0)
(1.07973005313 0.030549638862 0)
(1.08342013409 0.0309893974691 0)
(1.08718917511 0.0312276016847 0)
(1.09100554561 0.0312540884001 0)
(1.09483477212 0.031062856331 0)
(1.09864051758 0.0306529375058 0)
(1.10238590435 0.030028979597 0)
(1.10603504615 0.0292014029274 0)
(1.1095545498 0.0281860523467 0)
(1.11291484845 0.0270034891693 0)
(1.11609125109 0.025677894532 0)
(1.11906458932 0.024235796368 0)
(1.1232288303 0.0217952748394 0)
(1.12575953436 0.0202786765233 0)
(1.12807144511 0.018726732653 0)
(1.130165599 0.0171619855961 0)
(1.13204676458 0.0156044881409 0)
(1.13372273084 0.0140713663036 0)
(1.13520354435 0.0125765574145 0)
(1.1365007254 0.0111307402082 0)
(1.13762653898 0.00974147687504 0)
(1.13859339401 0.0084134967035 0)
(1.13941337588 0.00714905400737 0)
(1.14009789537 0.00594832380314 0)
(1.14065744675 0.0048098110588 0)
(1.14110146807 0.00373074520491 0)
(1.14143828311 0.00270743496136 0)
(1.14167510094 0.00173557658886 0)
(1.14181805491 0.000810514725274 0)
(1.14187227303 -7.25426565476e-05 0)
(1.14184195746 -0.000918355344296 0)
(1.14173047861 -0.00173151764507 0)
(1.14154047522 -0.00251635551224 0)
(1.1412739426 -0.00327684733088 0)
(1.14093232901 -0.00401656618015 0)
(1.14051662668 -0.00473863918731 0)
(1.1400274582 -0.00544572061067 0)
(1.13946516262 -0.00613997578657 0)
(1.13882987452 -0.00682308056973 0)
(1.13812160017 -0.0074962211407 0)
(1.13734029401 -0.0081601086367 0)
(1.13648593116 -0.0088149946406 0)
(1.13555859243 -0.00946069738393 0)
(1.13455854113 -0.0100966709468 0)
(1.13348625736 -0.0107220837191 0)
(1.13234244892 -0.0113358739637 0)
(1.13112806265 -0.01193679586 0)
(1.12984429205 -0.0125234656104 0)
(1.12849257671 -0.0130944030212 0)
(1.12707459737 -0.0136480665525 0)
(1.12559226851 -0.0141828833844 0)
(1.12404772827 -0.014697275561 0)
(1.12244332601 -0.0151896822354 0)
(1.12078160903 -0.0156585782416 0)
(1.11906530864 -0.0161024888512 0)
(1.11729732544 -0.0165200011157 0)
(1.11548071425 -0.0169097727439 0)
(1.11361866917 -0.017270538679 0)
(1.11171450908 -0.0176011158017 0)
(1.10977166397 -0.0179004056813 0)
(1.10779366175 -0.0181673951291 0)
(1.10578411511 -0.0184011555587 0)
(1.10374670922 -0.0186008413996 0)
(1.10168519017 -0.018765687504 0)
(1.09960335463 -0.0188950059538 0)
(1.09750504077 -0.0189881817186 0)
(1.0953941199 -0.0190446672332 0)
(1.09327448858 -0.0190639765548 0)
(1.09115006182 -0.0190456794128 0)
(1.0890247674 -0.0189893948588 0)
(1.08690254136 -0.0188947849639 0)
(1.08478732501 -0.0187615486613 0)
(1.08268306342 -0.0185894147417 0)
(1.08059370441 -0.0183781347126 0)
(1.07852319838 -0.0181274761625 0)
(1.07647549925 -0.0178372164327 0)
(1.07445456653 -0.0175071366457 0)
(1.07246436842 -0.0171370163238 0)
(1.07050888604 -0.0167266285094 0)
(1.06859211884 -0.0162757356677 0)
(1.06671809162 -0.0157840860589 0)
(1.06489086237 -0.0152514103578 0)
(1.06311453076 -0.0146774196047 0)
(1.0613932476 -0.0140618046259 0)
(1.05973122545 -0.0134042369206 0)
(1.05813274985 -0.0127043715304 0)
(1.05660219069 -0.0119618516302 0)
(1.05514401416 -0.0111763150383 0)
(1.05376279431 -0.0103474039237 0)
(1.05246322311 -0.00947477586891 0)
(1.0512501222 -0.00855811543203 0)
(1.05012845591 -0.00759715198155 0)
(1.04910334027 -0.00659168259301 0)
(1.04818004652 -0.0055415962507 0)
(1.0473640036 -0.00444689490771 0)
(1.0466608083 -0.00330771659517 0)
(1.04607623905 -0.00212437862625 0)
(1.04561625329 -0.000897435059824 0)
(1.04528696455 0.000372257699093 0)
(1.04509462802 0.00168350216367 0)
(1.04504559774 0.00303469156271 0)
(1.04514629863 0.00442378048856 0)
(1.0454032386 0.00584821640473 0)
(1.04582298092 0.00730482459202 0)
(1.04641206699 0.00878968841282 0)
(1.04717691925 0.0102980481722 0)
(1.04812370859 0.0118241769345 0)
(1.04925815718 0.0133613056809 0)
(1.05058536582 0.0149016235726 0)
(1.05210968379 0.0164362381513 0)
(1.0538345286 0.0179551055352 0)
(1.05576214973 0.0194470016617 0)
(1.05789337843 0.0208995332859 0)
(1.06022736573 0.0222991834999 0)
(1.06276130754 0.023631396582 0)
(1.06549016874 0.0248807066159 0)
(1.06840640324 0.0260309192272 0)
(1.07149967716 0.0270653573476 0)
(1.07475658071 0.0279671654828 0)
(1.07816036903 0.0287197715466 0)
(1.08169085139 0.0293074422309 0)
(1.0853243285 0.0297158304648 0)
(1.08903361036 0.0299327589458 0)
(1.09278833043 0.0299490981237 0)
(1.09655555661 0.0297596126683 0)
(1.10030070375 0.0293637179526 0)
(1.1039887377 0.0287659787558 0)
(1.10758555689 0.02797623577 0)
(1.11105935502 0.0270092942083 0)
(1.11438183634 0.0258842804836 0)
(1.1175291794 0.0246236640637 0)
(1.12048264886 0.0232521119074 0)
(1.12441120825 0.0209200999926 0)
(1.12693941384 0.0194742775157 0)
(1.12925615309 0.0179936062112 0)
(1.13136168957 0.0164993173892 0)
(1.13325986179 0.0150103653381 0)
(1.13495742976 0.0135430118702 0)
(1.13646337149 0.0121105763045 0)
(1.13778816211 0.0107233608682 0)
(1.13894309906 0.00938876321539 0)
(1.13993973452 0.00811152086144 0)
(1.14078942468 0.006894030586 0)
(1.14150298522 0.0057367081179 0)
(1.14209044758 0.00463836347835 0)
(1.14256090918 0.0035965661272 0)
(1.14292246047 0.00260797748402 0)
(1.14318216848 0.00166864292919 0)
(1.14334609994 0.000774241107933 0)
(1.14341937632 -7.97085783246e-05 0)
(1.14340623961 -0.000897682062574 0)
(1.14331013566 -0.00168401856798 0)
(1.14313380527 -0.00244281928055 0)
(1.14287936516 -0.00317786819188 0)
(1.14254839818 -0.00389257355133 0)
(1.14214203942 -0.00458992644786 0)
(1.14166105901 -0.00527247307382 0)
(1.14110594419 -0.00594229784473 0)
(1.14047697617 -0.00660102061518 0)
(1.13977430413 -0.00724979709279 0)
(1.13899801936 -0.00788933195479 0)
(1.13814822604 -0.00851989571878 0)
(1.13722511874 -0.00914135181223 0)
(1.13622905202 -0.00975321668481 0)
(1.13516057695 -0.0103547289383 0)
(1.13402045691 -0.0109449019297 0)
(1.13280968086 -0.0115225684106 0)
(1.13152947194 -0.0120864243578 0)
(1.1301812888 -0.0126350688012 0)
(1.12876682268 -0.0131670377534 0)
(1.12728799155 -0.013680833245 0)
(1.12574693122 -0.0141749486479 0)
(1.12414598426 -0.0146478903948 0)
(1.12248768786 -0.0150981962844 0)
(1.12077476109 -0.0155244499718 0)
(1.11901009106 -0.0159252920637 0)
(1.11719671862 -0.0162994289673 0)
(1.11533782395 -0.0166456395337 0)
(1.11343671262 -0.016962779986 0)
(1.11149680256 -0.0172497868737 0)
(1.10952161129 -0.0175056776359 0)
(1.10751474306 -0.0177295501229 0)
(1.10547987669 -0.0179205812827 0)
(1.1034207542 -0.0180780248735 0)
(1.10134117065 -0.0182012087229 0)
(1.09924496529 -0.0182895306787 0)
(1.09713601342 -0.0183424533468 0)
(1.09501821842 -0.0183594985006 0)
(1.09289550493 -0.0183402415309 0)
(1.0907718132 -0.0182843054362 0)
(1.08865109434 -0.0181913549744 0)
(1.08653730751 -0.0180610910666 0)
(1.08443441843 -0.0178932440395 0)
(1.0823463983 -0.0176875667088 0)
(1.08027722343 -0.0174438280951 0)
(1.07823087602 -0.0171618074398 0)
(1.07621134599 -0.0168412885814 0)
(1.07422263397 -0.0164820549359 0)
(1.07226875515 -0.0160838849872 0)
(1.07035374456 -0.0156465486921 0)
(1.06848166393 -0.0151698042375 0)
(1.06665660926 -0.0146533948602 0)
(1.0648827188 -0.0140970470751 0)
(1.06316418207 -0.0135004704258 0)
(1.0615052498 -0.0128633586456 0)
(1.05991024458 -0.0121853926543 0)
(1.05838357162 -0.0114662452393 0)
(1.05692972978 -0.010705587604 0)
(1.0555533223 -0.00990309876029 0)
(1.05425906642 -0.00905847659222 0)
(1.05305180389 -0.00817144991461 0)
(1.05193651207 -0.00724179567256 0)
(1.05091831182 -0.00626936042601 0)
(1.05000247074 -0.0052540835607 0)
(1.04919440537 -0.00419601926613 0)
(1.04849968756 -0.0030953611749 0)
(1.04792405291 -0.00195248325571 0)
(1.04747339418 -0.000767992053335 0)
(1.0471537409 0.000457210948264 0)
(1.04697124326 0.00172189325071 0)
(1.04693213059 0.00302442159257 0)
(1.04704268282 0.00436272877113 0)
(1.04730922973 0.00573424603615 0)
(1.04773811553 0.00713580029235 0)
(1.04833562304 0.00856350578014 0)
(1.04910787632 0.0100126700789 0)
(1.05006071245 0.0114776878049 0)
(1.05119950245 0.0129519711578 0)
(1.05252898445 0.0144279384084 0)
(1.05405312471 0.0158969796056 0)
(1.05577493977 0.0173494026182 0)
(1.05769627313 0.018774412689 0)
(1.05981755832 0.0201601282616 0)
(1.062137571 0.0214936309966 0)
(1.0646531699 0.0227610521963 0)
(1.06735903925 0.0239477015236 0)
(1.07024743012 0.0250382496819 0)
(1.07330790519 0.0260169728721 0)
(1.07652708456 0.0268680552279 0)
(1.07988842468 0.0275760201987 0)
(1.08337212166 0.0281262518776 0)
(1.08695508014 0.0285055281205 0)
(1.09061097468 0.0287027323524 0)
(1.094310568 0.0287096427823 0)
(1.0980222968 0.0285216877525 0)
(1.10171312438 0.0281386067697 0)
(1.10534964323 0.0275648798414 0)
(1.10889932958 0.0268098283219 0)
(1.11233178594 0.0258873327236 0)
(1.1156198541 0.0248152462052 0)
(1.11874050398 0.0236145156756 0)
(1.12167541266 0.0223081458665 0)
(1.12537301775 0.0200779103343 0)
(1.12789846 0.0186980643103 0)
(1.13021898338 0.0172840458718 0)
(1.13233418098 0.0158558785431 0)
(1.13424707681 0.014431496155 0)
(1.13596352458 0.0130263484442 0)
(1.1374915571 0.0116531617357 0)
(1.13884072022 0.0103218605449 0)
(1.14002144541 0.00903965640964 0)
(1.14104451293 0.00781125962225 0)
(1.14192061785 0.00663916532206 0)
(1.14266003273 0.00552398141361 0)
(1.14327236331 0.00446477380162 0)
(1.14376639084 0.00345940517593 0)
(1.14414998681 0.00250484689986 0)
(1.14443008271 0.00159745558356 0)
(1.14461267926 0.000733211211973 0)
(1.14470288764 -9.20828357994e-05 0)
(1.14470498293 -0.000882641383702 0)
(1.14462247765 -0.00164256728832 0)
(1.14445820442 -0.00237575211575 0)
(1.14421439022 -0.00308579740547 0)
(1.14389274076 -0.00377595578067 0)
(1.14349452196 -0.004449089127 0)
(1.14302063911 -0.00510764025562 0)
(1.14247171549 -0.00575361534016 0)
(1.14184816672 -0.00638857943518 0)
(1.14115027257 -0.00701365720212 0)
(1.14037824898 -0.00762954491952 0)
(1.13953231677 -0.00823652779723 0)
(1.1386127734 -0.00883450702584 0)
(1.13762005694 -0.00942305290206 0)
(1.13655478393 -0.010001466468 0)
(1.13541776897 -0.0105688290098 0)
(1.13421003953 -0.0111240450101 0)
(1.13293284568 -0.0116658838578 0)
(1.13158766309 -0.0121930180503 0)
(1.13017619191 -0.0127040559839 0)
(1.12870035245 -0.0131975699035 0)
(1.12716227739 -0.01367212039 0)
(1.1255643019 -0.0141262775526 0)
(1.1239089526 -0.0145586390824 0)
(1.12219893597 -0.0149678444347 0)
(1.12043712541 -0.0153525856028 0)
(1.11862654749 -0.015711615902 0)
(1.11677036821 -0.0160437566419 0)
(1.11487187949 -0.0163479022845 0)
(1.11293448681 -0.0166230235923 0)
(1.1109616969 -0.0168681681155 0)
(1.10895710508 -0.0170824598424 0)
(1.10692438329 -0.0172650981348 0)
(1.10486726884 -0.0174153557254 0)
(1.1027895544 -0.0175325764548 0)
(1.10069507956 -0.0176161714882 0)
(1.09858772279 -0.0176656141514 0)
(1.09647139342 -0.0176804345563 0)
(1.09435002482 -0.0176602144464 0)
(1.09222756866 -0.0176045814857 0)
(1.09010799008 -0.0175132038712 0)
(1.08799526491 -0.0173857853409 0)
(1.08589337839 -0.0172220585903 0)
(1.08380632397 -0.0170217785298 0)
(1.08173810265 -0.0167847163414 0)
(1.07969272372 -0.0165106538217 0)
(1.07767420633 -0.0161993780849 0)
(1.07568658226 -0.015850676888 0)
(1.07373389956 -0.0154643344649 0)
(1.07182022757 -0.0150401284549 0)
(1.06994966367 -0.0145778270207 0)
(1.06812634068 -0.0140771857846 0)
(1.0663544343 -0.0135379463063 0)
(1.06463817164 -0.0129598361345 0)
(1.06298184063 -0.0123425702112 0)
(1.06138980008 -0.0116858539869 0)
(1.05986648986 -0.0109893881503 0)
(1.05841644113 -0.0102528751755 0)
(1.0570442863 -0.00947602847459 0)
(1.05575476803 -0.00865858341298 0)
(1.05455274872 -0.00780030961514 0)
(1.05344322011 -0.00690102760843 0)
(1.05243130994 -0.00596062914499 0)
(1.05152228486 -0.00497909956595 0)
(1.05072155188 -0.00395654014035 0)
(1.0500346617 -0.00289319341819 0)
(1.04946731281 -0.00178948205243 0)
(1.04902534117 -0.000646056990076 0)
(1.04871470208 0.000536143267275 0)
(1.04854145153 0.00175585838018 0)
(1.04851170505 0.00301143601571 0)
(1.04863160899 0.00430079648357 0)
(1.04890732941 0.00562136661514 0)
(1.04934501065 0.0069699869151 0)
(1.04995070017 0.00834281321767 0)
(1.05073025158 0.00973522958403 0)
(1.0516892001 0.0111417558677 0)
(1.05283259665 0.0125559836342 0)
(1.05416484654 0.0139705576179 0)
(1.05568956556 0.0153771461139 0)
(1.05740940465 0.0167663994085 0)
(1.05932583746 0.0181279363923 0)
(1.06143893506 0.0194503645585 0)
(1.06374713044 0.0207213339063 0)
(1.06624697341 0.021927624195 0)
(1.06893289035 0.0230552727362 0)
(1.07179694568 0.0240897575182 0)
(1.07482860706 0.0250162389242 0)
(1.07801452024 0.0258198572667 0)
(1.08133832086 0.0264861384021 0)
(1.08478055422 0.0270014835735 0)
(1.08831867055 0.0273536823591 0)
(1.09192711955 0.0275325629379 0)
(1.09557767092 0.0275307042028 0)
(1.09923997606 0.0273441122734 0)
(1.10288236727 0.0269728015438 0)
(1.10647287325 0.0264211660592 0)
(1.10998036558 0.0256980587765 0)
(1.11337569743 0.0248165330703 0)
(1.11663272744 0.0237933059511 0)
(1.11972914318 0.0226479631698 0)
(1.12264700963 0.0214020179845 0)
(1.12611666147 0.0192673665321 0)
(1.12863941005 0.0179491896272 0)
(1.13096307793 0.016597656854 0)
(1.13308667499 0.0152316766377 0)
(1.13501251048 0.0138682332291 0)
(1.13674563854 0.0125220125519 0)
(1.13829325469 0.0112051728306 0)
(1.13966407763 0.00992726326725 0)
(1.14086776357 0.00869529371269 0)
(1.14191439771 0.00751391898369 0)
(1.14281407651 0.00638569610834 0)
(1.143576578 0.00531138422588 0)
(1.14421111773 0.00429026303175 0)
(1.14472618503 0.00332044784792 0)
(1.1451294475 0.00239918246155 0)
(1.14542770888 0.00152310112001 0)
(1.1456269061 0.000688455920853 0)
(1.14573213807 -0.000108690564215 0)
(1.14574770798 -0.000872312747947 0)
(1.145677188 -0.00160629427925 0)
(1.14552349398 -0.00231433108942 0)
(1.14528895364 -0.00299985337123 0)
(1.14497538539 -0.00366596672489 0)
(1.14458417546 -0.00431541025957 0)
(1.1441163535 -0.00495052786107 0)
(1.14357266807 -0.00557325007504 0)
(1.14295365842 -0.00618508830906 0)
(1.14225972422 -0.00678713571714 0)
(1.14149119533 -0.00738007836911 0)
(1.14064839867 -0.00796421241042 0)
(1.13973172529 -0.00853947052664 0)
(1.13874168994 -0.00910546958491 0)
(1.13767896976 -0.00966156620604 0)
(1.13654442665 -0.010206903159 0)
(1.13533912357 -0.0107404504707 0)
(1.13406433526 -0.0112610451427 0)
(1.13272155273 -0.0117674278627 0)
(1.1313124839 -0.0122582746528 0)
(1.12983905059 -0.0127322236802 0)
(1.12830338192 -0.013187898896 0)
(1.12670780535 -0.0136239307034 0)
(1.12505483677 -0.0140389737964 0)
(1.12334717005 -0.0144317209889 0)
(1.12158766491 -0.0148009135895 0)
(1.11977933375 -0.0151453500939 0)
(1.11792532837 -0.0154638928507 0)
(1.11602892701 -0.0157554734705 0)
(1.11409352261 -0.0160190961662 0)
(1.11212261104 -0.0162538380665 0)
(1.11011977854 -0.0164588489653 0)
(1.10808868994 -0.0166333504854 0)
(1.10603307747 -0.0167766343398 0)
(1.10395673102 -0.0168880605917 0)
(1.10186349001 -0.0169670541061 0)
(1.09975723557 -0.0170130994102 0)
(1.09764188245 -0.0170257355039 0)
(1.09552137209 -0.0170045511004 0)
(1.09339966693 -0.0169491791648 0)
(1.09128074532 -0.0168592920049 0)
(1.08916859892 -0.0167345969391 0)
(1.08706723167 -0.0165748298021 0)
(1.08498065838 -0.0163797483215 0)
(1.08291290394 -0.016149126512 0)
(1.08086800383 -0.0158827493268 0)
(1.07885000555 -0.0155804076694 0)
(1.07686297116 -0.0152418940441 0)
(1.07491098067 -0.0148669987068 0)
(1.07299813676 -0.0144555071504 0)
(1.07112857164 -0.0140071975662 0)
(1.06930645412 -0.0135218377981 0)
(1.06753599663 -0.0129991840463 0)
(1.06582146315 -0.0124389812056 0)
(1.06416717826 -0.0118409644863 0)
(1.06257753658 -0.0112048626376 0)
(1.06105701239 -0.0105304026907 0)
(1.05961016918 -0.00981731647299 0)
(1.0582416688 -0.00906534956343 0)
(1.0569562799 -0.008274272228 0)
(1.05575888645 -0.00744389180251 0)
(1.05465449601 -0.00657406884223 0)
(1.05364824542 -0.00566473643226 0)
(1.05274540303 -0.0047159217986 0)
(1.05195136941 -0.00372776860681 0)
(1.05127167791 -0.00270056246108 0)
(1.05071199534 -0.00163476779804 0)
(1.05027810813 -0.000531072938811 0)
(1.049975906 0.000609553735782 0)
(1.04981136046 0.00178583055717 0)
(1.0497904834 0.00299609291605 0)
(1.04991929844 0.00423825675542 0)
(1.05020382136 0.00550975433125 0)
(1.05065001396 0.00680744966996 0)
(1.0512637092 0.00812754892742 0)
(1.05205051491 0.00946551980541 0)
(1.05301569237 0.0108160102421 0)
(1.05416400034 0.0121727894889 0)
(1.0554995387 0.013528725614 0)
(1.05702560212 0.0148757601031 0)
(1.05874450755 0.016204876145 0)
(1.06065739087 0.0175060911866 0)
(1.06276399219 0.0187684805185 0)
(1.06506243127 0.0199802346181 0)
(1.06754897476 0.0211287464022 0)
(1.07021781213 0.0222007370417 0)
(1.07306083629 0.0231824391963 0)
(1.07606742741 0.0240598350438 0)
(1.07922425291 0.0248189468329 0)
(1.08251510779 0.0254462198958 0)
(1.08592085128 0.025928983358 0)
(1.08941942448 0.0262559398961 0)
(1.09298597045 0.0264177624263 0)
(1.09659315555 0.0264077390619 0)
(1.10021170864 0.0262223811878 0)
(1.10381117268 0.0258619369216 0)
(1.10736084517 0.0253307137268 0)
(1.11083083216 0.0246371395082 0)
(1.11419309686 0.0237935237067 0)
(1.11742240601 0.0228155640699 0)
(1.12049709582 0.0217216235091 0)
(1.12339959229 0.0205318710526 0)
(1.12664263485 0.0184871084949 0)
(1.12916303392 0.0172267261242 0)
(1.13148954568 0.0159339124846 0)
(1.13362067115 0.0146265440949 0)
(1.13555809104 0.0133207199627 0)
(1.13730615282 0.0120304068274 0)
(1.13887130919 0.0107672192287 0)
(1.14026154184 0.00954033605702 0)
(1.14148581273 0.00835655461695 0)
(1.14255358144 0.00722045184914 0)
(1.14347440305 0.00613461655046 0)
(1.14425760619 0.00509992456139 0)
(1.14491204993 0.00411583332566 0)
(1.14544595533 0.00318067558544 0)
(1.1458668014 0.00229193463863 0)
(1.14618127268 0.00144649260329 0)
(1.14639524577 0.000640847571567 0)
(1.14651380663 -0.000128701030625 0)
(1.14654128299 -0.000865905997185 0)
(1.14648130093 -0.00157444746846 0)
(1.14633685233 -0.00225783863192 0)
(1.14611035741 -0.00291934864022 0)
(1.14580373843 -0.00356194409665 0)
(1.14541849256 -0.00418824737195 0)
(1.14495576431 -0.00480050765901 0)
(1.14441641792 -0.00540058241315 0)
(1.14380110675 -0.00598993051755 0)
(1.14311034077 -0.00656961326831 0)
(1.14234455444 -0.00714030489061 0)
(1.14150417165 -0.00770230915521 0)
(1.14058966899 -0.00825558490657 0)
(1.13960163188 -0.00879978932395 0)
(1.13854079356 -0.00933432854698 0)
(1.13740805986 -0.00985840103581 0)
(1.13620452665 -0.0103710367628 0)
(1.13493149141 -0.0108711350526 0)
(1.13359045916 -0.0113574999433 0)
(1.13218314472 -0.0118288707018 0)
(1.13071147096 -0.0122839474439 0)
(1.12917756322 -0.0127214139076 0)
(1.12758374124 -0.0131399576125 0)
(1.12593251031 -0.0135382875359 0)
(1.12422655191 -0.0139151475438 0)
(1.12246871241 -0.014269326284 0)
(1.12066199038 -0.0145996657654 0)
(1.11880952373 -0.0149050679824 0)
(1.11691457723 -0.0151845006215 0)
(1.11498053151 -0.0154370005916 0)
(1.11301087178 -0.0156616740537 0)
(1.11100917535 -0.0158576962481 0)
(1.1089791 -0.01602431086 0)
(1.10692437289 -0.016160828528 0)
(1.10484878092 -0.0162666256957 0)
(1.1027561632 -0.0163411412591 0)
(1.10065040336 -0.0163838713666 0)
(1.09853542127 -0.0163943643866 0)
(1.09641516618 -0.0163722165537 0)
(1.09429361092 -0.0163170666903 0)
(1.09217474657 -0.016228591809 0)
(1.09006258009 -0.0161065035133 0)
(1.08796113361 -0.0159505414921 0)
(1.08587444283 -0.0157604669558 0)
(1.083806556 -0.0155360573681 0)
(1.08176153428 -0.0152771013928 0)
(1.079743453 -0.0149833941957 0)
(1.07775640402 -0.0146547333995 0)
(1.07580449875 -0.0142909155196 0)
(1.07389187272 -0.0138917340596 0)
(1.07202269245 -0.0134569773002 0)
(1.07020116241 -0.0129864251586 0)
(1.06843153141 -0.0124798480982 0)
(1.0667181001 -0.0119370077516 0)
(1.06506522957 -0.0113576587365 0)
(1.06347735026 -0.0107415519746 0)
(1.06195897111 -0.0100884394226 0)
(1.06051468836 -0.00939808051789 0)
(1.05914919405 -0.00867025096405 0)
(1.05786728376 -0.00790475356531 0)
(1.0566738643 -0.00710143057804 0)
(1.05557396087 -0.00626017939857 0)
(1.05457272176 -0.00538097096643 0)
(1.0536754199 -0.00446387068124 0)
(1.05288745266 -0.00350906036372 0)
(1.05221434008 -0.00251686350343 0)
(1.05166172254 -0.00148778029846 0)
(1.05123534375 -0.00042253031156 0)
(1.05094103588 0.000677894561216 0)
(1.05078469481 0.00181219717858 0)
(1.05077223834 0.00297870681782 0)
(1.05090957761 0.00417534211836 0)
(1.05120259067 0.00539954900175 0)
(1.05165707256 0.00664822323725 0)
(1.05227866046 0.00791762839401 0)
(1.05307273825 0.0092033213478 0)
(1.0540443179 0.0105000801853 0)
(1.05519789092 0.0118018501288 0)
(1.05653727653 0.0131017190649 0)
(1.05806547468 0.0143918960792 0)
(1.05978449632 0.0156636877004 0)
(1.06169516784 0.0169074954048 0)
(1.06379692615 0.0181128422497 0)
(1.06608760389 0.0192684334054 0)
(1.06856320719 0.0203622425076 0)
(1.07121770719 0.0213816344371 0)
(1.07404283858 0.022313548567 0)
(1.07702790027 0.0231447324791 0)
(1.08015957713 0.0238620241165 0)
(1.08342180516 0.0244527144309 0)
(1.0867957246 0.024904981086 0)
(1.09025971656 0.0252083537504 0)
(1.09378954293 0.0253542636042 0)
(1.09735866751 0.0253366295881 0)
(1.10093877449 0.0251524068512 0)
(1.10450047771 0.0248020426763 0)
(1.10801419605 0.0242897578022 0)
(1.11145112796 0.0236235922195 0)
(1.11478422185 0.0228151827457 0)
(1.11798905456 0.0218793080198 0)
(1.12104454685 0.020833227154 0)
(1.12393345784 0.019695892393 0)
(1.12694960926 0.0177357778642 0)
(1.12946823152 0.0165296963141 0)
(1.13179757367 0.0152921901324 0)
(1.13393569138 0.0140401786365 0)
(1.13588371137 0.0127889339862 0)
(1.1376453555 0.0115517449653 0)
(1.1392264165 0.0103397061218 0)
(1.14063421872 0.00916163288876 0)
(1.14187710215 0.00802410285566 0)
(1.14296396343 0.00693159744827 0)
(1.14390386857 0.0058867123948 0)
(1.14470573854 0.00489041111205 0)
(1.14537810767 0.00394229792526 0)
(1.14592895153 0.00304089245715 0)
(1.14636557571 0.00218388865365 0)
(1.14669455466 0.00136839013757 0)
(1.14692170875 0.000591117673288 0)
(1.14705211142 -0.000151412561167 0)
(1.14709011235 -0.000862748767541 0)
(1.14703938692 -0.00154638192135 0)
(1.14690299683 -0.00220565433238 0)
(1.14668344767 -0.00284368366292 0)
(1.14638275769 -0.00346330499549 0)
(1.14600252667 -0.00406702962805 0)
(1.1455440054 -0.00465701608076 0)
(1.14500816526 -0.00523505117464 0)
(1.1443957651 -0.00580254236871 0)
(1.14370741666 -0.00636051885922 0)
(1.14294365063 -0.00690964158633 0)
(1.14210497991 -0.00745021904463 0)
(1.14119195966 -0.00798223165907 0)
(1.14020524044 -0.00850537150698 0)
(1.13914560765 -0.00901908889314 0)
(1.13801400799 -0.00952263277076 0)
(1.13681156793 -0.010015087991 0)
(1.13553960612 -0.0104954113732 0)
(1.13419964051 -0.0109624658652 0)
(1.13279339215 -0.0114150499497 0)
(1.13132278475 -0.0118519220103 0)
(1.12978993994 -0.012271822225 0)
(1.12819716993 -0.0126734922416 0)
(1.12654696968 -0.0130556927632 0)
(1.1248420088 -0.0134172165301 0)
(1.12308512086 -0.013756897646 0)
(1.12127929115 -0.0140736200252 0)
(1.11942764429 -0.0143663239422 0)
(1.11753343202 -0.0146340121049 0)
(1.11560002314 -0.0148757533771 0)
(1.11363089266 -0.0150906823983 0)
(1.11162960943 -0.0152779994724 0)
(1.10959982455 -0.015436970108 0)
(1.10754526032 -0.0155669237596 0)
(1.10546970084 -0.0156672533601 0)
(1.10337698501 -0.015737412125 0)
(1.10127099907 -0.0157769081882 0)
(1.09915566814 -0.0157852997055 0)
(1.09703494928 -0.0157621909241 0)
(1.09491282566 -0.015707227006 0)
(1.09279330098 -0.0156200901888 0)
(1.09068039728 -0.0155004970169 0)
(1.08857815473 -0.0153481916988 0)
(1.08649062983 -0.0151629395387 0)
(1.08442189403 -0.0149445220184 0)
(1.08237603402 -0.0146927320246 0)
(1.08035715289 -0.0144073694235 0)
(1.07836937216 -0.0140882372955 0)
(1.07641683456 -0.0137351386222 0)
(1.07450370831 -0.0133478750667 0)
(1.07263419426 -0.0129262450697 0)
(1.0708125326 -0.0124700404918 0)
(1.06904300868 -0.0119790457125 0)
(1.06732996007 -0.0114530385414 0)
(1.0656777847 -0.0108917922152 0)
(1.06409094938 -0.0102950788043 0)
(1.06257399838 -0.0096626739018 0)
(1.06113156166 -0.00899436296721 0)
(1.05976836258 -0.00828994996341 0)
(1.0584892251 -0.0075492680726 0)
(1.0572990806 -0.00677219194779 0)
(1.05620297407 -0.00595865296017 0)
(1.05520606794 -0.0051086567582 0)
(1.05431364283 -0.00422230353789 0)
(1.05353109646 -0.00329980944528 0)
(1.05286393982 -0.00234153127718 0)
(1.05231779214 -0.0013479997025 0)
(1.05189836098 -0.000319960154463 0)
(1.05161142848 0.000741577669979 0)
(1.05146282326 0.00183530637989 0)
(1.05145837799 0.00295955470682 0)
(1.05160390115 0.00411225011218 0)
(1.05190514478 0.00529085910118 0)
(1.05236775153 0.00649231600258 0)
(1.05299717967 0.00771294754566 0)
(1.05379860863 0.0089484040115 0)
(1.05477682275 0.0101935950088 0)
(1.05593606846 0.0114426398883 0)
(1.05727990664 0.0126888425393 0)
(1.05881106601 0.0139246737139 0)
(1.06053127611 0.0151417537859 0)
(1.06244107863 0.0163308542991 0)
(1.06453963154 0.0174819271689 0)
(1.06682450297 0.0185841683412 0)
(1.06929145806 0.019626102281 0)
(1.0719342654 0.0205957006489 0)
(1.07474451257 0.0214805657366 0)
(1.0777114218 0.0222681594898 0)
(1.0808216905 0.0229460762693 0)
(1.08405937825 0.0235023867958 0)
(1.08740587534 0.0239260467624 0)
(1.09083995562 0.0242073374584 0)
(1.09433793201 0.0243383733453 0)
(1.09787397654 0.0243136367648 0)
(1.10142061991 0.0241304742382 0)
(1.10494942321 0.0237895030825 0)
(1.10843179668 0.02329485756 0)
(1.11183990561 0.022654221775 0)
(1.11514757257 0.0218786213423 0)
(1.11833109644 0.0209820020399 0)
(1.12136992335 0.0199806220713 0)
(1.12424711752 0.0188923276213 0)
(1.12703447492 0.0170120335263 0)
(1.12955208802 0.0158570947294 0)
(1.13188449477 0.0146717988665 0)
(1.13402935981 0.0134721751936 0)
(1.1359873205 0.0122727220418 0)
(1.13776154399 0.0110860883039 0)
(1.13935723586 0.00992287134824 0)
(1.14078113365 0.00879153129299 0)
(1.14204101996 0.00769842173628 0)
(1.14314528504 0.00664791482614 0)
(1.14410255345 0.00564259278088 0)
(1.14492137707 0.00468348204077 0)
(1.14560999521 0.00377030737475 0)
(1.14617615966 0.00290174879971 0)
(1.14662701747 0.0020756856045 0)
(1.14696904216 0.00128941956643 0)
(1.14720800266 0.000539873308518 0)
(1.14734896091 -0.000176238304463 0)
(1.14739628681 -0.000862274282856 0)
(1.14735370119 -0.00152154952872 0)
(1.14722433027 -0.00215724638445 0)
(1.14701075869 -0.00277233985995 0)
(1.14671509366 -0.00336954047216 0)
(1.14633903009 -0.00395125375782 0)
(1.14588391726 -0.00451955137975 0)
(1.14535082589 -0.00507615190015 0)
(1.14474061257 -0.00562241243729 0)
(1.14405398303 -0.00615932994662 0)
(1.14329155669 -0.00668755084399 0)
(1.14245392837 -0.00720738582056 0)
(1.14154172556 -0.00771883293061 0)
(1.14055565908 -0.0082216144409 0)
(1.13949656273 -0.00871522009215 0)
(1.13836542134 -0.00919894467021 0)
(1.13716338999 -0.00967192332071 0)
(1.13589180711 -0.0101331659455 0)
(1.13455220263 -0.0105815903304 0)
(1.13314630341 -0.0110160504713 0)
(1.13167603395 -0.0114353596135 0)
(1.13014351237 -0.0118383112483 0)
(1.12855104372 -0.0122236983374 0)
(1.12690111314 -0.0125903309068 0)
(1.12519637898 -0.0129370485209 0)
(1.12343966278 -0.0132627289454 0)
(1.12163393739 -0.0135662964518 0)
(1.11978231486 -0.0138467282563 0)
(1.11788803459 -0.0141030610545 0)
(1.11595445425 -0.0143343949447 0)
(1.11398503942 -0.0145398924866 0)
(1.11198335113 -0.0147187786475 0)
(1.10995303449 -0.0148703404851 0)
(1.10789780745 -0.0149939261098 0)
(1.10582145172 -0.0150889450112 0)
(1.10372780644 -0.0151548649759 0)
(1.10162076091 -0.0151912064406 0)
(1.09950424587 -0.0151975377125 0)
(1.09738222657 -0.0151734714891 0)
(1.09525869687 -0.015118659684 0)
(1.09313767324 -0.015032790213 0)
(1.09102319295 -0.0149155851761 0)
(1.08891931449 -0.0147667939213 0)
(1.08683011538 -0.0145861864127 0)
(1.08475969054 -0.0143735486751 0)
(1.08271215251 -0.0141286782939 0)
(1.08069163237 -0.013851380246 0)
(1.0787022817 -0.0135414633802 0)
(1.07674827486 -0.0131987373228 0)
(1.07483381312 -0.0128230120409 0)
(1.07296313205 -0.0124140962244 0)
(1.07114050818 -0.0119717935624 0)
(1.06937026405 -0.0114959020337 0)
(1.0676567749 -0.0109862151123 0)
(1.06600447639 -0.0104425239337 0)
(1.0644178727 -0.00986462078932 0)
(1.06290154469 -0.00925230373468 0)
(1.06146015748 -0.0086053828087 0)
(1.06009846745 -0.00792368852754 0)
(1.05882132885 -0.00720708248022 0)
(1.05763369984 -0.00645546942423 0)
(1.05654064783 -0.00566881212152 0)
(1.05554735243 -0.00484714808058 0)
(1.05465910543 -0.00399060922499 0)
(1.05388130881 -0.00309944257074 0)
(1.05321946903 -0.00217403415116 0)
(1.05267918956 -0.00121494043213 0)
(1.05226614837 -0.000222928003795 0)
(1.05198608485 0.0008009808204 0)
(1.05184476819 0.0018554730167 0)
(1.05184795467 0.00293888179372 0)
(1.05200135944 0.00404914874329 0)
(1.05231061953 0.00518376677612 0)
(1.05278123843 0.00633971443706 0)
(1.05341851079 0.00751338625558 0)
(1.05422742899 0.0087005291061 0)
(1.055212569 0.00989618490896 0)
(1.05637795187 0.0110946451479 0)
(1.0577269 0.0122894256752 0)
(1.05926189171 0.0134732527856 0)
(1.06098439667 0.0146380513623 0)
(1.06289469335 0.0157749496262 0)
(1.0649916817 0.0168743104886 0)
(1.06727268473 0.0179257984791 0)
(1.06973324289 0.0189184613019 0)
(1.07236693507 0.0198408433343 0)
(1.07516521056 0.0206811697179 0)
(1.07811721759 0.0214275704832 0)
(1.08120966022 0.0220683432131 0)
(1.08442670459 0.0225922795816 0)
(1.08774996166 0.0229890505939 0)
(1.09115855401 0.0232496229882 0)
(1.0946292837 0.0233667292742 0)
(1.0981369506 0.0233353569837 0)
(1.1016548348 0.0231531991826 0)
(1.10515533493 0.0228210185645 0)
(1.10861073766 0.0223428634721 0)
(1.11199406391 0.0217260899112 0)
(1.11527991161 0.0209811654533 0)
(1.11844522252 0.0201212776436 0)
(1.12146991378 0.0191617730893 0)
(1.12433732727 0.0181194884685 0)
(1.12689235486 0.0163145617069 0)
(1.12940989867 0.0152079039164 0)
(1.13174582346 0.0140720004092 0)
(1.13389744946 0.0129220507903 0)
(1.13586498092 0.0117718277278 0)
(1.13765109237 0.0106333753625 0)
(1.13926046651 0.00951681572213 0)
(1.14069931662 0.0084302626183 0)
(1.14197492563 0.00737984364559 0)
(1.14309522844 0.00636981107065 0)
(1.1440684516 0.00540271682546 0)
(1.14490281334 0.00447962968996 0)
(1.14560628569 0.00360037223366 0)
(1.14618641722 0.00276376189973 0)
(1.14665021078 0.00196784113522 0)
(1.14700404817 0.00121008919259 0)
(1.14725365186 0.000487611988799 0)
(1.14740407391 -0.000202693143254 0)
(1.14745970324 -0.000864009930261 0)
(1.14742430294 -0.00149948913959 0)
(1.1473010591 -0.00211216317197 0)
(1.14709262981 -0.00270487255463 0)
(1.14680120487 -0.00328020970101 0)
(1.14642856743 -0.00384047936563 0)
(1.14597615819 -0.0043876699741 0)
(1.14544514008 -0.00492343412314 0)
(1.14483646024 -0.005449079659 0)
(1.14415091132 -0.00596557125047 0)
(1.1433891946 -0.00647353974746 0)
(1.14255198044 -0.00697329584766 0)
(1.14163996304 -0.00746485181054 0)
(1.14065390894 -0.00794795598128 0)
(1.13959469691 -0.00842213336067 0)
(1.13846334734 -0.00888672039319 0)
(1.13726104212 -0.00934089837063 0)
(1.13598913816 -0.00978372624432 0)
(1.13464917661 -0.0102141729053 0)
(1.13324288979 -0.0106311444665 0)
(1.13177220306 -0.0110335058849 0)
(1.1302392314 -0.0114201010439 0)
(1.12864627316 -0.0117897715693 0)
(1.12699580428 -0.0121413745547 0)
(1.12529047265 -0.0124737944623 0)
(1.12353308869 -0.0127859510153 0)
(1.1217266138 -0.0130768073549 0)
(1.11987414836 -0.0133453763276 0)
(1.11797892035 -0.0135907276067 0)
(1.11604427718 -0.0138119918311 0)
(1.11407367597 -0.0140083589247 0)
(1.11207067092 -0.0141790781062 0)
(1.110038902 -0.0143234576783 0)
(1.10798208365 -0.0144408641995 0)
(1.10590399584 -0.0145307237525 0)
(1.10380847868 -0.0145925189172 0)
(1.1016994253 -0.0146257827094 0)
(1.0995807728 -0.0146300939033 0)
(1.0974564953 -0.0146050740396 0)
(1.09533059805 -0.014550382132 0)
(1.09320711082 -0.0144657121641 0)
(1.09109008665 -0.0143507923719 0)
(1.08898360294 -0.014205377828 0)
(1.08689175895 -0.0140292436793 0)
(1.08481867374 -0.0138221809836 0)
(1.08276848639 -0.0135839924673 0)
(1.08074535675 -0.0133144886049 0)
(1.07875346725 -0.0130134843034 0)
(1.07679702472 -0.0126807959855 0)
(1.07488026425 -0.0123162420673 0)
(1.07300745712 -0.0119196415965 0)
(1.07118291729 -0.0114908099952 0)
(1.06941100571 -0.0110295585558 0)
(1.06769613658 -0.0105356959492 0)
(1.0660427847 -0.0100090305557 0)
(1.06445549324 -0.00944937404606 0)
(1.06293888143 -0.00885654587818 0)
(1.06149765158 -0.00823037935493 0)
(1.06013659533 -0.00757072998825 0)
(1.05886059972 -0.00687748597345 0)
(1.05767465242 -0.00615058009161 0)
(1.05658384638 -0.00539000415708 0)
(1.0555933819 -0.00459582495119 0)
(1.05470856581 -0.00376820334528 0)
(1.05393480867 -0.00290741410485 0)
(1.05327761732 -0.00201386886692 0)
(1.05274258504 -0.00108814574838 0)
(1.0523353669 -0.00013102835371 0)
(1.05206166653 0.00085645314898 0)
(1.05192720147 0.00187298413909 0)
(1.05193766 0.00291690684432 0)
(1.05209867299 0.00398618158444 0)
(1.05241577287 0.00507833259323 0)
(1.05289433617 0.006190387329 0)
(1.05353950784 0.00731881185247 0)
(1.0543561089 0.00845945198549 0)
(1.05534852403 0.00960748227012 0)
(1.05652056642 0.0107573641844 0)
(1.05787533763 0.0119028213562 0)
(1.05941508391 0.0130368294248 0)
(1.06114103379 0.014151608682 0)
(1.06305322091 0.0152386312142 0)
(1.06515030511 0.0162886540524 0)
(1.06742938057 0.0172917897319 0)
(1.06988577618 0.0182375837121 0)
(1.0725128912 0.019115121586 0)
(1.07530204295 0.0199132146187 0)
(1.07824230635 0.0206206188886 0)
(1.0813203851 0.0212262873296 0)
(1.08452053485 0.02171967992 0)
(1.08782455907 0.0220911270966 0)
(1.09121188785 0.0223322227592 0)
(1.09465975558 0.022436260505 0)
(1.09814351726 0.0223986825994 0)
(1.10163711533 0.0222174901221 0)
(1.10511368836 0.0218935701801 0)
(1.10854629738 0.0214308859828 0)
(1.11190872023 0.0208364896738 0)
(1.11517624215 0.0201203370024 0)
(1.1183263766 0.0192949221504 0)
(1.12133946198 0.0183747579772 0)
(1.12419909142 0.0173757561591 0)
(1.126516601 0.0156420819346 0)
(1.12903517431 0.0145811055912 0)
(1.13137527098 0.0134920247214 0)
(1.13353390707 0.0123892637117 0)
(1.13551090278 0.0112859133635 0)
(1.13730849474 0.0101934455092 0)
(1.13893089957 0.00912152766067 0)
(1.14038386189 0.00807793688161 0)
(1.14167421674 0.00706857452037 0)
(1.14280948972 0.00609756493799 0)
(1.1437975489 0.00516741606422 0)
(1.14464631154 0.00427922161423 0)
(1.14536350811 0.00343288257079 0)
(1.14595650336 0.00262733389252 0)
(1.14643216967 0.00186076173631 0)
(1.1467968061 0.00113080451364 0)
(1.14705609382 0.000434734883296 0)
(1.14721507694 -0.000230381902861 0)
(1.14727816263 -0.000867566826791 0)
(1.14724915355 -0.00147981740385 0)
(1.14713129152 -0.00207002530208 0)
(1.14692730299 -0.00264090411308 0)
(1.14663945456 -0.00319493414465 0)
(1.14626961129 -0.00373432403322 0)
(1.14581929872 -0.0042609824034 0)
(1.14528976535 -0.00477649809835 0)
(1.14468204229 -0.00528213074369 0)
(1.14399700244 -0.00577881276378 0)
(1.14323542266 -0.00626715859068 0)
(1.14239804297 -0.006747477043 0)
(1.14148561917 -0.00721979160644 0)
(1.14049896925 -0.00768387310528 0)
(1.1394390137 -0.00813927811627 0)
(1.13830680606 -0.00858538100816 0)
(1.13710355332 -0.00902140546615 0)
(1.13583062971 -0.00944645580159 0)
(1.13448958684 -0.00985954859391 0)
(1.1330821622 -0.0102596389618 0)
(1.13161028221 -0.0106456406665 0)
(1.1300760591 -0.0110164452539 0)
(1.1284817851 -0.0113709405178 0)
(1.12682992762 -0.0117080285096 0)
(1.12512312499 -0.0120266367827 0)
(1.12336417757 -0.0123257254029 0)
(1.12155603641 -0.0126042949549 0)
(1.11970179138 -0.0128613926313 0)
(1.11780465998 -0.0130961201024 0)
(1.11586798048 -0.0133076378861 0)
(1.11389520274 -0.0134951627209 0)
(1.11188987527 -0.0136579676606 0)
(1.10985563413 -0.0137953819235 0)
(1.10779619122 -0.0139067902665 0)
(1.10571532575 -0.0139916353783 0)
(1.1036168798 -0.0140494148337 0)
(1.10150475143 -0.0140796744688 0)
(1.09938288512 -0.0140820038004 0)
(1.09725526498 -0.0140560335693 0)
(1.09512590866 -0.0140014301766 0)
(1.09299886014 -0.0139178940064 0)
(1.09087818911 -0.0138051599876 0)
(1.08876799297 -0.0136629894728 0)
(1.08667239379 -0.0134911632781 0)
(1.08459553593 -0.0132894779526 0)
(1.08254158618 -0.0130577417799 0)
(1.08051473439 -0.0127957711013 0)
(1.07851919515 -0.0125033871561 0)
(1.07655920907 -0.0121804132889 0)
(1.07463904642 -0.0118266765141 0)
(1.07276301567 -0.0114420063708 0)
(1.07093546991 -0.0110262299417 0)
(1.06916081027 -0.0105791715751 0)
(1.0674434918 -0.0101006547122 0)
(1.06578803046 -0.00959050439042 0)
(1.0641990106 -0.00904855090286 0)
(1.06268109225 -0.0084746341503 0)
(1.06123901753 -0.00786860950324 0)
(1.05987761623 -0.00723035604964 0)
(1.0586018112 -0.00655978694407 0)
(1.05741662303 -0.00585686109998 0)
(1.05632717385 -0.00512159726471 0)
(1.05533868865 -0.00435408913843 0)
(1.05445649366 -0.00355452401969 0)
(1.0536860128 -0.00272320161266 0)
(1.05303275863 -0.00186055590019 0)
(1.05250232007 -0.000967182967787 0)
(1.05210033624 -4.38797310634e-05 0)
(1.05183248185 0.00090832010352 0)
(1.0517044305 0.00188810388267 0)
(1.05172181086 0.00289382696815 0)
(1.05189017818 0.00392347238787 0)
(1.05221497028 0.00497459986642 0)
(1.0527014481 0.00604428968589 0)
(1.05335461963 0.00712908242554 0)
(1.05417914868 0.0082249245421 0)
(1.05517924395 0.00932712312774 0)
(1.05635852628 0.0104303074074 0)
(1.05771989201 0.0115284045118 0)
(1.05926537137 0.0126146332512 0)
(1.06099596786 0.0136815005216 0)
(1.06291148594 0.0147208100431 0)
(1.06501036036 0.0157236970272 0)
(1.0672894699 0.0166807029609 0)
(1.06974394208 0.0175818475213 0)
(1.07236700371 0.0184167283153 0)
(1.07514984415 0.0191747090122 0)
(1.07808146372 0.0198451334903 0)
(1.08114855733 0.0204175668409 0)
(1.08433545288 0.0208820901019 0)
(1.08762411902 0.0212296432416 0)
(1.09099425445 0.0214523957989 0)
(1.09442347341 0.0215441525241 0)
(1.0978876199 0.02150076649 0)
(1.10136122032 0.0213205135119 0)
(1.1048180659 0.0210043872006 0)
(1.1082319011 0.0205562665726 0)
(1.11157717269 0.0199829211424 0)
(1.11482977453 0.0192938351973 0)
(1.11796772771 0.0185008661819 0)
(1.12097174639 0.0176177613339 0)
(1.12382564987 0.016659581552 0)
(1.12589878322 0.0149933499303 0)
(1.12841963835 0.0139756880611 0)
(1.13076475071 0.0129310813471 0)
(1.13293086698 0.0118732280794 0)
(1.13491746636 0.0108145770605 0)
(1.13672639586 0.00976605778453 0)
(1.13836145643 0.00873690305003 0)
(1.13982797371 0.00773456304696 0)
(1.14113238126 0.00676471401675 0)
(1.14228183707 0.00583134650126 0)
(1.14328388678 0.00493691327032 0)
(1.14414617665 0.00408251835461 0)
(1.1448762195 0.00326812456233 0)
(1.14548121449 0.00249276711588 0)
(1.14596791649 0.00175475883514 0)
(1.14634255057 0.0010518810626 0)
(1.14661076178 0.000381558444447 0)
(1.14677758839 -0.000258988887787 0)
(1.14684745538 -0.000872630458148 0)
(1.14682420256 -0.00146222045018 0)
(1.14671112381 -0.00203051825534 0)
(1.14651100929 -0.00258011749894 0)
(1.14622619702 -0.00311339194441 0)
(1.14585862804 -0.0036324584769 0)
(1.14540990658 -0.00413914918267 0)
(1.14488136054 -0.00463499128407 0)
(1.14427409874 -0.00512119721811 0)
(1.14358906817 -0.00559866728373 0)
(1.14282711528 -0.00606799882281 0)
(1.14198904438 -0.00652949716481 0)
(1.14107566804 -0.00698319442193 0)
(1.14008785168 -0.00742888073669 0)
(1.13902655435 -0.00786614101815 0)
(1.13789286047 -0.00829438422371 0)
(1.13668800043 -0.00871287303757 0)
(1.13541336467 -0.00912075375348 0)
(1.1340705145 -0.00951708751443 0)
(1.13266119237 -0.00990087560295 0)
(1.13118732587 -0.0102710779049 0)
(1.12965102501 -0.0106266310802 0)
(1.12805457649 -0.0109664667382 0)
(1.12640043989 -0.0112895299182 0)
(1.12469124496 -0.01159478958 0)
(1.12292978317 -0.0118812446057 0)
(1.12111899645 -0.0121479316598 0)
(1.11926196538 -0.0123939310235 0)
(1.11736189814 -0.0126183754173 0)
(1.11542212511 -0.0128204546159 0)
(1.11344609026 -0.0129994116339 0)
(1.11143733786 -0.0131545429468 0)
(1.10939950139 -0.0132851983393 0)
(1.10733629157 -0.0133907804793 0)
(1.10525148801 -0.0134707486581 0)
(1.10314893606 -0.0135246156375 0)
(1.10103254012 -0.0135519402856 0)
(1.09890625349 -0.0135523231043 0)
(1.09677407162 -0.0135254043638 0)
(1.09464002605 -0.013470858085 0)
(1.09250817622 -0.0133883913325 0)
(1.09038260979 -0.0132777462721 0)
(1.08826744565 -0.0131386910678 0)
(1.08616683027 -0.0129710126611 0)
(1.08408493489 -0.0127745135236 0)
(1.08202595567 -0.0125490078913 0)
(1.07999411423 -0.0122943183321 0)
(1.07799365919 -0.012010272679 0)
(1.07602886682 -0.0116967013005 0)
(1.07410404441 -0.0113534399661 0)
(1.07222353974 -0.0109803288709 0)
(1.07039174734 -0.0105772067073 0)
(1.06861311093 -0.0101439106491 0)
(1.0668921289 -0.00968027852529 0)
(1.06523336105 -0.00918615150273 0)
(1.06364143576 -0.00866137782053 0)
(1.06212105693 -0.00810581695668 0)
(1.06067700981 -0.00751934526802 0)
(1.05931416584 -0.00690186411835 0)
(1.05803748748 -0.00625331011639 0)
(1.05685203213 -0.00557366658678 0)
(1.05576295541 -0.00486297728473 0)
(1.05477551157 -0.00412136068325 0)
(1.05389505115 -0.00334902822324 0)
(1.0531270167 -0.00254630201527 0)
(1.05247693228 -0.00171363545556 0)
(1.05195038861 -0.000851639370678 0)
(1.05155301639 3.88795244849e-05 0)
(1.05129046763 0.000956887685144 0)
(1.05116838033 0.00190107771205 0)
(1.05119233172 0.00286982178722 0)
(1.05136780994 0.00386112911566 0)
(1.05170016774 0.00487259845352 0)
(1.0521945612 0.00590136617941 0)
(1.0528558731 0.00694404977101 0)
(1.05368862287 0.00799669747576 0)
(1.05469685696 0.00905474857691 0)
(1.0558840176 0.010112997728 0)
(1.05725280972 0.0111655712642 0)
(1.05880506146 0.0122059250961 0)
(1.06054156506 0.0132268442636 0)
(1.06246190881 0.0142204524693 0)
(1.06456431488 0.0151782480543 0)
(1.06684545739 0.0160911838576 0)
(1.06930026983 0.0169497320442 0)
(1.07192181109 0.0177439751025 0)
(1.07470114422 0.0184637981024 0)
(1.07762719169 0.0190990978657 0)
(1.08068662982 0.0196400125728 0)
(1.08386384102 0.0200772018161 0)
(1.08714093236 0.0204021704229 0)
(1.09049783403 0.0206076178595 0)
(1.0939124914 0.020687816069 0)
(1.09736117686 0.020638990518 0)
(1.10081892977 0.0204596628688 0)
(1.10426011548 0.0201509178456 0)
(1.10765908048 0.0197165513009 0)
(1.11099086171 0.0191630687895 0)
(1.11423189102 0.0184995185136 0)
(1.11736063934 0.017737170806 0)
(1.120358155 0.0168890671239 0)
(1.1232084597 0.0159694830055 0)
(1.12502868293 0.0143671582693 0)
(1.12755322729 0.0133906508212 0)
(1.12990438585 0.0123883674576 0)
(1.13207866621 0.0113733247798 0)
(1.13407524447 0.0103573659303 0)
(1.13589562083 0.00935090576932 0)
(1.13754322554 0.00836276117686 0)
(1.13902300964 0.00740006548836 0)
(1.14034104706 0.00646827205314 0)
(1.14150416589 0.00557123340747 0)
(1.14251962224 0.0047113381486 0)
(1.14339481895 0.00388968837383 0)
(1.14413707338 0.00310629453873 0)
(1.14475343606 0.00236027719408 0)
(1.14525055671 0.00165006088588 0)
(1.14563459472 0.00097355550517 0)
(1.14591116413 0.000328324534969 0)
(1.14608529961 -0.000288268690913 0)
(1.14616144364 -0.000878952378654 0)
(1.14614347107 -0.00144644642519 0)
(1.1460347244 -0.00199338571234 0)
(1.14583805326 -0.00252225033125 0)
(1.14555586198 -0.00303531265188 0)
(1.14519016204 -0.00353460189684 0)
(1.14474263051 -0.00402187671342 0)
(1.14421466884 -0.00449860475812 0)
(1.14360745766 -0.00496595228748 0)
(1.14292201213 -0.00542478766256 0)
(1.14215924268 -0.00587569063072 0)
(1.14132001277 -0.00631896166855 0)
(1.14040518723 -0.00675463924133 0)
(1.13941567502 -0.00718253002833 0)
(1.13835247066 -0.00760224442067 0)
(1.13721668715 -0.00801322299191 0)
(1.13600957671 -0.00841476435666 0)
(1.1347325448 -0.00880605369534 0)
(1.13338716167 -0.00918619386033 0)
(1.13197517442 -0.00955422971175 0)
(1.13049851206 -0.00990916479503 0)
(1.12895928282 -0.0102499785051 0)
(1.12735976847 -0.0105756440504 0)
(1.12570242149 -0.0108851476266 0)
(1.12398986408 -0.0111774980332 0)
(1.12222488006 -0.011451731533 0)
(1.1204104036 -0.0117069195701 0)
(1.1185495073 -0.0119421742847 0)
(1.1166453913 -0.0121566585379 0)
(1.11470137949 -0.0123495907849 0)
(1.11272091153 -0.0125202397948 0)
(1.11070752906 -0.0126679250598 0)
(1.10866486463 -0.0127920165688 0)
(1.10659662931 -0.0128919345802 0)
(1.10450660456 -0.0129671549776 0)
(1.10239864063 -0.0130172058984 0)
(1.10027665 -0.0130416594332 0)
(1.09814459649 -0.0130401272843 0)
(1.09600648874 -0.0130122595633 0)
(1.09386637402 -0.0129577380917 0)
(1.0917283289 -0.0128762768498 0)
(1.08959646073 -0.0127676257795 0)
(1.08747491189 -0.0126315603707 0)
(1.0853678553 -0.0124678741208 0)
(1.08327949119 -0.0122763758337 0)
(1.08121404731 -0.0120568860787 0)
(1.07917577932 -0.0118092340056 0)
(1.07716897234 -0.0115332542932 0)
(1.07519794079 -0.0112287844179 0)
(1.07326703147 -0.0108956690725 0)
(1.0713806342 -0.0105337593041 0)
(1.06954318789 -0.0101429053857 0)
(1.06775918196 -0.00972295711629 0)
(1.06603316132 -0.00927376637227 0)
(1.06436973297 -0.00879518997777 0)
(1.06277357286 -0.00828709352067 0)
(1.06124943259 -0.007749355283 0)
(1.05980214455 -0.00718187162422 0)
(1.05843662609 -0.00658456499732 0)
(1.05715788367 -0.00595739409005 0)
(1.05597101621 -0.00530036506473 0)
(1.05488121772 -0.00461354493304 0)
(1.0538937769 -0.00389707497956 0)
(1.05301407404 -0.00315118871713 0)
(1.05224757617 -0.00237622837869 0)
(1.05159982516 -0.00157266412525 0)
(1.05107642013 -0.000741118711643 0)
(1.05068299056 0.00011759477264 0)
(1.05042517369 0.00100244595549 0)
(1.05030857916 0.00191213594353 0)
(1.05033874116 0.00284505691695 0)
(1.05052108914 0.00379924730593 0)
(1.05086090007 0.00477234793529 0)
(1.0513632353 0.00576155402914 0)
(1.05203286331 0.00676356185998 0)
(1.05287417092 0.00777452220094 0)
(1.05389105461 0.00879000596005 0)
(1.05508679024 0.00980497087509 0)
(1.05646390333 0.0108137382095 0)
(1.05802403208 0.0118099950661 0)
(1.059767769 0.0127867965614 0)
(1.06169449693 0.0137365752968 0)
(1.06380223549 0.0146511785363 0)
(1.06608746248 0.0155219542728 0)
(1.068544922 0.016339807106 0)
(1.07116750703 0.0170952791421 0)
(1.07394615378 0.0177787483101 0)
(1.0768697017 0.0183806325622 0)
(1.07992479733 0.0188916077497 0)
(1.08309585919 0.0193028736813 0)
(1.08636510629 0.0196064599386 0)
(1.0897126648 0.0197955552038 0)
(1.09311676546 0.0198648597456 0)
(1.09655405315 0.0198109376713 0)
(1.1000000154 0.0196325312788 0)
(1.10342952066 0.0193308030976 0)
(1.106817444 0.0189094668722 0)
(1.11013934168 0.0183747806592 0)
(1.11337211986 0.0177353876902 0)
(1.11649464692 0.0170020148317 0)
(1.11948826723 0.0161870505046 0)
(1.12233718254 0.015304042729 0)
(1.12389430417 0.0137623354965 0)
(1.12642410735 0.0128250070683 0)
(1.12878253219 0.0118630733782 0)
(1.13096587357 0.010888909547 0)
(1.13297303802 0.00991378622237 0)
(1.13480521707 0.00894762926482 0)
(1.13646551046 0.00799885745443 0)
(1.13795853454 0.0070742973093 0)
(1.13929004129 0.00617918233413 0)
(1.14046656321 0.00531722428847 0)
(1.14149509692 0.00449074038654 0)
(1.14238282721 0.00370082056662 0)
(1.14313689655 0.00294751083271 0)
(1.14376422268 0.00223000414984 0)
(1.14427136172 0.00154682370836 0)
(1.14466441537 0.000895995195247 0)
(1.14494897157 0.000275209212111 0)
(1.14513006365 -0.000318038153579 0)
(1.14521215141 -0.000886342882913 0)
(1.14519914269 -0.00143229883852 0)
(1.14509442551 -0.00195842352671 0)
(1.14490090488 -0.0024670894404 0)
(1.14462104668 -0.00296047232236 0)
(1.14425692745 -0.00344051755984 0)
(1.14381029155 -0.00390891330824 0)
(1.14328260835 -0.00436706963734 0)
(1.14267512469 -0.00481610760252 0)
(1.14198891816 -0.00525686387515 0)
(1.14122495778 -0.00568990025908 0)
(1.14038416126 -0.00611551123595 0)
(1.13946744137 -0.00653373963127 0)
(1.13847574678 -0.00694440620974 0)
(1.13741010441 -0.00734714434903 0)
(1.13627165359 -0.00774142359521 0)
(1.13506166675 -0.00812657572077 0)
(1.13378156314 -0.00850182195346 0)
(1.13243292112 -0.00886630425296 0)
(1.13101749212 -0.0092191087117 0)
(1.12953720673 -0.00955928027392 0)
(1.12799417188 -0.00988583884888 0)
(1.12639066499 -0.0101977971561 0)
(1.12472913218 -0.0104941808515 0)
(1.12301218914 -0.0107740371261 0)
(1.12124261333 -0.0110364382785 0)
(1.11942333262 -0.0112804892978 0)
(1.11755741309 -0.0115053329802 0)
(1.11564804815 -0.0117101614612 0)
(1.11369855681 -0.0118942213519 0)
(1.11171237618 -0.0120568066758 0)
(1.10969304707 -0.012197259553 0)
(1.10764420307 -0.0123149698049 0)
(1.10556955732 -0.0124093749325 0)
(1.10347289488 -0.0124799674028 0)
(1.10135807282 -0.0125262909234 0)
(1.0992290138 -0.0125479309802 0)
(1.09708969426 -0.012544510674 0)
(1.09494413826 -0.0125156902608 0)
(1.09279641106 -0.0124611594954 0)
(1.09065060851 -0.012380639471 0)
(1.08851085982 -0.0122738884503 0)
(1.08638133334 -0.0121406897517 0)
(1.08426623107 -0.0119808438387 0)
(1.08216978489 -0.0117941662403 0)
(1.08009625688 -0.0115804842315 0)
(1.07804993968 -0.0113396339028 0)
(1.07603515802 -0.0110714570274 0)
(1.0740562676 -0.010775798253 0)
(1.07211765786 -0.0104525113813 0)
(1.07022376408 -0.0101014585428 0)
(1.06837907328 -0.00972250158196 0)
(1.06658812432 -0.00931550275317 0)
(1.06485551259 -0.0088803276789 0)
(1.06318589635 -0.0084168484261 0)
(1.06158400349 -0.00792494741011 0)
(1.06005463788 -0.00740452102857 0)
(1.05860268387 -0.00685548474933 0)
(1.05723310971 -0.00627778103181 0)
(1.05595097107 -0.00567138937974 0)
(1.05476141372 -0.00503633735488 0)
(1.05366967568 -0.00437271362545 0)
(1.05268108594 -0.00368068048952 0)
(1.05180106062 -0.00296049165385 0)
(1.05103509764 -0.00221250741087 0)
(1.05038876345 -0.00143721228914 0)
(1.04986767276 -0.000635238466624 0)
(1.04947746137 0.000192597815126 0)
(1.04922375967 0.00104527186446 0)
(1.04911215672 0.00192149651038 0)
(1.04914815192 0.00281968668014 0)
(1.04933712439 0.00373791269691 0)
(1.04968428443 0.00467386008041 0)
(1.05019460834 0.00562478523165 0)
(1.05087276039 0.00658746472591 0)
(1.05172300558 0.00755815227183 0)
(1.05274910156 0.00853254969967 0)
(1.05395416857 0.00950577550178 0)
(1.05534056324 0.0104723416541 0)
(1.05690974415 0.0114261607604 0)
(1.0586621137 0.0123605503717 0)
(1.06059685773 0.013268241461 0)
(1.06271180123 0.0141414168065 0)
(1.06500323175 0.0149718047057 0)
(1.06746570609 0.0157507237082 0)
(1.07009195099 0.0164691519572 0)
(1.07287277321 0.0171179339384 0)
(1.07579692221 0.0176879796622 0)
(1.07885100212 0.018170470471 0)
(1.08201944851 0.0185571117205 0)
(1.08528456606 0.0188404216377 0)
(1.0886266425 0.0190140417256 0)
(1.09202415077 0.0190730660632 0)
(1.09545405627 0.0190143675982 0)
(1.09889223517 0.0188368871425 0)
(1.10231399417 0.0185418534473 0)
(1.10569467033 0.0181328991819 0)
(1.10901027492 0.0176160494479 0)
(1.11223813074 0.0169995699531 0)
(1.11535745584 0.0162936826055 0)
(1.11834985553 0.0155101694258 0)
(1.12119969054 0.0146619022146 0)
(1.12248191626 0.0131777442576 0)
(1.12501872181 0.012277784754 0)
(1.1273858303 0.0113543862587 0)
(1.12957934707 0.0104193188797 0)
(1.13159793877 0.00948331107968 0)
(1.1334425224 0.00855582346219 0)
(1.13511590323 0.00764489359064 0)
(1.13662239884 0.00675705112592 0)
(1.13796747345 0.00589731341713 0)
(1.1391573951 0.00506924983806 0)
(1.14019892843 0.00427510052404 0)
(1.14109906357 0.00351593475886 0)
(1.1418647871 0.00279182379481 0)
(1.14250289878 0.00210202186526 0)
(1.14301987194 0.00144513935482 0)
(1.14342175804 0.000819306433196 0)
(1.14371412373 0.000222330381821 0)
(1.14390200315 -0.00034816929895 0)
(1.14398987324 -0.000894664499832 0)
(1.14398167295 -0.00141963058548 0)
(1.14388083274 -0.00192547424192 0)
(1.14369030917 -0.00241446584196 0)
(1.14341262506 -0.0028886889065 0)
(1.14304991684 -0.00335000856906 0)
(1.14260399074 -0.00380004529899 0)
(1.14207637868 -0.00424015348484 0)
(1.14146838822 -0.00467140992782 0)
(1.14078115383 -0.00509461990965 0)
(1.14001569785 -0.00551032708511 0)
(1.13917298758 -0.00591881899923 0)
(1.13825397946 -0.00632014108562 0)
(1.1372596581 -0.00671412603225 0)
(1.13619107978 -0.00710042802927 0)
(1.13504940782 -0.00747854325004 0)
(1.13383593322 -0.00784783412282 0)
(1.13255208776 -0.00820755531559 0)
(1.13119945699 -0.00855688552761 0)
(1.12977979629 -0.00889494996632 0)
(1.12829503793 -0.00922083290933 0)
(1.12674728805 -0.00953359270879 0)
(1.12513882023 -0.00983227962641 0)
(1.12347207494 -0.0101159572164 0)
(1.12174966249 -0.0103837097321 0)
(1.11997435532 -0.0106346442537 0)
(1.11814907655 -0.010867898147 0)
(1.11627688726 -0.0110826436895 0)
(1.11436097566 -0.0112781014726 0)
(1.11240465754 -0.0114535457954 0)
(1.11041136948 -0.011608295461 0)
(1.10838465352 -0.0117417148545 0)
(1.10632814643 -0.0118532132531 0)
(1.10424556552 -0.0119422450273 0)
(1.10214070144 -0.0120083192303 0)
(1.10001742034 -0.0120509953483 0)
(1.09787965755 -0.0120698724236 0)
(1.09573140467 -0.0120645851423 0)
(1.0935767038 -0.0120348042083 0)
(1.091419641 -0.0119802274 0)
(1.08926433395 -0.0119005830878 0)
(1.08711493644 -0.0117956384154 0)
(1.08497564585 -0.0116651850253 0)
(1.08285069641 -0.0115090307413 0)
(1.08074435497 -0.011326998199 0)
(1.0786609213 -0.0111189217481 0)
(1.07660472862 -0.0108846447904 0)
(1.07458014511 -0.0106240164429 0)
(1.07259157158 -0.0103368885663 0)
(1.07064344396 -0.0100231242779 0)
(1.06874024716 -0.00968259706231 0)
(1.06688652076 -0.00931518034291 0)
(1.06508685764 -0.00892074868987 0)
(1.06334590837 -0.00849918121041 0)
(1.06166838742 -0.00805036485897 0)
(1.06005907975 -0.00757419842589 0)
(1.05852284692 -0.0070705958157 0)
(1.05706463091 -0.00653949079518 0)
(1.05568945666 -0.00598084483268 0)
(1.054402435 -0.00539465708464 0)
(1.05320876467 -0.00478097519316 0)
(1.05211373403 -0.00413990801854 0)
(1.05112271883 -0.00347163721357 0)
(1.05024117771 -0.00277643497436 0)
(1.04947464654 -0.00205467778742 0)
(1.04882872367 -0.00130686237109 0)
(1.04830904704 -0.000533628068078 0)
(1.04792126677 0.0002642087058 0)
(1.0476710144 0.00108563115832 0)
(1.04756386651 0.00192936684788 0)
(1.04760529605 0.00279385594579 0)
(1.04780064016 0.00367720299714 0)
(1.04815505131 0.00457714049374 0)
(1.04867342998 0.00549098802203 0)
(1.04936034575 0.00641560365666 0)
(1.05021995166 0.00734734420388 0)
(1.05125587658 0.00828204164296 0)
(1.05247109456 0.00921497294066 0)
(1.05386780239 0.0101408366605 0)
(1.05544728785 0.0110537654752 0)
(1.05720977094 0.0119473321768 0)
(1.0591542469 0.0128145561237 0)
(1.06127835205 0.0136479429492 0)
(1.06357818763 0.0144395877102 0)
(1.06604812294 0.015181205889 0)
(1.06868071584 0.0158641895991 0)
(1.07146663924 0.0164798256208 0)
(1.07439454385 0.0170194894201 0)
(1.07745097753 0.0174748385377 0)
(1.0806203731 0.0178380524417 0)
(1.08388509462 0.0181021053959 0)
(1.08722555807 0.0182610590651 0)
(1.09062043745 0.0183103705596 0)
(1.09404696999 0.0182471952354 0)
(1.09748136536 0.0180706529034 0)
(1.10089930888 0.0177820283862 0)
(1.1042765386 0.0173848742492 0)
(1.10758946215 0.0168849955044 0)
(1.11081576611 0.0162903046066 0)
(1.11393497444 0.0156105525744 0)
(1.11692892087 0.0148569563801 0)
(1.11978210507 0.0140417572253 0)
(1.12077614384 0.0126122789017 0)
(1.12332188419 0.0117480266972 0)
(1.12569930251 0.0108614924518 0)
(1.12790433483 0.00996387438747 0)
(1.1299354344 0.00906538651647 0)
(1.13179327425 0.00817504620094 0)
(1.13348039766 0.00730052577958 0)
(1.13500085587 0.00644806787217 0)
(1.13635985631 0.00562247784979 0)
(1.13756343097 0.00482718204376 0)
(1.13861813773 0.00406433909107 0)
(1.13953079356 0.00333499060799 0)
(1.14030824678 0.00263922435367 0)
(1.14095719291 0.00197634623376 0)
(1.14148403255 0.00134504381438 0)
(1.14189477394 0.000743541706543 0)
(1.14219496695 0.000169754577175 0)
(1.14238964858 -0.00037858300578 0)
(1.14248331272 -0.000903826098792 0)
(1.14247992744 -0.00140833846069 0)
(1.14238296275 -0.00189442198464 0)
(1.14219542303 -0.00236424997723 0)
(1.14191988354 -0.00281981780483 0)
(1.14155853552 -0.00326291370122 0)
(1.14111324178 -0.00369509312394 0)
(1.14058559158 -0.00411765661528 0)
(1.13997694783 -0.00453163763241 0)
(1.13928849642 -0.00493781041171 0)
(1.13852130788 -0.00533670038751 0)
(1.13767639449 -0.00572858740762 0)
(1.13675475223 -0.0061135179687 0)
(1.1357573979 -0.00649133477289 0)
(1.13468541396 -0.00686171094112 0)
(1.13353998548 -0.00722416720235 0)
(1.13232242027 -0.00757809438614 0)
(1.13103416138 -0.00792277820141 0)
(1.12967680047 -0.00825743193912 0)
(1.12825209644 -0.00858121802241 0)
(1.12676198338 -0.00889325818153 0)
(1.12520856705 -0.00919264728038 0)
(1.12359411775 -0.0094784712667 0)
(1.12192107101 -0.00974983016344 0)
(1.12019203285 -0.0100058440746 0)
(1.11840977217 -0.0102456537001 0)
(1.11657720901 -0.0104684276822 0)
(1.11469740112 -0.0106733666328 0)
(1.11277353307 -0.0108597188321 0)
(1.11080891939 -0.0110267858635 0)
(1.1088069983 -0.0111739108639 0)
(1.10677131541 -0.0113004801511 0)
(1.10470551316 -0.0114059220834 0)
(1.10261331538 -0.0114897075079 0)
(1.10049852064 -0.0115513620855 0)
(1.09836500686 -0.0115904613101 0)
(1.09621672496 -0.0116066179353 0)
(1.09405768459 -0.0115994784148 0)
(1.0918919491 -0.0115687242156 0)
(1.08972362867 -0.0115140611901 0)
(1.08755686591 -0.0114352251237 0)
(1.08539584245 -0.0113319926257 0)
(1.08324478839 -0.0112041641552 0)
(1.08110797405 -0.0110515552792 0)
(1.0789897051 -0.0108739961151 0)
(1.07689432316 -0.0106713284596 0)
(1.07482620635 -0.0104434034151 0)
(1.07278977092 -0.0101900776962 0)
(1.07078946743 -0.00991121039804 0)
(1.06882978291 -0.0096066741778 0)
(1.06691525686 -0.00927635418396 0)
(1.06505048668 -0.00892013544889 0)
(1.06324012469 -0.00853790474486 0)
(1.06148888221 -0.00812955444542 0)
(1.0598015357 -0.0076949860941 0)
(1.05818293327 -0.0072341144723 0)
(1.05663800051 -0.00674687045211 0)
(1.0551717435 -0.00623320536029 0)
(1.05378925051 -0.00569309875004 0)
(1.05249569427 -0.00512656835605 0)
(1.05129633335 -0.00453368068277 0)
(1.05019651347 -0.00391456343497 0)
(1.04920166433 -0.00326941608123 0)
(1.04831729441 -0.00259852776131 0)
(1.04754898512 -0.00190228946109 0)
(1.0469023746 -0.00118120810317 0)
(1.04638313216 -0.000435928158069 0)
(1.04599693055 0.000332736555221 0)
(1.04574941072 0.00112377917267 0)
(1.04564614516 0.00193594473158 0)
(1.04569258866 0.00276770096074 0)
(1.0458940447 0.00361718867101 0)
(1.04625561664 0.00448218932534 0)
(1.04678213793 0.00536008744882 0)
(1.04747809227 0.00624782357349 0)
(1.04834752986 0.00714185757878 0)
(1.04939395975 0.00803815080048 0)
(1.05062021804 0.00893213648047 0)
(1.05202834939 0.00981869576286 0)
(1.05361947805 0.0106921762452 0)
(1.05539364761 0.011546399235 0)
(1.05734966725 0.0123746630044 0)
(1.05948498869 0.0131697840873 0)
(1.06179552896 0.013924212018 0)
(1.06427546739 0.01463004356 0)
(1.06691718834 0.0152790640893 0)
(1.06971122466 0.0158629802823 0)
(1.07264611812 0.0163736086912 0)
(1.07570834513 0.0168030563333 0)
(1.07888231539 0.0171439482131 0)
(1.08215042615 0.0173896850948 0)
(1.0854931891 0.0175347193956 0)
(1.08888943993 0.0175748437031 0)
(1.09231664178 0.0175074722366 0)
(1.09575128622 0.0173318865077 0)
(1.09916938189 0.0170494184569 0)
(1.10254701148 0.0166635414287 0)
(1.10586092487 0.0161798517342 0)
(1.10908912377 0.0156059300787 0)
(1.11221139742 0.0149510868069 0)
(1.11520977761 0.0142260105979 0)
(1.11806888394 0.0134423527253 0)
(1.11876011983 0.01206486296 0)
(1.12131693328 0.0112347902117 0)
(1.12370651014 0.0103835790993 0)
(1.1259246349 0.00952188609177 0)
(1.12796957097 0.00865943616091 0)
(1.12984177489 0.00780482386331 0)
(1.13154355722 0.00696537146022 0)
(1.13307873225 0.00614704415395 0)
(1.13445227871 0.00535443988116 0)
(1.13567001848 0.00459084205241 0)
(1.13673832574 0.00385832446416 0)
(1.13766386417 0.00315789532592 0)
(1.1384533601 0.00248965151325 0)
(1.13911341755 0.00185294237012 0)
(1.13965037371 0.00124652390027 0)
(1.14007020009 0.00066870623478 0)
(1.14037843404 0.000117503158051 0)
(1.14058011728 -0.00040924314473 0)
(1.14067976029 -0.000913777347885 0)
(1.14068135832 -0.00139835792001 0)
(1.14058841801 -0.00186518750559 0)
(1.14040398788 -0.00231634700831 0)
(1.14013069123 -0.00275374739074 0)
(1.13977076906 -0.00317910313015 0)
(1.13932613563 -0.00359390722559 0)
(1.13879843232 -0.00399940814086 0)
(1.13818907217 -0.00439659685847 0)
(1.13749928713 -0.00478621695222 0)
(1.13673019076 -0.00516877569037 0)
(1.13588283588 -0.00554454462597 0)
(1.13495825393 -0.00591356995341 0)
(1.13395749009 -0.00627570270188 0)
(1.13288164989 -0.006630633309 0)
(1.13173193777 -0.00697790523973 0)
(1.13050967666 -0.00731693569476 0)
(1.12921631945 -0.00764703921415 0)
(1.12785346289 -0.00796746173856 0)
(1.12642286885 -0.00827740121475 0)
(1.12492647337 -0.00857601512134 0)
(1.12336638232 -0.00886243303456 0)
(1.12174486322 -0.00913577483853 0)
(1.12006434738 -0.00939517572675 0)
(1.11832743778 -0.00963979055768 0)
(1.11653690132 -0.00986879258355 0)
(1.11469565673 -0.0100813806926 0)
(1.11280676032 -0.01027678271 0)
(1.11087339476 -0.0104542738962 0)
(1.10889887546 -0.010613182783 0)
(1.10688664477 -0.010752876428 0)
(1.10484025451 -0.0108727627868 0)
(1.10276335559 -0.0109722889309 0)
(1.10065968112 -0.0110509417764 0)
(1.09853304031 -0.0111082636403 0)
(1.09638732596 -0.0111438462807 0)
(1.09422650796 -0.0111573163132 0)
(1.09205461749 -0.0111483321464 0)
(1.08987574288 -0.011116586346 0)
(1.08769402237 -0.0110617928546 0)
(1.08551362718 -0.0109836949882 0)
(1.08333877072 -0.0108820794374 0)
(1.08117372018 -0.0107567559709 0)
(1.07902278649 -0.0106075482743 0)
(1.07689031883 -0.0104342943226 0)
(1.07478070554 -0.0102368437413 0)
(1.07269837483 -0.0100150557493 0)
(1.07064779648 -0.00976879491834 0)
(1.06863347634 -0.00949792757228 0)
(1.06665995792 -0.00920233615297 0)
(1.06473184112 -0.00888191782127 0)
(1.06285378734 -0.00853656926562 0)
(1.06103051459 -0.00816618938134 0)
(1.05926680146 -0.00777068363599 0)
(1.0575674932 -0.00734996791508 0)
(1.05593750808 -0.00690397266932 0)
(1.0543818429 -0.00643264525742 0)
(1.05290557528 -0.00593595388161 0)
(1.05151386425 -0.00541389532043 0)
(1.05021195191 -0.00486650487998 0)
(1.04900516428 -0.00429386679991 0)
(1.04789891218 -0.0036961263798 0)
(1.04689868703 -0.00307349946894 0)
(1.04601005507 -0.00242629074571 0)
(1.04523865145 -0.00175490414618 0)
(1.04459016243 -0.00105985498477 0)
(1.04407029735 -0.000341791014135 0)
(1.04368476014 0.000398479171128 0)
(1.0434392096 0.00115996046296 0)
(1.04333922271 0.00194141792968 0)
(1.04339024442 0.00274134901496 0)
(1.04359755275 0.00355793259985 0)
(1.04396621037 0.00438900089717 0)
(1.0445009921 0.00523200493138 0)
(1.04520630391 0.00608396846763 0)
(1.04608610143 0.00694145429829 0)
(1.0471437819 0.00780055234777 0)
(1.04838205045 0.00865685004023 0)
(1.04980280602 0.00950540722552 0)
(1.05140701524 0.0103407815938 0)
(1.0531945496 0.0111570367179 0)
(1.0551640349 0.0119477408028 0)
(1.05731274073 0.0127060099767 0)
(1.05963640021 0.0134246371948 0)
(1.06212899817 0.0140960861187 0)
(1.06478273903 0.014712515894 0)
(1.06758800789 0.0152660323927 0)
(1.07053322598 0.0157488709043 0)
(1.07360478214 0.0161535634923 0)
(1.07678704208 0.0164731546487 0)
(1.08006241013 0.01670144481 0)
(1.08341146192 0.0168332505804 0)
(1.08681315701 0.0168646752759 0)
(1.09024514072 0.016793370932 0)
(1.09368413786 0.016618765363 0)
(1.09710642856 0.0163422296839 0)
(1.10048838756 0.0159671587928 0)
(1.10380705664 0.0154989503822 0)
(1.10704070725 0.0149448724887 0)
(1.11016935604 0.0143138216326 0)
(1.11317520419 0.0136159909365 0)
(1.11604297288 0.0128624780821 0)
(1.11641571622 0.011534446855 0)
(1.11898596412 0.0107371466613 0)
(1.12138978514 0.00991983537812 0)
(1.12362282771 0.00909265516765 0)
(1.12568318634 0.00826486526802 0)
(1.12757112584 0.00744465641952 0)
(1.12928875046 0.00663901515561 0)
(1.1308396641 0.00585363865741 0)
(1.13222864235 0.00509292223787 0)
(1.13346132058 0.00436000714424 0)
(1.13454391049 0.00365687989877 0)
(1.13548294067 0.00298451065963 0)
(1.13628503052 0.00234299920235 0)
(1.1369567043 0.00173173127434 0)
(1.1375042443 0.00114952369231 0)
(1.13793359134 0.000594764170926 0)
(1.13825027417 6.55582661103e-05 0)
(1.13845934078 -0.00044015085615 0)
(1.13856531781 -0.000924503221511 0)
(1.13857222562 -0.00138965780205 0)
(1.13848360454 -0.00183772309569 0)
(1.13830254363 -0.00227069190947 0)
(1.13803170976 -0.0026903942566 0)
(1.13767338877 -0.0030984738062 0)
(1.13722954116 -0.00349636354289 0)
(1.13670185544 -0.00388526155607 0)
(1.13609178955 -0.00426611717983 0)
(1.13540061615 -0.00463964374209 0)
(1.13462948684 -0.00500633051723 0)
(1.13377949053 -0.00536644031355 0)
(1.13285169015 -0.00572001781437 0)
(1.13184715547 -0.00606692088599 0)
(1.13076701189 -0.00640685591415 0)
(1.12961248092 -0.0067393875112 0)
(1.12838489886 -0.00706395742525 0)
(1.12708572705 -0.00737990698965 0)
(1.1257165662 -0.00768651304584 0)
(1.12427918066 -0.00798300757025 0)
(1.1227755086 -0.00826858225403 0)
(1.12120765647 -0.00854239971004 0)
(1.11957788964 -0.00880361211006 0)
(1.11788863598 -0.00905138864972 0)
(1.11614249677 -0.00928491796031 0)
(1.1143422386 -0.00950340487401 0)
(1.11249078096 -0.00970607756633 0)
(1.11059118074 -0.00989218998 0)
(1.10864662071 -0.0100610437094 0)
(1.10666041959 -0.0102119939721 0)
(1.10463602669 -0.0103444313681 0)
(1.10257700303 -0.0104577852421 0)
(1.10048701127 -0.0105515210207 0)
(1.09836979697 -0.0106251412714 0)
(1.09622918316 -0.0106782050508 0)
(1.09406908113 -0.0107103206686 0)
(1.09189348374 -0.0107211287547 0)
(1.08970644773 -0.0107102998714 0)
(1.08751209077 -0.0106775380504 0)
(1.08531458385 -0.0106225653084 0)
(1.08311813125 -0.0105451325913 0)
(1.0809269827 -0.0104450373211 0)
(1.07874544766 -0.0103220990712 0)
(1.07657788299 -0.0101761500206 0)
(1.07442868688 -0.0100070363854 0)
(1.07230230017 -0.0098146160193 0)
(1.07020320728 -0.00959875670338 0)
(1.06813593802 -0.00935933112876 0)
(1.06610505986 -0.00909621280803 0)
(1.06411517908 -0.00880929423144 0)
(1.06217096268 -0.00849848495792 0)
(1.0602771431 -0.00816369339911 0)
(1.05843851133 -0.00780483053828 0)
(1.0566599208 -0.0074218148065 0)
(1.05494629328 -0.00701457623256 0)
(1.05330262521 -0.00658306066532 0)
(1.05173399283 -0.00612723151069 0)
(1.05024555343 -0.0056470732005 0)
(1.04884254502 -0.00514259892707 0)
(1.04753028734 -0.00461386061617 0)
(1.04631418207 -0.00406095919009 0)
(1.04519971349 -0.00348405638003 0)
(1.04419244316 -0.00288338306833 0)
(1.04329800352 -0.0022592581829 0)
(1.04252209211 -0.00161209719153 0)
(1.04187045205 -0.000942422135721 0)
(1.04134884175 -0.000250882371251 0)
(1.04096300506 0.000461721274011 0)
(1.04071862716 0.00119440706159 0)
(1.04062129815 0.00194596250568 0)
(1.04067646135 0.00271491678706 0)
(1.04088937731 0.00349948846645 0)
(1.04126507613 0.00429756211166 0)
(1.0418082818 0.00510665666899 0)
(1.04252333001 0.00592387977182 0)
(1.04341408917 0.00674589687096 0)
(1.04448385176 0.00756892577469 0)
(1.04573519769 0.00838870612019 0)
(1.04716988527 0.00920047272663 0)
(1.048788728 0.00999898886961 0)
(1.05059142807 0.0107785546186 0)
(1.05257642881 0.0115329995822 0)
(1.05474081853 0.0122557287744 0)
(1.05708014526 0.0129398686918 0)
(1.05958819293 0.0135782366842 0)
(1.06225697786 0.0141633472524 0)
(1.06507672852 0.0146876863164 0)
(1.06803573285 0.0151438873639 0)
(1.07112027532 0.0155248851181 0)
(1.07431465653 0.0158241197518 0)
(1.0776012621 0.0160357669424 0)
(1.08096070052 0.0161549834305 0)
(1.08437201866 0.0161781609798 0)
(1.08781300204 0.0161031705792 0)
(1.0912605624 0.0159295725944 0)
(1.09469120228 0.0156587702316 0)
(1.09808153885 0.0152940805964 0)
(1.1014088584 0.0148407116812 0)
(1.10465165948 0.0143056357999 0)
(1.10779015037 0.0136973595419 0)
(1.11080667439 0.0130256096823 0)
(1.11368603643 0.0123009628337 0)
(1.11372386343 0.0110200061605 0)
(1.11631014582 0.0102541813112 0)
(1.11873054647 0.00946945382051 0)
(1.12098059115 0.00867547657227 0)
(1.12305822415 0.00788106447182 0)
(1.12496354065 0.00709402210745 0)
(1.12669846248 0.00632101388232 0)
(1.12826640714 0.00556747810149 0)
(1.12967197027 0.00483761245162 0)
(1.13092062222 0.00413441729021 0)
(1.13201843157 0.00345979019698 0)
(1.13297180857 0.00281465957521 0)
(1.13378727947 0.00219912290656 0)
(1.13447129957 0.00161259636165 0)
(1.13503010404 0.00105395093315 0)
(1.13546960839 0.000521644845163 0)
(1.13579533652 1.38688979764e-05 0)
(1.13601234367 -0.000471338611342 0)
(1.13612517228 -0.00093601821809 0)
(1.13613786552 -0.00138223468778 0)
(1.13605399447 -0.00181200707276 0)
(1.13587668502 -0.00222724406419 0)
(1.13560864329 -0.00262969790705 0)
(1.13525219494 -0.00302094423043 0)
(1.13480934164 -0.00340235835124 0)
(1.13428181402 -0.00377508963071 0)
(1.13367110989 -0.00414004653423 0)
(1.13297853724 -0.00449791259095 0)
(1.13220528079 -0.0048491593665 0)
(1.13135246127 -0.00519404061014 0)
(1.13042116916 -0.00553259841902 0)
(1.12941249505 -0.00586469618242 0)
(1.1283275811 -0.00619005509447 0)
(1.1271676636 -0.00650825953844 0)
(1.12593409056 -0.00681877417647 0)
(1.1246283304 -0.00712096525285 0)
(1.12325198669 -0.00741413894345 0)
(1.12180682586 -0.00769755994954 0)
(1.12029478841 -0.00797045279982 0)
(1.1187179821 -0.0082320115855 0)
(1.11707867082 -0.00848141921194 0)
(1.11537927994 -0.00871787783733 0)
(1.11362241056 -0.00894060899757 0)
(1.11181083096 -0.0091488482278 0)
(1.10994746367 -0.00934185210535 0)
(1.10803536853 -0.00951889962066 0)
(1.10607773069 -0.00967931812251 0)
(1.10407787503 -0.00982248932675 0)
(1.10203926103 -0.00994782703564 0)
(1.09996546239 -0.0100547817874 0)
(1.09786015731 -0.0101428370227 0)
(1.09572710754 -0.0102115105346 0)
(1.09357015363 -0.0102603782431 0)
(1.09139322966 -0.0102890653332 0)
(1.08920035604 -0.0102972266056 0)
(1.08699561977 -0.0102845449969 0)
(1.08478317313 -0.0102507364137 0)
(1.08256722532 -0.010195530901 0)
(1.08035201884 -0.0101186871161 0)
(1.07814184521 -0.0100200139008 0)
(1.0759410621 -0.0098993411317 0)
(1.0737540785 -0.00975650986437 0)
(1.07158534813 -0.00959137495723 0)
(1.06943937115 -0.00940380291354 0)
(1.06732069532 -0.00919367055216 0)
(1.06523391796 -0.00896085894042 0)
(1.06318367553 -0.00870524869351 0)
(1.06117464417 -0.00842674262613 0)
(1.05921156554 -0.00812526312371 0)
(1.05729925122 -0.00780073042102 0)
(1.05544257352 -0.00745306759789 0)
(1.05364646937 -0.00708220596039 0)
(1.05191594596 -0.00668808952191 0)
(1.05025608682 -0.00627067928556 0)
(1.04867205663 -0.00582995428541 0)
(1.04716910133 -0.00536591455881 0)
(1.04575254678 -0.00487858892654 0)
(1.04442779919 -0.00436804503442 0)
(1.04320034472 -0.00383439949163 0)
(1.04207575003 -0.00327782937432 0)
(1.0410596557 -0.00269857931597 0)
(1.0401577692 -0.00209698130956 0)
(1.03937585951 -0.00147346103677 0)
(1.03871973558 -0.000828545736009 0)
(1.03819521428 -0.000162884821131 0)
(1.03780808791 0.000522731151815 0)
(1.03756407661 0.00122733520275 0)
(1.03746879218 0.0019497396253 0)
(1.03752768419 0.0026885072429 0)
(1.03774600331 0.00344189774638 0)
(1.03812875468 0.00420784953335 0)
(1.03868061857 0.00498395079836 0)
(1.03940586695 0.0057673935735 0)
(1.04030828748 0.00655494564947 0)
(1.04139107371 0.00734295210413 0)
(1.04265668485 0.00812730295151 0)
(1.04410674235 0.00890340438289 0)
(1.04574190971 0.00966622108528 0)
(1.04756172095 0.0104102843321 0)
(1.04956443619 0.011129677016 0)
(1.05174696197 0.0118180828644 0)
(1.05410465857 0.0124689531619 0)
(1.05663110097 0.0130754468114 0)
(1.0593181079 0.0136304162054 0)
(1.06215574122 0.0141267095739 0)
(1.06513214222 0.0145573396778 0)
(1.06823347383 0.014915623329 0)
(1.07144395058 0.0151953745711 0)
(1.07474591398 0.0153911220382 0)
(1.07811997506 0.0154983408108 0)
(1.08154523237 0.0155136910238 0)
(1.08499957104 0.0154352456909 0)
(1.08846004511 0.01526268542 0)
(1.09190333251 0.0149974391601 0)
(1.09530624563 0.0146427467474 0)
(1.09864627026 0.0142036343477 0)
(1.10190209155 0.0136867936069 0)
(1.10505407532 0.0131003624714 0)
(1.10808468081 0.0124536274633 0)
(1.11097877914 0.0117566732825 0)
(1.11066496222 0.0105205407127 0)
(1.11327012957 0.00978499382532 0)
(1.1157097044 0.00903163209614 0)
(1.11797910129 0.00826964198186 0)
(1.12007613073 0.00750741372445 0)
(1.12200073815 0.00675238221182 0)
(1.12375468433 0.0060109026059 0)
(1.12534122202 0.00528816321304 0)
(1.12676478786 0.00458816921251 0)
(1.12803070667 0.00391378176093 0)
(1.12914492156 0.00326680847093 0)
(1.13011373969 0.00264813309631 0)
(1.1309436068 0.00205784651788 0)
(1.13164091901 0.0014953902799 0)
(1.13221187136 0.000959683785032 0)
(1.13266235893 0.000449249456643 0)
(1.13299790406 -3.76424948722e-05 0)
(1.13322356995 -0.000502863700911 0)
(1.13334391428 -0.000948359948762 0)
(1.13336300061 -0.00137610657036 0)
(1.1332844277 -0.00178803752331 0)
(1.13311135463 -0.00218598107093 0)
(1.1328465224 -0.00257161461885 0)
(1.13249229155 -0.00294644836024 0)
(1.1320506999 -0.00331180220519 0)
(1.13152351535 -0.00366877838075 0)
(1.13091227056 -0.0040182452162 0)
(1.13021830369 -0.0043608569174 0)
(1.12944282772 -0.00469706773424 0)
(1.12858699107 -0.00502712216716 0)
(1.12765190802 -0.00535105876901 0)
(1.12663868635 -0.00566874529601 0)
(1.1255484819 -0.00597991682222 0)
(1.1243825436 -0.00628417632352 0)
(1.12314222966 -0.00658100991846 0)
(1.12182901438 -0.00686980701956 0)
(1.12044450315 -0.00714990174447 0)
(1.11899046424 -0.00742059039543 0)
(1.11746884098 -0.00768112911746 0)
(1.11588174327 -0.00793074203244 0)
(1.11423143448 -0.00816864131551 0)
(1.11252033867 -0.00839406117555 0)
(1.11075105857 -0.00860625529574 0)
(1.10892636648 -0.00880448913334 0)
(1.10704919067 -0.00898804685692 0)
(1.10512259671 -0.00915623146209 0)
(1.10314977488 -0.00930839554107 0)
(1.10113405945 -0.00944394719804 0)
(1.09907892391 -0.00956232313733 0)
(1.09698795864 -0.00966299495817 0)
(1.09486486189 -0.00974546379566 0)
(1.09271341596 -0.00980926223714 0)
(1.09053748335 -0.0098539832326 0)
(1.08834102586 -0.0098792692043 0)
(1.08612809687 -0.00988478929051 0)
(1.08390281921 -0.00987023905636 0)
(1.08166938585 -0.00983534674551 0)
(1.07943205074 -0.00977985034992 0)
(1.07719510067 -0.00970351629738 0)
(1.07496287516 -0.00960616557653 0)
(1.07273978703 -0.00948763887551 0)
(1.07053030466 -0.00934778653199 0)
(1.0683389449 -0.00918647247537 0)
(1.06617027521 -0.00900357230195 0)
(1.06402891502 -0.0087989723653 0)
(1.06191953769 -0.00857256234372 0)
(1.05984685687 -0.00832422980638 0)
(1.05781562649 -0.00805388818139 0)
(1.05583067145 -0.00776147316127 0)
(1.05389689159 -0.00744691694761 0)
(1.05201925015 -0.0071101547809 0)
(1.05020277736 -0.00675113078843 0)
(1.04845257575 -0.00636980281786 0)
(1.04677382579 -0.00596614678263 0)
(1.04517179027 -0.00554015692315 0)
(1.04365181332 -0.00509184825893 0)
(1.04221931805 -0.00462126447389 0)
(1.04087980639 -0.00412848806565 0)
(1.0396388583 -0.00361365039246 0)
(1.03850213211 -0.00307694284339 0)
(1.03747535661 -0.00251862257343 0)
(1.03656432341 -0.00193903354478 0)
(1.03577488215 -0.00133861040738 0)
(1.03511291658 -0.000717884195124 0)
(1.03458431168 -7.75028860052e-05 0)
(1.03419491604 0.000581755658069 0)
(1.03395049333 0.00125894042714 0)
(1.03385668533 0.00195289078412 0)
(1.03391895516 0.00266220501269 0)
(1.03414255057 0.00338518524769 0)
(1.03453245857 0.00411982509537 0)
(1.03509332194 0.00486378326385 0)
(1.03582935445 0.00561433663649 0)
(1.03674426832 0.00636835498279 0)
(1.03784116282 0.00712231014349 0)
(1.03912237951 0.00787224081413 0)
(1.04058940536 0.00861372109025 0)
(1.04224275563 0.00934191322531 0)
(1.04408179566 0.0100515748733 0)
(1.0461046 0.0107370344473 0)
(1.04830789159 0.011392244675 0)
(1.05068683924 0.0120109739554 0)
(1.05323479944 0.0125867115845 0)
(1.05594338271 0.0131126312036 0)
(1.05880247377 0.0135819268754 0)
(1.06180005364 0.0139879731371 0)
(1.06492214679 0.0143244499266 0)
(1.06815286127 0.0145855251457 0)
(1.07147446969 0.0147660600646 0)
(1.07486755587 0.0148618283686 0)
(1.078311235 0.0148697404867 0)
(1.08178345204 0.0147880562615 0)
(1.08526135995 0.0146165655006 0)
(1.08872176657 0.0143567171748 0)
(1.09214163409 0.0140116742281 0)
(1.0954986047 0.0135862879288 0)
(1.09877151142 0.0130869826247 0)
(1.10194084486 0.0125215465972 0)
(1.10498915486 0.0118988494553 0)
(1.10790136152 0.011228510159 0)
(1.10721938129 0.010035074832 0)
(1.10984653992 0.00932869971464 0)
(1.11230814542 0.00860557560426 0)
(1.11459951081 0.00787444341708 0)
(1.11671832712 0.00714328682946 0)
(1.11866440771 0.00641918636892 0)
(1.12043937139 0.00570820018064 0)
(1.12204632557 0.00501527516972 0)
(1.12348956668 0.00434422919503 0)
(1.12477429163 0.00369778623164 0)
(1.12590633396 0.00307766343975 0)
(1.12689191163 0.00248469772122 0)
(1.12773740128 0.00191896981768 0)
(1.12844914874 0.00137994241785 0)
(1.12903331508 0.00086657833248 0)
(1.12949577922 0.00037745857677 0)
(1.12984206447 -8.90725367949e-05 0)
(1.13007724346 -0.000534800857288 0)
(1.13020588753 -0.00096158178148 0)
(1.13023207813 -0.00137130552968 0)
(1.13015943867 -0.00176582501352 0)
(1.12999115785 -0.00214689148995 0)
(1.12973000722 -0.00251611021936 0)
(1.12937837733 -0.00287492841645 0)
(1.12893833726 -0.00322461277239 0)
(1.12841168753 -0.00356621992722 0)
(1.12779999086 -0.00390057875953 0)
(1.12710461051 -0.00422831465552 0)
(1.12632678309 -0.00454986504701 0)
(1.1254676809 -0.00486546510954 0)
(1.12452843847 -0.00517514899645 0)
(1.12351017729 -0.00547878781863 0)
(1.12241406411 -0.00577612979843 0)
(1.12124135857 -0.00606679550958 0)
(1.11999342784 -0.00635029123307 0)
(1.11867175107 -0.0066260279344 0)
(1.11727793482 -0.00689336644367 0)
(1.11581374917 -0.00715163371322 0)
(1.11428114106 -0.00740011643166 0)
(1.11268222382 -0.00763806740802 0)
(1.11101926157 -0.00786472670941 0)
(1.10929467861 -0.00807935980928 0)
(1.10751108161 -0.00828125188752 0)
(1.1056712496 -0.00846969764183 0)
(1.1037781199 -0.00864400809975 0)
(1.10183476713 -0.0088035092439 0)
(1.09984438999 -0.00894757847058 0)
(1.09781033608 -0.00907565023853 0)
(1.09573609726 -0.00918718389984 0)
(1.09362528545 -0.00928167205482 0)
(1.09148162424 -0.0093586332389 0)
(1.0893089217 -0.00941761439542 0)
(1.08711106743 -0.009458225714 0)
(1.08489205679 -0.00948012725596 0)
(1.08265598239 -0.00948300268477 0)
(1.0804070095 -0.00946656049707 0)
(1.07814937909 -0.00943054179253 0)
(1.07588739742 -0.00937469238243 0)
(1.07362540255 -0.00929878649165 0)
(1.07136778914 -0.00920265802157 0)
(1.06911903316 -0.00908615900428 0)
(1.06688367084 -0.00894914950868 0)
(1.06466629113 -0.00879150299803 0)
(1.06247153809 -0.00861310461468 0)
(1.06030411225 -0.0084138507442 0)
(1.05816877255 -0.0081936398641 0)
(1.05607031887 -0.00795236626982 0)
(1.05401359166 -0.00768995431066 0)
(1.05200350851 -0.00740635354327 0)
(1.05004506804 -0.00710150834682 0)
(1.04814333526 -0.00677536624139 0)
(1.0463034448 -0.0064278841259 0)
(1.04453060534 -0.00605903350215 0)
(1.04283010473 -0.00566880491186 0)
(1.04120731398 -0.00525720734888 0)
(1.03966768529 -0.00482427018047 0)
(1.03821674867 -0.00437005119984 0)
(1.03686011139 -0.00389464691405 0)
(1.03560345668 -0.00339820253843 0)
(1.03445254407 -0.00288092278626 0)
(1.03341319987 -0.00234307614029 0)
(1.03249130895 -0.00178501750048 0)
(1.03169281069 -0.00120718929445 0)
(1.03102367248 -0.000610125105761 0)
(1.03048985716 5.53017788154e-06 0)
(1.0300972757 0.000639013539542 0)
(1.02985174437 0.00128939107863 0)
(1.02975894239 0.00195553149191 0)
(1.02982435276 0.00263607029062 0)
(1.03005322627 0.00332935324865 0)
(1.03045053768 0.00403343049035 0)
(1.03102089733 0.00474603246286 0)
(1.03176846498 0.00546452129658 0)
(1.03269688137 0.00618586834919 0)
(1.03380915473 0.00690667183939 0)
(1.03510751054 0.0076231175787 0)
(1.03659330212 0.00833094421977 0)
(1.03826689671 0.0090255080584 0)
(1.04012748893 0.00970178875282 0)
(1.04217296365 0.0103543527627 0)
(1.04439985743 0.0109774124834 0)
(1.04680314297 0.0115650467656 0)
(1.04937594761 0.0121110650199 0)
(1.05210966215 0.0126089461892 0)
(1.05499398364 0.0130522147921 0)
(1.05801671966 0.0134345908755 0)
(1.06116374032 0.0137500999795 0)
(1.06441902766 0.0139932455156 0)
(1.06776476121 0.0141592029187 0)
(1.07118146799 0.0142440266748 0)
(1.07464824498 0.0142448612698 0)
(1.07814305745 0.0141601397334 0)
(1.08164311454 0.0139897511373 0)
(1.08512530973 0.0137351592771 0)
(1.08856671103 0.013399450418 0)
(1.09194507551 0.0129873069954 0)
(1.09523934677 0.0125048979209 0)
(1.09843010873 0.0119596787369 0)
(1.10149997714 0.0113601230357 0)
(1.10443390393 0.0107154075653 0)
(1.10336801995 0.00956265886892 0)
(1.10602052846 0.00888443299458 0)
(1.10850727672 0.00819050116871 0)
(1.11082348407 0.00748917788406 0)
(1.11296673451 0.00678805692103 0)
(1.11493672482 0.00609387876922 0)
(1.11673494878 0.00541241615729 0)
(1.1183643857 0.00474838290124 0)
(1.11982920854 0.00410541475048 0)
(1.121134502 0.00348610077368 0)
(1.12228600443 0.00289206764176 0)
(1.12328985703 0.00232410379215 0)
(1.12415237761 0.00178227695348 0)
(1.12487986963 0.00126606744984 0)
(1.12547846555 0.000774477165815 0)
(1.12595403189 0.000306140719268 0)
(1.12631209511 -0.000140528330272 0)
(1.12655773829 -0.000567233672768 0)
(1.1266955449 -0.000975744260197 0)
(1.12672961161 -0.00136786917256 0)
(1.12666358349 -0.00174538405378 0)
(1.12650067534 -0.0021099663338 0)
(1.12624368512 -0.00246315160746 0)
(1.12589502871 -0.00280632643875 0)
(1.12545680177 -0.00314070642573 0)
(1.12493083306 -0.00346730412919 0)
(1.12431871089 -0.00378690961764 0)
(1.12362181889 -0.00410011998751 0)
(1.12284141299 -0.00440735645256 0)
(1.12197868587 -0.00470884489488 0)
(1.12103478921 -0.00500461430228 0)
(1.12001085511 -0.00529453825827 0)
(1.11890805873 -0.00557837758751 0)
(1.11772766896 -0.00585576963749 0)
(1.11647106108 -0.00612623970946 0)
(1.11513971855 -0.00638921882364 0)
(1.11373524873 -0.00664409344742 0)
(1.11225942398 -0.00689022039688 0)
(1.11071419614 -0.00712691597477 0)
(1.10910168376 -0.00735346043295 0)
(1.10742415353 -0.0075691204341 0)
(1.10568403208 -0.00777319205231 0)
(1.10388393286 -0.00796499141777 0)
(1.10202664506 -0.00814384188919 0)
(1.10011511903 -0.00830908070139 0)
(1.09815244258 -0.00846005582762 0)
(1.09614182676 -0.00859616909952 0)
(1.09408663719 -0.00871688137312 0)
(1.09199038935 -0.00882167444535 0)
(1.08985672245 -0.00891006194536 0)
(1.0876893918 -0.00898157953918 0)
(1.0854922374 -0.00903578807202 0)
(1.08326918202 -0.00907231522241 0)
(1.08102426129 -0.00909083914186 0)
(1.07876161454 -0.00909105824323 0)
(1.07648545734 -0.00907269431956 0)
(1.07420008723 -0.00903550189939 0)
(1.07190987159 -0.00897923441409 0)
(1.06961920762 -0.00890367386125 0)
(1.06733255321 -0.00880866787246 0)
(1.06505445664 -0.00869408041058 0)
(1.06278953204 -0.00855978179138 0)
(1.06054245098 -0.00840565550308 0)
(1.05831794477 -0.00823159666559 0)
(1.05612080549 -0.00803751215868 0)
(1.05395588806 -0.0078233093692 0)
(1.05182808822 -0.00758888899958 0)
(1.04974234237 -0.0073341866735 0)
(1.04770367146 -0.00705916648777 0)
(1.04571718484 -0.00676378530158 0)
(1.04378806169 -0.00644800306733 0)
(1.04192155316 -0.00611178935258 0)
(1.04012298544 -0.00575512904497 0)
(1.0383977644 -0.00537802695331 0)
(1.03675137948 -0.00498050632068 0)
(1.03518940079 -0.00456261021022 0)
(1.03371747496 -0.00412440978103 0)
(1.03234132421 -0.00366601473334 0)
(1.03106674459 -0.00318758328121 0)
(1.02989960627 -0.00268933250704 0)
(1.02884584225 -0.0021715410383 0)
(1.02791143943 -0.00163457372489 0)
(1.02710243564 -0.0010788796157 0)
(1.0264248902 -0.000504993749695 0)
(1.02588485203 8.64439974904e-05 0)
(1.02548830176 0.000694687190872 0)
(1.02524111487 0.00131882033696 0)
(1.02514901456 0.00195774359462 0)
(1.0252175089 0.00261013145748 0)
(1.02545185646 0.00327437444568 0)
(1.02585702418 0.00394858045146 0)
(1.02643759358 0.00463055287276 0)
(1.02719767297 0.00531773943441 0)
(1.02814083406 0.00600721267 0)
(1.02926999564 0.00669569691461 0)
(1.0305872669 0.0073795236497 0)
(1.03209386669 0.00805459283222 0)
(1.033790013 0.00871645158952 0)
(1.03567472588 0.00936029762393 0)
(1.03774569488 0.00998092817323 0)
(1.03999926664 0.0105728062427 0)
(1.04243021275 0.0111303154241 0)
(1.04503141969 0.0116475757594 0)
(1.04779404671 0.0121183560979 0)
(1.05070759331 0.012536496947 0)
(1.05375968206 0.0128960486374 0)
(1.05693601448 0.0131913661175 0)
(1.06022042823 0.0134172715793 0)
(1.06359498569 0.0135692379618 0)
(1.06704012707 0.0136435845956 0)
(1.07053489559 0.0136376754792 0)
(1.07405723717 0.0135501045679 0)
(1.0775843747 0.0133808512073 0)
(1.08109324385 0.013131389236 0)
(1.08456097576 0.0128047282642 0)
(1.08796540231 0.0124053871631 0)
(1.0912855418 0.0119392899163 0)
(1.09450204097 0.0114135744288 0)
(1.09759755751 0.0108363370071 0)
(1.10055705815 0.0102163333655 0)
(1.09909289926 0.00910237223026 0)
(1.1017743532 0.00845135024265 0)
(1.10428959346 0.00778564206266 0)
(1.10663375201 0.00711315328354 0)
(1.10880431629 0.00644110316398 0)
(1.11080088005 0.0057759055474 0)
(1.11262482686 0.00512305876129 0)
(1.11427902299 0.00448705155609 0)
(1.11576753281 0.00387134276965 0)
(1.11709534267 0.00327838903098 0)
(1.11826810851 0.00270972685286 0)
(1.11929190588 0.00216609509718 0)
(1.12017300296 0.00164754617424 0)
(1.12091766777 0.00115357516427 0)
(1.1215320089 0.000683219272683 0)
(1.12202188356 0.000235162248866 0)
(1.12239282339 -0.000192117509883 0)
(1.12264992255 -0.000600244627963 0)
(1.12279777516 -0.00099090515752 0)
(1.12284049045 -0.0013658307149 0)
(1.12278173222 -0.00172672321397 0)
(1.12262473814 -0.00207518922439 0)
(1.12237232873 -0.00241269696217 0)
(1.12202694077 -0.00274057455415 0)
(1.12159069224 -0.00305998858197 0)
(1.12106543624 -0.00337190900229 0)
(1.12045278267 -0.00367708767122 0)
(1.11975413118 -0.00397609395343 0)
(1.11897075326 -0.00426933354334 0)
(1.11810385909 -0.00455702316253 0)
(1.11715461493 -0.00483918594558 0)
(1.11612416086 -0.00511569718603 0)
(1.11501367862 -0.00538632993961 0)
(1.11382444539 -0.00565073766225 0)
(1.11255784436 -0.00590846367528 0)
(1.11121536336 -0.00615895766137 0)
(1.10979861081 -0.00640163079598 0)
(1.10830936241 -0.00663586912859 0)
(1.10674957693 -0.00686101778521 0)
(1.10512138063 -0.00707638331162 0)
(1.1034270453 -0.00728125774573 0)
(1.10166900276 -0.00747496721467 0)
(1.09984987681 -0.00765685835416 0)
(1.0979724711 -0.00782628271285 0)
(1.09603975394 -0.00798260316471 0)
(1.09405483142 -0.00812518869234 0)
(1.09202093176 -0.00825346525724 0)
(1.08994144413 -0.00836692023562 0)
(1.087819914 -0.00846505773166 0)
(1.08566001482 -0.00854741253086 0)
(1.08346554128 -0.00861353717681 0)
(1.08124037255 -0.00866300592578 0)
(1.07898847148 -0.00869546423218 0)
(1.07671392192 -0.00871060886066 0)
(1.07442091882 -0.00870815325673 0)
(1.0721137374 -0.00868783294353 0)
(1.06979674193 -0.00864941648414 0)
(1.06747437083 -0.00859266461417 0)
(1.06515108906 -0.00851736701265 0)
(1.06283142677 -0.00842338594563 0)
(1.06052001537 -0.00831059799907 0)
(1.05822155875 -0.00817888433788 0)
(1.05594082341 -0.0080281389583 0)
(1.05368263972 -0.007858267308 0)
(1.05145190257 -0.00766918713764 0)
(1.04925357368 -0.00746081474447 0)
(1.04709265473 -0.00723305683407 0)
(1.04497418813 -0.00698586076313 0)
(1.04290331044 -0.00671920603155 0)
(1.0408852555 -0.0064330623749 0)
(1.0389253305 -0.00612740230576 0)
(1.03702891588 -0.00580220780829 0)
(1.03520146662 -0.00545747672503 0)
(1.03344851689 -0.00509322765833 0)
(1.03177568427 -0.00470949754612 0)
(1.03018866638 -0.00430634248531 0)
(1.02869323592 -0.0038838462732 0)
(1.02729523946 -0.00344213101087 0)
(1.02600059509 -0.00298136707989 0)
(1.02481529272 -0.00250178298874 0)
(1.02374538064 -0.00200366631653 0)
(1.02279695594 -0.00148739090084 0)
(1.02197616274 -0.000953411260461 0)
(1.0212891597 -0.000402262852185 0)
(1.02074208824 0.000165421504371 0)
(1.02034100608 0.000748913336339 0)
(1.02009185222 0.00134731719928 0)
(1.02000039889 0.0019595666173 0)
(1.02007218281 0.0025843768115 0)
(1.02031247336 0.0032201840843 0)
(1.02072623246 0.00386515530867 0)
(1.02131801449 0.00451716803968 0)
(1.02209187711 0.00517375589745 0)
(1.02305132351 0.00583209215585 0)
(1.02419918283 0.00648902712525 0)
(1.02553744583 0.00714103661404 0)
(1.02706719436 0.00778417870102 0)
(1.02878849417 0.00841418842012 0)
(1.03070018515 0.00902647793417 0)
(1.03279975451 0.00961606807887 0)
(1.03508335536 0.0101776635695 0)
(1.03754555309 0.0107059479399 0)
(1.04017898088 0.0111953430981 0)
(1.04297455468 0.0116398927599 0)
(1.04592156864 0.0120337396313 0)
(1.04900745168 0.0123712499934 0)
(1.05221772485 0.0126470933412 0)
(1.05553606362 0.0128563956067 0)
(1.05894438837 0.0129949124134 0)
(1.06242302079 0.0130592137535 0)
(1.06595091347 0.0130468701233 0)
(1.06950595252 0.0129566253212 0)
(1.07306533232 0.0127885407451 0)
(1.07660598812 0.0125440957972 0)
(1.08010507276 0.0122262232373 0)
(1.08354045435 0.0118392829036 0)
(1.08689119138 0.0113889631492 0)
(1.09013796408 0.0108820977241 0)
(1.09326344866 0.0103264224602 0)
(1.09625260985 0.00973029113772 0)
(1.09437772956 0.00865332795561 0)
(1.09709193176 0.00802863615617 0)
(1.09963921726 0.00739025448653 0)
(1.10201463531 0.00674569573395 0)
(1.10421558561 0.00610181883642 0)
(1.10624157043 0.00546472353336 0)
(1.10809387594 0.00483964421901 0)
(1.10977526852 0.00423085231207 0)
(1.11128971683 0.00364163489076 0)
(1.11264212109 0.00307431874807 0)
(1.11383806612 0.00253035086736 0)
(1.11488357166 0.00201041984275 0)
(1.11578486437 0.00151456094572 0)
(1.11654818304 0.0010422816793 0)
(1.1171796163 0.000592651317636 0)
(1.11768501492 0.000164398711636 0)
(1.11806991745 -0.000243936915668 0)
(1.1183394297 -0.00063390376817 0)
(1.11849815491 -0.00100710818461 0)
(1.1185502125 -0.00136520773894 0)
(1.11849928234 -0.00170983394531 0)
(1.11834862213 -0.00204252529402 0)
(1.11810107155 -0.00236468473769 0)
(1.11775908443 -0.0026775840813 0)
(1.11732479735 -0.00298234292985 0)
(1.11680008451 -0.00327989008532 0)
(1.11618657406 -0.00357093974906 0)
(1.11548567809 -0.00385603414128 0)
(1.11469868056 -0.00413556423186 0)
(1.11382680701 -0.00440973781 0)
(1.11287123652 -0.00467857154049 0)
(1.11183311542 -0.00494194177365 0)
(1.1107136308 -0.00519963358702 0)
(1.10951406807 -0.00545131602959 0)
(1.10823581901 -0.0056965495769 0)
(1.10688037672 -0.00593480127694 0)
(1.10544935175 -0.00616550621865 0)
(1.1039445251 -0.00638807920277 0)
(1.1023678653 -0.00660189352484 0)
(1.10072150992 -0.00680628096852 0)
(1.09900773936 -0.00700055779181 0)
(1.09722899429 -0.00718407973587 0)
(1.09538791347 -0.00735622360116 0)
(1.09348732041 -0.00751636877332 0)
(1.09153020762 -0.00766390328012 0)
(1.08951970562 -0.00779821612936 0)
(1.0874590656 -0.00791875716319 0)
(1.08535170694 -0.00802504049285 0)
(1.0832012128 -0.00811659248107 0)
(1.08101129942 -0.00819296930268 0)
(1.07878580998 -0.00825374011424 0)
(1.07652867107 -0.00829849202471 0)
(1.07424389354 -0.00832688859981 0)
(1.07193561875 -0.00833864585477 0)
(1.06960810808 -0.00833349263954 0)
(1.06726570765 -0.00831117869529 0)
(1.06491286008 -0.00827148720184 0)
(1.06255408557 -0.00821418570318 0)
(1.06019392599 -0.00813907140889 0)
(1.05783699398 -0.00804602228939 0)
(1.05548801703 -0.00793492842175 0)
(1.05315180303 -0.00780568249933 0)
(1.05083322737 -0.00765818941538 0)
(1.04853723203 -0.00749236511915 0)
(1.0462688261 -0.00730813846974 0)
(1.04403308901 -0.00710543454926 0)
(1.04183513841 -0.00688416562356 0)
(1.03968013386 -0.00664429146267 0)
(1.03757334183 -0.0063858080961 0)
(1.03552013675 -0.00610869858643 0)
(1.03352596864 -0.0058129479705 0)
(1.0315963597 -0.00549855011454 0)
(1.02973690398 -0.00516551515556 0)
(1.02795327304 -0.00481387490091 0)
(1.0262512215 -0.00444367940064 0)
(1.02463658337 -0.00405499714315 0)
(1.02311526641 -0.0036479238611 0)
(1.02169325033 -0.00322259328294 0)
(1.02037658393 -0.00277918713847 0)
(1.01917138518 -0.0023179444095 0)
(1.01808382535 -0.00183916040781 0)
(1.01712011874 -0.00134321698863 0)
(1.01628652229 -0.000830572981024 0)
(1.01558930009 -0.000301763202392 0)
(1.01503469099 0.000242588649098 0)
(1.01462883475 0.00080177322969 0)
(1.01437773716 0.00137491702783 0)
(1.01428722236 0.00196098873086 0)
(1.01436285716 0.00255874599634 0)
(1.01460992264 0.00316667187074 0)
(1.0150333764 0.00378299339608 0)
(1.01563774527 0.00440566348395 0)
(1.01642703478 0.00503230190274 0)
(1.0174046781 0.00566018219891 0)
(1.01857341239 0.00628628062965 0)
(1.01993510578 0.00690721605953 0)
(1.0214906987 0.00751920155101 0)
(1.02324009993 0.00811815738624 0)
(1.02518196174 0.00869970690901 0)
(1.02731356111 0.00925908728665 0)
(1.02963085485 0.00979123609238 0)
(1.03212819742 0.0102911329319 0)
(1.03479795539 0.0107534934246 0)
(1.0376307909 0.0111726211896 0)
(1.04061578915 0.0115429477391 0)
(1.04374018128 0.011859141829 0)
(1.04698929809 0.0121161741597 0)
(1.05034663429 0.0123094612518 0)
(1.05379394041 0.0124350284902 0)
(1.05731138497 0.0124896839954 0)
(1.06087779075 0.0124711930481 0)
(1.06447094268 0.0123784391442 0)
(1.06806796462 0.0122115580847 0)
(1.07164574978 0.011972030543 0)
(1.07518143286 0.0116627119876 0)
(1.07865288119 0.0112878070785 0)
(1.08203916049 0.0108527767561 0)
(1.08532095627 0.0103641626664 0)
(1.08848094074 0.00982935528869 0)
(1.09150405996 0.00925632372868 0)
(1.08920839073 0.00821467883158 0)
(1.09195930504 0.00761551061251 0)
(1.09454234256 0.00700362551591 0)
(1.09695247314 0.00638615833525 0)
(1.09918701582 0.00576962082916 0)
(1.10124539123 0.00515981040111 0)
(1.10312879901 0.00456170746665 0)
(1.10483991694 0.00397937355731 0)
(1.10638262915 0.00341592907108 0)
(1.10776176035 0.00287357365448 0)
(1.10898283413 0.002353665626 0)
(1.11005182316 0.00185684296663 0)
(1.11097491978 0.00138312239519 0)
(1.11175833899 0.000932021973498 0)
(1.11240815302 0.000502640214827 0)
(1.11293020868 9.37474153015e-05 0)
(1.11333005319 -0.000296060038381 0)
(1.11361280459 -0.000668256187114 0)
(1.11378307409 -0.00102437054285 0)
(1.11384498915 -0.0013659898384 0)
(1.1138022437 -0.00169467834217 0)
(1.11365811326 -0.00201190908567 0)
(1.113415454 -0.00231902172236 0)
(1.11307673367 -0.00261723376817 0)
(1.11264410461 -0.00290761986418 0)
(1.11211945978 -0.00319106908918 0)
(1.11150444324 -0.00346825851229 0)
(1.11080047681 -0.00373970382433 0)
(1.11000885483 -0.00400578215944 0)
(1.10913081719 -0.00426669269402 0)
(1.1081675551 -0.0045224450708 0)
(1.10712022033 -0.00477291614264 0)
(1.10599000529 -0.00501790294901 0)
(1.10477820458 -0.00525708975884 0)
(1.1034862204 -0.00549005346538 0)
(1.10211555318 -0.00571627726675 0)
(1.10066781774 -0.00593521949231 0)
(1.09914480335 -0.00614632335427 0)
(1.09754849249 -0.00634898980425 0)
(1.09588103886 -0.00654257489355 0)
(1.09414473616 -0.00672641799379 0)
(1.09234203869 -0.00689990412286 0)
(1.09047560598 -0.00706244001916 0)
(1.08854828829 -0.00721343268484 0)
(1.08656311015 -0.00735229488598 0)
(1.08452323391 -0.00747843463642 0)
(1.08243194053 -0.00759132546249 0)
(1.08029268761 -0.00769050854979 0)
(1.07810910554 -0.00777553259017 0)
(1.07588496387 -0.00784597547397 0)
(1.07362416483 -0.00790142263265 0)
(1.07133069147 -0.00794147336702 0)
(1.06900861153 -0.00796580978218 0)
(1.06666213522 -0.00797416797108 0)
(1.06429560357 -0.00796629266423 0)
(1.06191344682 -0.00794194830522 0)
(1.05952019877 -0.00790093314556 0)
(1.05712047241 -0.00784302078719 0)
(1.05471889574 -0.00776801582699 0)
(1.05232017597 -0.00767581333002 0)
(1.04992915274 -0.00756631797523 0)
(1.04755075489 -0.00743943465135 0)
(1.04518998163 -0.00729507928107 0)
(1.04285189884 -0.00713317819757 0)
(1.0405416406 -0.0069536714317 0)
(1.03826441435 -0.0067564926139 0)
(1.03602546362 -0.00654155920234 0)
(1.03383007794 -0.00630884447337 0)
(1.03168367138 -0.00605836243803 0)
(1.02959177727 -0.00579010983723 0)
(1.02756000317 -0.00550408378399 0)
(1.02559402363 -0.00520028906674 0)
(1.02369957974 -0.0048787472031 0)
(1.02188248776 -0.004539502554 0)
(1.02014864694 -0.00418261772947 0)
(1.0185040357 -0.00380817302035 0)
(1.01695470501 -0.00341627543004 0)
(1.01550677578 -0.00300706954354 0)
(1.01416643506 -0.00258074761438 0)
(1.0129399361 -0.0021375581142 0)
(1.01183357942 -0.00167780281469 0)
(1.01085370199 -0.00120187058375 0)
(1.01000667827 -0.000710223382848 0)
(1.00929888215 -0.00020339429669 0)
(1.00873665261 0.00031800419931 0)
(1.00832621391 0.000853282975166 0)
(1.00807363985 0.00140159238581 0)
(1.00798480693 0.00196193810012 0)
(1.00806531096 0.00253312188234 0)
(1.00832044317 0.00311367440473 0)
(1.00875515502 0.00370188402909 0)
(1.00937394296 0.00429578021937 0)
(1.0101807565 0.00489306908969 0)
(1.0111789549 0.00549112394647 0)
(1.01237117885 0.00608704705805 0)
(1.0137591674 0.00667759911801 0)
(1.01534371322 0.00725914504362 0)
(1.01712456148 0.00782778795816 0)
(1.01910016759 0.00837935928111 0)
(1.02126759058 0.00890930490653 0)
(1.02362259077 0.00941278641048 0)
(1.02615930688 0.00988507664329 0)
(1.02886982444 0.0103211772057 0)
(1.03174454488 0.0107156362609 0)
(1.03477234842 0.011063160887 0)
(1.03794026991 0.0113587099245 0)
(1.04123344049 0.011597543911 0)
(1.04463515126 0.0117753589911 0)
(1.04812694949 0.0118884392692 0)
(1.0516888111 0.0119338198633 0)
(1.05529938732 0.0119094500981 0)
(1.0589363198 0.0118143436667 0)
(1.06257662051 0.0116487034952 0)
(1.06619710059 0.0114140073176 0)
(1.06977483849 0.0111130326117 0)
(1.07328766581 0.0107498321025 0)
(1.07671462422 0.010329646584 0)
(1.08003637776 0.00985873639594 0)
(1.08323557292 0.00934416030345 0)
(1.0862971209 0.00879351837956 0)
(1.08357325584 0.00778562493983 0)
(1.08636494239 0.0072112371312 0)
(1.08898752283 0.00662508241845 0)
(1.09143588968 0.00603393127011 0)
(1.09370728699 0.00544396045337 0)
(1.09580106191 0.00486067609832 0)
(1.0977183368 0.00428881411583 0)
(1.09946171037 0.00373223330501 0)
(1.10103499187 0.00319389236581 0)
(1.10244293974 0.0026758665314 0)
(1.10369102511 0.00217942650021 0)
(1.10478518129 0.00170515957722 0)
(1.1057315728 0.00125306284944 0)
(1.10653639586 0.000822663472217 0)
(1.10720570944 0.000413086714571 0)
(1.10774535914 2.31409544329e-05 0)
(1.10816090234 -0.000348523530778 0)
(1.10845747061 -0.000703308650707 0)
(1.10863968227 -0.00104266968481 0)
(1.10871167154 -0.00136812554305 0)
(1.10867714509 -0.00168117625682 0)
(1.10853939505 -0.00198323188405 0)
(1.10830129241 -0.00227557061047 0)
(1.10796531683 -0.00255935762696 0)
(1.10753363467 -0.00283562460528 0)
(1.10700815659 -0.00310522232353 0)
(1.10639054147 -0.0033687912092 0)
(1.10568221946 -0.00362682106588 0)
(1.10488449446 -0.00387967617091 0)
(1.10399862102 -0.00412754749781 0)
(1.10302580328 -0.00437043717292 0)
(1.10196719905 -0.00460822208341 0)
(1.10082400723 -0.00484071130875 0)
(1.09959753406 -0.0050676041039 0)
(1.09828919548 -0.00528849316629 0)
(1.09690050279 -0.00550287669332 0)
(1.09543307849 -0.00571023568761 0)
(1.09388872446 -0.0059100415771 0)
(1.09226944291 -0.00610172260394 0)
(1.09057741019 -0.0062846581853 0)
(1.0888149393 -0.00645820972241 0)
(1.08698450415 -0.00662179127455 0)
(1.08508879253 -0.00677483943071 0)
(1.08313069024 -0.00691678873516 0)
(1.0811132635 -0.00704707630687 0)
(1.07903971506 -0.00716512806206 0)
(1.07691336343 -0.00727044108718 0)
(1.07473771435 -0.00736258417057 0)
(1.07251645742 -0.00744112855052 0)
(1.07025342818 -0.00750567419347 0)
(1.06795259966 -0.00755582228704 0)
(1.06561802068 -0.007591183544 0)
(1.06325382606 -0.00761145924929 0)
(1.06086430906 -0.00761640669592 0)
(1.05845390674 -0.00760578703398 0)
(1.05602714831 -0.00757937975609 0)
(1.05358867209 -0.00753699835632 0)
(1.0511431937 -0.00747842143683 0)
(1.0486954367 -0.00740346104069 0)
(1.04625021824 -0.00731203128499 0)
(1.04381251068 -0.00720405280385 0)
(1.04138738295 -0.00707944309791 0)
(1.03897997264 -0.00693812874503 0)
(1.03659547987 -0.00678004595664 0)
(1.03423917289 -0.00660514584739 0)
(1.03191639636 -0.00641337032284 0)
(1.02963252941 -0.00620464196936 0)
(1.02739300809 -0.00597894934312 0)
(1.02520341658 -0.00573632617481 0)
(1.02306946681 -0.00547678276873 0)
(1.020996936 -0.00520032712377 0)
(1.01899165738 -0.00490697345637 0)
(1.01705952354 -0.00459675358192 0)
(1.01520650047 -0.00426972382382 0)
(1.0134386383 -0.00392595892323 0)
(1.01176206691 -0.00356555046539 0)
(1.01018298759 -0.00318861608873 0)
(1.00870766926 -0.00279531045628 0)
(1.00734244351 -0.00238583548622 0)
(1.00609370433 -0.00196044809862 0)
(1.004967886 -0.00151945517579 0)
(1.00397145151 -0.00106325154081 0)
(1.00311089529 -0.000592301073069 0)
(1.00239270317 -0.000107133960596 0)
(1.00182331414 0.00039165065723 0)
(1.00140903665 0.000903384952722 0)
(1.00115601111 0.00142724506168 0)
(1.00107016398 0.00196227549339 0)
(1.00115711615 0.00250732375829 0)
(1.00142216458 0.0030609689417 0)
(1.00187025016 0.0036215618405 0)
(1.0025058334 0.00418720964837 0)
(1.00333280122 0.00475570494909 0)
(1.00435443273 0.00532452023874 0)
(1.00557326522 0.00589088393486 0)
(1.00699089992 0.00645169733146 0)
(1.00860797364 0.00700347407322 0)
(1.01042405903 0.00754249791866 0)
(1.0124374041 0.00806480519036 0)
(1.01464484485 0.00856604223754 0)
(1.01704194923 0.00904158590931 0)
(1.01962263357 0.00948700076599 0)
(1.02237868691 0.0098975666174 0)
(1.02530025176 0.0102680596858 0)
(1.02837601935 0.0105934495157 0)
(1.03159283453 0.0108689744424 0)
(1.03493561465 0.0110901761997 0)
(1.03838741473 0.0112530220341 0)
(1.04192953643 0.011354045377 0)
(1.04554171798 0.0113904981613 0)
(1.049202395 0.0113605035521 0)
(1.05288902391 0.0112631962682 0)
(1.05657846489 0.0110988392697 0)
(1.06024740913 0.0108689031472 0)
(1.0638728432 0.0105760864374 0)
(1.06743253023 0.0102242926347 0)
(1.07090545866 0.00981854883017 0)
(1.07427224586 0.00936484376578 0)
(1.0775154921 0.00886991683892 0)
(1.08062005815 0.00834101331581 0)
(1.077463292 0.00736542245287 0)
(1.08029982265 0.00681513253756 0)
(1.08296573127 0.00625400312607 0)
(1.08545583414 0.00568845301611 0)
(1.08776730475 0.00512433531508 0)
(1.08989942356 0.00456687530113 0)
(1.09185324337 0.004020573401 0)
(1.09363129204 0.00348909254613 0)
(1.09523731224 0.00297523460026 0)
(1.09667600429 0.00248095312445 0)
(1.09795279469 0.00200743237533 0)
(1.0990735844 0.00155520914056 0)
(1.10004451619 0.00112426006579 0)
(1.10087177224 0.000714120266962 0)
(1.10156140153 0.000323939576235 0)
(1.10211925155 -4.74387259457e-05 0)
(1.10255089145 -0.000401313271815 0)
(1.10286146859 -0.000739015869389 0)
(1.10305560842 -0.00106192980871 0)
(1.10313745155 -0.00137150906337 0)
(1.10311071731 -0.00166919232404 0)
(1.10297871452 -0.00195632904854 0)
(1.10274432881 -0.00223413767164 0)
(1.10241005111 -0.00250373296293 0)
(1.10197806157 -0.00276610561207 0)
(1.1014502891 -0.00302206951895 0)
(1.100828408 -0.00327222893026 0)
(1.10011385695 -0.00351704842661 0)
(1.09930795021 -0.003756880496 0)
(1.09841195912 -0.00399190841224 0)
(1.09742710335 -0.00422212634102 0)
(1.09635454903 -0.00444741080249 0)
(1.09519550439 -0.00466758312332 0)
(1.0939512915 -0.00488235745482 0)
(1.0926233454 -0.00509134179876 0)
(1.09121319349 -0.00529404823515 0)
(1.0897224708 -0.00548997996338 0)
(1.08815299792 -0.0056786365945 0)
(1.0865068047 -0.00585947345115 0)
(1.08478609861 -0.0060318924435 0)
(1.08299321926 -0.00619527590389 0)
(1.08113066763 -0.00634906682365 0)
(1.07920116934 -0.00649273174322 0)
(1.07720765714 -0.0066257328145 0)
(1.0751532505 -0.00674753106381 0)
(1.0730412018 -0.00685756906345 0)
(1.07087487596 -0.00695536748986 0)
(1.06865783957 -0.00704052355753 0)
(1.06639385668 -0.00711263140572 0)
(1.06408684367 -0.00717131332509 0)
(1.06174085612 -0.00721618540235 0)
(1.05936001748 -0.00724686892618 0)
(1.05694854206 -0.0072630854593 0)
(1.05451082498 -0.00726461501517 0)
(1.0520514191 -0.00725123559206 0)
(1.0495749679 -0.00722274169591 0)
(1.04708622633 -0.00717896175416 0)
(1.04459001978 -0.00711967805846 0)
(1.0420911777 -0.00704471077309 0)
(1.03959464903 -0.00695399589016 0)
(1.03710556506 -0.00684747139324 0)
(1.03462915441 -0.00672506709894 0)
(1.03217070402 -0.00658671906471 0)
(1.02973555466 -0.00643237249195 0)
(1.0273291156 -0.00626198946 0)
(1.02495687631 -0.00607552001273 0)
(1.02262436215 -0.00587289254788 0)
(1.0203371798 -0.00565411364643 0)
(1.01810111224 -0.00541923840178 0)
(1.01592206794 -0.00516828944849 0)
(1.01380599872 -0.00490128340417 0)
(1.01175889612 -0.0046182419491 0)
(1.0097868045 -0.00431920619661 0)
(1.0078958425 -0.00400424409591 0)
(1.00609221632 -0.00367344229519 0)
(1.00438221331 -0.00332690326079 0)
(1.00277219105 -0.00296475463601 0)
(1.0012685718 -0.00258716034016 0)
(0.999877836091 -0.00219433103807 0)
(0.998606522217 -0.00178653097164 0)
(0.997461200322 -0.00136407068268 0)
(0.996448460258 -0.000927349816311 0)
(0.995574916158 -0.000476832960058 0)
(0.994847165697 -1.30459829519e-05 0)
(0.994271743384 0.000463427237194 0)
(0.993855039355 0.000951941389447 0)
(0.993603255942 0.00145170025517 0)
(0.993522363923 0.00196178908892 0)
(0.993618002213 0.00248110273516 0)
(0.993895466111 0.00300826937809 0)
(0.994359678637 0.00354170331538 0)
(0.995015055947 0.00407959062314 0)
(0.995865413142 0.0046198103814 0)
(0.996913940319 0.00515993362733 0)
(0.998163062204 0.0056973151189 0)
(0.999614231152 0.00622899547313 0)
(1.0012679183 0.00675163393719 0)
(1.00312351231 0.00726169281658 0)
(1.00517904333 0.00775540961905 0)
(1.00743112625 0.00822862186146 0)
(1.00987514688 0.00867691362885 0)
(1.0125047853 0.00909614126018 0)
(1.01531152001 0.00948185381639 0)
(1.0182852551 0.00982903705364 0)
(1.02141452516 0.0101329106598 0)
(1.02468599013 0.0103889851669 0)
(1.02808432481 0.0105930785181 0)
(1.03159229911 0.0107414229172 0)
(1.03519091523 0.0108307927424 0)
(1.0388596234 0.0108586468098 0)
(1.04257659875 0.0108232719533 0)
(1.04631907212 0.0107239147876 0)
(1.05006371474 0.0105608912696 0)
(1.0537870629 0.0103356606155 0)
(1.05746597861 0.0100508412538 0)
(1.06107812661 0.00971018970044 0)
(1.06460241523 0.00931852508713 0)
(1.068019392 0.00888157333215 0)
(1.07131159182 0.00840576569628 0)
(1.07446381032 0.00789800563108 0)
(1.07087188308 0.00695339342219 0)
(1.07375723621 0.00642657754508 0)
(1.07647014192 0.00588982755605 0)
(1.07900534067 0.00534922233943 0)
(1.08135993881 0.00481030190733 0)
(1.08353315577 0.00427802052124 0)
(1.08552598141 0.00375665171331 0)
(1.08734087981 0.00324966912079 0)
(1.08898153454 0.00275972249441 0)
(1.09045259511 0.00228864644245 0)
(1.0917594506 0.00183754005041 0)
(1.09290797629 0.00140688991388 0)
(1.0939042991 0.000996651634906 0)
(1.09475459219 0.000606367424688 0)
(1.09546489818 0.00023520976977 0)
(1.09604106952 -0.000117946313482 0)
(1.09648869142 -0.000454350664655 0)
(1.09681292891 -0.000775267045555 0)
(1.09701841609 -0.00108200870706 0)
(1.09710930114 -0.0013759674855 0)
(1.09708931758 -0.00165852353676 0)
(1.09696179281 -0.00193096800196 0)
(1.09672962872 -0.00219446118013 0)
(1.09639532874 -0.00245006926915 0)
(1.09596108848 -0.00269874396686 0)
(1.09542885773 -0.00294126372977 0)
(1.09480032899 -0.00317819705178 0)
(1.09407695158 -0.00340998396718 0)
(1.09326005293 -0.0036369663361 0)
(1.0923509256 -0.00385932033657 0)
(1.09135080972 -0.0040770317602 0)
(1.09026088394 -0.0042899764011 0)
(1.08908237057 -0.00449798817199 0)
(1.08781661414 -0.00470079618961 0)
(1.08646507657 -0.00489802334844 0)
(1.08502930838 -0.00508919448101 0)
(1.08351096371 -0.00527383459966 0)
(1.08191189015 -0.00545147167073 0)
(1.08023415594 -0.00562158803821 0)
(1.07848001018 -0.00578360717577 0)
(1.07665182742 -0.00593693120018 0)
(1.07475214493 -0.00608103213145 0)
(1.07278373888 -0.00621540681828 0)
(1.07074960348 -0.0063395451623 0)
(1.06865292438 -0.00645293142008 0)
(1.06649701251 -0.00655502339974 0)
(1.06428528975 -0.00664536575691 0)
(1.06202140071 -0.00672358538865 0)
(1.05970920297 -0.00678929970482 0)
(1.05735270969 -0.00684215316659 0)
(1.05495606875 -0.00688177540268 0)
(1.05252348593 -0.00690779764077 0)
(1.05005927235 -0.00691996367184 0)
(1.04756795062 -0.00691807813788 0)
(1.04505421163 -0.00690193579097 0)
(1.04252282582 -0.00687134538695 0)
(1.03997867355 -0.00682614931121 0)
(1.03742669185 -0.00676613232694 0)
(1.03487183111 -0.00669112479146 0)
(1.03231920568 -0.00660108838424 0)
(1.02977413718 -0.00649597920724 0)
(1.02724202886 -0.00637573769139 0)
(1.02472831997 -0.006240307209 0)
(1.02223849243 -0.00608964091673 0)
(1.01977810118 -0.00592371194289 0)
(1.01735278634 -0.00574247876191 0)
(1.01496823383 -0.00554587786037 0)
(1.01263025997 -0.00533393781508 0)
(1.01034488063 -0.00510673546475 0)
(1.00811820894 -0.00486430238179 0)
(1.00595636308 -0.00460666033898 0)
(1.00386548399 -0.00433383650021 0)
(1.00185176462 -0.00404588078569 0)
(0.999921478343 -0.00374287290596 0)
(0.998080992046 -0.00342491143359 0)
(0.996336755742 -0.00309210936477 0)
(0.994695287952 -0.00274460367644 0)
(0.993163167791 -0.00238256663617 0)
(0.99174702708 -0.00200621664462 0)
(0.990453549474 -0.00161582403295 0)
(0.989289440442 -0.00121170142867 0)
(0.988261414541 -0.000794252073886 0)
(0.987376202305 -0.00036394010605 0)
(0.986640509578 7.87147711246e-05 0)
(0.986060959409 0.000533145484659 0)
(0.985644016892 0.000998730770853 0)
(0.985395938056 0.00147470374073 0)
(0.985322729058 0.00196019234542 0)
(0.985430036542 0.00245414028134 0)
(0.985723143732 0.00295522540075 0)
(0.98620694555 0.00346192650407 0)
(0.986885802531 0.00397250965141 0)
(0.987763445981 0.00448494034063 0)
(0.988842965763 0.00499688739545 0)
(0.990126662505 0.00550583212524 0)
(0.991615826553 0.00600895308841 0)
(0.993310752252 0.00650305207295 0)
(0.995210629259 0.00698476774126 0)
(0.997313263461 0.00745053369289 0)
(0.999615065281 0.007896368115 0)
(1.0021112534 0.00831805641377 0)
(1.00479523939 0.0087117483395 0)
(1.00765818898 0.0090732496418 0)
(1.0106898245 0.00939773437804 0)
(1.01387857183 0.00968066295084 0)
(1.01721089389 0.00991781644493 0)
(1.02067116438 0.0101052883323 0)
(1.02424179583 0.0102395711888 0)
(1.02790342577 0.0103176717869 0)
(1.03163516378 0.0103372452654 0)
(1.03541488174 0.0102967315182 0)
(1.0392195482 0.0101954797775 0)
(1.04302561228 0.010033851967 0)
(1.04680942442 0.00981329168963 0)
(1.05054769299 0.00953633594204 0)
(1.05421795758 0.00920659615431 0)
(1.05779902244 0.00882868866549 0)
(1.06127134425 0.00840808455522 0)
(1.06461737519 0.00795091722452 0)
(1.06782183227 0.00746376023689 0)
(1.06379433531 0.00654893625276 0)
(1.06673226971 0.00604502792034 0)
(1.06949559347 0.00553206941661 0)
(1.07207897113 0.00501581067965 0)
(1.07447944468 0.00450148850206 0)
(1.07669617743 0.00399379542393 0)
(1.07873010209 0.00349678625808 0)
(1.08058362547 0.00301375162606 0)
(1.08226037892 0.00254719373744 0)
(1.08376496813 0.00209883092164 0)
(1.08510275174 0.00166967841989 0)
(1.08627958595 0.00126017307418 0)
(1.08730158821 0.000870248987949 0)
(1.08817492827 0.00049945480777 0)
(1.08890564707 0.00014698400407 0)
(1.08949960607 -0.000188259849232 0)
(1.08996241167 -0.00050747969684 0)
(1.09029925074 -0.000811873287182 0)
(1.0905147692 -0.00110268560339 0)
(1.09061312584 -0.00138124906396 0)
(1.09059807196 -0.00164888802953 0)
(1.09047295781 -0.00190683753889 0)
(1.09024070551 -0.00215620127382 0)
(1.08990383448 -0.00239799865967 0)
(1.08946455976 -0.00263314441247 0)
(1.08892485745 -0.00286238300504 0)
(1.08828644356 -0.00308624756033 0)
(1.08755078251 -0.00330515424065 0)
(1.08671922007 -0.00351943555506 0)
(1.0857930776 -0.0037292612997 0)
(1.08477362326 -0.00393460846828 0)
(1.0836620545 -0.00413535178435 0)
(1.08245961489 -0.00433133824464 0)
(1.0811676811 -0.00452231218025 0)
(1.07978775267 -0.00470791099066 0)
(1.07832141197 -0.0048876710514 0)
(1.0767703405 -0.00506113894239 0)
(1.07513642437 -0.00522787144042 0)
(1.07342178456 -0.00538737794381 0)
(1.07162872385 -0.00553910234628 0)
(1.0697596604 -0.00568246536421 0)
(1.06781717969 -0.0058169685296 0)
(1.06580412579 -0.00594213967184 0)
(1.06372357208 -0.00605749646611 0)
(1.06157878316 -0.00616254522322 0)
(1.05937313542 -0.00625675748746 0)
(1.05711012197 -0.00633970303643 0)
(1.05479348983 -0.00641104022496 0)
(1.05242721259 -0.00647040976473 0)
(1.05001541445 -0.00651747727062 0)
(1.04756233977 -0.00655188402927 0)
(1.04507228399 -0.006573271441 0)
(1.04254968284 -0.00658140880171 0)
(1.03999922101 -0.0065761272545 0)
(1.03742574795 -0.00655723693015 0)
(1.03483416603 -0.00652455901534 0)
(1.03222948363 -0.00647794813804 0)
(1.0296167437 -0.00641719128361 0)
(1.02700104728 -0.00634213393693 0)
(1.02438772661 -0.00625276776995 0)
(1.02178232452 -0.00614906551945 0)
(1.01919041935 -0.00603097430697 0)
(1.01661759237 -0.00589844190112 0)
(1.01406946106 -0.00575142883829 0)
(1.01155172986 -0.0055899198915 0)
(1.00907019401 -0.00541388298931 0)
(1.00663072526 -0.00522326784977 0)
(1.00423941561 -0.00501813054998 0)
(1.00190254443 -0.00479856659502 0)
(0.999626412812 -0.00456460939588 0)
(0.997417277673 -0.00431628168654 0)
(0.995281413443 -0.00405361508594 0)
(0.993225158264 -0.003776668872 0)
(0.991254943326 -0.00348553523768 0)
(0.989377301254 -0.00318032487528 0)
(0.987598849271 -0.00286116092484 0)
(0.985926269989 -0.00252818891209 0)
(0.984366300932 -0.0021815884185 0)
(0.98292572508 -0.00182158444582 0)
(0.981611369748 -0.00144845204939 0)
(0.980430072091 -0.00106250423985 0)
(0.979388665838 -0.000664146540201 0)
(0.978493991494 -0.000253841468228 0)
(0.977752854282 0.000167899540521 0)
(0.977171958632 0.000600527428323 0)
(0.976757831169 0.00104344700902 0)
(0.97651677005 0.00149592201991 0)
(0.976454804617 0.00195712506593 0)
(0.976577575757 0.0024260501264 0)
(0.976890341231 0.00290142513989 0)
(0.977397954806 0.00338179432756 0)
(0.97810470729 0.00386550475743 0)
(0.979014231721 0.00435060811677 0)
(0.980129504226 0.00483487013025 0)
(0.981452687709 0.00531589884521 0)
(0.982984895621 0.00579100920512 0)
(0.984726233394 0.00625714266703 0)
(0.986675671792 0.00671111162321 0)
(0.988830799465 0.0071495380744 0)
(0.991187865518 0.00756860928276 0)
(0.993741931005 0.0079643108344 0)
(0.996486069247 0.00833308781549 0)
(0.999411173795 0.00867098216565 0)
(1.00250690271 0.00897333322413 0)
(1.00576161933 0.00923584037976 0)
(1.0091615286 0.0094545620404 0)
(1.01269059673 0.00962587022938 0)
(1.0163307814 0.00974651281987 0)
(1.02006228454 0.00981371855921 0)
(1.02386382578 0.00982532686425 0)
(1.02771293704 0.00977991936731 0)
(1.03158629408 0.0096769384675 0)
(1.03546009624 0.00951678508341 0)
(1.03931048201 0.00930088302994 0)
(1.04311398137 0.00903168647487 0)
(1.04684798581 0.00871266339918 0)
(1.05049117466 0.00834823205815 0)
(1.05402389542 0.00794361602502 0)
(1.05742850223 0.00750466031154 0)
(1.06068962147 0.00703761960777 0)
(1.05622704491 0.00615153652638 0)
(1.05922095295 0.0056700258649 0)
(1.06203771558 0.00518032810542 0)
(1.06467192114 0.00468787451232 0)
(1.0671205496 0.00419760791032 0)
(1.06938271267 0.00371396790751 0)
(1.07145929145 0.00324079836636 0)
(1.07335264184 0.00278121287509 0)
(1.07506634985 0.00233757051416 0)
(1.07660498431 0.00191147594714 0)
(1.07797388059 0.001503861919 0)
(1.07917888299 0.00111511601353 0)
(1.0802261068 0.000745150470501 0)
(1.08112172524 0.000393519851502 0)
(1.08187178401 5.9437106887e-05 0)
(1.0824821586 -0.00025816864916 0)
(1.0829584837 -0.000560455289741 0)
(1.08330597477 -0.000848556475004 0)
(1.0835292952 -0.00112365056371 0)
(1.08363261973 -0.00138701320467 0)
(1.08361972376 -0.00163991566943 0)
(1.08349398764 -0.0018835390593 0)
(1.0832583606 -0.00211893185508 0)
(1.08291538417 -0.00234706845957 0)
(1.08246729985 -0.00256882866883 0)
(1.08191611889 -0.00278492446343 0)
(1.08126358919 -0.00299585389314 0)
(1.08051119723 -0.00320200991452 0)
(1.0796603155 -0.00340371712591 0)
(1.07871230558 -0.00360113976237 0)
(1.07766847422 -0.00379424550012 0)
(1.07653004593 -0.00398290764924 0)
(1.07529829584 -0.00416698702712 0)
(1.07397464672 -0.00434624361353 0)
(1.07256064945 -0.00452032880549 0)
(1.07105792774 -0.00468878916619 0)
(1.06946820114 -0.0048511928787 0)
(1.06779341052 -0.00500712637423 0)
(1.06603574813 -0.00515612604126 0)
(1.06419758214 -0.00529765459652 0)
(1.06228138251 -0.0054311502855 0)
(1.06028979997 -0.00555614533587 0)
(1.05822577036 -0.0056721994974 0)
(1.05609246589 -0.00577885769529 0)
(1.05389323914 -0.00587564630401 0)
(1.05163153532 -0.0059620494879 0)
(1.04931094199 -0.00603766466489 0)
(1.04693534359 -0.00610218367321 0)
(1.04450885219 -0.00615526948485 0)
(1.04203571003 -0.00619660641225 0)
(1.03952025177 -0.00622584534556 0)
(1.03696687432 -0.00624264045384 0)
(1.0343801871 -0.00624679155451 0)
(1.03176507892 -0.00623815669338 0)
(1.0291265667 -0.00621655750986 0)
(1.02646967449 -0.00618182473447 0)
(1.02379953343 -0.00613382301298 0)
(1.02112127787 -0.00607234360725 0)
(1.01844022621 -0.00599725727798 0)
(1.01576200551 -0.00590858925831 0)
(1.0130923919 -0.00580632213897 0)
(1.01043710969 -0.00569040285837 0)
(1.00780185588 -0.00556078094365 0)
(1.00519237534 -0.00541742520205 0)
(1.00261452876 -0.00526033342027 0)
(1.00007427013 -0.00508948509898 0)
(0.997577709805 -0.00490485207437 0)
(0.995131325576 -0.00470652409208 0)
(0.99274165818 -0.0044946065035 0)
(0.990415132069 -0.00426912289862 0)
(0.988158095856 -0.00403009353764 0)
(0.98597694258 -0.00377755579765 0)
(0.983878157618 -0.00351158029847 0)
(0.981868336672 -0.00323227287461 0)
(0.979954184188 -0.00293975649358 0)
(0.978142488557 -0.0026341638643 0)
(0.976440098021 -0.00231564807317 0)
(0.97485390776 -0.00198439478619 0)
(0.973390849042 -0.00164063430654 0)
(0.972057887967 -0.00128464488745 0)
(0.970861986294 -0.000916738057437 0)
(0.969810087642 -0.000537320225539 0)
(0.96890913292 -0.000146851035859 0)
(0.968166014273 0.000254168567752 0)
(0.967587504462 0.000665208584451 0)
(0.967180175651 0.00108570234019 0)
(0.966950352628 0.00151494515858 0)
(0.966904072265 0.00195215619969 0)
(0.967046953102 0.00239638103746 0)
(0.967384211368 0.00284639795016 0)
(0.96792064387 0.00330081740276 0)
(0.968660454898 0.00375806840465 0)
(0.969607162661 0.00421628841026 0)
(0.970763614024 0.00467333899943 0)
(0.972131818693 0.00512695508531 0)
(0.973712697206 0.00557458620083 0)
(0.975506153151 0.00601331094747 0)
(0.977510911958 0.00644011176536 0)
(0.979724386856 0.00685178675572 0)
(0.982142748986 0.00724468022901 0)
(0.984760873578 0.00761498602079 0)
(0.987571363914 0.00795944273054 0)
(0.990565003347 0.00827429354449 0)
(0.993731582822 0.00855502309346 0)
(0.997059392171 0.00879758458994 0)
(1.00053421928 0.00899833063618 0)
(1.00413945676 0.00915391514358 0)
(1.00785649465 0.0092613321947 0)
(1.01166503487 0.00931801841705 0)
(1.0155433696 0.00932198350212 0)
(1.01946866482 0.00927193886351 0)
(1.02341728151 0.00916741062233 0)
(1.0273651486 0.00900883192718 0)
(1.03128817235 0.00879760280859 0)
(1.0351626846 0.00853609324358 0)
(1.03896591001 0.00822762925264 0)
(1.04267638566 0.00787643537805 0)
(1.04627433451 0.00748749449362 0)
(1.04974199968 0.00706637202052 0)
(1.05306390668 0.00661901401816 0)
(1.04816632115 0.00576077782743 0)
(1.05121906172 0.00530121125077 0)
(1.05409171189 0.00483430032741 0)
(1.05677878348 0.00436516730533 0)
(1.05927719673 0.00389846971708 0)
(1.06158601631 0.00343840253848 0)
(1.06370607759 0.00298860604667 0)
(1.06563969231 0.00255202248544 0)
(1.06739040849 0.0021308720604 0)
(1.06896276547 0.00172664830791 0)
(1.07036208324 0.00134020280473 0)
(1.07159420261 0.000971874365739 0)
(1.07266524581 0.000621553041213 0)
(1.07358139837 0.000288798860477 0)
(1.07434872015 -2.71571068797e-05 0)
(1.07497310522 -0.000327362875494 0)
(1.07546022835 -0.00061293347103 0)
(1.07581534341 -0.000884940076663 0)
(1.07604313975 -0.00114449596435 0)
(1.07614781636 -0.00139282262211 0)
(1.07613318255 -0.00163114095027 0)
(1.07600265992 -0.00186058023538 0)
(1.07575923501 -0.00208213504554 0)
(1.07540548075 -0.00229673647518 0)
(1.07494367588 -0.00250523156813 0)
(1.07437588023 -0.00270830131948 0)
(1.07370388506 -0.00290640884568 0)
(1.07292920862 -0.00309992458074 0)
(1.07205326273 -0.00328916691272 0)
(1.07107746587 -0.00347429538551 0)
(1.07000317623 -0.0036552675885 0)
(1.06883165549 -0.00383195512589 0)
(1.06756422524 -0.00400423377248 0)
(1.06620237387 -0.00417187971062 0)
(1.06474771944 -0.00433455743235 0)
(1.06320193569 -0.00449182219187 0)
(1.06156679502 -0.00464326439716 0)
(1.05984431647 -0.0047885014247 0)
(1.05803678567 -0.00492709604588 0)
(1.05614664339 -0.00505852750542 0)
(1.05417641914 -0.00518225114681 0)
(1.05212885638 -0.00529783215795 0)
(1.05000701447 -0.00540486299198 0)
(1.04781418163 -0.00550291398655 0)
(1.04555379736 -0.00559152856727 0)
(1.0432293756 -0.00567020406229 0)
(1.04084464274 -0.00573857036525 0)
(1.03840366771 -0.00579635384162 0)
(1.03591071344 -0.00584323623562 0)
(1.03337013109 -0.00587891624013 0)
(1.03078632459 -0.00590305305028 0)
(1.02816382336 -0.00591532105375 0)
(1.02550749754 -0.00591555774906 0)
(1.02282247725 -0.00590364415182 0)
(1.02011392447 -0.00587940529483 0)
(1.01738695274 -0.00584267818829 0)
(1.0146468047 -0.00579333556269 0)
(1.01189868455 -0.00573117929809 0)
(1.00914827951 -0.00565612144848 0)
(1.00640160154 -0.00556822147928 0)
(1.00366461241 -0.00546745693317 0)
(1.00094310795 -0.00535376520582 0)
(0.998242865151 -0.00522709731086 0)
(0.995569755289 -0.00508743383981 0)
(0.99292980965 -0.00493478767519 0)
(0.99032914612 -0.00476915650651 0)
(0.987774230009 -0.0045905481207 0)
(0.985272094018 -0.00439908124875 0)
(0.982829429341 -0.00419485263112 0)
(0.980452651048 -0.0039778663485 0)
(0.978148151804 -0.003748142011 0)
(0.975922445779 -0.00350572783403 0)
(0.973782179669 -0.00325070902861 0)
(0.971734125479 -0.00298320621014 0)
(0.969785166708 -0.0027033544231 0)
(0.96794226595 -0.00241129499568 0)
(0.966212436601 -0.00210718725488 0)
(0.964602728038 -0.00179122142216 0)
(0.963120213758 -0.00146363152508 0)
(0.961771990139 -0.00112469720893 0)
(0.960565132634 -0.000774726370575 0)
(0.959506681423 -0.000414124799735 0)
(0.958603665662 -4.334768755e-05 0)
(0.957863046766 0.000337116914194 0)
(0.957291647124 0.000726759417738 0)
(0.956896065206 0.00112504417823 0)
(0.956682633814 0.00153129903672 0)
(0.956657378388 0.00194479165895 0)
(0.956825875782 0.00236462051692 0)
(0.957193282338 0.00278961447184 0)
(0.957764319389 0.0032184511243 0)
(0.95854308552 0.00364964234653 0)
(0.959532966181 0.00408141085347 0)
(0.960736661564 0.00451171300377 0)
(0.962156011258 0.00493841070765 0)
(0.963791726752 0.00535908608117 0)
(0.96564349552 0.00577095313919 0)
(0.967709764226 0.0061711551475 0)
(0.96998789276 0.00655664348895 0)
(0.972474102676 0.00692391545131 0)
(0.975162939941 0.00726939982134 0)
(0.978046333237 0.00759011009397 0)
(0.98111541205 0.00788243096536 0)
(0.984360342488 0.0081419893795 0)
(0.987769148222 0.00836503632216 0)
(0.991326888996 0.00854824360143 0)
(0.995016170919 0.0086885431641 0)
(0.998817716174 0.0087831577101 0)
(1.0027106879 0.00882971289467 0)
(1.00667293445 0.00882637305429 0)
(1.0106812446 0.00877196731157 0)
(1.01471165327 0.00866609643571 0)
(1.01873980656 0.00850921947008 0)
(1.02274136489 0.00830270899445 0)
(1.02669244761 0.00804884959309 0)
(1.03057009833 0.00775082678383 0)
(1.03435269833 0.00741267554332 0)
(1.03802033369 0.00703914444443 0)
(1.04155512603 0.00663552756923 0)
(1.04494149167 0.00620747194592 0)
(1.03960686489 0.005376352253 0)
(1.04272057661 0.00493833239572 0)
(1.04565079948 0.004493791123 0)
(1.04839196862 0.00404755076465 0)
(1.05094094714 0.00360399168428 0)
(1.05329675791 0.00316707203695 0)
(1.05546019729 0.00274023547492 0)
(1.05743354076 0.00232625830182 0)
(1.05922030655 0.00192722595784 0)
(1.06082501281 0.0015445232993 0)
(1.06225297342 0.00117892198507 0)
(1.0635100363 0.000830712473316 0)
(1.06460234244 0.000499762285365 0)
(1.06553610154 0.000185636601677 0)
(1.06631739796 -0.000112416770819 0)
(1.06695215513 -0.000395425261243 0)
(1.06744610108 -0.000664463756748 0)
(1.06780454256 -0.000920542248386 0)
(1.068032207 -0.00116471036268 0)
(1.06813332969 -0.00139813803355 0)
(1.06811176833 -0.00162199857491 0)
(1.06797100183 -0.00183737150949 0)
(1.06771406779 -0.00204519860125 0)
(1.06734358346 -0.00224636936839 0)
(1.06686188086 -0.00244170046381 0)
(1.06627108752 -0.00263184333233 0)
(1.06557305203 -0.00281722601683 0)
(1.06476933729 -0.00299819724196 0)
(1.06386141322 -0.00317507130534 0)
(1.06285077844 -0.00334800377779 0)
(1.06173885557 -0.00351694091754 0)
(1.06052695554 -0.00368175259666 0)
(1.05921646898 -0.00384233131274 0)
(1.05780897597 -0.0039984698593 0)
(1.05630617665 -0.0041498440985 0)
(1.05470980022 -0.00429601662867 0)
(1.05302169568 -0.00443660180618 0)
(1.05124399381 -0.00457124943481 0)
(1.04937909557 -0.00469954663698 0)
(1.04742950913 -0.00482098615789 0)
(1.04539783491 -0.00493504201847 0)
(1.04328695718 -0.00504131602745 0)
(1.04110009599 -0.00513943261216 0)
(1.03884065963 -0.00522898317786 0)
(1.03651215443 -0.00530952430583 0)
(1.03411816632 -0.00538057102723 0)
(1.03166264959 -0.00544179433885 0)
(1.02914990846 -0.00549295264134 0)
(1.02658433725 -0.00553373822365 0)
(1.02397036059 -0.00556385817867 0)
(1.02131241529 -0.00558298146888 0)
(1.01861524925 -0.00559081689995 0)
(1.01588413744 -0.00558724779053 0)
(1.01312444301 -0.00557216682673 0)
(1.01034139058 -0.00554538924375 0)
(1.0075401306 -0.00550675652522 0)
(1.00472600867 -0.00545614913087 0)
(1.00190428106 -0.00539340043179 0)
(0.99908133289 -0.00531847609072 0)
(0.996263594893 -0.00523145339969 0)
(0.993457034156 -0.00513228533804 0)
(0.990667401578 -0.00502089544053 0)
(0.987900534286 -0.00489724224347 0)
(0.98516245166 -0.00476132499997 0)
(0.98245938111 -0.00461317361969 0)
(0.979797618391 -0.00445282938855 0)
(0.977184238951 -0.00428036715452 0)
(0.974627045391 -0.00409588035572 0)
(0.972132489417 -0.00389940747147 0)
(0.969706803687 -0.00369094923341 0)
(0.967356430664 -0.00347054294543 0)
(0.965088045334 -0.00323825721579 0)
(0.962908484279 -0.00299419522466 0)
(0.960824711639 -0.00273849286576 0)
(0.958843797129 -0.00247129649229 0)
(0.95697287868 -0.00219275467952 0)
(0.955219131528 -0.00190303131855 0)
(0.9535897524 -0.00160231932264 0)
(0.952091947166 -0.00129085451263 0)
(0.950732929731 -0.000968915757066 0)
(0.949519874083 -0.000636804792752 0)
(0.94845989952 -0.000294925274567 0)
(0.947560109704 5.62744866705e-05 0)
(0.946827509495 0.000416322031497 0)
(0.946268947002 0.00078473033863 0)
(0.945891025131 0.00116099720242 0)
(0.945700063601 0.00154448416832 0)
(0.945702054201 0.00193450965687 0)
(0.945902510761 0.00233022650054 0)
(0.946306509617 0.0027305147438 0)
(0.946918675123 0.00313412048175 0)
(0.947742979194 0.00353963951887 0)
(0.948782656387 0.00394537955633 0)
(0.950040240562 0.00434939122793 0)
(0.951517383593 0.00474966364342 0)
(0.95321457324 0.00514390948332 0)
(0.955131262544 0.0055294789806 0)
(0.957265584883 0.00590364332095 0)
(0.959615141769 0.0062634621575 0)
(0.962176339625 0.00660563026086 0)
(0.96494297743 0.00692687298881 0)
(0.96790609741 0.00722439566893 0)
(0.971058264719 0.00749462663595 0)
(0.974390085824 0.00773339521535 0)
(0.977888730817 0.00793732834415 0)
(0.981538057505 0.00810343792804 0)
(0.985319689762 0.00822891187498 0)
(0.989213641899 0.00831117203701 0)
(0.993198545761 0.008348010306 0)
(0.997251817509 0.00833772982007 0)
(1.00134987481 0.00827926613715 0)
(1.00546842707 0.00817228645025 0)
(1.00958283402 0.0080172700553 0)
(1.01366850357 0.00781555892145 0)
(1.01770133364 0.0075693513345 0)
(1.02165817698 0.00728169385329 0)
(1.02551724909 0.00695643591657 0)
(1.02925848985 0.0065980978911 0)
(1.03286389132 0.00621171033667 0)
(1.03631775402 0.00580263032062 0)
(1.03053989793 0.00499807035482 0)
(1.03371579264 0.0045812561529 0)
(1.03670429912 0.00415872410338 0)
(1.0394997759 0.00373500518436 0)
(1.04209903229 0.00331421015367 0)
(1.04450105601 0.00290006765426 0)
(1.04670661297 0.00249583127185 0)
(1.04871795184 0.0021041165151 0)
(1.05053857064 0.00172687804435 0)
(1.05217297599 0.00136539435585 0)
(1.05362648741 0.00102035827475 0)
(1.05490497408 0.000692012162364 0)
(1.05601461153 0.000380200602804 0)
(1.05696164977 8.44938186538e-05 0)
(1.05775220912 -0.000195845052841 0)
(1.05839225875 -0.000461825012066 0)
(1.05888759908 -0.000714483866157 0)
(1.05924360884 -0.000954771431687 0)
(1.05946506951 -0.00118367500355 0)
(1.0595562695 -0.00140231565636 0)
(1.05952113593 -0.00161182202602 0)
(1.05936322687 -0.00181322574027 0)
(1.05908564794 -0.0020074166227 0)
(1.05869107841 -0.0021952445078 0)
(1.05818192701 -0.00237749832361 0)
(1.0575604148 -0.00255480108951 0)
(1.05682846196 -0.00272754521467 0)
(1.05598769351 -0.00289605895777 0)
(1.05503966599 -0.00306065522902 0)
(1.05398598827 -0.00322148569315 0)
(1.05282815531 -0.00337848337464 0)
(1.05156754358 -0.00353151725385 0)
(1.05020564849 -0.00368049906491 0)
(1.04874417353 -0.00382523774116 0)
(1.0471849074 -0.00396541743777 0)
(1.04552963529 -0.00410060792697 0)
(1.04378032693 -0.00423045118937 0)
(1.04193926954 -0.00435462999894 0)
(1.04000899028 -0.00447275080453 0)
(1.0379920352 -0.00458431647028 0)
(1.03589110595 -0.004688825911 0)
(1.03370931216 -0.00478592297048 0)
(1.03145006289 -0.00487525907573 0)
(1.02911685712 -0.00495643821305 0)
(1.02671322036 -0.00502902645655 0)
(1.0242428408 -0.00509256778875 0)
(1.02171007447 -0.00514678653709 0)
(1.01911947638 -0.00519146411073 0)
(1.01647548406 -0.00522628868648 0)
(1.01378253006 -0.00525096953916 0)
(1.01104504494 -0.00526519814957 0)
(1.00826821127 -0.00526873812581 0)
(1.00545791231 -0.0052615117398 0)
(1.0026195898 -0.0052434011916 0)
(0.99975836594 -0.00521420186466 0)
(0.996879381609 -0.00517376455523 0)
(0.993988095488 -0.00512197941507 0)
(0.991089834901 -0.00505878558321 0)
(0.988192361216 -0.00498419344704 0)
(0.985302266069 -0.00489820346871 0)
(0.982425125436 -0.00480073136453 0)
(0.97956655481 -0.00469171182904 0)
(0.976732497208 -0.00457113014652 0)
(0.973929178496 -0.00443901369777 0)
(0.971163055555 -0.00429540988555 0)
(0.968440648185 -0.00414046351561 0)
(0.965770167407 -0.00397442578956 0)
(0.963160320348 -0.0037972539845 0)
(0.96061634729 -0.00360875634901 0)
(0.958144297204 -0.00340898213155 0)
(0.955750803656 -0.00319802276904 0)
(0.953442781458 -0.00297597487798 0)
(0.951227292761 -0.00274295897288 0)
(0.949111509355 -0.002499124415 0)
(0.9471026915 -0.00224462700625 0)
(0.945208149592 -0.00197962089613 0)
(0.943435212815 -0.00170427314062 0)
(0.941791213446 -0.00141877818984 0)
(0.940283474503 -0.00112337272473 0)
(0.938919308755 -0.000818334022995 0)
(0.937705968038 -0.0005039568799 0)
(0.936650628772 -0.000180643221638 0)
(0.935760437402 0.000151167010677 0)
(0.935042399506 0.000491016683333 0)
(0.934503375876 0.000838439869273 0)
(0.934149955222 0.00119296700268 0)
(0.933988421016 0.00155399190485 0)
(0.934024705577 0.00192088299696 0)
(0.934264237941 0.00229284569935 0)
(0.934711992855 0.00266880951275 0)
(0.935372472248 0.00304758820565 0)
(0.936249500211 0.00342785966253 0)
(0.937346143662 0.00380801447555 0)
(0.93866474646 0.00418619597461 0)
(0.940206756549 0.00456051761833 0)
(0.941972426816 0.00492881959545 0)
(0.94396094599 0.00528859233874 0)
(0.946170126208 0.0056371484194 0)
(0.948598456073 0.00597164741277 0)
(0.951242489644 0.00628918493783 0)
(0.95409430979 0.00658681687595 0)
(0.957144159373 0.00686165908038 0)
(0.96038834034 0.00711007594586 0)
(0.963817054683 0.00732835889379 0)
(0.967415409446 0.00751358465681 0)
(0.971165562281 0.00766307842728 0)
(0.975048108755 0.00777423222926 0)
(0.97904242814 0.0078446277775 0)
(0.983126686608 0.00787220028574 0)
(0.98727790886 0.0078553779554 0)
(0.991472164517 0.00779319335964 0)
(0.995684849585 0.00768537321957 0)
(0.999891042259 0.0075324123973 0)
(1.00406589741 0.00733561977502 0)
(1.00818508742 0.00709710686358 0)
(1.01222526793 0.00681978299192 0)
(1.01616448186 0.00650731605091 0)
(1.01998251611 0.00616400407932 0)
(1.02366122713 0.00579462159236 0)
(1.02718479459 0.00540424433888 0)
(1.02095092009 0.00462587038245 0)
(1.02418905562 0.00422997722862 0)
(1.02723535086 0.00382915084729 0)
(1.03008408836 0.00342763888211 0)
(1.03273202859 0.00302928944612 0)
(1.03517813327 0.00263760845182 0)
(1.03742314896 0.00225566559219 0)
(1.03946930929 0.00188592052061 0)
(1.04132010318 0.00153020099598 0)
(1.04298003772 0.00118968126567 0)
(1.04445445386 0.000864976109476 0)
(1.04574926163 0.000556279831309 0)
(1.04687069252 0.000263413554805 0)
(1.04782505875 -1.40472142512e-05 0)
(1.04861852663 -0.000276825194189 0)
(1.04925713779 -0.000525913870303 0)
(1.04974679232 -0.000762316891701 0)
(1.05009296502 -0.0009869245904 0)
(1.05030051108 -0.00120066314176 0)
(1.05037379577 -0.00140460774486 0)
(1.05031684569 -0.0015998454083 0)
(1.05013332607 -0.00178736130187 0)
(1.04982642945 -0.00196799390285 0)
(1.04939892201 -0.00214255571802 0)
(1.04885332343 -0.00231181097578 0)
(1.04819198053 -0.00247635456005 0)
(1.0474168948 -0.00263654228892 0)
(1.0465297802 -0.00279268427937 0)
(1.04553232351 -0.00294509524275 0)
(1.04442627789 -0.0030939212799 0)
(1.04321320302 -0.00323907976732 0)
(1.04189457066 -0.00338044197812 0)
(1.04047203813 -0.00351794178429 0)
(1.03894746212 -0.00365140119164 0)
(1.03732270397 -0.00378050764678 0)
(1.0355996042 -0.00390484123923 0)
(1.0337803415 -0.00402407869557 0)
(1.03186740606 -0.00413793300967 0)
(1.02986342745 -0.00424601950415 0)
(1.02777092245 -0.00434784890992 0)
(1.02559278553 -0.00444295843658 0)
(1.02333248911 -0.00453104024894 0)
(1.0209936065 -0.00461176049268 0)
(1.01857963539 -0.00468472223442 0)
(1.0160940469 -0.00474950391087 0)
(1.01354074999 -0.00480570235872 0)
(1.01092481541 -0.00485309518615 0)
(1.00825091176 -0.00489146306732 0)
(1.00552332318 -0.00492047699386 0)
(1.00274641626 -0.00493984729141 0)
(0.999924612941 -0.00494934077836 0)
(0.997064024859 -0.00494881129678 0)
(0.994171329442 -0.00493814160503 0)
(0.99125153721 -0.00491715044749 0)
(0.988309464446 -0.00488563613492 0)
(0.985350273206 -0.00484348281471 0)
(0.982379578763 -0.00479059552487 0)
(0.979402920754 -0.00472718578312 0)
(0.976430704384 -0.00465339390875 0)
(0.973468518496 -0.00456884433044 0)
(0.970521004907 -0.00447337398669 0)
(0.967593785564 -0.0043669918496 0)
(0.96469306976 -0.00424973658862 0)
(0.961825380542 -0.00412166672101 0)
(0.958997435696 -0.00398284958655 0)
(0.95621612373 -0.00383342376055 0)
(0.953488495138 -0.00367363988933 0)
(0.950821582833 -0.00350352803478 0)
(0.948222404603 -0.00332292120632 0)
(0.945698210373 -0.00313181931326 0)
(0.943256349086 -0.00293032931559 0)
(0.940904220121 -0.00271856156918 0)
(0.938649257408 -0.00249664587058 0)
(0.936498938872 -0.00226473959137 0)
(0.934460784069 -0.00202300358798 0)
(0.932542322412 -0.00177159357995 0)
(0.930751065217 -0.00151067601735 0)
(0.929094492792 -0.00124044327477 0)
(0.92758004441 -0.000961129510597 0)
(0.926215120717 -0.000673006875498 0)
(0.925007027793 -0.000376359480987 0)
(0.923962967898 -7.1583784846e-05 0)
(0.923090065987 0.000240892660593 0)
(0.922395310146 0.000560627896026 0)
(0.921885529165 0.000887179605357 0)
(0.921567242216 0.00122011450988 0)
(0.921446627689 0.00155886177475 0)
(0.921529483529 0.00190284306036 0)
(0.921821072516 0.00225131840993 0)
(0.92232617719 0.00260326773875 0)
(0.923049099389 0.00295757276992 0)
(0.923993449934 0.00331299373942 0)
(0.925162046379 0.00366800410063 0)
(0.926556978594 0.00402083534566 0)
(0.928179481902 0.00436972422923 0)
(0.930029494287 0.00471264170351 0)
(0.932105853328 0.00504720168432 0)
(0.934406282946 0.00537090346273 0)
(0.936926947471 0.0056810300585 0)
(0.939662513225 0.00597470549107 0)
(0.942606800074 0.00624927203623 0)
(0.945750565952 0.00650145766397 0)
(0.949098143175 0.00672792404395 0)
(0.952635642162 0.00692593860231 0)
(0.956344453079 0.00709293510854 0)
(0.960204934005 0.00722638339376 0)
(0.964196919388 0.0073237929776 0)
(0.968299359627 0.00738286836815 0)
(0.972490069825 0.00740167180955 0)
(0.976745745885 0.00737874732906 0)
(0.981042145561 0.00731321774874 0)
(0.985354372433 0.00720486409936 0)
(0.989657234184 0.00705419328989 0)
(0.993925636476 0.00686247946794 0)
(0.998135024938 0.00663174741824 0)
(1.00226185441 0.00636477121258 0)
(1.00628399044 0.00606504119574 0)
(1.01018106209 0.00573663880072 0)
(1.01393478554 0.00538408971511 0)
(1.01752921535 0.00501219666701 0)
(1.01081703628 0.00425982687246 0)
(1.01411606553 0.00388462682941 0)
(1.01721819326 0.00350525960078 0)
(1.02011762782 0.00312569688622 0)
(1.02281108883 0.00274953043295 0)
(1.02529752498 0.00238004966445 0)
(1.02757767818 0.00202014622523 0)
(1.02965378151 0.00167212872886 0)
(1.03152932777 0.00133770179562 0)
(1.03320884017 0.00101793715518 0)
(1.03469770388 0.00071337186211 0)
(1.03600189732 0.000424151926525 0)
(1.0371277371 0.000150074589376 0)
(1.03808162025 -0.000109278785805 0)
(1.03886977905 -0.000354617818454 0)
(1.03949836161 -0.00058692461455 0)
(1.0399734064 -0.000807171098702 0)
(1.04030051293 -0.00101618825923 0)
(1.04048463382 -0.00121484242691 0)
(1.04053024591 -0.00140416651651 0)
(1.04044151754 -0.00158520896602 0)
(1.04022225367 -0.00175890903935 0)
(1.03987575205 -0.00192605440799 0)
(1.03940490391 -0.00208742360342 0)
(1.03881238921 -0.00224375925964 0)
(1.03810071509 -0.00239562657138 0)
(1.03727196069 -0.00254334396761 0)
(1.03632797891 -0.00268720822476 0)
(1.03527065099 -0.00282753861662 0)
(1.03410190074 -0.00296447021149 0)
(1.03282331243 -0.00309790245657 0)
(1.03143652359 -0.00322771739585 0)
(1.02994343898 -0.00335387345894 0)
(1.02834607283 -0.00347619686391 0)
(1.02664629926 -0.00359437127009 0)
(1.02484603439 -0.00370799644685 0)
(1.02294783988 -0.00381679479298 0)
(1.02095441626 -0.00392050043573 0)
(1.01886839581 -0.00401871972833 0)
(1.01669215976 -0.00411097986615 0)
(1.0144290469 -0.00419687669926 0)
(1.01208307216 -0.00427614201392 0)
(1.00965779025 -0.00434843401723 0)
(1.00715652055 -0.00441334334968 0)
(1.00458261545 -0.00447049308525 0)
(1.00194054592 -0.00451959659539 0)
(0.99923659099 -0.00456042072717 0)
(0.996474949221 -0.00459266692317 0)
(0.993659472127 -0.00461600930018 0)
(0.990794454548 -0.00463017981553 0)
(0.987884431733 -0.00463514346574 0)
(0.9849374448 -0.00463099176549 0)
(0.981960808646 -0.00461738628366 0)
(0.978957922172 -0.00459390046008 0)
(0.975933335665 -0.00456040356696 0)
(0.972892445407 -0.00451685475531 0)
(0.969841097448 -0.0044631974739 0)
(0.966785497719 -0.00439962075975 0)
(0.963732087986 -0.00432630912664 0)
(0.960687153377 -0.00424300475045 0)
(0.957657262603 -0.00414948978561 0)
(0.954649243492 -0.00404576622862 0)
(0.951670071838 -0.00393189799405 0)
(0.9487268446 -0.00380796172566 0)
(0.945826719704 -0.00367404181731 0)
(0.942977110534 -0.00353030198333 0)
(0.94018347955 -0.00337693468637 0)
(0.937450553427 -0.00321388845852 0)
(0.934787691391 -0.00304110672343 0)
(0.932203695193 -0.00285868430876 0)
(0.929706857873 -0.0026667266611 0)
(0.927305224684 -0.00246533693561 0)
(0.925006716022 -0.00225464327933 0)
(0.922819198186 -0.00203480433569 0)
(0.920750509193 -0.00180598062321 0)
(0.918808437546 -0.00156832451375 0)
(0.917000699433 -0.00132199710578 0)
(0.915334930173 -0.00106718401607 0)
(0.9138186785 -0.000804112372643 0)
(0.912459415409 -0.000533044468023 0)
(0.911264469568 -0.00025424889491 0)
(0.910241029021 3.18882971557e-05 0)
(0.909396165906 0.000324955523215 0)
(0.908736810027 0.000624528858518 0)
(0.9082696792 0.000930195075703 0)
(0.908001139274 0.00124156237919 0)
(0.907937167031 0.00155809942583 0)
(0.908083345741 0.00187928464189 0)
(0.908444680616 0.00220443622885 0)
(0.909025663428 0.00253258575676 0)
(0.909830345802 0.00286268203992 0)
(0.910862078399 0.003193569955 0)
(0.912123342011 0.00352380562899 0)
(0.913615970087 0.00385170032009 0)
(0.915340999696 0.00417562025846 0)
(0.917297943963 0.00449366900149 0)
(0.919485353572 0.00480355873424 0)
(0.921900998555 0.00510294191599 0)
(0.924538049072 0.00538927595709 0)
(0.927388769179 0.00565980545124 0)
(0.93044894214 0.00591212325793 0)
(0.933709826216 0.00614234100083 0)
(0.9371770568 0.00634710058164 0)
(0.940837002447 0.00652516982568 0)
(0.944667264533 0.00667456706529 0)
(0.948647295885 0.00679266618562 0)
(0.952756792704 0.00687699201744 0)
(0.956974559454 0.00692535258181 0)
(0.961278190555 0.0069359333418 0)
(0.965644123642 0.0069073906266 0)
(0.970047846506 0.00683893362932 0)
(0.974464195009 0.00673039428046 0)
(0.978867719528 0.00658228928758 0)
(0.98323308136 0.00639585731211 0)
(0.987535498717 0.00617303700841 0)
(0.99175122253 0.00591646939948 0)
(0.995857937205 0.00562947130136 0)
(0.999835109923 0.00531591314436 0)
(1.0036643124 0.00498007880792 0)
(1.00732946979 0.00462650601039 0)
(1.00010374281 0.0039001588628 0)
(1.00346063323 0.00354548097159 0)
(1.00661488976 0.00318738364571 0)
(1.00956065094 0.00282956924543 0)
(1.01229460868 0.00247537864399 0)
(1.01481571745 0.00212789050824 0)
(1.01712473372 0.00178982406457 0)
(1.01922390732 0.00146334168808 0)
(1.02111675013 0.0011500284203 0)
(1.02280782381 0.000850854506932 0)
(1.02430259197 0.000566278936632 0)
(1.02560714022 0.000296398890605 0)
(1.02672790952 4.09879514673e-05 0)
(1.02767139873 -0.000200365780078 0)
(1.02844394408 -0.000428360562765 0)
(1.02905184773 -0.000643972237109 0)
(1.02950133776 -0.000848142655396 0)
(1.02979816753 -0.00104164274937 0)
(1.02994741665 -0.00122528086492 0)
(1.02995372712 -0.00140005218674 0)
(1.02982146611 -0.00156696905182 0)
(1.02955460921 -0.00172692378454 0)
(1.02915657425 -0.00188065461276 0)
(1.02863044274 -0.00202891136348 0)
(1.02797912195 -0.00217241710186 0)
(1.02720530346 -0.00231170212815 0)
(1.02631111429 -0.00244704815445 0)
(1.02529865424 -0.00257874861968 0)
(1.0241700814 -0.00270712774835 0)
(1.02292747902 -0.0028322968104 0)
(1.02157236194 -0.00295413708991 0)
(1.02010671398 -0.0030725578959 0)
(1.01853278789 -0.00318754217865 0)
(1.01685267943 -0.00329890223733 0)
(1.01506815081 -0.00340631417507 0)
(1.01318130249 -0.00350941995172 0)
(1.01119539847 -0.00360798788103 0)
(1.00911319277 -0.00370174869731 0)
(1.00693709656 -0.0037902811083 0)
(1.00466925565 -0.00387318639523 0)
(1.00231406799 -0.00395015202095 0)
(0.999876189132 -0.0040208642213 0)
(0.997358606458 -0.00408492578077 0)
(0.994764246608 -0.00414193420431 0)
(0.992096394848 -0.0041916513788 0)
(0.98936088459 -0.00423409371036 0)
(0.986565770201 -0.00426890938711 0)
(0.983713159173 -0.00429545888162 0)
(0.980806437063 -0.00431348994153 0)
(0.977850028229 -0.00432282013441 0)
(0.974848981738 -0.00432342914311 0)
(0.971808785703 -0.00431543658955 0)
(0.968734982201 -0.00429861875258 0)
(0.965633250288 -0.00427256634414 0)
(0.962509678561 -0.00423710558861 0)
(0.95937061982 -0.00419222289028 0)
(0.95622248428 -0.00413790234744 0)
(0.953072474452 -0.00407437256032 0)
(0.949921662214 -0.00400163410147 0)
(0.946777290741 -0.00391945849551 0)
(0.943648487583 -0.00382780645979 0)
(0.940543691365 -0.00372673376631 0)
(0.937470929786 -0.00361630503283 0)
(0.934438087276 -0.00349659751024 0)
(0.931452950452 -0.00336770729514 0)
(0.928523446367 -0.00322971577888 0)
(0.925656526178 -0.00308270424711 0)
(0.922857980514 -0.00292680549994 0)
(0.920135695877 -0.00276212420328 0)
(0.917498260568 -0.00258872156228 0)
(0.914954249375 -0.00240666543283 0)
(0.912512054108 -0.00221603699038 0)
(0.910179903161 -0.00201695162423 0)
(0.907965921907 -0.00180956073996 0)
(0.905878162567 -0.00159401775615 0)
(0.90392458405 -0.00137046598755 0)
(0.902113029799 -0.00113905624175 0)
(0.900451220928 -0.000899963117683 0)
(0.898946752969 -0.000653403207102 0)
(0.897607107865 -0.000399625585473 0)
(0.896439585351 -0.000138880651654 0)
(0.895451315684 0.000128457630316 0)
(0.894649299595 0.000401994747411 0)
(0.894040336314 0.00068132708913 0)
(0.893630975931 0.000966073286955 0)
(0.893427378374 0.00125588514594 0)
(0.893435288594 0.00155026889177 0)
(0.893660113673 0.00184875833871 0)
(0.894106619053 0.00215073015189 0)
(0.894779068017 0.0024552600904 0)
(0.895681383322 0.00276135861712 0)
(0.896816714415 0.00306795900788 0)
(0.898187272266 0.00337368940452 0)
(0.899794836764 0.00367692820679 0)
(0.901640151083 0.00397618699147 0)
(0.90372244611 0.0042696843359 0)
(0.9060403619 0.00455520595629 0)
(0.908591177845 0.00483069088907 0)
(0.911369335662 0.00509391869421 0)
(0.914367572638 0.00534209186364 0)
(0.91757813809 0.00557263236677 0)
(0.920995092121 0.00578136849374 0)
(0.924609674474 0.00596560077571 0)
(0.92840694636 0.00612503528125 0)
(0.932368776276 0.00625781125266 0)
(0.936476608024 0.00636139092486 0)
(0.94071076107 0.00643337055764 0)
(0.945050123727 0.0064716796072 0)
(0.949472176082 0.0064746330025 0)
(0.953953160093 0.00644100009098 0)
(0.958468331191 0.00637007508393 0)
(0.962992278651 0.00626173911751 0)
(0.967499305531 0.00611651766985 0)
(0.97196383048 0.00593561400731 0)
(0.976360841161 0.00572088170911 0)
(0.980666380335 0.00547483110295 0)
(0.984857947231 0.00520060946643 0)
(0.988914842851 0.00490188173298 0)
(0.992818489516 0.00458269684431 0)
(0.996552677659 0.00424733526374 0)
(0.988760983014 0.00354723827636 0)
(0.992170697006 0.00321296903327 0)
(0.995371305143 0.0028760099221 0)
(0.99835688601 0.00253979951358 0)
(1.0011241261 0.0022074324175 0)
(1.00367201216 0.00188178190494 0)
(1.00600133944 0.00156540040214 0)
(1.00811439457 0.00126030894737 0)
(1.01001472663 0.000967976083605 0)
(1.01170697077 0.000689270391122 0)
(1.01319672171 0.000424571647907 0)
(1.01449022588 0.000173927536336 0)
(1.01559409725 -6.29102304821e-05 0)
(1.01651494129 -0.000286345733872 0)
(1.01725926547 -0.000497070253757 0)
(1.01783359827 -0.000696058430098 0)
(1.01824441877 -0.000884222015752 0)
(1.01849765437 -0.00106227020953 0)
(1.01859855416 -0.00123095719865 0)
(1.01855201177 -0.00139124618647 0)
(1.01836266286 -0.00154411368329 0)
(1.01803466809 -0.0016904013912 0)
(1.01757157721 -0.00183080215284 0)
(1.01697678434 -0.00196604599199 0)
(1.01625350017 -0.0020968349749 0)
(1.01540458478 -0.00222365290685 0)
(1.01443214666 -0.00234674956093 0)
(1.01333877759 -0.00246643243699 0)
(1.01212697383 -0.00258302553713 0)
(1.0107988687 -0.00269659278362 0)
(1.00935575131 -0.00280701301064 0)
(1.00780039777 -0.00291424156393 0)
(1.00613542838 -0.00301826571906 0)
(1.00436276285 -0.00311885838461 0)
(1.0024838737 -0.00321571508722 0)
(1.00050141088 -0.00330858441956 0)
(0.99841984944 -0.00339721699198 0)
(0.996241359343 -0.00348126018041 0)
(0.993967797956 -0.00356027730738 0)
(0.991601145123 -0.00363410393906 0)
(0.989148164137 -0.00370265361061 0)
(0.986613698747 -0.00376534605628 0)
(0.983998977711 -0.00382158811826 0)
(0.981306578026 -0.00387106572653 0)
(0.97854009699 -0.0039135949791 0)
(0.975703807017 -0.00394921987193 0)
(0.972802267847 -0.00397770996944 0)
(0.969840083664 -0.00399848784267 0)
(0.966822402608 -0.00401123324769 0)
(0.963754624759 -0.00401580654688 0)
(0.960642791734 -0.00401224349314 0)
(0.957488998093 -0.00400056106696 0)
(0.954296397543 -0.00398045983281 0)
(0.95107379368 -0.00395169661936 0)
(0.94782936051 -0.00391421911018 0)
(0.944570776455 -0.00386801901823 0)
(0.941305356529 -0.00381310980351 0)
(0.938041049609 -0.00374947006179 0)
(0.9347823172 -0.00367715662663 0)
(0.9315353048 -0.00359625360429 0)
(0.928308106942 -0.00350678228827 0)
(0.925109313754 -0.00340875629172 0)
(0.921947451002 -0.0033022127617 0)
(0.918830921193 -0.00318721419851 0)
(0.915767999903 -0.00306385283173 0)
(0.912766949071 -0.00293217203199 0)
(0.909835873784 -0.00279216428208 0)
(0.906982226454 -0.00264399307006 0)
(0.904213491591 -0.00248786948608 0)
(0.901537632309 -0.00232388299235 0)
(0.898962920614 -0.00215210055864 0)
(0.896497668463 -0.00197259161934 0)
(0.894150112892 -0.00178545949405 0)
(0.891928412388 -0.0015908463965 0)
(0.889840651183 -0.00138889587316 0)
(0.887894805901 -0.00117973909787 0)
(0.886098717057 -0.000963513476409 0)
(0.884460079967 -0.000740379547796 0)
(0.882986440224 -0.000510540440348 0)
(0.88168520499 -0.000274229379066 0)
(0.880563582564 -3.16765384669e-05 0)
(0.879628590675 0.000216758072204 0)
(0.878887084165 0.000470700996849 0)
(0.878345650897 0.000729773035647 0)
(0.878010650243 0.000993626489205 0)
(0.877888026797 0.00126195659534 0)
(0.877983378938 0.00153429855569 0)
(0.878302080714 0.00181024137475 0)
(0.878848747607 0.00208921829993 0)
(0.879627652916 0.0023703338546 0)
(0.880642752003 0.00265266245032 0)
(0.881897051784 0.00293523117922 0)
(0.883392768731 0.00321671782665 0)
(0.885131803615 0.0034955828947 0)
(0.887114040404 0.00377047584101 0)
(0.889339370124 0.00403968494781 0)
(0.891806512566 0.00430114154653 0)
(0.894511111862 0.00455295074783 0)
(0.897449665153 0.00479305732894 0)
(0.900616229638 0.00501894804388 0)
(0.903998870607 0.00522781228236 0)
(0.907597231495 0.00541652351327 0)
(0.911376867996 0.00558247357303 0)
(0.915322252962 0.00572485202672 0)
(0.919423710305 0.00584221113914 0)
(0.923666062656 0.00593220804096 0)
(0.928030628599 0.00599264143391 0)
(0.932496517318 0.0060216115611 0)
(0.937041165438 0.00601757656192 0)
(0.941640659748 0.0059794222768 0)
(0.946270045165 0.0059065284378 0)
(0.950903673824 0.00579882503798 0)
(0.955515602415 0.00565684628085 0)
(0.960080001144 0.00548176077456 0)
(0.964571618807 0.00527533832086 0)
(0.968966283279 0.00503996087251 0)
(0.973241303405 0.00477861006926 0)
(0.977375808241 0.00449475077998 0)
(0.981351063746 0.004192203767 0)
(0.985150718181 0.00387499973035 0)
(0.97671816835 0.00320159929183 0)
(0.980173290312 0.00288768336714 0)
(0.983412019303 0.00257178865334 0)
(0.986428395423 0.00225709403855 0)
(0.98921913638 0.00194645161787 0)
(0.991783297241 0.00164253458277 0)
(0.994121740685 0.00134773446905 0)
(0.99623681218 0.00106393601325 0)
(0.998132121382 0.000792493177055 0)
(0.999812436858 0.000534170738411 0)
(1.00128356521 0.000289267369018 0)
(1.00255198526 5.77817190197e-05 0)
(1.00362451611 -0.000160552619983 0)
(1.00450790029 -0.000366132122174 0)
(1.00520890562 -0.000559648912285 0)
(1.00573439636 -0.000742080583712 0)
(1.00609116603 -0.000914305091692 0)
(1.00628531096 -0.00107696742209 0)
(1.00632232769 -0.00123077609743 0)
(1.00620750212 -0.00137666948648 0)
(1.00594580231 -0.00151558326448 0)
(1.00554154372 -0.00164830096068 0)
(1.00499843334 -0.0017754797601 0)
(1.00432041485 -0.00189784347921 0)
(1.00351104092 -0.00201606469092 0)
(1.00257322921 -0.00213056144819 0)
(1.00150898102 -0.00224157508567 0)
(1.00032192644 -0.00234944103175 0)
(0.999014781147 -0.00245445464703 0)
(0.997589430025 -0.00255660379597 0)
(0.99604677527 -0.00265585400944 0)
(0.994391413204 -0.00275220889044 0)
(0.992625915348 -0.00284554389384 0)
(0.99075146595 -0.00293557469244 0)
(0.988769149117 -0.00302212551562 0)
(0.986683112781 -0.00310523756245 0)
(0.984499609883 -0.0031845072195 0)
(0.982218449926 -0.00325925911285 0)
(0.979840842127 -0.00332913505951 0)
(0.977369201711 -0.00339401976465 0)
(0.974806752862 -0.00345390191681 0)
(0.972156896978 -0.0035083398758 0)
(0.969423305566 -0.00355673611832 0)
(0.966610128007 -0.00359874924417 0)
(0.963722084028 -0.00363425703016 0)
(0.960761531098 -0.00366326323043 0)
(0.957728268322 -0.00368540315924 0)
(0.954630404053 -0.00370025074843 0)
(0.951475513441 -0.00370764467933 0)
(0.948270456068 -0.00370747799791 0)
(0.945022285108 -0.00369962746479 0)
(0.941735907094 -0.00368401327076 0)
(0.938415466282 -0.00366062388807 0)
(0.935067993816 -0.00362940986813 0)
(0.931701556386 -0.00359028979266 0)
(0.928324363006 -0.00354321817905 0)
(0.924944397324 -0.00348821157406 0)
(0.921569905577 -0.00342513559464 0)
(0.918208352312 -0.00335397031564 0)
(0.914866701549 -0.00327493442829 0)
(0.911552393178 -0.00318813898709 0)
(0.90827351472 -0.00309362262934 0)
(0.90503846861 -0.00299142398125 0)
(0.901855737754 -0.00288159847378 0)
(0.898733773602 -0.00276423010224 0)
(0.895680967857 -0.00263935981367 0)
(0.892705805249 -0.00250695904268 0)
(0.889816647297 -0.00236715037949 0)
(0.887021391828 -0.00222014366526 0)
(0.884327849875 -0.00206605531493 0)
(0.881743982352 -0.00190496967676 0)
(0.879277834228 -0.00173695821638 0)
(0.876937441933 -0.00156211958703 0)
(0.874730807335 -0.00138059007199 0)
(0.872665880439 -0.00119250431 0)
(0.870750509754 -0.000997981124927 0)
(0.868992404716 -0.000797143752738 0)
(0.86739912215 -0.00059013751011 0)
(0.8659780566 -0.000377150710171 0)
(0.864736456082 -0.00015840046314 0)
(0.863681380395 6.5904749751e-05 0)
(0.86281964035 0.000295422423068 0)
(0.862157840562 0.000529805252627 0)
(0.861702312587 0.000768696341249 0)
(0.861459297812 0.00101177852085 0)
(0.861434629097 0.00125878134529 0)
(0.861634045404 0.00150925187448 0)
(0.862062999625 0.00176283874035 0)
(0.862726191746 0.00201902028213 0)
(0.863628261634 0.00227691824526 0)
(0.864773021486 0.00253568423758 0)
(0.866163411133 0.0027944212452 0)
(0.867802203548 0.00305185756756 0)
(0.869690844893 0.00330662417279 0)
(0.871827315894 0.00355736631453 0)
(0.874214328618 0.00380244573101 0)
(0.876848828895 0.00404019319461 0)
(0.879723694025 0.00426867410122 0)
(0.882837089641 0.0044859136665 0)
(0.88618234552 0.00469003236644 0)
(0.88974401369 0.00487844696399 0)
(0.893511272918 0.00504825151793 0)
(0.89744906058 0.00519735229241 0)
(0.901545761754 0.00532440968808 0)
(0.905791936254 0.00542759490737 0)
(0.910173469944 0.0055049832623 0)
(0.914672375283 0.00555470985503 0)
(0.919267992382 0.00557509050359 0)
(0.923937732492 0.00556474133386 0)
(0.928657531739 0.00552266971681 0)
(0.933402220676 0.00544834248022 0)
(0.938145905172 0.00534173887195 0)
(0.942862382477 0.00520340236364 0)
(0.947525557255 0.00503446795281 0)
(0.952109924392 0.00483662284548 0)
(0.956591087647 0.00461212266805 0)
(0.960946158664 0.00436378719707 0)
(0.965154086004 0.0040948866514 0)
(0.969195968769 0.00380902028387 0)
(0.973055302582 0.00350997619913 0)
(0.963877692563 0.00286394973329 0)
(0.967367983209 0.00257039093482 0)
(0.970633697383 0.0022755447321 0)
(0.973668880922 0.00198233255445 0)
(0.97647034064 0.00169336723585 0)
(0.979037244751 0.00141112777758 0)
(0.981370554328 0.00113785138455 0)
(0.98347269643 0.000875291476137 0)
(0.985347376534 0.000624686760271 0)
(0.986999605162 0.000386693083429 0)
(0.988435520758 0.000161526060811 0)
(0.989661919933 -5.08603090343e-05 0)
(0.990685819651 -0.000250744543941 0)
(0.991514153235 -0.000438520586078 0)
(0.992154122581 -0.000614893473647 0)
(0.992613067177 -0.000780845083312 0)
(0.992898128547 -0.00093720880903 0)
(0.993015518258 -0.0010845633716 0)
(0.992971155387 -0.0012235882967 0)
(0.992770933552 -0.00135520466537 0)
(0.992420152602 -0.00148029285486 0)
(0.991923166165 -0.00159957034687 0)
(0.991283942691 -0.0017136838663 0)
(0.990507423602 -0.00182335630339 0)
(0.989597348782 -0.00192920183384 0)
(0.988556415972 -0.00203155729207 0)
(0.987386511116 -0.00213075763486 0)
(0.986093457449 -0.00222713414536 0)
(0.984679394365 -0.00232082676435 0)
(0.983145431129 -0.00241174923143 0)
(0.981492165081 -0.00250020215026 0)
(0.979728133173 -0.00258628264856 0)
(0.977853978451 -0.00266941378583 0)
(0.975869404838 -0.0027492632481 0)
(0.973775508846 -0.00282571950783 0)
(0.971574372118 -0.00289888231382 0)
(0.969268514244 -0.00296849381464 0)
(0.966860483843 -0.00303391860153 0)
(0.964353298243 -0.0030947374958 0)
(0.96175089221 -0.00315089657933 0)
(0.959051826047 -0.00320228008167 0)
(0.956257587337 -0.00324839819153 0)
(0.953375317003 -0.00328882899027 0)
(0.950411444339 -0.00332335591472 0)
(0.947372075742 -0.00335176965155 0)
(0.944262033779 -0.0033738715222 0)
(0.941083603995 -0.00338955586287 0)
(0.937842593768 -0.00339868552281 0)
(0.934546277522 -0.00340107677171 0)
(0.931202091849 -0.00339659852626 0)
(0.927817589398 -0.0033850502827 0)
(0.924399948093 -0.00336623863917 0)
(0.920955540439 -0.00334022432787 0)
(0.917490991745 -0.00330709980366 0)
(0.914013732409 -0.00326683273593 0)
(0.910531766406 -0.00321938765447 0)
(0.907053237202 -0.00316478335016 0)
(0.903586418768 -0.00310289014139 0)
(0.900139871598 -0.00303363936261 0)
(0.896721692443 -0.00295722019438 0)
(0.893339633894 -0.00287377145716 0)
(0.890001603757 -0.00278337010766 0)
(0.886715763829 -0.0026860768873 0)
(0.883490434349 -0.00258195424845 0)
(0.880333987246 -0.00247108351636 0)
(0.877254763537 -0.00235351057809 0)
(0.874261201082 -0.00222921638517 0)
(0.871361822188 -0.00209829565628 0)
(0.868564842313 -0.00196092246421 0)
(0.865878194095 -0.00181720836451 0)
(0.863309729598 -0.00166724229161 0)
(0.860867273113 -0.00151109756426 0)
(0.858558612223 -0.00134887145632 0)
(0.856391505758 -0.00118069729542 0)
(0.854373672735 -0.00100670268708 0)
(0.852512737523 -0.00082699513877 0)
(0.850816187186 -0.000641684195661 0)
(0.849291353824 -0.000450899849892 0)
(0.847945399536 -0.000254815994363 0)
(0.846785359553 -5.36351858315e-05 0)
(0.845818080469 0.000152459696358 0)
(0.845050038395 0.000363149474812 0)
(0.844487531841 0.000578111325556 0)
(0.844136797243 0.000796993875079 0)
(0.844004161399 0.00101949839349 0)
(0.844095698593 0.0012453679692 0)
(0.844417717596 0.00147415569676 0)
(0.844975456612 0.00170556418548 0)
(0.845774377636 0.00193909557976 0)
(0.84681948296 0.00217394345976 0)
(0.848113437927 0.00240933113058 0)
(0.849659450699 0.0026443570332 0)
(0.851461288309 0.00287792475285 0)
(0.853517848429 0.00310898881923 0)
(0.855824917694 0.00333590944454 0)
(0.858388645788 0.00355727936702 0)
(0.861201143316 0.00377203541612 0)
(0.864253809515 0.00397831273093 0)
(0.867538891971 0.00417396856018 0)
(0.871048034613 0.00435722222569 0)
(0.874770283865 0.00452568860239 0)
(0.878684424384 0.00467758361732 0)
(0.882772797651 0.00481131056285 0)
(0.887020007685 0.00492407993444 0)
(0.891412546693 0.00501409297048 0)
(0.895935286548 0.00507981505771 0)
(0.90057020856 0.00511968696338 0)
(0.905296669621 0.00513224897952 0)
(0.910091978579 0.0051162853322 0)
(0.914931876247 0.00507092947151 0)
(0.919790943255 0.00499573680304 0)
(0.924643007459 0.00489073624764 0)
(0.929461576368 0.00475648121221 0)
(0.934220258272 0.00459407398158 0)
(0.938893273272 0.00440511973222 0)
(0.943455991172 0.00419174931659 0)
(0.947885317863 0.00395662436478 0)
(0.952160008267 0.00370282595514 0)
(0.956260979037 0.00343373840424 0)
(0.960171559207 0.00315291392572 0)
(0.95010621115 0.00253518560352 0)
(0.953618064855 0.0022620479702 0)
(0.956896181523 0.00198829163163 0)
(0.959934699625 0.00171658053286 0)
(0.962730599605 0.00144929214319 0)
(0.965283209925 0.00118871875532 0)
(0.967593618532 0.000936950666759 0)
(0.969664356985 0.00069561439547 0)
(0.971499291027 0.000465827820962 0)
(0.973103875308 0.000248127977132 0)
(0.974484743829 4.26488021948e-05 0)
(0.975649039474 -0.000150689878861 0)
(0.976604001954 -0.0003321711296 0)
(0.977356785341 -0.000502198842395 0)
(0.977915381979 -0.000661509407846 0)
(0.978287738639 -0.000811083381995 0)
(0.978481282196 -0.000951687867319 0)
(0.978502220833 -0.00108384468423 0)
(0.978357318383 -0.00120823203556 0)
(0.978053345797 -0.00132574409568 0)
(0.977595722406 -0.00143717582623 0)
(0.976988608446 -0.00154319632511 0)
(0.976236606864 -0.00164452091424 0)
(0.975346437432 -0.00174181373883 0)
(0.974321249659 -0.00183552944828 0)
(0.973163077171 -0.00192595405677 0)
(0.971874091942 -0.00201379294912 0)
(0.970464507846 -0.00209930593295 0)
(0.968933104395 -0.00218211150417 0)
(0.967279890465 -0.00226216775404 0)
(0.965506107579 -0.00233979969697 0)
(0.963613943947 -0.00241524129617 0)
(0.961605298404 -0.0024880392748 0)
(0.959482371592 -0.00255776394412 0)
(0.957248015811 -0.00262432271762 0)
(0.954901952879 -0.0026877745025 0)
(0.952441550977 -0.00274774014945 0)
(0.949873347397 -0.00280372063478 0)
(0.947203064804 -0.00285547650294 0)
(0.944436277265 -0.00290275851134 0)
(0.941575312786 -0.00294536049589 0)
(0.938622258665 -0.00298312397472 0)
(0.935582396617 -0.00301582603362 0)
(0.932462140912 -0.00304322901375 0)
(0.929268118646 -0.00306506121705 0)
(0.92600687777 -0.00308098243729 0)
(0.922683911603 -0.00309091430071 0)
(0.919304785197 -0.00309489401128 0)
(0.915876013531 -0.00309279999431 0)
(0.912404800762 -0.00308452325493 0)
(0.908898685542 -0.00306987619362 0)
(0.905365586769 -0.00304863867287 0)
(0.901813299489 -0.00302082967174 0)
(0.898249164781 -0.00298655740195 0)
(0.894680595554 -0.00294583839377 0)
(0.891115380082 -0.0028986724248 0)
(0.887561551906 -0.00284509201549 0)
(0.884027289237 -0.00278500173457 0)
(0.88052120013 -0.00271833752026 0)
(0.877051848882 -0.00264524398042 0)
(0.873627446546 -0.00256584196317 0)
(0.870256057514 -0.00248021684973 0)
(0.866945771828 -0.00238844337639 0)
(0.863704748656 -0.00229059328594 0)
(0.860541187447 -0.00218674940857 0)
(0.857463272577 -0.00207696117744 0)
(0.854479248172 -0.00196122125823 0)
(0.851597444385 -0.00183961670382 0)
(0.848826049303 -0.00171229554961 0)
(0.846173026349 -0.00157935127529 0)
(0.843646181408 -0.00144086238247 0)
(0.841253190961 -0.00129689553667 0)
(0.839001624878 -0.00114754358607 0)
(0.836898991718 -0.00099293654228 0)
(0.834952749134 -0.00083319546345 0)
(0.833170255363 -0.000668417131798 0)
(0.831558726708 -0.000498697770253 0)
(0.830125217957 -0.000324152209268 0)
(0.828876613126 -0.0001449421404 0)
(0.827819722104 3.8744171738e-05 0)
(0.826961064077 0.000226759105396 0)
(0.826306715636 0.000418805250355 0)
(0.825862862403 0.000614557850244 0)
(0.825636249565 0.000813645808226 0)
(0.825633404813 0.00101575883762 0)
(0.825861409813 0.00122063478867 0)
(0.826327153343 0.00142790106975 0)
(0.827034560174 0.0016372407962 0)
(0.827991186146 0.00184817787945 0)
(0.829200946668 0.00206018788151 0)
(0.830663818139 0.00227250779313 0)
(0.832383412689 0.00248411982056 0)
(0.834363411769 0.00269431885112 0)
(0.836598411584 0.00290241604079 0)
(0.83908434462 0.00310675142319 0)
(0.841817861181 0.00330569062913 0)
(0.844794495254 0.00349834327968 0)
(0.848009099065 0.00368311472704 0)
(0.851448944897 0.00385796191732 0)
(0.855104296359 0.00402132576836 0)
(0.858969158207 0.00417141219787 0)
(0.863027970502 0.00430682842224 0)
(0.867263446236 0.00442544585292 0)
(0.871658176609 0.00452445600935 0)
(0.876195563228 0.00460211611168 0)
(0.880858661342 0.00465704413245 0)
(0.885628704952 0.00468789521168 0)
(0.890484704572 0.00469341460047 0)
(0.895403693695 0.00467255283995 0)
(0.900361119896 0.00462456988408 0)
(0.905331244969 0.00454910967604 0)
(0.910287563608 0.00444625054205 0)
(0.915203245018 0.00431655617113 0)
(0.920051556179 0.00416109625266 0)
(0.924806421001 0.00398139326785 0)
(0.929442969116 0.00377945430259 0)
(0.933937889477 0.00355778678553 0)
(0.938269722715 0.00331928841729 0)
(0.942419180792 0.00306713496015 0)
(0.946369409372 0.00280464870869 0)
(0.935222560492 0.00221641056483 0)
(0.938738338486 0.00196381940839 0)
(0.942010179528 0.00171124967801 0)
(0.945032476823 0.00146110523416 0)
(0.947802490378 0.0012155350302 0)
(0.95031973954 0.000976655259275 0)
(0.952585458993 0.000746417301732 0)
(0.954602311334 0.000526323300715 0)
(0.956374459504 0.000317356393182 0)
(0.957908179714 0.000119918953439 0)
(0.959210763278 -6.59254098102e-05 0)
(0.960289610959 -0.00024027279789 0)
(0.961152205049 -0.000403406820982 0)
(0.9618060255 -0.00055577314694 0)
(0.962260551197 -0.000698154338223 0)
(0.962524277698 -0.000831498027225 0)
(0.962604650411 -0.000956476308553 0)
(0.962507733695 -0.00107362242651 0)
(0.962242139512 -0.00118365686167 0)
(0.961815634712 -0.00128734640595 0)
(0.96123303128 -0.00138534027059 0)
(0.960498045327 -0.00147836156364 0)
(0.959617000503 -0.00156740073453 0)
(0.958599498526 -0.00165289617536 0)
(0.957445683166 -0.00173488522782 0)
(0.956156776083 -0.00181367973108 0)
(0.954734961457 -0.00188999213682 0)
(0.95318319126 -0.0019642478436 0)
(0.951503662054 -0.00203612837018 0)
(0.949698743777 -0.00210544780941 0)
(0.947771951887 -0.0021725710356 0)
(0.945716624953 -0.00223754757051 0)
(0.943536637478 -0.00229993242738 0)
(0.941237926087 -0.00235950591005 0)
(0.938825611812 -0.00241610449841 0)
(0.936302674497 -0.00246955606141 0)
(0.933669181386 -0.00251974273665 0)
(0.930929086622 -0.00256647720189 0)
(0.928087825359 -0.00260951361926 0)
(0.925151332409 -0.00264848108908 0)
(0.922124908489 -0.00268304544972 0)
(0.91901291451 -0.00271314134929 0)
(0.915820108968 -0.00273869030853 0)
(0.91255222952 -0.00275950819144 0)
(0.90921566 -0.00277534982098 0)
(0.905817324098 -0.00278586536722 0)
(0.902364279073 -0.00279092717944 0)
(0.898863052579 -0.00279057967439 0)
(0.895320215693 -0.00278475583351 0)
(0.891742771084 -0.00277338996564 0)
(0.88813808412 -0.00275633789001 0)
(0.884514027565 -0.00273340970387 0)
(0.880878771645 -0.00270459960747 0)
(0.87724025679 -0.00266998820608 0)
(0.873606238253 -0.00262960143964 0)
(0.869984549024 -0.00258345995542 0)
(0.86638313944 -0.00253161036918 0)
(0.862810082026 -0.00247398538683 0)
(0.859273766409 -0.00241054347426 0)
(0.855782697449 -0.00234141397524 0)
(0.852345223375 -0.00226669783252 0)
(0.848969542715 -0.00218646988097 0)
(0.845663761622 -0.00210080346002 0)
(0.84243594293 -0.00200977205217 0)
(0.839294121907 -0.00191345805953 0)
(0.836246293199 -0.00181191179961 0)
(0.833300476288 -0.00170513238691 0)
(0.830464724581 -0.00159320466416 0)
(0.827746991062 -0.00147626304429 0)
(0.825155082395 -0.00135438632077 0)
(0.822696674026 -0.00122763842293 0)
(0.820379284964 -0.00109607317668 0)
(0.818210281726 -0.00095977444238 0)
(0.816196933412 -0.000818866490323 0)
(0.814346436563 -0.000673462781856 0)
(0.812665873384 -0.000523648878769 0)
(0.811162169047 -0.000369507305501 0)
(0.809842077902 -0.000211138450439 0)
(0.8087122046 -4.86949162844e-05 0)
(0.807779115155 0.000117654455565 0)
(0.807048857138 0.000287805883459 0)
(0.806527413504 0.000461450271713 0)
(0.806221520715 0.000638189650322 0)
(0.806139452479 0.000817651351069 0)
(0.80628728306 0.000999461512712 0)
(0.806674148569 0.00118336786823 0)
(0.807305992393 0.00136928547626 0)
(0.808183989218 0.00155674543457 0)
(0.809317826342 0.00174532899487 0)
(0.810707659618 0.00193501640455 0)
(0.812351127102 0.00212515926614 0)
(0.814247475208 0.00231459092861 0)
(0.816396353348 0.00250251960352 0)
(0.818796456391 0.00268846018563 0)
(0.82144664192 0.00287087698145 0)
(0.824334146669 0.00304825490566 0)
(0.827458980233 0.00321985366829 0)
(0.830819039646 0.00338430623504 0)
(0.834405155423 0.00353991338604 0)
(0.838206714983 0.00368485007541 0)
(0.842214910673 0.00381744505175 0)
(0.846416417128 0.00393664217314 0)
(0.850795068769 0.00404047219227 0)
(0.855332768472 0.00412627629551 0)
(0.86001089352 0.00419230398077 0)
(0.864810650652 0.00423723259812 0)
(0.869712108472 0.00425986348533 0)
(0.874693580783 0.0042591114686 0)
(0.879731605357 0.00423407934616 0)
(0.884801197659 0.00418414822839 0)
(0.88987620268 0.00410904797119 0)
(0.894929705943 0.00400890478817 0)
(0.899934472494 0.00388429229456 0)
(0.904863371733 0.00373624602048 0)
(0.909690022441 0.00356620313858 0)
(0.914389317139 0.0033760478331 0)
(0.918937709735 0.00316813816608 0)
(0.92331349347 0.00294519457319 0)
(0.927497146051 0.00271019013702 0)
(0.931471613186 0.00246622201228 0)
(0.918980552769 0.00190896446662 0)
(0.92247776803 0.00167710639744 0)
(0.925719807034 0.00144587079273 0)
(0.928701600397 0.00121739686132 0)
(0.931420774177 0.00099361871714 0)
(0.933877015086 0.000776491726823 0)
(0.936071715403 0.000567835801717 0)
(0.938007715986 0.000369022903475 0)
(0.93968979071 0.000180868243967 0)
(0.941125722838 3.63233279864e-06 0)
(0.942323359594 -0.000162655438237 0)
(0.943290225762 -0.000318087198115 0)
(0.94403397374 -0.000462961003427 0)
(0.944562775236 -0.000597867804336 0)
(0.944888930029 -0.000723596925239 0)
(0.945020660136 -0.00084093343766 0)
(0.944964890638 -0.000950452922054 0)
(0.944727621117 -0.0010529119931 0)
(0.944321538728 -0.00114915120307 0)
(0.943754550133 -0.00123951894803 0)
(0.94302918272 -0.0013244296848 0)
(0.942149003014 -0.00140462083115 0)
(0.941118380952 -0.00148111614797 0)
(0.939941922611 -0.00155449680487 0)
(0.938623336569 -0.00162477758837 0)
(0.937166327046 -0.00169214033208 0)
(0.935574346695 -0.00175729676787 0)
(0.933839837432 -0.00182044978343 0)
(0.93197021671 -0.00188132514823 0)
(0.929971555493 -0.00193996959872 0)
(0.927849625409 -0.00199638259473 0)
(0.92560364629 -0.00205061015184 0)
(0.923235489205 -0.00210264912369 0)
(0.920749718287 -0.00215236485784 0)
(0.91815162381 -0.00219949780469 0)
(0.915446250719 -0.00224369830955 0)
(0.912637215421 -0.00228486823976 0)
(0.909728129929 -0.00232298999061 0)
(0.906723564566 -0.00235788287916 0)
(0.903628926919 -0.00238920570088 0)
(0.900450272201 -0.00241659451375 0)
(0.897193485047 -0.00243994257401 0)
(0.893864024747 -0.00245919439954 0)
(0.890467553053 -0.00247422051852 0)
(0.887010192352 -0.00248483088296 0)
(0.883498666117 -0.00249072724028 0)
(0.879940267145 -0.00249177264916 0)
(0.876342165656 -0.00248797956873 0)
(0.872711358109 -0.00247929189076 0)
(0.869054942864 -0.00246566826288 0)
(0.865380224413 -0.0024470001 0)
(0.861694896993 -0.00242313730517 0)
(0.858007008597 -0.00239408155931 0)
(0.854324630343 -0.00235989851654 0)
(0.850655735437 -0.00232060717063 0)
(0.847008279068 -0.00227623063373 0)
(0.843390205215 -0.00222682070862 0)
(0.839809512197 -0.00217232699578 0)
(0.836274398592 -0.00211272563458 0)
(0.83279314492 -0.00204814515262 0)
(0.829373964634 -0.00197867826804 0)
(0.82602500007 -0.00190438919879 0)
(0.822754304261 -0.00182534303964 0)
(0.819569839394 -0.00174160779782 0)
(0.8164794844 -0.00165326083379 0)
(0.813491037203 -0.00156035016835 0)
(0.810612287874 -0.0014628767453 0)
(0.80785101722 -0.0013609210044 0)
(0.80521488532 -0.00125460760881 0)
(0.802711427992 -0.001144005939 0)
(0.80034808363 -0.00102916770692 0)
(0.79813214926 -0.000910132878412 0)
(0.796070760728 -0.00078697409619 0)
(0.794170940047 -0.000659807944295 0)
(0.792439621424 -0.000528738866421 0)
(0.790883606534 -0.000393839938 0)
(0.789509518791 -0.000255179502954 0)
(0.78832381826 -0.000112845461607 0)
(0.787332855319 3.30171931145e-05 0)
(0.786542884448 0.000182270777759 0)
(0.785959372713 0.000334820204093 0)
(0.785589628904 0.000490269319429 0)
(0.785441614362 0.000648063883915 0)
(0.785525690976 0.00080797198929 0)
(0.785845379872 0.000969573962482 0)
(0.786411304664 0.00113265862491 0)
(0.787225630864 0.00129763152204 0)
(0.788287408131 0.00146414595668 0)
(0.789597749914 0.00163156194734 0)
(0.791157960511 0.00179985817002 0)
(0.792969456954 0.00196855651216 0)
(0.795028607688 0.00213656214175 0)
(0.797331447605 0.00230319897891 0)
(0.799881732229 0.00246796824943 0)
(0.802680224537 0.00262975041044 0)
(0.805718883341 0.00278716972429 0)
(0.808993465823 0.0029389573671 0)
(0.812500372971 0.00308404000104 0)
(0.816232087663 0.00322106822145 0)
(0.820178266408 0.00334825188535 0)
(0.8243283591 0.00346402989425 0)
(0.828669525738 0.00356757755106 0)
(0.833186449345 0.00365719094462 0)
(0.837860987999 0.00373038940506 0)
(0.842673339525 0.00378546145678 0)
(0.84760316542 0.00382113640259 0)
(0.852629241632 0.00383632066843 0)
(0.857728942417 0.00383006371767 0)
(0.862878099891 0.0038016007208 0)
(0.868051141824 0.0037504238752 0)
(0.873221379645 0.0036763435066 0)
(0.878361398575 0.003579530704 0)
(0.883443478905 0.00346056771659 0)
(0.888440033405 0.00332045147386 0)
(0.893324406088 0.00316052838421 0)
(0.898071266776 0.00298256152384 0)
(0.902656796269 0.00278876653927 0)
(0.907058987919 0.002581692895 0)
(0.911258050924 0.00236411560515 0)
(0.91523672252 0.00213890957346 0)
(0.901043826943 0.00161445955057 0)
(0.904494174179 0.00140357415276 0)
(0.907677230859 0.00119384801459 0)
(0.910588905849 0.00098716233303 0)
(0.913227122168 0.000785266517672 0)
(0.915591605753 0.000589971103241 0)
(0.917683936167 0.000402968052377 0)
(0.919507252927 0.000225461754065 0)
(0.921067676832 5.80126316869e-05 0)
(0.922375582271 -9.92003107693e-05 0)
(0.923438593868 -0.000246070145251 0)
(0.924264021469 -0.00038269443054 0)
(0.92485973937 -0.000509455127288 0)
(0.9252356508 -0.000627340495915 0)
(0.925409212806 -0.000736968883152 0)
(0.925385205646 -0.000838645055846 0)
(0.925169674766 -0.000932981520835 0)
(0.924769557875 -0.00102071971544 0)
(0.924192406165 -0.00110279098593 0)
(0.923445063517 -0.0011796445088 0)
(0.922533684984 -0.00125156995851 0)
(0.921464606959 -0.00131922173796 0)
(0.9202401789 -0.00138355789752 0)
(0.918857564196 -0.0014449739368 0)
(0.917326033211 -0.00150354264246 0)
(0.915653111121 -0.00155957805894 0)
(0.91384526306 -0.00161334497625 0)
(0.911901238773 -0.00166515594111 0)
(0.9098245766 -0.00171521260776 0)
(0.907620624744 -0.00176355197248 0)
(0.905295351475 -0.00180994220587 0)
(0.902852886815 -0.00185428708907 0)
(0.900296205305 -0.00189673653676 0)
(0.897628868454 -0.00193725236923 0)
(0.894855326592 -0.00197561189229 0)
(0.891980753736 -0.0020114475681 0)
(0.889010362985 -0.00204460034476 0)
(0.885948706598 -0.00207505016187 0)
(0.882800310976 -0.00210266670326 0)
(0.87957016922 -0.00212717873321 0)
(0.876264059734 -0.00214826510572 0)
(0.872888178866 -0.00216579686406 0)
(0.869448560074 -0.00217969937091 0)
(0.865951161432 -0.00218985980657 0)
(0.86240210834 -0.00219612426144 0)
(0.85880794269 -0.00219824640252 0)
(0.855175738568 -0.00219611367515 0)
(0.851512738857 -0.00218972959825 0)
(0.847826170009 -0.00217903551626 0)
(0.844123287947 -0.00216399569536 0)
(0.84041143501 -0.00214452118523 0)
(0.83669820909 -0.00212049074211 0)
(0.832991466697 -0.00209192170486 0)
(0.82929914499 -0.00205888073492 0)
(0.825629189619 -0.00202138422464 0)
(0.821989564833 -0.00197945234132 0)
(0.818388188268 -0.0019331350649 0)
(0.814832980812 -0.00188239081063 0)
(0.811331993065 -0.00182720477952 0)
(0.807893286882 -0.00176770385701 0)
(0.804524842275 -0.00170397801182 0)
(0.801234598717 -0.00163608579952 0)
(0.798030436833 -0.00156408467205 0)
(0.79492014882 -0.00148803468198 0)
(0.791911423884 -0.00140800502836 0)
(0.789011843198 -0.00132403870936 0)
(0.786228954165 -0.00123613557773 0)
(0.783570269272 -0.00114436885398 0)
(0.781043154579 -0.00104885253861 0)
(0.778654839615 -0.000949648299602 0)
(0.776412464437 -0.000846798214364 0)
(0.774323043634 -0.000740329849971 0)
(0.772393439141 -0.000630304862121 0)
(0.770630400848 -0.000516831742685 0)
(0.769040586131 -0.000400004927267 0)
(0.767630500776 -0.000279883768436 0)
(0.766406462668 -0.000156523580461 0)
(0.765374676052 -3.00013909009e-05 0)
(0.764541195623 9.95473282211e-05 0)
(0.76391192828 0.000232022707648 0)
(0.763491936831 0.000367175990498 0)
(0.763292853191 0.00050450742128 0)
(0.763322238329 0.000643403503485 0)
(0.763590471222 0.000783932554936 0)
(0.764096784846 0.000926068780465 0)
(0.764843047854 0.00106940453659 0)
(0.765831636243 0.00121430450747 0)
(0.767065739592 0.00136054267028 0)
(0.768539065069 0.00150760502641 0)
(0.770255362054 0.00165551634991 0)
(0.772219979817 0.00180388657256 0)
(0.774432696384 0.0019518910302 0)
(0.776890384887 0.00209862010772 0)
(0.779593272516 0.00224330596446 0)
(0.782541594369 0.00238525535164 0)
(0.785730174605 0.00252330339158 0)
(0.789153440739 0.00265607521235 0)
(0.792806177352 0.00278260471251 0)
(0.796681163574 0.00290177422216 0)
(0.80076840686 0.00301196390616 0)
(0.805056405023 0.00311173035144 0)
(0.80953209825 0.00320039653042 0)
(0.814180524818 0.00327648803448 0)
(0.818983648892 0.00333773830553 0)
(0.823921011166 0.00338254105654 0)
(0.828971087681 0.00340969693632 0)
(0.834111414792 0.00341820030229 0)
(0.839318305133 0.00340721016872 0)
(0.844566721174 0.00337607459597 0)
(0.849830354695 0.00332438451549 0)
(0.855081861324 0.00325202308075 0)
(0.860293228039 0.0031592018881 0)
(0.865436158912 0.00304650942125 0)
(0.87048256986 0.00291489491769 0)
(0.875405651213 0.00276560473208 0)
(0.880179857297 0.00260028598311 0)
(0.88478100782 0.00242102250805 0)
(0.889186719656 0.00223019859452 0)
(0.893376906324 0.00203039321371 0)
(0.897334112649 0.00182425916778 0)
(0.880948136452 0.00133477576678 0)
(0.884316411689 0.00114511928922 0)
(0.887404970418 0.00095702396365 0)
(0.890211228284 0.000772189191269 0)
(0.892732823796 0.000592252229567 0)
(0.894969297917 0.000418869962949 0)
(0.896922571988 0.000253592821487 0)
(0.89859641458 9.73487260982e-05 0)
(0.900000001343 -4.97261482293e-05 0)
(0.901147621567 -0.000187297918853 0)
(0.902044079986 -0.000314959182883 0)
(0.902696265864 -0.000432933989859 0)
(0.90311285247 -0.000541677342532 0)
(0.903303430267 -0.000642197756855 0)
(0.903278597056 -0.000735320534748 0)
(0.903047553881 -0.00082135321681 0)
(0.902619651136 -0.000900714255464 0)
(0.902004840364 -0.0009741435267 0)
(0.901202902351 -0.00104242191401 0)
(0.900219066734 -0.00110587184008 0)
(0.899065295596 -0.00116490728058 0)
(0.897751801318 -0.00122012030228 0)
(0.896285488839 -0.00127209424323 0)
(0.89466785905 -0.00132142263239 0)
(0.892904728717 -0.00136855202339 0)
(0.891003186155 -0.00141374001725 0)
(0.888970510798 -0.00145696064028 0)
(0.886811271719 -0.00149841138627 0)
(0.884528939051 -0.00153847244277 0)
(0.882127577966 -0.00157723678315 0)
(0.879612092385 -0.00161448027377 0)
(0.876987851005 -0.00165002679573 0)
(0.874259304323 -0.00168396501091 0)
(0.871430286408 -0.00171627716864 0)
(0.868504790972 -0.00174679889939 0)
(0.865487453475 -0.00177521760177 0)
(0.862383498506 -0.00180136003145 0)
(0.859197985609 -0.00182516886494 0)
(0.85593573394 -0.00184651978064 0)
(0.852601676445 -0.0018651832985 0)
(0.849201259797 -0.00188088999206 0)
(0.845740424715 -0.00189352653474 0)
(0.84222525556 -0.00190301324268 0)
(0.838661872598 -0.00190923894027 0)
(0.83505648344 -0.0019120659387 0)
(0.831415572593 -0.00191128254724 0)
(0.827746010318 -0.00190680343481 0)
(0.824054865583 -0.00189864150849 0)
(0.820349319532 -0.00188674314303 0)
(0.816636648091 -0.00187107498951 0)
(0.812924199994 -0.00185155911008 0)
(0.809219516803 -0.00182809234501 0)
(0.805530312662 -0.00180070239427 0)
(0.801864337468 -0.00176946054722 0)
(0.798229368441 -0.00173438647084 0)
(0.794633239504 -0.00169549963203 0)
(0.791083753063 -0.00165284658053 0)
(0.787588699571 -0.00160639075122 0)
(0.784155968422 -0.00155612116086 0)
(0.780793415841 -0.00150215857072 0)
(0.777508774884 -0.00144458907554 0)
(0.774309720528 -0.00138346744876 0)
(0.771203875623 -0.00131884542478 0)
(0.768198784284 -0.00125077558556 0)
(0.765301888457 -0.00117931822756 0)
(0.762520513138 -0.0011045099143 0)
(0.759861935072 -0.00102634785836 0)
(0.757333383465 -0.000944896653483 0)
(0.75494192776 -0.000860258219073 0)
(0.752694485527 -0.000772485986858 0)
(0.750597877518 -0.000681613299794 0)
(0.74865880358 -0.000587656683168 0)
(0.746883819269 -0.00049066796664 0)
(0.745279375247 -0.000390748040829 0)
(0.743851825547 -0.000287980623063 0)
(0.742607355084 -0.000182411584955 0)
(0.741552000032 -7.40865741892e-05 0)
(0.740691738375 3.69301617047e-05 0)
(0.740032217204 0.000150517859643 0)
(0.739578974521 0.000266589950932 0)
(0.739337595536 0.000384476044068 0)
(0.739325768764 0.000503854913297 0)
(0.739543133908 0.000624645923558 0)
(0.739991515568 0.000746717994583 0)
(0.740675200904 0.000870023313562 0)
(0.741589609716 0.000994370268459 0)
(0.742738944508 0.00112014286733 0)
(0.744130463381 0.00124735635236 0)
(0.7457630799 0.00137553628872 0)
(0.747637902664 0.0015042491312 0)
(0.749758252847 0.0016331898156 0)
(0.752125176105 0.00176185134903 0)
(0.754736758232 0.00188934501873 0)
(0.757591576978 0.00201481619229 0)
(0.760688697625 0.00213772481014 0)
(0.76402421924 0.00225711658669 0)
(0.767592370661 0.00237169700785 0)
(0.771386807221 0.00248055360821 0)
(0.775399958908 0.00258272251894 0)
(0.77962191425 0.00267677105697 0)
(0.784040606392 0.00276139193741 0)
(0.788642520639 0.00283601623014 0)
(0.793412646746 0.00289936210666 0)
(0.798332954721 0.00294939707055 0)
(0.803382564712 0.00298466364 0)
(0.808539045883 0.00300405854366 0)
(0.813778815751 0.00300666388326 0)
(0.8190770915 0.00299173461351 0)
(0.824407856496 0.00295871625524 0)
(0.829743941591 0.00290728625113 0)
(0.835057232208 0.00283739176897 0)
(0.840319022384 0.00274927967614 0)
(0.845500343831 0.00264353897382 0)
(0.850572648385 0.00252105072961 0)
(0.855509276837 0.00238295187907 0)
(0.860284377829 0.00223079223611 0)
(0.864873221429 0.00206653642033 0)
(0.869252961787 0.00189240606916 0)
(0.873403228094 0.00171078181927 0)
(0.877306442522 0.00152409126609 0)
(0.85804328371 0.00107192940197 0)
(0.861286371599 0.000903703971128 0)
(0.864238506358 0.000737213007143 0)
(0.866898672029 0.000574225576591 0)
(0.869262346913 0.000416362517438 0)
(0.871328943142 0.000265021784092 0)
(0.873101246642 0.000121536248594 0)
(0.874584542981 -1.32917301289e-05 0)
(0.875786258495 -0.000139477263241 0)
(0.876715859895 -0.000256973318448 0)
(0.877382732972 -0.000365403523436 0)
(0.877797388534 -0.000464882942112 0)
(0.877971118537 -0.000555928972992 0)
(0.877913341061 -0.000639576243041 0)
(0.877623130221 -0.000716458397406 0)
(0.877116959032 -0.000786897144406 0)
(0.876409567523 -0.000851512054183 0)
(0.875514388469 -0.000910683074554 0)
(0.8744380408 -0.000964956429746 0)
(0.873186400133 -0.00101504317146 0)
(0.871769043835 -0.00106157420476 0)
(0.870196336925 -0.00110500042938 0)
(0.868477762461 -0.00114561763832 0)
(0.866619856255 -0.0011839539585 0)
(0.864628072865 -0.00122058988044 0)
(0.862508190912 -0.001255810546 0)
(0.860266558811 -0.00128956068248 0)
(0.857909469133 -0.00132191860251 0)
(0.855441692157 -0.00135319004779 0)
(0.852867175715 -0.00138348329302 0)
(0.850189988694 -0.00141263831213 0)
(0.847414919303 -0.00144048716735 0)
(0.844546669829 -0.00146705513744 0)
(0.841589403559 -0.0014922964305 0)
(0.838547053678 -0.00151606446676 0)
(0.83542383803 -0.00153809433332 0)
(0.832224482357 -0.00155823500809 0)
(0.828953882009 -0.00157641889921 0)
(0.825616891148 -0.00159251704279 0)
(0.822218439188 -0.0016063173268 0)
(0.818763793196 -0.00161758551827 0)
(0.815258593111 -0.00162623267336 0)
(0.811708696979 -0.00163219122929 0)
(0.808120135434 -0.00163535758353 0)
(0.804499089021 -0.00163560572528 0)
(0.800851996238 -0.00163274776032 0)
(0.797185601991 -0.00162671745756 0)
(0.793506789443 -0.00161753930999 0)
(0.789822569689 -0.00160517137058 0)
(0.78614009825 -0.00158958651516 0)
(0.782466633269 -0.00157071677063 0)
(0.778809620535 -0.00154847240818 0)
(0.775176642873 -0.00152288580426 0)
(0.771575270372 -0.00149402982304 0)
(0.768013069281 -0.00146192809665 0)
(0.764497660356 -0.00142660141465 0)
(0.761036643223 -0.00138809370033 0)
(0.757637605404 -0.00134637236062 0)
(0.754308223234 -0.00130142827431 0)
(0.751056121996 -0.0012533733209 0)
(0.747888775536 -0.00120228698934 0)
(0.744813570724 -0.0011482192668 0)
(0.741837828235 -0.00109121656907 0)
(0.738968787993 -0.00103132475073 0)
(0.736213589803 -0.000968595606657 0)
(0.73357925637 -0.000903059003304 0)
(0.731072757601 -0.000834708958666 0)
(0.728701011883 -0.000763601205063 0)
(0.726470775168 -0.000689825119029 0)
(0.724388645308 -0.000613425262747 0)
(0.72246111625 -0.000534426262913 0)
(0.720694561554 -0.000452834289977 0)
(0.719095215146 -0.000368692281564 0)
(0.71766920566 -0.000282093660282 0)
(0.716422547617 -0.000193110979614 0)
(0.715361096233 -0.000101780147023 0)
(0.714490670025 -8.13882667597e-06 0)
(0.713816887715 8.77658574099e-05 0)
(0.713345064366 0.000185831549294 0)
(0.713080323518 0.000285955256266 0)
(0.713029166401 0.000387243755934 0)
(0.713202847636 0.000489407861972 0)
(0.713599521005 0.000592703528375 0)
(0.714215923048 0.000697095927321 0)
(0.715063163837 0.000802787245505 0)
(0.716142275196 0.000909562958805 0)
(0.717455129834 0.00101736611618 0)
(0.719006748279 0.00112633861708 0)
(0.720798524775 0.00123623252352 0)
(0.722831178519 0.00134650820507 0)
(0.72510650498 0.00145685667487 0)
(0.727625619696 0.00156692441867 0)
(0.730387446191 0.00167594418721 0)
(0.733389950234 0.00178307637387 0)
(0.736631144426 0.00188783484037 0)
(0.74010743325 0.00198942818281 0)
(0.743813082968 0.00208669437421 0)
(0.747741044529 0.00217879086814 0)
(0.751883186292 0.00226487330239 0)
(0.756229394867 0.002343682986 0)
(0.760767150799 0.00241406036974 0)
(0.765482408079 0.002475531338 0)
(0.770359836034 0.00252698320879 0)
(0.775381221197 0.00256661735317 0)
(0.780525301542 0.00259314723644 0)
(0.785768895629 0.0026055878457 0)
(0.791087414997 0.00260311738387 0)
(0.796454993638 0.00258508213079 0)
(0.801844573642 0.00255101479034 0)
(0.807228032071 0.00250066880825 0)
(0.812576390592 0.00243404639155 0)
(0.81786017045 0.00235142467221 0)
(0.823049644676 0.00225337386732 0)
(0.828116045117 0.00214065167723 0)
(0.83303349773 0.00201430298241 0)
(0.837775353506 0.00187584589571 0)
(0.842316012189 0.00172712455033 0)
(0.846632146806 0.0015701863363 0)
(0.850703213705 0.00140720476131 0)
(0.854511677076 0.00124037642844 0)
(0.83140116488 0.000828580927076 0)
(0.834467637893 0.000682397036875 0)
(0.837224203424 0.000538331633239 0)
(0.839667825426 0.000397785710362 0)
(0.841797708247 0.000262259621354 0)
(0.843616420037 0.000133057118886 0)
(0.845129391167 1.13313710577e-05 0)
(0.846344400326 -0.000102297360243 0)
(0.847265856338 -0.000207949349991 0)
(0.84789461635 -0.000305521712418 0)
(0.848247858998 -0.000394742337598 0)
(0.848342014436 -0.000475933532618 0)
(0.848192213656 -0.000549563473202 0)
(0.847812511389 -0.000616203605445 0)
(0.847209261773 -0.000676640633075 0)
(0.846394646133 -0.000731760389363 0)
(0.84538313159 -0.000782153311076 0)
(0.844189314048 -0.000827938970381 0)
(0.842825359077 -0.000869418975034 0)
(0.841300725983 -0.000907352061983 0)
(0.839624324209 -0.000942461888532 0)
(0.837805333969 -0.000975197133211 0)
(0.835853076697 -0.00100577544611 0)
(0.833775974018 -0.00103458084642 0)
(0.8315805429 -0.00106210702127 0)
(0.82927219961 -0.00108863620786 0)
(0.826856250054 -0.00111415425951 0)
(0.824338381153 -0.00113870324568 0)
(0.821723615892 -0.00116249097479 0)
(0.819016005161 -0.00118558540078 0)
(0.816219223878 -0.00120784804017 0)
(0.813337251618 -0.00122913835829 0)
(0.810374209411 -0.00124946413108 0)
(0.807334028644 -0.00126875692457 0)
(0.804220483072 -0.00128686629428 0)
(0.801037495454 -0.00130355210747 0)
(0.797789322541 -0.00131868710904 0)
(0.794480428259 -0.00133221312108 0)
(0.791115399584 -0.00134400720148 0)
(0.78769901063 -0.00135387179162 0)
(0.784236375823 -0.00136159719803 0)
(0.780732913157 -0.00136711326161 0)
(0.777194225778 -0.00137036886031 0)
(0.773626131927 -0.00137127526537 0)
(0.77003466354 -0.00136972164626 0)
(0.766426148084 -0.00136554199815 0)
(0.762807213913 -0.00135868401424 0)
(0.759184587775 -0.00134917998805 0)
(0.755565093521 -0.00133700002191 0)
(0.751955699176 -0.00132212558555 0)
(0.748363490292 -0.00130449982512 0)
(0.744795748614 -0.00128404569003 0)
(0.741259886467 -0.00126079777111 0)
(0.737763278507 -0.00123482721139 0)
(0.734313261194 -0.00120615940022 0)
(0.730917200893 -0.0011748160595 0)
(0.727582433196 -0.00114083877296 0)
(0.724316276848 -0.00110419859432 0)
(0.72112613399 -0.00106488775975 0)
(0.718019348555 -0.00102300839118 0)
(0.715003099657 -0.000978631639122 0)
(0.712084458913 -0.000931801162604 0)
(0.709270414394 -0.00088255732687 0)
(0.706567863473 -0.000830939302814 0)
(0.703983600568 -0.000776990801399 0)
(0.701524303694 -0.000720735235198 0)
(0.699196599214 -0.00066216348507 0)
(0.697007063654 -0.000601322800923 0)
(0.694962114018 -0.000538290378755 0)
(0.693068011267 -0.000473101939672 0)
(0.691330911331 -0.000405773584056 0)
(0.689756856683 -0.000336301658677 0)
(0.688351752574 -0.000264720404402 0)
(0.687121377022 -0.000191114676428 0)
(0.686071367034 -0.000115547530589 0)
(0.685207305312 -3.80503124778e-05 0)
(0.684534779162 4.13514595716e-05 0)
(0.684058907398 0.00012262944404 0)
(0.683784793472 0.000205694300109 0)
(0.68371732115 0.000290461826004 0)
(0.683861266757 0.000376003817327 0)
(0.684211231881 0.00046214147794 0)
(0.684776555657 0.000549355094863 0)
(0.685562462005 0.00063727063671 0)
(0.686576766907 0.000726065102467 0)
(0.687820902848 0.000815863186969 0)
(0.689296398222 0.000906466775105 0)
(0.691006836424 0.000997994734753 0)
(0.692954533485 0.0010903303426 0)
(0.695140456688 0.00118297590766 0)
(0.697565544865 0.00127561361963 0)
(0.700230545423 0.00136795915186 0)
(0.703134752083 0.00145936672636 0)
(0.706275934694 0.00154906193143 0)
(0.709651339793 0.00163660145492 0)
(0.713257199951 0.00172131600365 0)
(0.71708772563 0.00180218522813 0)
(0.721135383511 0.00187845942299 0)
(0.725391447896 0.00194940195147 0)
(0.72984540082 0.00201391519234 0)
(0.734484240583 0.00207099108228 0)
(0.739293342753 0.00212024639842 0)
(0.744256881341 0.00216072210497 0)
(0.749356261151 0.00219084485281 0)
(0.754569761181 0.00220950813122 0)
(0.759873495488 0.00221586120791 0)
(0.765241941987 0.00220918869011 0)
(0.770648180866 0.00218892888783 0)
(0.776064090244 0.00215469588747 0)
(0.781460540699 0.00210631094747 0)
(0.786807633661 0.00204382297329 0)
(0.792075066638 0.00196753628992 0)
(0.797232325795 0.00187794815228 0)
(0.802251237012 0.0017755908364 0)
(0.807107840658 0.00166157080611 0)
(0.811772892449 0.00153748772216 0)
(0.81621971039 0.00140498992877 0)
(0.820424740292 0.00126589699698 0)
(0.824367554465 0.0011221536434 0)
(0.828030957888 0.000975715870166 0)
(0.799488035625 0.000609608017208 0)
(0.802286454908 0.000485626863292 0)
(0.804752073358 0.0003640709621 0)
(0.806877868774 0.00024622746262 0)
(0.808669924533 0.000133302931747 0)
(0.810136589915 2.6295114048e-05 0)
(0.811287547761 -7.37991054677e-05 0)
(0.812133666913 -0.000166330128124 0)
(0.812685691654 -0.000251148902118 0)
(0.812950554075 -0.000328497068278 0)
(0.812942083214 -0.000398686745922 0)
(0.812677332339 -0.000462056277888 0)
(0.81217366288 -0.000518997707067 0)
(0.811448335449 -0.000569814562273 0)
(0.810515394521 -0.00061521343504 0)
(0.809387451502 -0.000656271021005 0)
(0.808077887375 -0.000693624878101 0)
(0.80660081409 -0.000727366073288 0)
(0.804970033134 -0.000757672864897 0)
(0.803197433415 -0.000785150269517 0)
(0.801292742014 -0.000810445245307 0)
(0.799264475832 -0.000833997257512 0)
(0.797120824581 -0.000856021827302 0)
(0.794869678317 -0.000876816625088 0)
(0.792517666532 -0.000896754132795 0)
(0.790070021106 -0.000916055508011 0)
(0.787531307561 -0.000934709624472 0)
(0.784906092367 -0.000952753180868 0)
(0.78219862871 -0.000970341559281 0)
(0.779412519965 -0.000987497618161 0)
(0.776551003266 -0.00100407372136 0)
(0.773617390796 -0.00101994106831 0)
(0.770615045814 -0.0010351067589 0)
(0.767547292927 -0.00104949822043 0)
(0.764417479221 -0.00106296584623 0)
(0.761229175841 -0.0010752865988 0)
(0.757986254076 -0.00108634963455 0)
(0.754692758392 -0.00109610957387 0)
(0.751352905857 -0.00110445864813 0)
(0.747971193085 -0.00111122009496 0)
(0.74455253077 -0.00111620849245 0)
(0.741102147739 -0.00111936853122 0)
(0.737625435754 -0.00112066360755 0)
(0.734127993548 -0.00112002183609 0)
(0.730615652789 -0.0011173505222 0)
(0.727094571132 -0.00111250696548 0)
(0.723571225541 -0.00110545181233 0)
(0.720052180912 -0.00109622229442 0)
(0.716544071489 -0.00108479824011 0)
(0.713053651564 -0.00107116911193 0)
(0.709587782785 -0.0010552892045 0)
(0.706153521386 -0.00103709405294 0)
(0.702758050416 -0.00101661977091 0)
(0.699408501649 -0.000993933971324 0)
(0.696111943975 -0.000969061528371 0)
(0.692875450255 -0.000942023488551 0)
(0.68970604208 -0.00091285830228 0)
(0.686610711936 -0.000881540070142 0)
(0.683596529452 -0.00084806208796 0)
(0.680670499427 -0.000812516545512 0)
(0.677839453651 -0.00077496560429 0)
(0.675110104752 -0.00073544567806 0)
(0.672489070242 -0.000693990301728 0)
(0.669982867965 -0.000650631661216 0)
(0.667597908706 -0.000605405573902 0)
(0.665340487198 -0.000558329354387 0)
(0.663216851248 -0.000509391137581 0)
(0.661233204664 -0.000458630335551 0)
(0.65939559688 -0.000406112700103 0)
(0.657709927408 -0.000351865666563 0)
(0.656181994158 -0.000295897625296 0)
(0.654817503014 -0.000238195844698 0)
(0.653622014184 -0.000178784791897 0)
(0.652600901825 -0.000117739249018 0)
(0.651759425892 -5.51191150805e-05 0)
(0.651103020761 9.04863014055e-06 0)
(0.650636737654 7.47566167843e-05 0)
(0.6503654373 0.000141989173064 0)
(0.650293986531 0.000210663266511 0)
(0.65042712845 0.000280687876164 0)
(0.650767698271 0.000351530380843 0)
(0.651306340897 0.000422987648474 0)
(0.65205308241 0.000495190781992 0)
(0.65301394837 0.000567681262069 0)
(0.654194881453 0.000640561661757 0)
(0.655600096348 0.000714167251801 0)
(0.657232369918 0.000788395781619 0)
(0.659094771842 0.000863347708302 0)
(0.661189846685 0.000938975662036 0)
(0.66351880671 0.001014857533 0)
(0.666082169313 0.00109069123879 0)
(0.668880262725 0.00116623429834 0)
(0.671912417663 0.00124094379092 0)
(0.675176291032 0.00131413467277 0)
(0.678668593512 0.0013854152735 0)
(0.68238519661 0.00145421656951 0)
(0.686320089537 0.00151965916481 0)
(0.690465310777 0.00158110001401 0)
(0.694811551423 0.00163790856656 0)
(0.699347760099 0.00168914075412 0)
(0.704060366456 0.00173393968765 0)
(0.70893411656 0.00177201135042 0)
(0.713952577573 0.00180254087431 0)
(0.719096596889 0.00182417151024 0)
(0.724343865023 0.00183597800102 0)
(0.729669765372 0.00183725209597 0)
(0.735047879422 0.00182739201608 0)
(0.740450276868 0.00180592946094 0)
(0.745847794469 0.00177255561574 0)
(0.75121030116 0.00172715179765 0)
(0.756506984346 0.00166980474001 0)
(0.761706717362 0.00160083367201 0)
(0.766778418235 0.00152074526709 0)
(0.771691877465 0.00142999223216 0)
(0.776418764558 0.00132945125376 0)
(0.780931204653 0.00122063064188 0)
(0.785203698818 0.00110511935906 0)
(0.789213530647 0.000984542192694 0)
(0.792941086374 0.00086061599191 0)
(0.796370159885 0.000735056656948 0)
(0.75983600299 0.000418873188507 0)
(0.762242669779 0.00031755084631 0)
(0.764308075351 0.000219342345836 0)
(0.766027957107 0.000124932049346 0)
(0.767406776031 3.49005181825e-05 0)
(0.768455556519 -4.99441564288e-05 0)
(0.769186977292 -0.000128696992823 0)
(0.769615840914 -0.000200761324193 0)
(0.769758112807 -0.000265882707943 0)
(0.7696283241 -0.000324382215672 0)
(0.769241358579 -0.000376826497757 0)
(0.768613999234 -0.000423653018964 0)
(0.767764094549 -0.000465281551735 0)
(0.76670993822 -0.00050196915248 0)
(0.765469083132 -0.000534269325465 0)
(0.764056283508 -0.000563158268341 0)
(0.762485498269 -0.000589278381051 0)
(0.760770530975 -0.000612741383691 0)
(0.758924590162 -0.000633677522733 0)
(0.75695946824 -0.000652541306453 0)
(0.754884874004 -0.000669838843083 0)
(0.752708717689 -0.000685935236838 0)
(0.750437977236 -0.000701020519424 0)
(0.74807913115 -0.000715343922318 0)
(0.74563777744 -0.000729192666688 0)
(0.743118367487 -0.000742715902862 0)
(0.740524637193 -0.000755873562518 0)
(0.737860075299 -0.000768687667846 0)
(0.735127826106 -0.000781283804226 0)
(0.732330584335 -0.000793657647689 0)
(0.729470876505 -0.000805653612457 0)
(0.726551362582 -0.000817145795666 0)
(0.723574715476 -0.000828139345232 0)
(0.720543596995 -0.000838566964803 0)
(0.717460802062 -0.000848290528849 0)
(0.714329477829 -0.000857108729628 0)
(0.711153143282 -0.000864925881286 0)
(0.707935500128 -0.000871708211904 0)
(0.70468043173 -0.000877366004311 0)
(0.701392141874 -0.000881748104304 0)
(0.698075311798 -0.000884696761499 0)
(0.694734982124 -0.000886171662573 0)
(0.691376359439 -0.000886148961963 0)
(0.688004843447 -0.000884572577158 0)
(0.684626057595 -0.000881368160214 0)
(0.681245959322 -0.000876417048643 0)
(0.677870835399 -0.000869692995545 0)
(0.67450705225 -0.000861236798295 0)
(0.671161024022 -0.000851035791494 0)
(0.667839256884 -0.000839085494587 0)
(0.66454834165 -0.000825350055711 0)
(0.661295052856 -0.000809776854544 0)
(0.658086281034 -0.00079240286023 0)
(0.654928847656 -0.000773291037058 0)
(0.651829489068 -0.000752464157768 0)
(0.648794924466 -0.000729941013518 0)
(0.645831800604 -0.000705755718655 0)
(0.642946721816 -0.000679884651932 0)
(0.640146365846 -0.000652321796414 0)
(0.637437337136 -0.000623149187374 0)
(0.634826056844 -0.000592419766717 0)
(0.63231881852 -0.000560162397371 0)
(0.629921815304 -0.000526403466113 0)
(0.627641137673 -0.000491168076054 0)
(0.625482768724 -0.000454484375259 0)
(0.623452578051 -0.000416364049864 0)
(0.621556397658 -0.000376793140832 0)
(0.619800025516 -0.000335803981993 0)
(0.61818911058 -0.000293451675672 0)
(0.616729158411 -0.000249756161162 0)
(0.615425579123 -0.000204719635576 0)
(0.61428373278 -0.000158320648351 0)
(0.613308780342 -0.000110570821089 0)
(0.612505612942 -6.15373129341e-05 0)
(0.611879237016 -1.12839352197e-05 0)
(0.611434784894 4.01735273609e-05 0)
(0.611176782095 9.28449041142e-05 0)
(0.611109963478 0.000146716426897 0)
(0.611238973844 0.000201708910518 0)
(0.611568239325 0.00025779625468 0)
(0.612101760753 0.000314905351157 0)
(0.612835842798 0.000372653996768 0)
(0.613773873163 0.000430643858189 0)
(0.614915607023 0.000488555079473 0)
(0.616264176732 0.00054657972624 0)
(0.617827559942 0.000605068595931 0)
(0.61961038425 0.000663954214388 0)
(0.621615776631 0.000723369435024 0)
(0.623846292813 0.000783324914928 0)
(0.626303314615 0.000843479478233 0)
(0.628987184556 0.00090357022221 0)
(0.631897869947 0.000963390265965 0)
(0.635034563003 0.0010224829885 0)
(0.638394794814 0.00108026275651 0)
(0.641974856976 0.00113639988702 0)
(0.645770166316 0.00119041579532 0)
(0.649774336297 0.00124156691952 0)
(0.65397893748 0.00128932283849 0)
(0.658374043619 0.00133316075354 0)
(0.662947950001 0.00137228509841 0)
(0.667686396638 0.00140598715347 0)
(0.672573411969 0.0014340594711 0)
(0.677591847595 0.0014558239558 0)
(0.682721845823 0.00147013151134 0)
(0.687940388842 0.00147623453453 0)
(0.693222080449 0.00147357088264 0)
(0.698539609403 0.00146165806261 0)
(0.703864052564 0.00144012361976 0)
(0.70916521763 0.00140873332234 0)
(0.714411986391 0.00136742155183 0)
(0.719572676578 0.00131630446069 0)
(0.724615411887 0.00125570114381 0)
(0.729508847079 0.00118606787514 0)
(0.734219459024 0.0011077683947 0)
(0.738710674133 0.00102163862881 0)
(0.742958221061 0.000929072142607 0)
(0.746939520905 0.000831399667064 0)
(0.750633901761 0.000730051895512 0)
(0.75402361429 0.000626531183494 0)
(0.757094485192 0.000522316792346 0)
(0.708908665545 0.000263322211404 0)
(0.710840815438 0.000184594504104 0)
(0.712430916538 0.000109164689159 0)
(0.713681369373 3.73787160254e-05 0)
(0.714599203975 -3.06342651619e-05 0)
(0.715196997216 -9.43244932795e-05 0)
(0.715490599318 -0.000152915461173 0)
(0.715497095623 -0.000205934449781 0)
(0.71523515023 -0.000253172314265 0)
(0.714723889109 -0.000294905063381 0)
(0.713981473443 -0.000331688148173 0)
(0.713025811944 -0.000364013456702 0)
(0.711874893235 -0.000392341072496 0)
(0.710546769793 -0.000416949916817 0)
(0.709059357965 -0.000438280356852 0)
(0.707427779369 -0.000457196513392 0)
(0.705667605432 -0.000474280858523 0)
(0.703792224403 -0.000489557148291 0)
(0.701812934138 -0.000503090345381 0)
(0.699739535616 -0.000515222286253 0)
(0.697580253457 -0.000526334607867 0)
(0.695341743566 -0.000536697216515 0)
(0.693029627842 -0.000546447457763 0)
(0.690648824932 -0.000555786390135 0)
(0.688203401362 -0.000564939649543 0)
(0.685696483831 -0.000574000564522 0)
(0.683130681142 -0.000582900355964 0)
(0.680508414595 -0.000591639295682 0)
(0.677831741178 -0.000600316103017 0)
(0.675102337879 -0.000608912633884 0)
(0.672321885011 -0.000617278283316 0)
(0.669492372666 -0.0006252948177 0)
(0.666615878027 -0.000632965326043 0)
(0.663694499212 -0.000640230886299 0)
(0.660730525206 -0.000646971726535 0)
(0.657726703879 -0.000653015289374 0)
(0.6546862484 -0.00065828446655 0)
(0.651612590705 -0.00066275728366 0)
(0.648509350478 -0.000666362321078 0)
(0.64538048244 -0.000668975734828 0)
(0.642230458703 -0.00067046979706 0)
(0.639064136613 -0.000670820098783 0)
(0.635886535798 -0.000670014653688 0)
(0.632702851999 -0.000668011567978 0)
(0.62951848454 -0.000664753510151 0)
(0.626339163793 -0.000660145278666 0)
(0.623170946353 -0.00065417299138 0)
(0.620019941389 -0.00064687951611 0)
(0.61689227572 -0.000638257820276 0)
(0.613794138657 -0.000628307402784 0)
(0.61073177973 -0.000617000600068 0)
(0.607711622581 -0.000604295480213 0)
(0.604740190727 -0.000590228572248 0)
(0.601823908446 -0.000574856810004 0)
(0.598969086709 -0.000558199602721 0)
(0.596182002188 -0.000540272311078 0)
(0.593468841464 -0.000521103713088 0)
(0.590835740975 -0.000500672034034 0)
(0.588288915832 -0.000478971697867 0)
(0.585834497465 -0.000456074065996 0)
(0.583478417623 -0.000432022602864 0)
(0.581226472105 -0.000406838624806 0)
(0.579084356551 -0.000380541543242 0)
(0.577057668375 -0.000353149739923 0)
(0.575151903511 -0.000324684210812 0)
(0.573372451304 -0.000295151756917 0)
(0.571724679952 -0.00026453730676 0)
(0.570213938137 -0.000232866913733 0)
(0.568845428457 -0.000200185708828 0)
(0.567624214582 -0.00016650705199 0)
(0.56655527627 -0.000131829181725 0)
(0.565643604121 -9.61196987056e-05 0)
(0.564893828733 -5.93729315273e-05 0)
(0.56431032304 -2.16598586379e-05 0)
(0.563898023745 1.69526688533e-05 0)
(0.563661239524 5.64645513198e-05 0)
(0.563604526524 9.68899512654e-05 0)
(0.563732402369 0.000138214746462 0)
(0.564049239823 0.000180371008312 0)
(0.564559042369 0.000223356709759 0)
(0.565266252251 0.000267296880732 0)
(0.566171883164 0.000311846448452 0)
(0.567277088267 0.000356574514127 0)
(0.568581266478 0.000401213668855 0)
(0.570084622483 0.000445699904018 0)
(0.571791396648 0.000490260165057 0)
(0.573705737123 0.000534959187031 0)
(0.575830640961 0.000580000093233 0)
(0.578168597326 0.00062544788497 0)
(0.580721125788 0.000671039919791 0)
(0.583488543652 0.000716563495139 0)
(0.586470550077 0.00076184934929 0)
(0.589666131111 0.000806519971694 0)
(0.593072649942 0.000850091321597 0)
(0.596686014597 0.000892301953902 0)
(0.600501132164 0.000932762546193 0)
(0.604511114606 0.000970862122708 0)
(0.608706985632 0.00100618328262 0)
(0.613078150274 0.00103831242715 0)
(0.617612162282 0.00106660103912 0)
(0.622293969896 0.00109048529482 0)
(0.627106822688 0.00110983934943 0)
(0.632032818156 0.00112411761476 0)
(0.63705133411 0.00113237383716 0)
(0.642138602396 0.00113403228286 0)
(0.647268471938 0.00112867524137 0)
(0.652412836068 0.00111594076613 0)
(0.657541924219 0.00109555291892 0)
(0.662624690442 0.0010673498482 0)
(0.667629240141 0.00103131276005 0)
(0.672523293276 0.000987578549371 0)
(0.677274603616 0.000936447941729 0)
(0.681851782707 0.000878412569596 0)
(0.686223446902 0.000814033107161 0)
(0.690356046825 0.000743932604525 0)
(0.694222374015 0.000668977750671 0)
(0.697800126835 0.000590296036964 0)
(0.701070671307 0.000509136941171 0)
(0.704018982089 0.000426778280535 0)
(0.706633984264 0.000344447333423 0)
(0.641535926912 0.000145727171057 0)
(0.64294760109 8.86713655651e-05 0)
(0.64402851285 3.46174747621e-05 0)
(0.644788093515 -1.62753797138e-05 0)
(0.645237298978 -6.42041569497e-05 0)
(0.645394773306 -0.000108817613464 0)
(0.645276496733 -0.000149357947591 0)
(0.644900000434 -0.000185493093808 0)
(0.64428520011 -0.00021713611621 0)
(0.643453343943 -0.000244553796011 0)
(0.64242488476 -0.000268225165699 0)
(0.641218922351 -0.000288602224215 0)
(0.639853339077 -0.000306116019846 0)
(0.638345182527 -0.000321038701939 0)
(0.636711036724 -0.000333704050563 0)
(0.634964344821 -0.0003449933743 0)
(0.633122635121 -0.000355405999728 0)
(0.631196132151 -0.000364680792641 0)
(0.629192869419 -0.000372785596682 0)
(0.62712001821 -0.000379989321224 0)
(0.62498370649 -0.000386590085178 0)
(0.622788842862 -0.000392781217342 0)
(0.62053948429 -0.00039864728831 0)
(0.618238997569 -0.000404336541692 0)
(0.615889868719 -0.000410018964747 0)
(0.613493734126 -0.000415747737635 0)
(0.61105194463 -0.000421440534276 0)
(0.608565884203 -0.000427082039606 0)
(0.606036652612 -0.000432746101962 0)
(0.603465022154 -0.000438408033797 0)
(0.600851908041 -0.000443934007827 0)
(0.598198724346 -0.000449223032677 0)
(0.595507072713 -0.000454280026294 0)
(0.592778620083 -0.000459056887503 0)
(0.590015269094 -0.000463456016035 0)
(0.587219471118 -0.000467338752843 0)
(0.584394215314 -0.000470649674324 0)
(0.581542720307 -0.000473378979819 0)
(0.578668382609 -0.000475473144895 0)
(0.575774939223 -0.000476835764945 0)
(0.572866675234 -0.000477369546938 0)
(0.569948257218 -0.000477065015625 0)
(0.567024475482 -0.000475920264203 0)
(0.564100263884 -0.000473905634665 0)
(0.561180734322 -0.000470979005863 0)
(0.558271329308 -0.000467067390548 0)
(0.555377805559 -0.000462167077912 0)
(0.552505915827 -0.000456320160944 0)
(0.549661384229 -0.000449523070261 0)
(0.546849966576 -0.000441777252514 0)
(0.544077458888 -0.000433061810389 0)
(0.541349832067 -0.000423344369653 0)
(0.538673137068 -0.000412658971483 0)
(0.536053278841 -0.000401054433739 0)
(0.533496014506 -0.000388545549884 0)
(0.531007056817 -0.000375143431667 0)
(0.52859201575 -0.000360870909928 0)
(0.526256453482 -0.000345708285111 0)
(0.524006029928 -0.000329650417526 0)
(0.521846305401 -0.000312757050256 0)
(0.519782615649 -0.000295061794502 0)
(0.517820155121 -0.000276578677696 0)
(0.515964026435 -0.000257320755539 0)
(0.514219246204 -0.000237300520408 0)
(0.512590741168 -0.000216532703588 0)
(0.511083342904 -0.000195020361754 0)
(0.509701887517 -0.000172748689796 0)
(0.508451209219 -0.000149738216508 0)
(0.507335991968 -0.000126024597458 0)
(0.506360783371 -0.000101615849431 0)
(0.505530071223 -7.65089809756e-05 0)
(0.504848405552 -5.06541379354e-05 0)
(0.504319699505 -2.40266824166e-05 0)
(0.503947968929 3.28645643498e-06 0)
(0.503737512761 3.12141587201e-05 0)
(0.503692562426 5.97643774866e-05 0)
(0.503817504153 8.89485041656e-05 0)
(0.504116513435 0.000118759494333 0)
(0.504593582266 0.000149147242091 0)
(0.505252233607 0.000180109569779 0)
(0.506096631155 0.000211800107771 0)
(0.507129813098 0.000243988491186 0)
(0.508353209936 0.000276362564238 0)
(0.509766865215 0.000308695256365 0)
(0.511369956885 0.000340793428088 0)
(0.513163318776 0.000372754015658 0)
(0.51514889188 0.000404661648123 0)
(0.517328707364 0.000436743702715 0)
(0.519704931397 0.000469099086925 0)
(0.522279072597 0.000501536972126 0)
(0.525051461095 0.000533902163525 0)
(0.52802168003 0.000566068783595 0)
(0.531188523154 0.00059773672619 0)
(0.534549096466 0.000628525865771 0)
(0.538098960419 0.000658249120264 0)
(0.541832595874 0.000686609145394 0)
(0.545742601572 0.000713127013276 0)
(0.549819456728 0.000737497957274 0)
(0.554052014918 0.000759419332131 0)
(0.558427230988 0.000778390443126 0)
(0.562929376652 0.000793989677198 0)
(0.567541143216 0.000806165872519 0)
(0.572244195679 0.000814502625605 0)
(0.577017399995 0.000818253459532 0)
(0.581836458543 0.000817006159296 0)
(0.586674800094 0.000810480903419 0)
(0.591504032332 0.000798432357214 0)
(0.596294205902 0.000780677336464 0)
(0.601014206019 0.000757120091183 0)
(0.60563222874 0.000727777418632 0)
(0.610116327609 0.000692790507233 0)
(0.614434921329 0.000652424207287 0)
(0.618557533784 0.00060712695113 0)
(0.622455401826 0.000557484275195 0)
(0.626100168363 0.000503977061436 0)
(0.629466072366 0.000447156154421 0)
(0.632531890382 0.000387870220418 0)
(0.635281232476 0.000327102347893 0)
(0.637702367395 0.000265863572815 0)
(0.639788135528 0.000205104754246 0)
(0.550123064692 6.39504114582e-05 0)
(0.551029790681 2.67580000091e-05 0)
(0.551634484136 -8.05376712718e-06 0)
(0.551950518263 -4.04330495438e-05 0)
(0.551993077003 -7.06860535051e-05 0)
(0.551779779899 -9.87439749947e-05 0)
(0.551328505226 -0.000123981862576 0)
(0.550658850337 -0.000146053108943 0)
(0.549792196024 -0.000164941078827 0)
(0.54875058696 -0.000180912955986 0)
(0.547554774239 -0.000194363055059 0)
(0.546223478163 -0.000205643354763 0)
(0.54477330988 -0.000215088525889 0)
(0.543219328753 -0.000222914812907 0)
(0.541575556582 -0.000229345223973 0)
(0.539853388566 -0.000235088905932 0)
(0.538062863554 -0.00024063011963 0)
(0.536211195942 -0.000245656842131 0)
(0.534304788401 -0.000249961137814 0)
(0.532349290144 -0.000253714690414 0)
(0.530349167024 -0.000257146429682 0)
(0.528307660793 -0.000260392799082 0)
(0.526227322908 -0.000263498567736 0)
(0.524110135272 -0.000266562641834 0)
(0.521957220978 -0.000269702285659 0)
(0.519768928803 -0.000272941226137 0)
(0.517545559393 -0.000276199327397 0)
(0.515287688557 -0.000279456788386 0)
(0.512995693629 -0.000282767453502 0)
(0.510669677699 -0.000286105982006 0)
(0.508310029398 -0.000289364214722 0)
(0.505917803664 -0.00029246603861 0)
(0.503494287315 -0.000295421511757 0)
(0.501040843926 -0.000298195706313 0)
(0.498559109183 -0.000300715841016 0)
(0.496051347976 -0.000302880244838 0)
(0.49352039366 -0.000304655765625 0)
(0.490969261943 -0.000306043506401 0)
(0.488401107431 -0.000307006998248 0)
(0.48581942684 -0.000307477125298 0)
(0.483228290368 -0.000307386465248 0)
(0.480632109454 -0.000306737708321 0)
(0.478035340209 -0.000305536168171 0)
(0.475442536563 -0.000303762493438 0)
(0.47285840489 -0.000301388413902 0)
(0.470287988065 -0.000298362346761 0)
(0.467736619995 -0.00029468809964 0)
(0.46520954506 -0.000290403527732 0)
(0.462711926494 -0.000285506689778 0)
(0.460248936005 -0.000279999672968 0)
(0.457825773935 -0.000273867897381 0)
(0.455447826906 -0.000267088235927 0)
(0.453120534615 -0.000259690234364 0)
(0.450849130117 -0.000251712559337 0)
(0.448638668753 -0.000243164768796 0)
(0.446494165859 -0.000234053700175 0)
(0.444420526858 -0.000224396332301 0)
(0.44242262186 -0.000214176200918 0)
(0.440505447838 -0.000203389117947 0)
(0.438673874903 -0.000192082092358 0)
(0.436932518537 -0.00018027869205 0)
(0.435285858562 -0.000167986371949 0)
(0.433738301806 -0.000155212857103 0)
(0.432294186346 -0.000141965865855 0)
(0.430957773896 -0.000128254906091 0)
(0.429733244496 -0.000114080581405 0)
(0.428624814764 -9.94298601864e-05 0)
(0.427636714534 -8.43181473314e-05 0)
(0.426773008623 -6.87716527262e-05 0)
(0.426037633135 -5.27938949777e-05 0)
(0.425434488148 -3.63821913342e-05 0)
(0.424967530414 -1.94755398262e-05 0)
(0.424640261783 -2.03842681146e-06 0)
(0.424456378173 1.58423803415e-05 0)
(0.424419690571 3.40934869979e-05 0)
(0.424534187145 5.27137175732e-05 0)
(0.424803628019 7.17157729329e-05 0)
(0.425231599554 9.11049907072e-05 0)
(0.425821572569 0.000110851183996 0)
(0.426576518173 0.000130951303032 0)
(0.427500117886 0.000151534664357 0)
(0.42859579828 0.0001724596824 0)
(0.429865345137 0.000193525638865 0)
(0.431309152831 0.000214574024088 0)
(0.432926173065 0.00023542910985 0)
(0.434715589836 0.000256118642367 0)
(0.436677423147 0.000276683450213 0)
(0.4388124968 0.000297312853403 0)
(0.441122515488 0.000318104637995 0)
(0.443608849093 0.000338927236139 0)
(0.446271764523 0.000359681582211 0)
(0.44911079039 0.000380288686941 0)
(0.452124590176 0.000400530076294 0)
(0.455309994442 0.000420132178028 0)
(0.458662297215 0.000438981562988 0)
(0.462175766996 0.00045687407031 0)
(0.465842689157 0.000473463841573 0)
(0.46965323225 0.000488553368554 0)
(0.473596071898 0.000501946136198 0)
(0.477658012643 0.000513287468895 0)
(0.481823118238 0.000522290722754 0)
(0.486074153456 0.000528963275028 0)
(0.4903931058 0.000533011293385 0)
(0.494759008724 0.00053388608455 0)
(0.499147720794 0.000531325272952 0)
(0.503533096634 0.000525169388968 0)
(0.507887487349 0.00051527307743 0)
(0.512181946865 0.000501530411812 0)
(0.516386594478 0.000483896156788 0)
(0.520471107946 0.000462404935912 0)
(0.524405318714 0.000437180740834 0)
(0.528159784914 0.000408433333675 0)
(0.531706463244 0.000376506600684 0)
(0.535019810044 0.000341867911695 0)
(0.538076400504 0.000304890738448 0)
(0.540854850184 0.00026595072276 0)
(0.543337348276 0.00022561785197 0)
(0.54551087114 0.00018456687289 0)
(0.547367506544 0.00014350613394 0)
(0.548904328999 0.00010309018978 0)
(0.424062952545 1.52279569576e-05 0)
(0.424519099516 -4.59601986459e-06 0)
(0.424724308437 -2.28799545825e-05 0)
(0.424694786608 -3.96912683063e-05 0)
(0.424445238302 -5.54147843931e-05 0)
(0.423983346172 -6.99427469784e-05 0)
(0.42333041962 -8.2714835359e-05 0)
(0.422508624921 -9.35844820478e-05 0)
(0.421539765214 -0.000102599892252 0)
(0.420444718468 -0.000109976780933 0)
(0.419242099711 -0.00011598595544 0)
(0.417948030791 -0.000120843402825 0)
(0.416576206889 -0.000124751301157 0)
(0.415138588148 -0.000127837824542 0)
(0.413645735872 -0.000130215415681 0)
(0.412107202572 -0.000132487189894 0)
(0.410518485433 -0.000134911149387 0)
(0.408885746467 -0.00013706279803 0)
(0.407215640272 -0.000138811817514 0)
(0.40551328139 -0.000140281430135 0)
(0.403781972934 -0.000141618781517 0)
(0.402023611773 -0.000142900552336 0)
(0.400239548984 -0.000144140876346 0)
(0.398430724903 -0.000145396307687 0)
(0.396597289219 -0.000146735374942 0)
(0.394738732604 -0.000148161332736 0)
(0.392854737662 -0.000149611068785 0)
(0.390945449508 -0.000151070940859 0)
(0.38901083281 -0.000152578392426 0)
(0.387050605385 -0.000154112385447 0)
(0.385064899881 -0.000155598832683 0)
(0.383054618963 -0.000156992219892 0)
(0.381020849156 -0.000158307513847 0)
(0.378964706079 -0.000159523308862 0)
(0.376887591657 -0.000160593736261 0)
(0.374791575286 -0.000161456594108 0)
(0.372679258445 -0.00016209925016 0)
(0.370553316628 -0.000162529518452 0)
(0.368416500045 -0.000162725886223 0)
(0.36627189107 -0.000162646390601 0)
(0.364123138811 -0.000162252674836 0)
(0.361974149578 -0.000161554952653 0)
(0.359828767011 -0.000160561046324 0)
(0.357690886801 -0.000159259531745 0)
(0.355564533473 -0.000157634747507 0)
(0.353454059602 -0.000155656038899 0)
(0.351364064507 -0.000153331393027 0)
(0.349298959753 -0.000150689513816 0)
(0.347263034223 -0.000147728055082 0)
(0.345260581552 -0.000144448750934 0)
(0.34329591582 -0.000140843156379 0)
(0.341373542421 -0.000136897379831 0)
(0.339497985119 -0.000132633817122 0)
(0.337673503087 -0.000128078090901 0)
(0.335904169212 -0.000123234038451 0)
(0.334194040261 -0.000118104645729 0)
(0.332547063192 -0.000112701031979 0)
(0.330967162644 -0.000107011302427 0)
(0.329458416089 -0.000101032837343 0)
(0.328024743178 -9.47978544389e-05 0)
(0.326669787648 -8.83192232047e-05 0)
(0.32539708504 -8.15988581651e-05 0)
(0.324210127506 -7.46403605622e-05 0)
(0.323112356142 -6.74476736012e-05 0)
(0.322107149184 -6.00258601206e-05 0)
(0.321197817342 -5.23741642137e-05 0)
(0.320387736774 -4.44828911945e-05 0)
(0.319680306877 -3.63623031178e-05 0)
(0.319078746023 -2.80285811931e-05 0)
(0.318586167001 -1.94814953348e-05 0)
(0.318205644084 -1.07189534794e-05 0)
(0.317940269787 -1.67850747096e-06 0)
(0.317793782014 7.67383399962e-06 0)
(0.317770327315 1.72535408659e-05 0)
(0.317872423179 2.69943718661e-05 0)
(0.318102577604 3.68985571867e-05 0)
(0.318463487607 4.69853550393e-05 0)
(0.318957930088 5.72662288972e-05 0)
(0.319588676903 6.77265918354e-05 0)
(0.320358009052 7.83648546791e-05 0)
(0.321269017317 8.92722962109e-05 0)
(0.322324799101 0.000100363784084 0)
(0.323526953486 0.000111526900165 0)
(0.324875845951 0.000122682510646 0)
(0.326370406268 0.000133726274863 0)
(0.328009389443 0.000144668802488 0)
(0.329791944801 0.000155513501393 0)
(0.331718106871 0.000166378558425 0)
(0.333789149103 0.000177327525136 0)
(0.336006131564 0.000188274410765 0)
(0.338369083111 0.000199169449612 0)
(0.340877458734 0.000209977283755 0)
(0.343529892113 0.000220564621801 0)
(0.346323119321 0.000230767308886 0)
(0.349252518051 0.000240537932134 0)
(0.352312673347 0.000249760685564 0)
(0.355496185964 0.000258223459388 0)
(0.358793683304 0.000265826626498 0)
(0.362194617862 0.000272467573819 0)
(0.36568672481 0.000277932783135 0)
(0.369255072413 0.00028206112423 0)
(0.372883907586 0.000284893619469 0)
(0.376557042514 0.000286248443162 0)
(0.380255178828 0.000285777586635 0)
(0.383955998105 0.000283353676085 0)
(0.387635704107 0.000278911529927 0)
(0.391269462963 0.00027238094852 0)
(0.39483148052 0.000263712176612 0)
(0.39829531809 0.000252891657947 0)
(0.401634370708 0.000239953185682 0)
(0.404822455011 0.000224983422324 0)
(0.40783437286 0.000208118479429 0)
(0.410646525327 0.000189573036045 0)
(0.413238084293 0.000169640232509 0)
(0.415590911997 0.000148555011663 0)
(0.41768901391 0.000126543058993 0)
(0.419519476977 0.000103934006679 0)
(0.421073680496 8.11109583834e-05 0)
(0.422347785271 5.84771644223e-05 0)
(0.423342726034 3.63904762695e-05 0)
(0.263584617537 -4.42805666127e-06 0)
(0.263655878657 -1.13119885732e-05 0)
(0.263558545475 -1.75984327627e-05 0)
(0.263305432512 -2.32762772541e-05 0)
(0.262908980398 -2.84769134016e-05 0)
(0.262376790845 -3.32030197782e-05 0)
(0.261722083052 -3.72994648905e-05 0)
(0.260960929208 -4.06891642392e-05 0)
(0.260109997432 -4.33770949719e-05 0)
(0.259184939544 -4.54653997833e-05 0)
(0.258199072888 -4.70746567912e-05 0)
(0.257163552992 -4.82858163188e-05 0)
(0.256087601851 -4.91775138003e-05 0)
(0.254979102685 -4.97940827934e-05 0)
(0.253844761283 -5.01854115068e-05 0)
(0.252690767171 -5.05454592128e-05 0)
(0.251514715414 -5.09896716174e-05 0)
(0.250317383886 -5.14024668499e-05 0)
(0.249102019916 -5.17072417563e-05 0)
(0.247871836204 -5.19387110781e-05 0)
(0.246628691811 -5.21501443966e-05 0)
(0.245373313585 -5.23639546208e-05 0)
(0.244106158336 -5.25767845149e-05 0)
(0.242827472786 -5.28130733843e-05 0)
(0.241536859243 -5.31008444534e-05 0)
(0.24023345053 -5.3433556936e-05 0)
(0.238916740157 -5.37762728871e-05 0)
(0.237586729368 -5.41260679549e-05 0)
(0.236243206173 -5.45037448488e-05 0)
(0.234885736478 -5.48954234461e-05 0)
(0.23351434783 -5.52648155592e-05 0)
(0.232129775136 -5.55956799812e-05 0)
(0.230732806085 -5.5901738718e-05 0)
(0.229324176967 -5.61721854307e-05 0)
(0.22790488504 -5.63864416751e-05 0)
(0.226476505968 -5.65185440522e-05 0)
(0.225041004979 -5.65692875336e-05 0)
(0.223600286984 -5.65459976262e-05 0)
(0.222156266938 -5.64383758987e-05 0)
(0.220711141962 -5.62284316337e-05 0)
(0.21926757082 -5.59019492991e-05 0)
(0.217828340613 -5.54691871276e-05 0)
(0.216396082754 -5.49349645857e-05 0)
(0.214973451628 -5.42933098446e-05 0)
(0.213563200363 -5.35384075817e-05 0)
(0.212168343008 -5.26573614217e-05 0)
(0.210792061648 -5.16574237095e-05 0)
(0.209437289829 -5.05535734327e-05 0)
(0.208106835618 -4.93422798728e-05 0)
(0.206803531294 -4.80243742318e-05 0)
(0.205530214711 -4.65962728773e-05 0)
(0.204289886284 -4.50518550218e-05 0)
(0.203085533191 -4.34035611903e-05 0)
(0.201919869353 -4.16625687383e-05 0)
(0.200795461167 -3.98281332719e-05 0)
(0.199714897254 -3.79006315101e-05 0)
(0.198680672133 -3.58853535087e-05 0)
(0.197695266354 -3.37755000936e-05 0)
(0.196761315441 -3.1569997569e-05 0)
(0.195881292975 -2.92850033325e-05 0)
(0.195057422883 -2.6923895027e-05 0)
(0.194291880512 -2.44854845528e-05 0)
(0.193586833319 -2.19708381116e-05 0)
(0.192944415737 -1.93811926134e-05 0)
(0.192366719925 -1.67181939212e-05 0)
(0.191855792319 -1.39807667452e-05 0)
(0.191413757543 -1.11636656297e-05 0)
(0.191042768391 -8.27219399632e-06 0)
(0.190744809181 -5.31330325364e-06 0)
(0.190521799892 -2.28473587819e-06 0)
(0.190375628131 8.16092317234e-07 0)
(0.190308296899 4.02792108993e-06 0)
(0.190323272128 7.35180185304e-06 0)
(0.190422620989 1.07383822048e-05 0)
(0.190607834106 1.41726965587e-05 0)
(0.190880344237 1.76579106034e-05 0)
(0.191241740111 2.12029050106e-05 0)
(0.191693745494 2.48132083103e-05 0)
(0.192238141018 2.84831608076e-05 0)
(0.192876293718 3.22117043059e-05 0)
(0.193610333961 3.60469366863e-05 0)
(0.194442549593 3.99466021812e-05 0)
(0.195374047505 4.38677405757e-05 0)
(0.196405170076 4.77899231174e-05 0)
(0.197535214399 5.16693239734e-05 0)
(0.198763192254 5.55111846774e-05 0)
(0.200088121463 5.93045059426e-05 0)
(0.201509589992 6.31007856539e-05 0)
(0.203028320776 6.69240922868e-05 0)
(0.204644826186 7.07291608757e-05 0)
(0.206358787982 7.45024134174e-05 0)
(0.20816963676 7.82365599898e-05 0)
(0.210076221336 8.18727145004e-05 0)
(0.212075773301 8.53427096317e-05 0)
(0.214164591082 8.86418961631e-05 0)
(0.216338579789 9.17233135943e-05 0)
(0.218591976355 9.44934646183e-05 0)
(0.220917497034 9.69254217592e-05 0)
(0.223307208621 9.89842289267e-05 0)
(0.225751872912 0.000100577468554 0)
(0.228240058167 0.000101645825249 0)
(0.230760080747 0.000102231626452 0)
(0.233300204904 0.000102248069092 0)
(0.23584585683 0.000101536925271 0)
(0.2383800929 0.00010007262228 0)
(0.240885302625 9.78462390012e-05 0)
(0.2433433671 9.48351677242e-05 0)
(0.245735575394 9.1025947215e-05 0)
(0.248042885528 8.64212873706e-05 0)
(0.25024631173 8.1043175042e-05 0)
(0.252327388516 7.49347562203e-05 0)
(0.254268608116 6.81581020572e-05 0)
(0.256053877313 6.08075635329e-05 0)
(0.257669525034 5.30123733232e-05 0)
(0.259104315007 4.48695801481e-05 0)
(0.260348789954 3.64694825842e-05 0)
(0.26139584097 2.79471082838e-05 0)
(0.262241591501 1.94510087035e-05 0)
(0.262885717484 1.1133709318e-05 0)
(0.263331476789 3.09505753778e-06 0)
(0.0897123144553 -2.73494267472e-06 0)
(0.0896268735594 -3.15906976245e-06 0)
(0.0894792278556 -3.52332447649e-06 0)
(0.0892751104468 -3.8281892529e-06 0)
(0.0890203586356 -4.07809970884e-06 0)
(0.0887190008063 -4.28045138477e-06 0)
(0.0883762718036 -4.43565638804e-06 0)
(0.0879983980742 -4.5353696707e-06 0)
(0.0875920846187 -4.57947523805e-06 0)
(0.0871635614388 -4.58382083865e-06 0)
(0.0867178760519 -4.56199432301e-06 0)
(0.0862591568244 -4.51716314233e-06 0)
(0.0857907627828 -4.45710253002e-06 0)
(0.0853155194247 -4.38241196416e-06 0)
(0.0848357545876 -4.30150165064e-06 0)
(0.0843535759984 -4.22279899264e-06 0)
(0.0838682142652 -4.15498816511e-06 0)
(0.0833793890279 -4.09701781956e-06 0)
(0.0828877741799 -4.03721785571e-06 0)
(0.0823942835298 -3.98071020008e-06 0)
(0.0818993036342 -3.93109663445e-06 0)
(0.081402812913 -3.88729495296e-06 0)
(0.0809047991099 -3.84585038335e-06 0)
(0.080405202405 -3.8109290411e-06 0)
(0.0799036435682 -3.78543030858e-06 0)
(0.0793995715022 -3.76599621332e-06 0)
(0.0788927078674 -3.74624618098e-06 0)
(0.0783830425574 -3.727870945e-06 0)
(0.0778703974794 -3.71521566778e-06 0)
(0.0773544880369 -3.70426699011e-06 0)
(0.0768353183254 -3.68962723972e-06 0)
(0.0763132345007 -3.67089933612e-06 0)
(0.0757885293886 -3.65256224118e-06 0)
(0.0752614377367 -3.6316035479e-06 0)
(0.0747323457429 -3.60572649301e-06 0)
(0.0742019131004 -3.57192439807e-06 0)
(0.0736709425211 -3.53257513676e-06 0)
(0.0731401415 -3.48943751292e-06 0)
(0.0726102122883 -3.44030086777e-06 0)
(0.0720820030033 -3.38324370421e-06 0)
(0.0715565671124 -3.31706156897e-06 0)
(0.0710349689405 -3.24503118869e-06 0)
(0.0705181525647 -3.1675637108e-06 0)
(0.070007081029 -3.08317983201e-06 0)
(0.0695027647231 -2.99181986761e-06 0)
(0.0690063285803 -2.8916053647e-06 0)
(0.0685189580242 -2.78468816123e-06 0)
(0.0680416761104 -2.67360846982e-06 0)
(0.0675754510346 -2.55638286992e-06 0)
(0.067121283414 -2.43349153185e-06 0)
(0.0666801672566 -2.30451852088e-06 0)
(0.0662531774903 -2.16835925986e-06 0)
(0.0658413686423 -2.02763291683e-06 0)
(0.0654456430665 -1.88343785805e-06 0)
(0.0650668512568 -1.73469016737e-06 0)
(0.0647058767232 -1.58124513693e-06 0)
(0.0643635541079 -1.42416808483e-06 0)
(0.0640407157372 -1.26186103729e-06 0)
(0.0637382834842 -1.09417943939e-06 0)
(0.0634570835786 -9.24160457295e-07 0)
(0.0631978198885 -7.51047034249e-07 0)
(0.0629612047647 -5.74184276094e-07 0)
(0.0627479578061 -3.93773163976e-07 0)
(0.062558784824 -2.09823833927e-07 0)
(0.0623943773504 -2.2399176595e-08 0)
(0.0622554110302 1.68739277283e-07 0)
(0.0621426098856 3.64653285206e-07 0)
(0.0620567130044 5.64220599197e-07 0)
(0.0619983695462 7.66521860887e-07 0)
(0.0619682126156 9.72859690226e-07 0)
(0.0619669043905 1.18378197014e-06 0)
(0.061995106698 1.40293632616e-06 0)
(0.062053941341 1.62848266315e-06 0)
(0.06214418618 1.85596189222e-06 0)
(0.0622664082873 2.08580910293e-06 0)
(0.0624210967535 2.3181311953e-06 0)
(0.0626087800586 2.55388536629e-06 0)
(0.0628300498953 2.7934848937e-06 0)
(0.0630855352336 3.03660296801e-06 0)
(0.0633756610955 3.28161319098e-06 0)
(0.0637012548156 3.53883685748e-06 0)
(0.064063264927 3.79871552458e-06 0)
(0.0644620771306 4.05792800794e-06 0)
(0.064897873551 4.31912755567e-06 0)
(0.0653704321335 4.57508161772e-06 0)
(0.0658793607727 4.82921323948e-06 0)
(0.0664241604453 5.07527709257e-06 0)
(0.0670044920068 5.32144261967e-06 0)
(0.0676205709843 5.56930350686e-06 0)
(0.0682724456974 5.80921561763e-06 0)
(0.0689597751017 6.04307737454e-06 0)
(0.0696822349428 6.27225760513e-06 0)
(0.0704392690145 6.48833865257e-06 0)
(0.0712295374613 6.68329095031e-06 0)
(0.0720513786241 6.86280251109e-06 0)
(0.0729030842185 7.02100711999e-06 0)
(0.0737821252782 7.14449353808e-06 0)
(0.0746853274218 7.2367729234e-06 0)
(0.075609394848 7.29565185052e-06 0)
(0.0765504508403 7.30887744292e-06 0)
(0.0775035941076 7.27170420132e-06 0)
(0.0784640400108 7.19918107701e-06 0)
(0.0794271166095 7.07531710045e-06 0)
(0.0803866377085 6.87741200321e-06 0)
(0.0813354278462 6.61557190497e-06 0)
(0.0822663345144 6.29225860869e-06 0)
(0.0831720823609 5.90530365169e-06 0)
(0.0840451857398 5.45541411367e-06 0)
(0.0848781033314 4.94523192394e-06 0)
(0.0856634090568 4.37914764311e-06 0)
(0.0863939896192 3.76362202559e-06 0)
(0.0870632272824 3.10656575312e-06 0)
(0.0876651844549 2.41897825723e-06 0)
(0.0881950883945 1.71708345682e-06 0)
(0.0886493297961 1.00914912687e-06 0)
(0.0890250743397 3.03004476764e-07 0)
(0.0893205175348 -3.8601828826e-07 0)
(0.0895352341216 -1.04532343163e-06 0)
(0.0896702240232 -1.66313909145e-06 0)
(0.0897279127924 -2.23454288832e-06 0)
)
;

boundaryField
{
    bottomWall
    {
        type            fixedValue;
        value           uniform (0 0 0);
    }
    topWall
    {
        type            fixedValue;
        value           uniform (0 0 0);
    }
    inlet_half0
    {
        type            cyclic;
    }
    inlet_half1
    {
        type            cyclic;
    }
    outlet_half0
    {
        type            cyclic;
    }
    outlet_half1
    {
        type            cyclic;
    }
    sideRight_half0
    {
        type            empty;
    }
    sideRight_half1
    {
        type            empty;
    }
    sideLeft_half0
    {
        type            empty;
    }
    sideLeft_half1
    {
        type            empty;
    }
}


// ************************************************************************* //
