/*--------------------------------*- C++ -*----------------------------------*\
| =========                 |                                                 |
| \\      /  F ield         | OpenFOAM: The Open Source CFD Toolbox           |
|  \\    /   O peration     | Version:  2306                                  |
|   \\  /    A nd           | Website:  www.openfoam.com                      |
|    \\/     M anipulation  |                                                 |
\*---------------------------------------------------------------------------*/
FoamFile
{
    version     2.0;
    format      ascii;
    arch        "LSB;label=32;scalar=64";
    class       faceList;
    location    "constant/polyMesh";
    object      faces;
}
// * * * * * * * * * * * * * * * * * * * * * * * * * * * * * * * * * * * * * //


9700
(
4(1 42 1313 1272)
4(41 1312 1313 42)
4(2 43 1314 1273)
4(42 1313 1314 43)
4(3 44 1315 1274)
4(43 1314 1315 44)
4(4 45 1316 1275)
4(44 1315 1316 45)
4(5 46 1317 1276)
4(45 1316 1317 46)
4(6 47 1318 1277)
4(46 1317 1318 47)
4(7 48 1319 1278)
4(47 1318 1319 48)
4(8 49 1320 1279)
4(48 1319 1320 49)
4(9 50 1321 1280)
4(49 1320 1321 50)
4(10 51 1322 1281)
4(50 1321 1322 51)
4(11 52 1323 1282)
4(51 1322 1323 52)
4(12 53 1324 1283)
4(52 1323 1324 53)
4(13 54 1325 1284)
4(53 1324 1325 54)
4(14 55 1326 1285)
4(54 1325 1326 55)
4(15 56 1327 1286)
4(55 1326 1327 56)
4(16 57 1328 1287)
4(56 1327 1328 57)
4(17 58 1329 1288)
4(57 1328 1329 58)
4(18 59 1330 1289)
4(58 1329 1330 59)
4(19 60 1331 1290)
4(59 1330 1331 60)
4(20 61 1332 1291)
4(60 1331 1332 61)
4(21 62 1333 1292)
4(61 1332 1333 62)
4(22 63 1334 1293)
4(62 1333 1334 63)
4(23 64 1335 1294)
4(63 1334 1335 64)
4(24 65 1336 1295)
4(64 1335 1336 65)
4(25 66 1337 1296)
4(65 1336 1337 66)
4(26 67 1338 1297)
4(66 1337 1338 67)
4(27 68 1339 1298)
4(67 1338 1339 68)
4(28 69 1340 1299)
4(68 1339 1340 69)
4(29 70 1341 1300)
4(69 1340 1341 70)
4(30 71 1342 1301)
4(70 1341 1342 71)
4(31 72 1343 1302)
4(71 1342 1343 72)
4(32 73 1344 1303)
4(72 1343 1344 73)
4(33 74 1345 1304)
4(73 1344 1345 74)
4(34 75 1346 1305)
4(74 1345 1346 75)
4(35 76 1347 1306)
4(75 1346 1347 76)
4(36 77 1348 1307)
4(76 1347 1348 77)
4(37 78 1349 1308)
4(77 1348 1349 78)
4(38 79 1350 1309)
4(78 1349 1350 79)
4(39 80 1351 1310)
4(79 1350 1351 80)
4(80 1351 1352 81)
4(42 83 1354 1313)
4(82 1353 1354 83)
4(43 84 1355 1314)
4(83 1354 1355 84)
4(44 85 1356 1315)
4(84 1355 1356 85)
4(45 86 1357 1316)
4(85 1356 1357 86)
4(46 87 1358 1317)
4(86 1357 1358 87)
4(47 88 1359 1318)
4(87 1358 1359 88)
4(48 89 1360 1319)
4(88 1359 1360 89)
4(49 90 1361 1320)
4(89 1360 1361 90)
4(50 91 1362 1321)
4(90 1361 1362 91)
4(51 92 1363 1322)
4(91 1362 1363 92)
4(52 93 1364 1323)
4(92 1363 1364 93)
4(53 94 1365 1324)
4(93 1364 1365 94)
4(54 95 1366 1325)
4(94 1365 1366 95)
4(55 96 1367 1326)
4(95 1366 1367 96)
4(56 97 1368 1327)
4(96 1367 1368 97)
4(57 98 1369 1328)
4(97 1368 1369 98)
4(58 99 1370 1329)
4(98 1369 1370 99)
4(59 100 1371 1330)
4(99 1370 1371 100)
4(60 101 1372 1331)
4(100 1371 1372 101)
4(61 102 1373 1332)
4(101 1372 1373 102)
4(62 103 1374 1333)
4(102 1373 1374 103)
4(63 104 1375 1334)
4(103 1374 1375 104)
4(64 105 1376 1335)
4(104 1375 1376 105)
4(65 106 1377 1336)
4(105 1376 1377 106)
4(66 107 1378 1337)
4(106 1377 1378 107)
4(67 108 1379 1338)
4(107 1378 1379 108)
4(68 109 1380 1339)
4(108 1379 1380 109)
4(69 110 1381 1340)
4(109 1380 1381 110)
4(70 111 1382 1341)
4(110 1381 1382 111)
4(71 112 1383 1342)
4(111 1382 1383 112)
4(72 113 1384 1343)
4(112 1383 1384 113)
4(73 114 1385 1344)
4(113 1384 1385 114)
4(74 115 1386 1345)
4(114 1385 1386 115)
4(75 116 1387 1346)
4(115 1386 1387 116)
4(76 117 1388 1347)
4(116 1387 1388 117)
4(77 118 1389 1348)
4(117 1388 1389 118)
4(78 119 1390 1349)
4(118 1389 1390 119)
4(79 120 1391 1350)
4(119 1390 1391 120)
4(80 121 1392 1351)
4(120 1391 1392 121)
4(121 1392 1393 122)
4(83 124 1395 1354)
4(123 1394 1395 124)
4(84 125 1396 1355)
4(124 1395 1396 125)
4(85 126 1397 1356)
4(125 1396 1397 126)
4(86 127 1398 1357)
4(126 1397 1398 127)
4(87 128 1399 1358)
4(127 1398 1399 128)
4(88 129 1400 1359)
4(128 1399 1400 129)
4(89 130 1401 1360)
4(129 1400 1401 130)
4(90 131 1402 1361)
4(130 1401 1402 131)
4(91 132 1403 1362)
4(131 1402 1403 132)
4(92 133 1404 1363)
4(132 1403 1404 133)
4(93 134 1405 1364)
4(133 1404 1405 134)
4(94 135 1406 1365)
4(134 1405 1406 135)
4(95 136 1407 1366)
4(135 1406 1407 136)
4(96 137 1408 1367)
4(136 1407 1408 137)
4(97 138 1409 1368)
4(137 1408 1409 138)
4(98 139 1410 1369)
4(138 1409 1410 139)
4(99 140 1411 1370)
4(139 1410 1411 140)
4(100 141 1412 1371)
4(140 1411 1412 141)
4(101 142 1413 1372)
4(141 1412 1413 142)
4(102 143 1414 1373)
4(142 1413 1414 143)
4(103 144 1415 1374)
4(143 1414 1415 144)
4(104 145 1416 1375)
4(144 1415 1416 145)
4(105 146 1417 1376)
4(145 1416 1417 146)
4(106 147 1418 1377)
4(146 1417 1418 147)
4(107 148 1419 1378)
4(147 1418 1419 148)
4(108 149 1420 1379)
4(148 1419 1420 149)
4(109 150 1421 1380)
4(149 1420 1421 150)
4(110 151 1422 1381)
4(150 1421 1422 151)
4(111 152 1423 1382)
4(151 1422 1423 152)
4(112 153 1424 1383)
4(152 1423 1424 153)
4(113 154 1425 1384)
4(153 1424 1425 154)
4(114 155 1426 1385)
4(154 1425 1426 155)
4(115 156 1427 1386)
4(155 1426 1427 156)
4(116 157 1428 1387)
4(156 1427 1428 157)
4(117 158 1429 1388)
4(157 1428 1429 158)
4(118 159 1430 1389)
4(158 1429 1430 159)
4(119 160 1431 1390)
4(159 1430 1431 160)
4(120 161 1432 1391)
4(160 1431 1432 161)
4(121 162 1433 1392)
4(161 1432 1433 162)
4(162 1433 1434 163)
4(124 165 1436 1395)
4(164 1435 1436 165)
4(125 166 1437 1396)
4(165 1436 1437 166)
4(126 167 1438 1397)
4(166 1437 1438 167)
4(127 168 1439 1398)
4(167 1438 1439 168)
4(128 169 1440 1399)
4(168 1439 1440 169)
4(129 170 1441 1400)
4(169 1440 1441 170)
4(130 171 1442 1401)
4(170 1441 1442 171)
4(131 172 1443 1402)
4(171 1442 1443 172)
4(132 173 1444 1403)
4(172 1443 1444 173)
4(133 174 1445 1404)
4(173 1444 1445 174)
4(134 175 1446 1405)
4(174 1445 1446 175)
4(135 176 1447 1406)
4(175 1446 1447 176)
4(136 177 1448 1407)
4(176 1447 1448 177)
4(137 178 1449 1408)
4(177 1448 1449 178)
4(138 179 1450 1409)
4(178 1449 1450 179)
4(139 180 1451 1410)
4(179 1450 1451 180)
4(140 181 1452 1411)
4(180 1451 1452 181)
4(141 182 1453 1412)
4(181 1452 1453 182)
4(142 183 1454 1413)
4(182 1453 1454 183)
4(143 184 1455 1414)
4(183 1454 1455 184)
4(144 185 1456 1415)
4(184 1455 1456 185)
4(145 186 1457 1416)
4(185 1456 1457 186)
4(146 187 1458 1417)
4(186 1457 1458 187)
4(147 188 1459 1418)
4(187 1458 1459 188)
4(148 189 1460 1419)
4(188 1459 1460 189)
4(149 190 1461 1420)
4(189 1460 1461 190)
4(150 191 1462 1421)
4(190 1461 1462 191)
4(151 192 1463 1422)
4(191 1462 1463 192)
4(152 193 1464 1423)
4(192 1463 1464 193)
4(153 194 1465 1424)
4(193 1464 1465 194)
4(154 195 1466 1425)
4(194 1465 1466 195)
4(155 196 1467 1426)
4(195 1466 1467 196)
4(156 197 1468 1427)
4(196 1467 1468 197)
4(157 198 1469 1428)
4(197 1468 1469 198)
4(158 199 1470 1429)
4(198 1469 1470 199)
4(159 200 1471 1430)
4(199 1470 1471 200)
4(160 201 1472 1431)
4(200 1471 1472 201)
4(161 202 1473 1432)
4(201 1472 1473 202)
4(162 203 1474 1433)
4(202 1473 1474 203)
4(203 1474 1475 204)
4(165 206 1477 1436)
4(205 1476 1477 206)
4(166 207 1478 1437)
4(206 1477 1478 207)
4(167 208 1479 1438)
4(207 1478 1479 208)
4(168 209 1480 1439)
4(208 1479 1480 209)
4(169 210 1481 1440)
4(209 1480 1481 210)
4(170 211 1482 1441)
4(210 1481 1482 211)
4(171 212 1483 1442)
4(211 1482 1483 212)
4(172 213 1484 1443)
4(212 1483 1484 213)
4(173 214 1485 1444)
4(213 1484 1485 214)
4(174 215 1486 1445)
4(214 1485 1486 215)
4(175 216 1487 1446)
4(215 1486 1487 216)
4(176 217 1488 1447)
4(216 1487 1488 217)
4(177 218 1489 1448)
4(217 1488 1489 218)
4(178 219 1490 1449)
4(218 1489 1490 219)
4(179 220 1491 1450)
4(219 1490 1491 220)
4(180 221 1492 1451)
4(220 1491 1492 221)
4(181 222 1493 1452)
4(221 1492 1493 222)
4(182 223 1494 1453)
4(222 1493 1494 223)
4(183 224 1495 1454)
4(223 1494 1495 224)
4(184 225 1496 1455)
4(224 1495 1496 225)
4(185 226 1497 1456)
4(225 1496 1497 226)
4(186 227 1498 1457)
4(226 1497 1498 227)
4(187 228 1499 1458)
4(227 1498 1499 228)
4(188 229 1500 1459)
4(228 1499 1500 229)
4(189 230 1501 1460)
4(229 1500 1501 230)
4(190 231 1502 1461)
4(230 1501 1502 231)
4(191 232 1503 1462)
4(231 1502 1503 232)
4(192 233 1504 1463)
4(232 1503 1504 233)
4(193 234 1505 1464)
4(233 1504 1505 234)
4(194 235 1506 1465)
4(234 1505 1506 235)
4(195 236 1507 1466)
4(235 1506 1507 236)
4(196 237 1508 1467)
4(236 1507 1508 237)
4(197 238 1509 1468)
4(237 1508 1509 238)
4(198 239 1510 1469)
4(238 1509 1510 239)
4(199 240 1511 1470)
4(239 1510 1511 240)
4(200 241 1512 1471)
4(240 1511 1512 241)
4(201 242 1513 1472)
4(241 1512 1513 242)
4(202 243 1514 1473)
4(242 1513 1514 243)
4(203 244 1515 1474)
4(243 1514 1515 244)
4(244 1515 1516 245)
4(206 247 1518 1477)
4(246 1517 1518 247)
4(207 248 1519 1478)
4(247 1518 1519 248)
4(208 249 1520 1479)
4(248 1519 1520 249)
4(209 250 1521 1480)
4(249 1520 1521 250)
4(210 251 1522 1481)
4(250 1521 1522 251)
4(211 252 1523 1482)
4(251 1522 1523 252)
4(212 253 1524 1483)
4(252 1523 1524 253)
4(213 254 1525 1484)
4(253 1524 1525 254)
4(214 255 1526 1485)
4(254 1525 1526 255)
4(215 256 1527 1486)
4(255 1526 1527 256)
4(216 257 1528 1487)
4(256 1527 1528 257)
4(217 258 1529 1488)
4(257 1528 1529 258)
4(218 259 1530 1489)
4(258 1529 1530 259)
4(219 260 1531 1490)
4(259 1530 1531 260)
4(220 261 1532 1491)
4(260 1531 1532 261)
4(221 262 1533 1492)
4(261 1532 1533 262)
4(222 263 1534 1493)
4(262 1533 1534 263)
4(223 264 1535 1494)
4(263 1534 1535 264)
4(224 265 1536 1495)
4(264 1535 1536 265)
4(225 266 1537 1496)
4(265 1536 1537 266)
4(226 267 1538 1497)
4(266 1537 1538 267)
4(227 268 1539 1498)
4(267 1538 1539 268)
4(228 269 1540 1499)
4(268 1539 1540 269)
4(229 270 1541 1500)
4(269 1540 1541 270)
4(230 271 1542 1501)
4(270 1541 1542 271)
4(231 272 1543 1502)
4(271 1542 1543 272)
4(232 273 1544 1503)
4(272 1543 1544 273)
4(233 274 1545 1504)
4(273 1544 1545 274)
4(234 275 1546 1505)
4(274 1545 1546 275)
4(235 276 1547 1506)
4(275 1546 1547 276)
4(236 277 1548 1507)
4(276 1547 1548 277)
4(237 278 1549 1508)
4(277 1548 1549 278)
4(238 279 1550 1509)
4(278 1549 1550 279)
4(239 280 1551 1510)
4(279 1550 1551 280)
4(240 281 1552 1511)
4(280 1551 1552 281)
4(241 282 1553 1512)
4(281 1552 1553 282)
4(242 283 1554 1513)
4(282 1553 1554 283)
4(243 284 1555 1514)
4(283 1554 1555 284)
4(244 285 1556 1515)
4(284 1555 1556 285)
4(285 1556 1557 286)
4(247 288 1559 1518)
4(287 1558 1559 288)
4(248 289 1560 1519)
4(288 1559 1560 289)
4(249 290 1561 1520)
4(289 1560 1561 290)
4(250 291 1562 1521)
4(290 1561 1562 291)
4(251 292 1563 1522)
4(291 1562 1563 292)
4(252 293 1564 1523)
4(292 1563 1564 293)
4(253 294 1565 1524)
4(293 1564 1565 294)
4(254 295 1566 1525)
4(294 1565 1566 295)
4(255 296 1567 1526)
4(295 1566 1567 296)
4(256 297 1568 1527)
4(296 1567 1568 297)
4(257 298 1569 1528)
4(297 1568 1569 298)
4(258 299 1570 1529)
4(298 1569 1570 299)
4(259 300 1571 1530)
4(299 1570 1571 300)
4(260 301 1572 1531)
4(300 1571 1572 301)
4(261 302 1573 1532)
4(301 1572 1573 302)
4(262 303 1574 1533)
4(302 1573 1574 303)
4(263 304 1575 1534)
4(303 1574 1575 304)
4(264 305 1576 1535)
4(304 1575 1576 305)
4(265 306 1577 1536)
4(305 1576 1577 306)
4(266 307 1578 1537)
4(306 1577 1578 307)
4(267 308 1579 1538)
4(307 1578 1579 308)
4(268 309 1580 1539)
4(308 1579 1580 309)
4(269 310 1581 1540)
4(309 1580 1581 310)
4(270 311 1582 1541)
4(310 1581 1582 311)
4(271 312 1583 1542)
4(311 1582 1583 312)
4(272 313 1584 1543)
4(312 1583 1584 313)
4(273 314 1585 1544)
4(313 1584 1585 314)
4(274 315 1586 1545)
4(314 1585 1586 315)
4(275 316 1587 1546)
4(315 1586 1587 316)
4(276 317 1588 1547)
4(316 1587 1588 317)
4(277 318 1589 1548)
4(317 1588 1589 318)
4(278 319 1590 1549)
4(318 1589 1590 319)
4(279 320 1591 1550)
4(319 1590 1591 320)
4(280 321 1592 1551)
4(320 1591 1592 321)
4(281 322 1593 1552)
4(321 1592 1593 322)
4(282 323 1594 1553)
4(322 1593 1594 323)
4(283 324 1595 1554)
4(323 1594 1595 324)
4(284 325 1596 1555)
4(324 1595 1596 325)
4(285 326 1597 1556)
4(325 1596 1597 326)
4(326 1597 1598 327)
4(288 329 1600 1559)
4(328 1599 1600 329)
4(289 330 1601 1560)
4(329 1600 1601 330)
4(290 331 1602 1561)
4(330 1601 1602 331)
4(291 332 1603 1562)
4(331 1602 1603 332)
4(292 333 1604 1563)
4(332 1603 1604 333)
4(293 334 1605 1564)
4(333 1604 1605 334)
4(294 335 1606 1565)
4(334 1605 1606 335)
4(295 336 1607 1566)
4(335 1606 1607 336)
4(296 337 1608 1567)
4(336 1607 1608 337)
4(297 338 1609 1568)
4(337 1608 1609 338)
4(298 339 1610 1569)
4(338 1609 1610 339)
4(299 340 1611 1570)
4(339 1610 1611 340)
4(300 341 1612 1571)
4(340 1611 1612 341)
4(301 342 1613 1572)
4(341 1612 1613 342)
4(302 343 1614 1573)
4(342 1613 1614 343)
4(303 344 1615 1574)
4(343 1614 1615 344)
4(304 345 1616 1575)
4(344 1615 1616 345)
4(305 346 1617 1576)
4(345 1616 1617 346)
4(306 347 1618 1577)
4(346 1617 1618 347)
4(307 348 1619 1578)
4(347 1618 1619 348)
4(308 349 1620 1579)
4(348 1619 1620 349)
4(309 350 1621 1580)
4(349 1620 1621 350)
4(310 351 1622 1581)
4(350 1621 1622 351)
4(311 352 1623 1582)
4(351 1622 1623 352)
4(312 353 1624 1583)
4(352 1623 1624 353)
4(313 354 1625 1584)
4(353 1624 1625 354)
4(314 355 1626 1585)
4(354 1625 1626 355)
4(315 356 1627 1586)
4(355 1626 1627 356)
4(316 357 1628 1587)
4(356 1627 1628 357)
4(317 358 1629 1588)
4(357 1628 1629 358)
4(318 359 1630 1589)
4(358 1629 1630 359)
4(319 360 1631 1590)
4(359 1630 1631 360)
4(320 361 1632 1591)
4(360 1631 1632 361)
4(321 362 1633 1592)
4(361 1632 1633 362)
4(322 363 1634 1593)
4(362 1633 1634 363)
4(323 364 1635 1594)
4(363 1634 1635 364)
4(324 365 1636 1595)
4(364 1635 1636 365)
4(325 366 1637 1596)
4(365 1636 1637 366)
4(326 367 1638 1597)
4(366 1637 1638 367)
4(367 1638 1639 368)
4(329 370 1641 1600)
4(369 1640 1641 370)
4(330 371 1642 1601)
4(370 1641 1642 371)
4(331 372 1643 1602)
4(371 1642 1643 372)
4(332 373 1644 1603)
4(372 1643 1644 373)
4(333 374 1645 1604)
4(373 1644 1645 374)
4(334 375 1646 1605)
4(374 1645 1646 375)
4(335 376 1647 1606)
4(375 1646 1647 376)
4(336 377 1648 1607)
4(376 1647 1648 377)
4(337 378 1649 1608)
4(377 1648 1649 378)
4(338 379 1650 1609)
4(378 1649 1650 379)
4(339 380 1651 1610)
4(379 1650 1651 380)
4(340 381 1652 1611)
4(380 1651 1652 381)
4(341 382 1653 1612)
4(381 1652 1653 382)
4(342 383 1654 1613)
4(382 1653 1654 383)
4(343 384 1655 1614)
4(383 1654 1655 384)
4(344 385 1656 1615)
4(384 1655 1656 385)
4(345 386 1657 1616)
4(385 1656 1657 386)
4(346 387 1658 1617)
4(386 1657 1658 387)
4(347 388 1659 1618)
4(387 1658 1659 388)
4(348 389 1660 1619)
4(388 1659 1660 389)
4(349 390 1661 1620)
4(389 1660 1661 390)
4(350 391 1662 1621)
4(390 1661 1662 391)
4(351 392 1663 1622)
4(391 1662 1663 392)
4(352 393 1664 1623)
4(392 1663 1664 393)
4(353 394 1665 1624)
4(393 1664 1665 394)
4(354 395 1666 1625)
4(394 1665 1666 395)
4(355 396 1667 1626)
4(395 1666 1667 396)
4(356 397 1668 1627)
4(396 1667 1668 397)
4(357 398 1669 1628)
4(397 1668 1669 398)
4(358 399 1670 1629)
4(398 1669 1670 399)
4(359 400 1671 1630)
4(399 1670 1671 400)
4(360 401 1672 1631)
4(400 1671 1672 401)
4(361 402 1673 1632)
4(401 1672 1673 402)
4(362 403 1674 1633)
4(402 1673 1674 403)
4(363 404 1675 1634)
4(403 1674 1675 404)
4(364 405 1676 1635)
4(404 1675 1676 405)
4(365 406 1677 1636)
4(405 1676 1677 406)
4(366 407 1678 1637)
4(406 1677 1678 407)
4(367 408 1679 1638)
4(407 1678 1679 408)
4(408 1679 1680 409)
4(370 411 1682 1641)
4(410 1681 1682 411)
4(371 412 1683 1642)
4(411 1682 1683 412)
4(372 413 1684 1643)
4(412 1683 1684 413)
4(373 414 1685 1644)
4(413 1684 1685 414)
4(374 415 1686 1645)
4(414 1685 1686 415)
4(375 416 1687 1646)
4(415 1686 1687 416)
4(376 417 1688 1647)
4(416 1687 1688 417)
4(377 418 1689 1648)
4(417 1688 1689 418)
4(378 419 1690 1649)
4(418 1689 1690 419)
4(379 420 1691 1650)
4(419 1690 1691 420)
4(380 421 1692 1651)
4(420 1691 1692 421)
4(381 422 1693 1652)
4(421 1692 1693 422)
4(382 423 1694 1653)
4(422 1693 1694 423)
4(383 424 1695 1654)
4(423 1694 1695 424)
4(384 425 1696 1655)
4(424 1695 1696 425)
4(385 426 1697 1656)
4(425 1696 1697 426)
4(386 427 1698 1657)
4(426 1697 1698 427)
4(387 428 1699 1658)
4(427 1698 1699 428)
4(388 429 1700 1659)
4(428 1699 1700 429)
4(389 430 1701 1660)
4(429 1700 1701 430)
4(390 431 1702 1661)
4(430 1701 1702 431)
4(391 432 1703 1662)
4(431 1702 1703 432)
4(392 433 1704 1663)
4(432 1703 1704 433)
4(393 434 1705 1664)
4(433 1704 1705 434)
4(394 435 1706 1665)
4(434 1705 1706 435)
4(395 436 1707 1666)
4(435 1706 1707 436)
4(396 437 1708 1667)
4(436 1707 1708 437)
4(397 438 1709 1668)
4(437 1708 1709 438)
4(398 439 1710 1669)
4(438 1709 1710 439)
4(399 440 1711 1670)
4(439 1710 1711 440)
4(400 441 1712 1671)
4(440 1711 1712 441)
4(401 442 1713 1672)
4(441 1712 1713 442)
4(402 443 1714 1673)
4(442 1713 1714 443)
4(403 444 1715 1674)
4(443 1714 1715 444)
4(404 445 1716 1675)
4(444 1715 1716 445)
4(405 446 1717 1676)
4(445 1716 1717 446)
4(406 447 1718 1677)
4(446 1717 1718 447)
4(407 448 1719 1678)
4(447 1718 1719 448)
4(408 449 1720 1679)
4(448 1719 1720 449)
4(449 1720 1721 450)
4(411 452 1723 1682)
4(451 1722 1723 452)
4(412 453 1724 1683)
4(452 1723 1724 453)
4(413 454 1725 1684)
4(453 1724 1725 454)
4(414 455 1726 1685)
4(454 1725 1726 455)
4(415 456 1727 1686)
4(455 1726 1727 456)
4(416 457 1728 1687)
4(456 1727 1728 457)
4(417 458 1729 1688)
4(457 1728 1729 458)
4(418 459 1730 1689)
4(458 1729 1730 459)
4(419 460 1731 1690)
4(459 1730 1731 460)
4(420 461 1732 1691)
4(460 1731 1732 461)
4(421 462 1733 1692)
4(461 1732 1733 462)
4(422 463 1734 1693)
4(462 1733 1734 463)
4(423 464 1735 1694)
4(463 1734 1735 464)
4(424 465 1736 1695)
4(464 1735 1736 465)
4(425 466 1737 1696)
4(465 1736 1737 466)
4(426 467 1738 1697)
4(466 1737 1738 467)
4(427 468 1739 1698)
4(467 1738 1739 468)
4(428 469 1740 1699)
4(468 1739 1740 469)
4(429 470 1741 1700)
4(469 1740 1741 470)
4(430 471 1742 1701)
4(470 1741 1742 471)
4(431 472 1743 1702)
4(471 1742 1743 472)
4(432 473 1744 1703)
4(472 1743 1744 473)
4(433 474 1745 1704)
4(473 1744 1745 474)
4(434 475 1746 1705)
4(474 1745 1746 475)
4(435 476 1747 1706)
4(475 1746 1747 476)
4(436 477 1748 1707)
4(476 1747 1748 477)
4(437 478 1749 1708)
4(477 1748 1749 478)
4(438 479 1750 1709)
4(478 1749 1750 479)
4(439 480 1751 1710)
4(479 1750 1751 480)
4(440 481 1752 1711)
4(480 1751 1752 481)
4(441 482 1753 1712)
4(481 1752 1753 482)
4(442 483 1754 1713)
4(482 1753 1754 483)
4(443 484 1755 1714)
4(483 1754 1755 484)
4(444 485 1756 1715)
4(484 1755 1756 485)
4(445 486 1757 1716)
4(485 1756 1757 486)
4(446 487 1758 1717)
4(486 1757 1758 487)
4(447 488 1759 1718)
4(487 1758 1759 488)
4(448 489 1760 1719)
4(488 1759 1760 489)
4(449 490 1761 1720)
4(489 1760 1761 490)
4(490 1761 1762 491)
4(452 493 1764 1723)
4(492 1763 1764 493)
4(453 494 1765 1724)
4(493 1764 1765 494)
4(454 495 1766 1725)
4(494 1765 1766 495)
4(455 496 1767 1726)
4(495 1766 1767 496)
4(456 497 1768 1727)
4(496 1767 1768 497)
4(457 498 1769 1728)
4(497 1768 1769 498)
4(458 499 1770 1729)
4(498 1769 1770 499)
4(459 500 1771 1730)
4(499 1770 1771 500)
4(460 501 1772 1731)
4(500 1771 1772 501)
4(461 502 1773 1732)
4(501 1772 1773 502)
4(462 503 1774 1733)
4(502 1773 1774 503)
4(463 504 1775 1734)
4(503 1774 1775 504)
4(464 505 1776 1735)
4(504 1775 1776 505)
4(465 506 1777 1736)
4(505 1776 1777 506)
4(466 507 1778 1737)
4(506 1777 1778 507)
4(467 508 1779 1738)
4(507 1778 1779 508)
4(468 509 1780 1739)
4(508 1779 1780 509)
4(469 510 1781 1740)
4(509 1780 1781 510)
4(470 511 1782 1741)
4(510 1781 1782 511)
4(471 512 1783 1742)
4(511 1782 1783 512)
4(472 513 1784 1743)
4(512 1783 1784 513)
4(473 514 1785 1744)
4(513 1784 1785 514)
4(474 515 1786 1745)
4(514 1785 1786 515)
4(475 516 1787 1746)
4(515 1786 1787 516)
4(476 517 1788 1747)
4(516 1787 1788 517)
4(477 518 1789 1748)
4(517 1788 1789 518)
4(478 519 1790 1749)
4(518 1789 1790 519)
4(479 520 1791 1750)
4(519 1790 1791 520)
4(480 521 1792 1751)
4(520 1791 1792 521)
4(481 522 1793 1752)
4(521 1792 1793 522)
4(482 523 1794 1753)
4(522 1793 1794 523)
4(483 524 1795 1754)
4(523 1794 1795 524)
4(484 525 1796 1755)
4(524 1795 1796 525)
4(485 526 1797 1756)
4(525 1796 1797 526)
4(486 527 1798 1757)
4(526 1797 1798 527)
4(487 528 1799 1758)
4(527 1798 1799 528)
4(488 529 1800 1759)
4(528 1799 1800 529)
4(489 530 1801 1760)
4(529 1800 1801 530)
4(490 531 1802 1761)
4(530 1801 1802 531)
4(531 1802 1803 532)
4(493 534 1805 1764)
4(533 1804 1805 534)
4(494 535 1806 1765)
4(534 1805 1806 535)
4(495 536 1807 1766)
4(535 1806 1807 536)
4(496 537 1808 1767)
4(536 1807 1808 537)
4(497 538 1809 1768)
4(537 1808 1809 538)
4(498 539 1810 1769)
4(538 1809 1810 539)
4(499 540 1811 1770)
4(539 1810 1811 540)
4(500 541 1812 1771)
4(540 1811 1812 541)
4(501 542 1813 1772)
4(541 1812 1813 542)
4(502 543 1814 1773)
4(542 1813 1814 543)
4(503 544 1815 1774)
4(543 1814 1815 544)
4(504 545 1816 1775)
4(544 1815 1816 545)
4(505 546 1817 1776)
4(545 1816 1817 546)
4(506 547 1818 1777)
4(546 1817 1818 547)
4(507 548 1819 1778)
4(547 1818 1819 548)
4(508 549 1820 1779)
4(548 1819 1820 549)
4(509 550 1821 1780)
4(549 1820 1821 550)
4(510 551 1822 1781)
4(550 1821 1822 551)
4(511 552 1823 1782)
4(551 1822 1823 552)
4(512 553 1824 1783)
4(552 1823 1824 553)
4(513 554 1825 1784)
4(553 1824 1825 554)
4(514 555 1826 1785)
4(554 1825 1826 555)
4(515 556 1827 1786)
4(555 1826 1827 556)
4(516 557 1828 1787)
4(556 1827 1828 557)
4(517 558 1829 1788)
4(557 1828 1829 558)
4(518 559 1830 1789)
4(558 1829 1830 559)
4(519 560 1831 1790)
4(559 1830 1831 560)
4(520 561 1832 1791)
4(560 1831 1832 561)
4(521 562 1833 1792)
4(561 1832 1833 562)
4(522 563 1834 1793)
4(562 1833 1834 563)
4(523 564 1835 1794)
4(563 1834 1835 564)
4(524 565 1836 1795)
4(564 1835 1836 565)
4(525 566 1837 1796)
4(565 1836 1837 566)
4(526 567 1838 1797)
4(566 1837 1838 567)
4(527 568 1839 1798)
4(567 1838 1839 568)
4(528 569 1840 1799)
4(568 1839 1840 569)
4(529 570 1841 1800)
4(569 1840 1841 570)
4(530 571 1842 1801)
4(570 1841 1842 571)
4(531 572 1843 1802)
4(571 1842 1843 572)
4(572 1843 1844 573)
4(534 575 1846 1805)
4(574 1845 1846 575)
4(535 576 1847 1806)
4(575 1846 1847 576)
4(536 577 1848 1807)
4(576 1847 1848 577)
4(537 578 1849 1808)
4(577 1848 1849 578)
4(538 579 1850 1809)
4(578 1849 1850 579)
4(539 580 1851 1810)
4(579 1850 1851 580)
4(540 581 1852 1811)
4(580 1851 1852 581)
4(541 582 1853 1812)
4(581 1852 1853 582)
4(542 583 1854 1813)
4(582 1853 1854 583)
4(543 584 1855 1814)
4(583 1854 1855 584)
4(544 585 1856 1815)
4(584 1855 1856 585)
4(545 586 1857 1816)
4(585 1856 1857 586)
4(546 587 1858 1817)
4(586 1857 1858 587)
4(547 588 1859 1818)
4(587 1858 1859 588)
4(548 589 1860 1819)
4(588 1859 1860 589)
4(549 590 1861 1820)
4(589 1860 1861 590)
4(550 591 1862 1821)
4(590 1861 1862 591)
4(551 592 1863 1822)
4(591 1862 1863 592)
4(552 593 1864 1823)
4(592 1863 1864 593)
4(553 594 1865 1824)
4(593 1864 1865 594)
4(554 595 1866 1825)
4(594 1865 1866 595)
4(555 596 1867 1826)
4(595 1866 1867 596)
4(556 597 1868 1827)
4(596 1867 1868 597)
4(557 598 1869 1828)
4(597 1868 1869 598)
4(558 599 1870 1829)
4(598 1869 1870 599)
4(559 600 1871 1830)
4(599 1870 1871 600)
4(560 601 1872 1831)
4(600 1871 1872 601)
4(561 602 1873 1832)
4(601 1872 1873 602)
4(562 603 1874 1833)
4(602 1873 1874 603)
4(563 604 1875 1834)
4(603 1874 1875 604)
4(564 605 1876 1835)
4(604 1875 1876 605)
4(565 606 1877 1836)
4(605 1876 1877 606)
4(566 607 1878 1837)
4(606 1877 1878 607)
4(567 608 1879 1838)
4(607 1878 1879 608)
4(568 609 1880 1839)
4(608 1879 1880 609)
4(569 610 1881 1840)
4(609 1880 1881 610)
4(570 611 1882 1841)
4(610 1881 1882 611)
4(571 612 1883 1842)
4(611 1882 1883 612)
4(572 613 1884 1843)
4(612 1883 1884 613)
4(613 1884 1885 614)
4(575 616 1887 1846)
4(615 1886 1887 616)
4(576 617 1888 1847)
4(616 1887 1888 617)
4(577 618 1889 1848)
4(617 1888 1889 618)
4(578 619 1890 1849)
4(618 1889 1890 619)
4(579 620 1891 1850)
4(619 1890 1891 620)
4(580 621 1892 1851)
4(620 1891 1892 621)
4(581 622 1893 1852)
4(621 1892 1893 622)
4(582 623 1894 1853)
4(622 1893 1894 623)
4(583 624 1895 1854)
4(623 1894 1895 624)
4(584 625 1896 1855)
4(624 1895 1896 625)
4(585 626 1897 1856)
4(625 1896 1897 626)
4(586 627 1898 1857)
4(626 1897 1898 627)
4(587 628 1899 1858)
4(627 1898 1899 628)
4(588 629 1900 1859)
4(628 1899 1900 629)
4(589 630 1901 1860)
4(629 1900 1901 630)
4(590 631 1902 1861)
4(630 1901 1902 631)
4(591 632 1903 1862)
4(631 1902 1903 632)
4(592 633 1904 1863)
4(632 1903 1904 633)
4(593 634 1905 1864)
4(633 1904 1905 634)
4(594 635 1906 1865)
4(634 1905 1906 635)
4(595 636 1907 1866)
4(635 1906 1907 636)
4(596 637 1908 1867)
4(636 1907 1908 637)
4(597 638 1909 1868)
4(637 1908 1909 638)
4(598 639 1910 1869)
4(638 1909 1910 639)
4(599 640 1911 1870)
4(639 1910 1911 640)
4(600 641 1912 1871)
4(640 1911 1912 641)
4(601 642 1913 1872)
4(641 1912 1913 642)
4(602 643 1914 1873)
4(642 1913 1914 643)
4(603 644 1915 1874)
4(643 1914 1915 644)
4(604 645 1916 1875)
4(644 1915 1916 645)
4(605 646 1917 1876)
4(645 1916 1917 646)
4(606 647 1918 1877)
4(646 1917 1918 647)
4(607 648 1919 1878)
4(647 1918 1919 648)
4(608 649 1920 1879)
4(648 1919 1920 649)
4(609 650 1921 1880)
4(649 1920 1921 650)
4(610 651 1922 1881)
4(650 1921 1922 651)
4(611 652 1923 1882)
4(651 1922 1923 652)
4(612 653 1924 1883)
4(652 1923 1924 653)
4(613 654 1925 1884)
4(653 1924 1925 654)
4(654 1925 1926 655)
4(616 657 1928 1887)
4(656 1927 1928 657)
4(617 658 1929 1888)
4(657 1928 1929 658)
4(618 659 1930 1889)
4(658 1929 1930 659)
4(619 660 1931 1890)
4(659 1930 1931 660)
4(620 661 1932 1891)
4(660 1931 1932 661)
4(621 662 1933 1892)
4(661 1932 1933 662)
4(622 663 1934 1893)
4(662 1933 1934 663)
4(623 664 1935 1894)
4(663 1934 1935 664)
4(624 665 1936 1895)
4(664 1935 1936 665)
4(625 666 1937 1896)
4(665 1936 1937 666)
4(626 667 1938 1897)
4(666 1937 1938 667)
4(627 668 1939 1898)
4(667 1938 1939 668)
4(628 669 1940 1899)
4(668 1939 1940 669)
4(629 670 1941 1900)
4(669 1940 1941 670)
4(630 671 1942 1901)
4(670 1941 1942 671)
4(631 672 1943 1902)
4(671 1942 1943 672)
4(632 673 1944 1903)
4(672 1943 1944 673)
4(633 674 1945 1904)
4(673 1944 1945 674)
4(634 675 1946 1905)
4(674 1945 1946 675)
4(635 676 1947 1906)
4(675 1946 1947 676)
4(636 677 1948 1907)
4(676 1947 1948 677)
4(637 678 1949 1908)
4(677 1948 1949 678)
4(638 679 1950 1909)
4(678 1949 1950 679)
4(639 680 1951 1910)
4(679 1950 1951 680)
4(640 681 1952 1911)
4(680 1951 1952 681)
4(641 682 1953 1912)
4(681 1952 1953 682)
4(642 683 1954 1913)
4(682 1953 1954 683)
4(643 684 1955 1914)
4(683 1954 1955 684)
4(644 685 1956 1915)
4(684 1955 1956 685)
4(645 686 1957 1916)
4(685 1956 1957 686)
4(646 687 1958 1917)
4(686 1957 1958 687)
4(647 688 1959 1918)
4(687 1958 1959 688)
4(648 689 1960 1919)
4(688 1959 1960 689)
4(649 690 1961 1920)
4(689 1960 1961 690)
4(650 691 1962 1921)
4(690 1961 1962 691)
4(651 692 1963 1922)
4(691 1962 1963 692)
4(652 693 1964 1923)
4(692 1963 1964 693)
4(653 694 1965 1924)
4(693 1964 1965 694)
4(654 695 1966 1925)
4(694 1965 1966 695)
4(695 1966 1967 696)
4(657 698 1969 1928)
4(697 1968 1969 698)
4(658 699 1970 1929)
4(698 1969 1970 699)
4(659 700 1971 1930)
4(699 1970 1971 700)
4(660 701 1972 1931)
4(700 1971 1972 701)
4(661 702 1973 1932)
4(701 1972 1973 702)
4(662 703 1974 1933)
4(702 1973 1974 703)
4(663 704 1975 1934)
4(703 1974 1975 704)
4(664 705 1976 1935)
4(704 1975 1976 705)
4(665 706 1977 1936)
4(705 1976 1977 706)
4(666 707 1978 1937)
4(706 1977 1978 707)
4(667 708 1979 1938)
4(707 1978 1979 708)
4(668 709 1980 1939)
4(708 1979 1980 709)
4(669 710 1981 1940)
4(709 1980 1981 710)
4(670 711 1982 1941)
4(710 1981 1982 711)
4(671 712 1983 1942)
4(711 1982 1983 712)
4(672 713 1984 1943)
4(712 1983 1984 713)
4(673 714 1985 1944)
4(713 1984 1985 714)
4(674 715 1986 1945)
4(714 1985 1986 715)
4(675 716 1987 1946)
4(715 1986 1987 716)
4(676 717 1988 1947)
4(716 1987 1988 717)
4(677 718 1989 1948)
4(717 1988 1989 718)
4(678 719 1990 1949)
4(718 1989 1990 719)
4(679 720 1991 1950)
4(719 1990 1991 720)
4(680 721 1992 1951)
4(720 1991 1992 721)
4(681 722 1993 1952)
4(721 1992 1993 722)
4(682 723 1994 1953)
4(722 1993 1994 723)
4(683 724 1995 1954)
4(723 1994 1995 724)
4(684 725 1996 1955)
4(724 1995 1996 725)
4(685 726 1997 1956)
4(725 1996 1997 726)
4(686 727 1998 1957)
4(726 1997 1998 727)
4(687 728 1999 1958)
4(727 1998 1999 728)
4(688 729 2000 1959)
4(728 1999 2000 729)
4(689 730 2001 1960)
4(729 2000 2001 730)
4(690 731 2002 1961)
4(730 2001 2002 731)
4(691 732 2003 1962)
4(731 2002 2003 732)
4(692 733 2004 1963)
4(732 2003 2004 733)
4(693 734 2005 1964)
4(733 2004 2005 734)
4(694 735 2006 1965)
4(734 2005 2006 735)
4(695 736 2007 1966)
4(735 2006 2007 736)
4(736 2007 2008 737)
4(698 739 2010 1969)
4(738 2009 2010 739)
4(699 740 2011 1970)
4(739 2010 2011 740)
4(700 741 2012 1971)
4(740 2011 2012 741)
4(701 742 2013 1972)
4(741 2012 2013 742)
4(702 743 2014 1973)
4(742 2013 2014 743)
4(703 744 2015 1974)
4(743 2014 2015 744)
4(704 745 2016 1975)
4(744 2015 2016 745)
4(705 746 2017 1976)
4(745 2016 2017 746)
4(706 747 2018 1977)
4(746 2017 2018 747)
4(707 748 2019 1978)
4(747 2018 2019 748)
4(708 749 2020 1979)
4(748 2019 2020 749)
4(709 750 2021 1980)
4(749 2020 2021 750)
4(710 751 2022 1981)
4(750 2021 2022 751)
4(711 752 2023 1982)
4(751 2022 2023 752)
4(712 753 2024 1983)
4(752 2023 2024 753)
4(713 754 2025 1984)
4(753 2024 2025 754)
4(714 755 2026 1985)
4(754 2025 2026 755)
4(715 756 2027 1986)
4(755 2026 2027 756)
4(716 757 2028 1987)
4(756 2027 2028 757)
4(717 758 2029 1988)
4(757 2028 2029 758)
4(718 759 2030 1989)
4(758 2029 2030 759)
4(719 760 2031 1990)
4(759 2030 2031 760)
4(720 761 2032 1991)
4(760 2031 2032 761)
4(721 762 2033 1992)
4(761 2032 2033 762)
4(722 763 2034 1993)
4(762 2033 2034 763)
4(723 764 2035 1994)
4(763 2034 2035 764)
4(724 765 2036 1995)
4(764 2035 2036 765)
4(725 766 2037 1996)
4(765 2036 2037 766)
4(726 767 2038 1997)
4(766 2037 2038 767)
4(727 768 2039 1998)
4(767 2038 2039 768)
4(728 769 2040 1999)
4(768 2039 2040 769)
4(729 770 2041 2000)
4(769 2040 2041 770)
4(730 771 2042 2001)
4(770 2041 2042 771)
4(731 772 2043 2002)
4(771 2042 2043 772)
4(732 773 2044 2003)
4(772 2043 2044 773)
4(733 774 2045 2004)
4(773 2044 2045 774)
4(734 775 2046 2005)
4(774 2045 2046 775)
4(735 776 2047 2006)
4(775 2046 2047 776)
4(736 777 2048 2007)
4(776 2047 2048 777)
4(777 2048 2049 778)
4(739 780 2051 2010)
4(779 2050 2051 780)
4(740 781 2052 2011)
4(780 2051 2052 781)
4(741 782 2053 2012)
4(781 2052 2053 782)
4(742 783 2054 2013)
4(782 2053 2054 783)
4(743 784 2055 2014)
4(783 2054 2055 784)
4(744 785 2056 2015)
4(784 2055 2056 785)
4(745 786 2057 2016)
4(785 2056 2057 786)
4(746 787 2058 2017)
4(786 2057 2058 787)
4(747 788 2059 2018)
4(787 2058 2059 788)
4(748 789 2060 2019)
4(788 2059 2060 789)
4(749 790 2061 2020)
4(789 2060 2061 790)
4(750 791 2062 2021)
4(790 2061 2062 791)
4(751 792 2063 2022)
4(791 2062 2063 792)
4(752 793 2064 2023)
4(792 2063 2064 793)
4(753 794 2065 2024)
4(793 2064 2065 794)
4(754 795 2066 2025)
4(794 2065 2066 795)
4(755 796 2067 2026)
4(795 2066 2067 796)
4(756 797 2068 2027)
4(796 2067 2068 797)
4(757 798 2069 2028)
4(797 2068 2069 798)
4(758 799 2070 2029)
4(798 2069 2070 799)
4(759 800 2071 2030)
4(799 2070 2071 800)
4(760 801 2072 2031)
4(800 2071 2072 801)
4(761 802 2073 2032)
4(801 2072 2073 802)
4(762 803 2074 2033)
4(802 2073 2074 803)
4(763 804 2075 2034)
4(803 2074 2075 804)
4(764 805 2076 2035)
4(804 2075 2076 805)
4(765 806 2077 2036)
4(805 2076 2077 806)
4(766 807 2078 2037)
4(806 2077 2078 807)
4(767 808 2079 2038)
4(807 2078 2079 808)
4(768 809 2080 2039)
4(808 2079 2080 809)
4(769 810 2081 2040)
4(809 2080 2081 810)
4(770 811 2082 2041)
4(810 2081 2082 811)
4(771 812 2083 2042)
4(811 2082 2083 812)
4(772 813 2084 2043)
4(812 2083 2084 813)
4(773 814 2085 2044)
4(813 2084 2085 814)
4(774 815 2086 2045)
4(814 2085 2086 815)
4(775 816 2087 2046)
4(815 2086 2087 816)
4(776 817 2088 2047)
4(816 2087 2088 817)
4(777 818 2089 2048)
4(817 2088 2089 818)
4(818 2089 2090 819)
4(780 821 2092 2051)
4(820 2091 2092 821)
4(781 822 2093 2052)
4(821 2092 2093 822)
4(782 823 2094 2053)
4(822 2093 2094 823)
4(783 824 2095 2054)
4(823 2094 2095 824)
4(784 825 2096 2055)
4(824 2095 2096 825)
4(785 826 2097 2056)
4(825 2096 2097 826)
4(786 827 2098 2057)
4(826 2097 2098 827)
4(787 828 2099 2058)
4(827 2098 2099 828)
4(788 829 2100 2059)
4(828 2099 2100 829)
4(789 830 2101 2060)
4(829 2100 2101 830)
4(790 831 2102 2061)
4(830 2101 2102 831)
4(791 832 2103 2062)
4(831 2102 2103 832)
4(792 833 2104 2063)
4(832 2103 2104 833)
4(793 834 2105 2064)
4(833 2104 2105 834)
4(794 835 2106 2065)
4(834 2105 2106 835)
4(795 836 2107 2066)
4(835 2106 2107 836)
4(796 837 2108 2067)
4(836 2107 2108 837)
4(797 838 2109 2068)
4(837 2108 2109 838)
4(798 839 2110 2069)
4(838 2109 2110 839)
4(799 840 2111 2070)
4(839 2110 2111 840)
4(800 841 2112 2071)
4(840 2111 2112 841)
4(801 842 2113 2072)
4(841 2112 2113 842)
4(802 843 2114 2073)
4(842 2113 2114 843)
4(803 844 2115 2074)
4(843 2114 2115 844)
4(804 845 2116 2075)
4(844 2115 2116 845)
4(805 846 2117 2076)
4(845 2116 2117 846)
4(806 847 2118 2077)
4(846 2117 2118 847)
4(807 848 2119 2078)
4(847 2118 2119 848)
4(808 849 2120 2079)
4(848 2119 2120 849)
4(809 850 2121 2080)
4(849 2120 2121 850)
4(810 851 2122 2081)
4(850 2121 2122 851)
4(811 852 2123 2082)
4(851 2122 2123 852)
4(812 853 2124 2083)
4(852 2123 2124 853)
4(813 854 2125 2084)
4(853 2124 2125 854)
4(814 855 2126 2085)
4(854 2125 2126 855)
4(815 856 2127 2086)
4(855 2126 2127 856)
4(816 857 2128 2087)
4(856 2127 2128 857)
4(817 858 2129 2088)
4(857 2128 2129 858)
4(818 859 2130 2089)
4(858 2129 2130 859)
4(859 2130 2131 860)
4(821 862 2133 2092)
4(861 2132 2133 862)
4(822 863 2134 2093)
4(862 2133 2134 863)
4(823 864 2135 2094)
4(863 2134 2135 864)
4(824 865 2136 2095)
4(864 2135 2136 865)
4(825 866 2137 2096)
4(865 2136 2137 866)
4(826 867 2138 2097)
4(866 2137 2138 867)
4(827 868 2139 2098)
4(867 2138 2139 868)
4(828 869 2140 2099)
4(868 2139 2140 869)
4(829 870 2141 2100)
4(869 2140 2141 870)
4(830 871 2142 2101)
4(870 2141 2142 871)
4(831 872 2143 2102)
4(871 2142 2143 872)
4(832 873 2144 2103)
4(872 2143 2144 873)
4(833 874 2145 2104)
4(873 2144 2145 874)
4(834 875 2146 2105)
4(874 2145 2146 875)
4(835 876 2147 2106)
4(875 2146 2147 876)
4(836 877 2148 2107)
4(876 2147 2148 877)
4(837 878 2149 2108)
4(877 2148 2149 878)
4(838 879 2150 2109)
4(878 2149 2150 879)
4(839 880 2151 2110)
4(879 2150 2151 880)
4(840 881 2152 2111)
4(880 2151 2152 881)
4(841 882 2153 2112)
4(881 2152 2153 882)
4(842 883 2154 2113)
4(882 2153 2154 883)
4(843 884 2155 2114)
4(883 2154 2155 884)
4(844 885 2156 2115)
4(884 2155 2156 885)
4(845 886 2157 2116)
4(885 2156 2157 886)
4(846 887 2158 2117)
4(886 2157 2158 887)
4(847 888 2159 2118)
4(887 2158 2159 888)
4(848 889 2160 2119)
4(888 2159 2160 889)
4(849 890 2161 2120)
4(889 2160 2161 890)
4(850 891 2162 2121)
4(890 2161 2162 891)
4(851 892 2163 2122)
4(891 2162 2163 892)
4(852 893 2164 2123)
4(892 2163 2164 893)
4(853 894 2165 2124)
4(893 2164 2165 894)
4(854 895 2166 2125)
4(894 2165 2166 895)
4(855 896 2167 2126)
4(895 2166 2167 896)
4(856 897 2168 2127)
4(896 2167 2168 897)
4(857 898 2169 2128)
4(897 2168 2169 898)
4(858 899 2170 2129)
4(898 2169 2170 899)
4(859 900 2171 2130)
4(899 2170 2171 900)
4(900 2171 2172 901)
4(862 903 2174 2133)
4(902 2173 2174 903)
4(863 904 2175 2134)
4(903 2174 2175 904)
4(864 905 2176 2135)
4(904 2175 2176 905)
4(865 906 2177 2136)
4(905 2176 2177 906)
4(866 907 2178 2137)
4(906 2177 2178 907)
4(867 908 2179 2138)
4(907 2178 2179 908)
4(868 909 2180 2139)
4(908 2179 2180 909)
4(869 910 2181 2140)
4(909 2180 2181 910)
4(870 911 2182 2141)
4(910 2181 2182 911)
4(871 912 2183 2142)
4(911 2182 2183 912)
4(872 913 2184 2143)
4(912 2183 2184 913)
4(873 914 2185 2144)
4(913 2184 2185 914)
4(874 915 2186 2145)
4(914 2185 2186 915)
4(875 916 2187 2146)
4(915 2186 2187 916)
4(876 917 2188 2147)
4(916 2187 2188 917)
4(877 918 2189 2148)
4(917 2188 2189 918)
4(878 919 2190 2149)
4(918 2189 2190 919)
4(879 920 2191 2150)
4(919 2190 2191 920)
4(880 921 2192 2151)
4(920 2191 2192 921)
4(881 922 2193 2152)
4(921 2192 2193 922)
4(882 923 2194 2153)
4(922 2193 2194 923)
4(883 924 2195 2154)
4(923 2194 2195 924)
4(884 925 2196 2155)
4(924 2195 2196 925)
4(885 926 2197 2156)
4(925 2196 2197 926)
4(886 927 2198 2157)
4(926 2197 2198 927)
4(887 928 2199 2158)
4(927 2198 2199 928)
4(888 929 2200 2159)
4(928 2199 2200 929)
4(889 930 2201 2160)
4(929 2200 2201 930)
4(890 931 2202 2161)
4(930 2201 2202 931)
4(891 932 2203 2162)
4(931 2202 2203 932)
4(892 933 2204 2163)
4(932 2203 2204 933)
4(893 934 2205 2164)
4(933 2204 2205 934)
4(894 935 2206 2165)
4(934 2205 2206 935)
4(895 936 2207 2166)
4(935 2206 2207 936)
4(896 937 2208 2167)
4(936 2207 2208 937)
4(897 938 2209 2168)
4(937 2208 2209 938)
4(898 939 2210 2169)
4(938 2209 2210 939)
4(899 940 2211 2170)
4(939 2210 2211 940)
4(900 941 2212 2171)
4(940 2211 2212 941)
4(941 2212 2213 942)
4(903 944 2215 2174)
4(943 2214 2215 944)
4(904 945 2216 2175)
4(944 2215 2216 945)
4(905 946 2217 2176)
4(945 2216 2217 946)
4(906 947 2218 2177)
4(946 2217 2218 947)
4(907 948 2219 2178)
4(947 2218 2219 948)
4(908 949 2220 2179)
4(948 2219 2220 949)
4(909 950 2221 2180)
4(949 2220 2221 950)
4(910 951 2222 2181)
4(950 2221 2222 951)
4(911 952 2223 2182)
4(951 2222 2223 952)
4(912 953 2224 2183)
4(952 2223 2224 953)
4(913 954 2225 2184)
4(953 2224 2225 954)
4(914 955 2226 2185)
4(954 2225 2226 955)
4(915 956 2227 2186)
4(955 2226 2227 956)
4(916 957 2228 2187)
4(956 2227 2228 957)
4(917 958 2229 2188)
4(957 2228 2229 958)
4(918 959 2230 2189)
4(958 2229 2230 959)
4(919 960 2231 2190)
4(959 2230 2231 960)
4(920 961 2232 2191)
4(960 2231 2232 961)
4(921 962 2233 2192)
4(961 2232 2233 962)
4(922 963 2234 2193)
4(962 2233 2234 963)
4(923 964 2235 2194)
4(963 2234 2235 964)
4(924 965 2236 2195)
4(964 2235 2236 965)
4(925 966 2237 2196)
4(965 2236 2237 966)
4(926 967 2238 2197)
4(966 2237 2238 967)
4(927 968 2239 2198)
4(967 2238 2239 968)
4(928 969 2240 2199)
4(968 2239 2240 969)
4(929 970 2241 2200)
4(969 2240 2241 970)
4(930 971 2242 2201)
4(970 2241 2242 971)
4(931 972 2243 2202)
4(971 2242 2243 972)
4(932 973 2244 2203)
4(972 2243 2244 973)
4(933 974 2245 2204)
4(973 2244 2245 974)
4(934 975 2246 2205)
4(974 2245 2246 975)
4(935 976 2247 2206)
4(975 2246 2247 976)
4(936 977 2248 2207)
4(976 2247 2248 977)
4(937 978 2249 2208)
4(977 2248 2249 978)
4(938 979 2250 2209)
4(978 2249 2250 979)
4(939 980 2251 2210)
4(979 2250 2251 980)
4(940 981 2252 2211)
4(980 2251 2252 981)
4(941 982 2253 2212)
4(981 2252 2253 982)
4(982 2253 2254 983)
4(944 985 2256 2215)
4(984 2255 2256 985)
4(945 986 2257 2216)
4(985 2256 2257 986)
4(946 987 2258 2217)
4(986 2257 2258 987)
4(947 988 2259 2218)
4(987 2258 2259 988)
4(948 989 2260 2219)
4(988 2259 2260 989)
4(949 990 2261 2220)
4(989 2260 2261 990)
4(950 991 2262 2221)
4(990 2261 2262 991)
4(951 992 2263 2222)
4(991 2262 2263 992)
4(952 993 2264 2223)
4(992 2263 2264 993)
4(953 994 2265 2224)
4(993 2264 2265 994)
4(954 995 2266 2225)
4(994 2265 2266 995)
4(955 996 2267 2226)
4(995 2266 2267 996)
4(956 997 2268 2227)
4(996 2267 2268 997)
4(957 998 2269 2228)
4(997 2268 2269 998)
4(958 999 2270 2229)
4(998 2269 2270 999)
4(959 1000 2271 2230)
4(999 2270 2271 1000)
4(960 1001 2272 2231)
4(1000 2271 2272 1001)
4(961 1002 2273 2232)
4(1001 2272 2273 1002)
4(962 1003 2274 2233)
4(1002 2273 2274 1003)
4(963 1004 2275 2234)
4(1003 2274 2275 1004)
4(964 1005 2276 2235)
4(1004 2275 2276 1005)
4(965 1006 2277 2236)
4(1005 2276 2277 1006)
4(966 1007 2278 2237)
4(1006 2277 2278 1007)
4(967 1008 2279 2238)
4(1007 2278 2279 1008)
4(968 1009 2280 2239)
4(1008 2279 2280 1009)
4(969 1010 2281 2240)
4(1009 2280 2281 1010)
4(970 1011 2282 2241)
4(1010 2281 2282 1011)
4(971 1012 2283 2242)
4(1011 2282 2283 1012)
4(972 1013 2284 2243)
4(1012 2283 2284 1013)
4(973 1014 2285 2244)
4(1013 2284 2285 1014)
4(974 1015 2286 2245)
4(1014 2285 2286 1015)
4(975 1016 2287 2246)
4(1015 2286 2287 1016)
4(976 1017 2288 2247)
4(1016 2287 2288 1017)
4(977 1018 2289 2248)
4(1017 2288 2289 1018)
4(978 1019 2290 2249)
4(1018 2289 2290 1019)
4(979 1020 2291 2250)
4(1019 2290 2291 1020)
4(980 1021 2292 2251)
4(1020 2291 2292 1021)
4(981 1022 2293 2252)
4(1021 2292 2293 1022)
4(982 1023 2294 2253)
4(1022 2293 2294 1023)
4(1023 2294 2295 1024)
4(985 1026 2297 2256)
4(1025 2296 2297 1026)
4(986 1027 2298 2257)
4(1026 2297 2298 1027)
4(987 1028 2299 2258)
4(1027 2298 2299 1028)
4(988 1029 2300 2259)
4(1028 2299 2300 1029)
4(989 1030 2301 2260)
4(1029 2300 2301 1030)
4(990 1031 2302 2261)
4(1030 2301 2302 1031)
4(991 1032 2303 2262)
4(1031 2302 2303 1032)
4(992 1033 2304 2263)
4(1032 2303 2304 1033)
4(993 1034 2305 2264)
4(1033 2304 2305 1034)
4(994 1035 2306 2265)
4(1034 2305 2306 1035)
4(995 1036 2307 2266)
4(1035 2306 2307 1036)
4(996 1037 2308 2267)
4(1036 2307 2308 1037)
4(997 1038 2309 2268)
4(1037 2308 2309 1038)
4(998 1039 2310 2269)
4(1038 2309 2310 1039)
4(999 1040 2311 2270)
4(1039 2310 2311 1040)
4(1000 1041 2312 2271)
4(1040 2311 2312 1041)
4(1001 1042 2313 2272)
4(1041 2312 2313 1042)
4(1002 1043 2314 2273)
4(1042 2313 2314 1043)
4(1003 1044 2315 2274)
4(1043 2314 2315 1044)
4(1004 1045 2316 2275)
4(1044 2315 2316 1045)
4(1005 1046 2317 2276)
4(1045 2316 2317 1046)
4(1006 1047 2318 2277)
4(1046 2317 2318 1047)
4(1007 1048 2319 2278)
4(1047 2318 2319 1048)
4(1008 1049 2320 2279)
4(1048 2319 2320 1049)
4(1009 1050 2321 2280)
4(1049 2320 2321 1050)
4(1010 1051 2322 2281)
4(1050 2321 2322 1051)
4(1011 1052 2323 2282)
4(1051 2322 2323 1052)
4(1012 1053 2324 2283)
4(1052 2323 2324 1053)
4(1013 1054 2325 2284)
4(1053 2324 2325 1054)
4(1014 1055 2326 2285)
4(1054 2325 2326 1055)
4(1015 1056 2327 2286)
4(1055 2326 2327 1056)
4(1016 1057 2328 2287)
4(1056 2327 2328 1057)
4(1017 1058 2329 2288)
4(1057 2328 2329 1058)
4(1018 1059 2330 2289)
4(1058 2329 2330 1059)
4(1019 1060 2331 2290)
4(1059 2330 2331 1060)
4(1020 1061 2332 2291)
4(1060 2331 2332 1061)
4(1021 1062 2333 2292)
4(1061 2332 2333 1062)
4(1022 1063 2334 2293)
4(1062 2333 2334 1063)
4(1023 1064 2335 2294)
4(1063 2334 2335 1064)
4(1064 2335 2336 1065)
4(1026 1067 2338 2297)
4(1066 2337 2338 1067)
4(1027 1068 2339 2298)
4(1067 2338 2339 1068)
4(1028 1069 2340 2299)
4(1068 2339 2340 1069)
4(1029 1070 2341 2300)
4(1069 2340 2341 1070)
4(1030 1071 2342 2301)
4(1070 2341 2342 1071)
4(1031 1072 2343 2302)
4(1071 2342 2343 1072)
4(1032 1073 2344 2303)
4(1072 2343 2344 1073)
4(1033 1074 2345 2304)
4(1073 2344 2345 1074)
4(1034 1075 2346 2305)
4(1074 2345 2346 1075)
4(1035 1076 2347 2306)
4(1075 2346 2347 1076)
4(1036 1077 2348 2307)
4(1076 2347 2348 1077)
4(1037 1078 2349 2308)
4(1077 2348 2349 1078)
4(1038 1079 2350 2309)
4(1078 2349 2350 1079)
4(1039 1080 2351 2310)
4(1079 2350 2351 1080)
4(1040 1081 2352 2311)
4(1080 2351 2352 1081)
4(1041 1082 2353 2312)
4(1081 2352 2353 1082)
4(1042 1083 2354 2313)
4(1082 2353 2354 1083)
4(1043 1084 2355 2314)
4(1083 2354 2355 1084)
4(1044 1085 2356 2315)
4(1084 2355 2356 1085)
4(1045 1086 2357 2316)
4(1085 2356 2357 1086)
4(1046 1087 2358 2317)
4(1086 2357 2358 1087)
4(1047 1088 2359 2318)
4(1087 2358 2359 1088)
4(1048 1089 2360 2319)
4(1088 2359 2360 1089)
4(1049 1090 2361 2320)
4(1089 2360 2361 1090)
4(1050 1091 2362 2321)
4(1090 2361 2362 1091)
4(1051 1092 2363 2322)
4(1091 2362 2363 1092)
4(1052 1093 2364 2323)
4(1092 2363 2364 1093)
4(1053 1094 2365 2324)
4(1093 2364 2365 1094)
4(1054 1095 2366 2325)
4(1094 2365 2366 1095)
4(1055 1096 2367 2326)
4(1095 2366 2367 1096)
4(1056 1097 2368 2327)
4(1096 2367 2368 1097)
4(1057 1098 2369 2328)
4(1097 2368 2369 1098)
4(1058 1099 2370 2329)
4(1098 2369 2370 1099)
4(1059 1100 2371 2330)
4(1099 2370 2371 1100)
4(1060 1101 2372 2331)
4(1100 2371 2372 1101)
4(1061 1102 2373 2332)
4(1101 2372 2373 1102)
4(1062 1103 2374 2333)
4(1102 2373 2374 1103)
4(1063 1104 2375 2334)
4(1103 2374 2375 1104)
4(1064 1105 2376 2335)
4(1104 2375 2376 1105)
4(1105 2376 2377 1106)
4(1067 1108 2379 2338)
4(1107 2378 2379 1108)
4(1068 1109 2380 2339)
4(1108 2379 2380 1109)
4(1069 1110 2381 2340)
4(1109 2380 2381 1110)
4(1070 1111 2382 2341)
4(1110 2381 2382 1111)
4(1071 1112 2383 2342)
4(1111 2382 2383 1112)
4(1072 1113 2384 2343)
4(1112 2383 2384 1113)
4(1073 1114 2385 2344)
4(1113 2384 2385 1114)
4(1074 1115 2386 2345)
4(1114 2385 2386 1115)
4(1075 1116 2387 2346)
4(1115 2386 2387 1116)
4(1076 1117 2388 2347)
4(1116 2387 2388 1117)
4(1077 1118 2389 2348)
4(1117 2388 2389 1118)
4(1078 1119 2390 2349)
4(1118 2389 2390 1119)
4(1079 1120 2391 2350)
4(1119 2390 2391 1120)
4(1080 1121 2392 2351)
4(1120 2391 2392 1121)
4(1081 1122 2393 2352)
4(1121 2392 2393 1122)
4(1082 1123 2394 2353)
4(1122 2393 2394 1123)
4(1083 1124 2395 2354)
4(1123 2394 2395 1124)
4(1084 1125 2396 2355)
4(1124 2395 2396 1125)
4(1085 1126 2397 2356)
4(1125 2396 2397 1126)
4(1086 1127 2398 2357)
4(1126 2397 2398 1127)
4(1087 1128 2399 2358)
4(1127 2398 2399 1128)
4(1088 1129 2400 2359)
4(1128 2399 2400 1129)
4(1089 1130 2401 2360)
4(1129 2400 2401 1130)
4(1090 1131 2402 2361)
4(1130 2401 2402 1131)
4(1091 1132 2403 2362)
4(1131 2402 2403 1132)
4(1092 1133 2404 2363)
4(1132 2403 2404 1133)
4(1093 1134 2405 2364)
4(1133 2404 2405 1134)
4(1094 1135 2406 2365)
4(1134 2405 2406 1135)
4(1095 1136 2407 2366)
4(1135 2406 2407 1136)
4(1096 1137 2408 2367)
4(1136 2407 2408 1137)
4(1097 1138 2409 2368)
4(1137 2408 2409 1138)
4(1098 1139 2410 2369)
4(1138 2409 2410 1139)
4(1099 1140 2411 2370)
4(1139 2410 2411 1140)
4(1100 1141 2412 2371)
4(1140 2411 2412 1141)
4(1101 1142 2413 2372)
4(1141 2412 2413 1142)
4(1102 1143 2414 2373)
4(1142 2413 2414 1143)
4(1103 1144 2415 2374)
4(1143 2414 2415 1144)
4(1104 1145 2416 2375)
4(1144 2415 2416 1145)
4(1105 1146 2417 2376)
4(1145 2416 2417 1146)
4(1146 2417 2418 1147)
4(1108 1149 2420 2379)
4(1148 2419 2420 1149)
4(1109 1150 2421 2380)
4(1149 2420 2421 1150)
4(1110 1151 2422 2381)
4(1150 2421 2422 1151)
4(1111 1152 2423 2382)
4(1151 2422 2423 1152)
4(1112 1153 2424 2383)
4(1152 2423 2424 1153)
4(1113 1154 2425 2384)
4(1153 2424 2425 1154)
4(1114 1155 2426 2385)
4(1154 2425 2426 1155)
4(1115 1156 2427 2386)
4(1155 2426 2427 1156)
4(1116 1157 2428 2387)
4(1156 2427 2428 1157)
4(1117 1158 2429 2388)
4(1157 2428 2429 1158)
4(1118 1159 2430 2389)
4(1158 2429 2430 1159)
4(1119 1160 2431 2390)
4(1159 2430 2431 1160)
4(1120 1161 2432 2391)
4(1160 2431 2432 1161)
4(1121 1162 2433 2392)
4(1161 2432 2433 1162)
4(1122 1163 2434 2393)
4(1162 2433 2434 1163)
4(1123 1164 2435 2394)
4(1163 2434 2435 1164)
4(1124 1165 2436 2395)
4(1164 2435 2436 1165)
4(1125 1166 2437 2396)
4(1165 2436 2437 1166)
4(1126 1167 2438 2397)
4(1166 2437 2438 1167)
4(1127 1168 2439 2398)
4(1167 2438 2439 1168)
4(1128 1169 2440 2399)
4(1168 2439 2440 1169)
4(1129 1170 2441 2400)
4(1169 2440 2441 1170)
4(1130 1171 2442 2401)
4(1170 2441 2442 1171)
4(1131 1172 2443 2402)
4(1171 2442 2443 1172)
4(1132 1173 2444 2403)
4(1172 2443 2444 1173)
4(1133 1174 2445 2404)
4(1173 2444 2445 1174)
4(1134 1175 2446 2405)
4(1174 2445 2446 1175)
4(1135 1176 2447 2406)
4(1175 2446 2447 1176)
4(1136 1177 2448 2407)
4(1176 2447 2448 1177)
4(1137 1178 2449 2408)
4(1177 2448 2449 1178)
4(1138 1179 2450 2409)
4(1178 2449 2450 1179)
4(1139 1180 2451 2410)
4(1179 2450 2451 1180)
4(1140 1181 2452 2411)
4(1180 2451 2452 1181)
4(1141 1182 2453 2412)
4(1181 2452 2453 1182)
4(1142 1183 2454 2413)
4(1182 2453 2454 1183)
4(1143 1184 2455 2414)
4(1183 2454 2455 1184)
4(1144 1185 2456 2415)
4(1184 2455 2456 1185)
4(1145 1186 2457 2416)
4(1185 2456 2457 1186)
4(1146 1187 2458 2417)
4(1186 2457 2458 1187)
4(1187 2458 2459 1188)
4(1149 1190 2461 2420)
4(1189 2460 2461 1190)
4(1150 1191 2462 2421)
4(1190 2461 2462 1191)
4(1151 1192 2463 2422)
4(1191 2462 2463 1192)
4(1152 1193 2464 2423)
4(1192 2463 2464 1193)
4(1153 1194 2465 2424)
4(1193 2464 2465 1194)
4(1154 1195 2466 2425)
4(1194 2465 2466 1195)
4(1155 1196 2467 2426)
4(1195 2466 2467 1196)
4(1156 1197 2468 2427)
4(1196 2467 2468 1197)
4(1157 1198 2469 2428)
4(1197 2468 2469 1198)
4(1158 1199 2470 2429)
4(1198 2469 2470 1199)
4(1159 1200 2471 2430)
4(1199 2470 2471 1200)
4(1160 1201 2472 2431)
4(1200 2471 2472 1201)
4(1161 1202 2473 2432)
4(1201 2472 2473 1202)
4(1162 1203 2474 2433)
4(1202 2473 2474 1203)
4(1163 1204 2475 2434)
4(1203 2474 2475 1204)
4(1164 1205 2476 2435)
4(1204 2475 2476 1205)
4(1165 1206 2477 2436)
4(1205 2476 2477 1206)
4(1166 1207 2478 2437)
4(1206 2477 2478 1207)
4(1167 1208 2479 2438)
4(1207 2478 2479 1208)
4(1168 1209 2480 2439)
4(1208 2479 2480 1209)
4(1169 1210 2481 2440)
4(1209 2480 2481 1210)
4(1170 1211 2482 2441)
4(1210 2481 2482 1211)
4(1171 1212 2483 2442)
4(1211 2482 2483 1212)
4(1172 1213 2484 2443)
4(1212 2483 2484 1213)
4(1173 1214 2485 2444)
4(1213 2484 2485 1214)
4(1174 1215 2486 2445)
4(1214 2485 2486 1215)
4(1175 1216 2487 2446)
4(1215 2486 2487 1216)
4(1176 1217 2488 2447)
4(1216 2487 2488 1217)
4(1177 1218 2489 2448)
4(1217 2488 2489 1218)
4(1178 1219 2490 2449)
4(1218 2489 2490 1219)
4(1179 1220 2491 2450)
4(1219 2490 2491 1220)
4(1180 1221 2492 2451)
4(1220 2491 2492 1221)
4(1181 1222 2493 2452)
4(1221 2492 2493 1222)
4(1182 1223 2494 2453)
4(1222 2493 2494 1223)
4(1183 1224 2495 2454)
4(1223 2494 2495 1224)
4(1184 1225 2496 2455)
4(1224 2495 2496 1225)
4(1185 1226 2497 2456)
4(1225 2496 2497 1226)
4(1186 1227 2498 2457)
4(1226 2497 2498 1227)
4(1187 1228 2499 2458)
4(1227 2498 2499 1228)
4(1228 2499 2500 1229)
4(1190 1231 2502 2461)
4(1230 2501 2502 1231)
4(1191 1232 2503 2462)
4(1231 2502 2503 1232)
4(1192 1233 2504 2463)
4(1232 2503 2504 1233)
4(1193 1234 2505 2464)
4(1233 2504 2505 1234)
4(1194 1235 2506 2465)
4(1234 2505 2506 1235)
4(1195 1236 2507 2466)
4(1235 2506 2507 1236)
4(1196 1237 2508 2467)
4(1236 2507 2508 1237)
4(1197 1238 2509 2468)
4(1237 2508 2509 1238)
4(1198 1239 2510 2469)
4(1238 2509 2510 1239)
4(1199 1240 2511 2470)
4(1239 2510 2511 1240)
4(1200 1241 2512 2471)
4(1240 2511 2512 1241)
4(1201 1242 2513 2472)
4(1241 2512 2513 1242)
4(1202 1243 2514 2473)
4(1242 2513 2514 1243)
4(1203 1244 2515 2474)
4(1243 2514 2515 1244)
4(1204 1245 2516 2475)
4(1244 2515 2516 1245)
4(1205 1246 2517 2476)
4(1245 2516 2517 1246)
4(1206 1247 2518 2477)
4(1246 2517 2518 1247)
4(1207 1248 2519 2478)
4(1247 2518 2519 1248)
4(1208 1249 2520 2479)
4(1248 2519 2520 1249)
4(1209 1250 2521 2480)
4(1249 2520 2521 1250)
4(1210 1251 2522 2481)
4(1250 2521 2522 1251)
4(1211 1252 2523 2482)
4(1251 2522 2523 1252)
4(1212 1253 2524 2483)
4(1252 2523 2524 1253)
4(1213 1254 2525 2484)
4(1253 2524 2525 1254)
4(1214 1255 2526 2485)
4(1254 2525 2526 1255)
4(1215 1256 2527 2486)
4(1255 2526 2527 1256)
4(1216 1257 2528 2487)
4(1256 2527 2528 1257)
4(1217 1258 2529 2488)
4(1257 2528 2529 1258)
4(1218 1259 2530 2489)
4(1258 2529 2530 1259)
4(1219 1260 2531 2490)
4(1259 2530 2531 1260)
4(1220 1261 2532 2491)
4(1260 2531 2532 1261)
4(1221 1262 2533 2492)
4(1261 2532 2533 1262)
4(1222 1263 2534 2493)
4(1262 2533 2534 1263)
4(1223 1264 2535 2494)
4(1263 2534 2535 1264)
4(1224 1265 2536 2495)
4(1264 2535 2536 1265)
4(1225 1266 2537 2496)
4(1265 2536 2537 1266)
4(1226 1267 2538 2497)
4(1266 2537 2538 1267)
4(1227 1268 2539 2498)
4(1267 2538 2539 1268)
4(1228 1269 2540 2499)
4(1268 2539 2540 1269)
4(1269 2540 2541 1270)
4(1231 2543 3773 2502)
4(2542 3772 3773 2543)
4(1232 2544 3774 2503)
4(2543 3773 3774 2544)
4(1233 2545 3775 2504)
4(2544 3774 3775 2545)
4(1234 2546 3776 2505)
4(2545 3775 3776 2546)
4(1235 2547 3777 2506)
4(2546 3776 3777 2547)
4(1236 2548 3778 2507)
4(2547 3777 3778 2548)
4(1237 2549 3779 2508)
4(2548 3778 3779 2549)
4(1238 2550 3780 2509)
4(2549 3779 3780 2550)
4(1239 2551 3781 2510)
4(2550 3780 3781 2551)
4(1240 2552 3782 2511)
4(2551 3781 3782 2552)
4(1241 2553 3783 2512)
4(2552 3782 3783 2553)
4(1242 2554 3784 2513)
4(2553 3783 3784 2554)
4(1243 2555 3785 2514)
4(2554 3784 3785 2555)
4(1244 2556 3786 2515)
4(2555 3785 3786 2556)
4(1245 2557 3787 2516)
4(2556 3786 3787 2557)
4(1246 2558 3788 2517)
4(2557 3787 3788 2558)
4(1247 2559 3789 2518)
4(2558 3788 3789 2559)
4(1248 2560 3790 2519)
4(2559 3789 3790 2560)
4(1249 2561 3791 2520)
4(2560 3790 3791 2561)
4(1250 2562 3792 2521)
4(2561 3791 3792 2562)
4(1251 2563 3793 2522)
4(2562 3792 3793 2563)
4(1252 2564 3794 2523)
4(2563 3793 3794 2564)
4(1253 2565 3795 2524)
4(2564 3794 3795 2565)
4(1254 2566 3796 2525)
4(2565 3795 3796 2566)
4(1255 2567 3797 2526)
4(2566 3796 3797 2567)
4(1256 2568 3798 2527)
4(2567 3797 3798 2568)
4(1257 2569 3799 2528)
4(2568 3798 3799 2569)
4(1258 2570 3800 2529)
4(2569 3799 3800 2570)
4(1259 2571 3801 2530)
4(2570 3800 3801 2571)
4(1260 2572 3802 2531)
4(2571 3801 3802 2572)
4(1261 2573 3803 2532)
4(2572 3802 3803 2573)
4(1262 2574 3804 2533)
4(2573 3803 3804 2574)
4(1263 2575 3805 2534)
4(2574 3804 3805 2575)
4(1264 2576 3806 2535)
4(2575 3805 3806 2576)
4(1265 2577 3807 2536)
4(2576 3806 3807 2577)
4(1266 2578 3808 2537)
4(2577 3807 3808 2578)
4(1267 2579 3809 2538)
4(2578 3808 3809 2579)
4(1268 2580 3810 2539)
4(2579 3809 3810 2580)
4(1269 2581 3811 2540)
4(2580 3810 3811 2581)
4(2581 3811 3812 2582)
4(2543 2584 3814 3773)
4(2583 3813 3814 2584)
4(2544 2585 3815 3774)
4(2584 3814 3815 2585)
4(2545 2586 3816 3775)
4(2585 3815 3816 2586)
4(2546 2587 3817 3776)
4(2586 3816 3817 2587)
4(2547 2588 3818 3777)
4(2587 3817 3818 2588)
4(2548 2589 3819 3778)
4(2588 3818 3819 2589)
4(2549 2590 3820 3779)
4(2589 3819 3820 2590)
4(2550 2591 3821 3780)
4(2590 3820 3821 2591)
4(2551 2592 3822 3781)
4(2591 3821 3822 2592)
4(2552 2593 3823 3782)
4(2592 3822 3823 2593)
4(2553 2594 3824 3783)
4(2593 3823 3824 2594)
4(2554 2595 3825 3784)
4(2594 3824 3825 2595)
4(2555 2596 3826 3785)
4(2595 3825 3826 2596)
4(2556 2597 3827 3786)
4(2596 3826 3827 2597)
4(2557 2598 3828 3787)
4(2597 3827 3828 2598)
4(2558 2599 3829 3788)
4(2598 3828 3829 2599)
4(2559 2600 3830 3789)
4(2599 3829 3830 2600)
4(2560 2601 3831 3790)
4(2600 3830 3831 2601)
4(2561 2602 3832 3791)
4(2601 3831 3832 2602)
4(2562 2603 3833 3792)
4(2602 3832 3833 2603)
4(2563 2604 3834 3793)
4(2603 3833 3834 2604)
4(2564 2605 3835 3794)
4(2604 3834 3835 2605)
4(2565 2606 3836 3795)
4(2605 3835 3836 2606)
4(2566 2607 3837 3796)
4(2606 3836 3837 2607)
4(2567 2608 3838 3797)
4(2607 3837 3838 2608)
4(2568 2609 3839 3798)
4(2608 3838 3839 2609)
4(2569 2610 3840 3799)
4(2609 3839 3840 2610)
4(2570 2611 3841 3800)
4(2610 3840 3841 2611)
4(2571 2612 3842 3801)
4(2611 3841 3842 2612)
4(2572 2613 3843 3802)
4(2612 3842 3843 2613)
4(2573 2614 3844 3803)
4(2613 3843 3844 2614)
4(2574 2615 3845 3804)
4(2614 3844 3845 2615)
4(2575 2616 3846 3805)
4(2615 3845 3846 2616)
4(2576 2617 3847 3806)
4(2616 3846 3847 2617)
4(2577 2618 3848 3807)
4(2617 3847 3848 2618)
4(2578 2619 3849 3808)
4(2618 3848 3849 2619)
4(2579 2620 3850 3809)
4(2619 3849 3850 2620)
4(2580 2621 3851 3810)
4(2620 3850 3851 2621)
4(2581 2622 3852 3811)
4(2621 3851 3852 2622)
4(2622 3852 3853 2623)
4(2584 2625 3855 3814)
4(2624 3854 3855 2625)
4(2585 2626 3856 3815)
4(2625 3855 3856 2626)
4(2586 2627 3857 3816)
4(2626 3856 3857 2627)
4(2587 2628 3858 3817)
4(2627 3857 3858 2628)
4(2588 2629 3859 3818)
4(2628 3858 3859 2629)
4(2589 2630 3860 3819)
4(2629 3859 3860 2630)
4(2590 2631 3861 3820)
4(2630 3860 3861 2631)
4(2591 2632 3862 3821)
4(2631 3861 3862 2632)
4(2592 2633 3863 3822)
4(2632 3862 3863 2633)
4(2593 2634 3864 3823)
4(2633 3863 3864 2634)
4(2594 2635 3865 3824)
4(2634 3864 3865 2635)
4(2595 2636 3866 3825)
4(2635 3865 3866 2636)
4(2596 2637 3867 3826)
4(2636 3866 3867 2637)
4(2597 2638 3868 3827)
4(2637 3867 3868 2638)
4(2598 2639 3869 3828)
4(2638 3868 3869 2639)
4(2599 2640 3870 3829)
4(2639 3869 3870 2640)
4(2600 2641 3871 3830)
4(2640 3870 3871 2641)
4(2601 2642 3872 3831)
4(2641 3871 3872 2642)
4(2602 2643 3873 3832)
4(2642 3872 3873 2643)
4(2603 2644 3874 3833)
4(2643 3873 3874 2644)
4(2604 2645 3875 3834)
4(2644 3874 3875 2645)
4(2605 2646 3876 3835)
4(2645 3875 3876 2646)
4(2606 2647 3877 3836)
4(2646 3876 3877 2647)
4(2607 2648 3878 3837)
4(2647 3877 3878 2648)
4(2608 2649 3879 3838)
4(2648 3878 3879 2649)
4(2609 2650 3880 3839)
4(2649 3879 3880 2650)
4(2610 2651 3881 3840)
4(2650 3880 3881 2651)
4(2611 2652 3882 3841)
4(2651 3881 3882 2652)
4(2612 2653 3883 3842)
4(2652 3882 3883 2653)
4(2613 2654 3884 3843)
4(2653 3883 3884 2654)
4(2614 2655 3885 3844)
4(2654 3884 3885 2655)
4(2615 2656 3886 3845)
4(2655 3885 3886 2656)
4(2616 2657 3887 3846)
4(2656 3886 3887 2657)
4(2617 2658 3888 3847)
4(2657 3887 3888 2658)
4(2618 2659 3889 3848)
4(2658 3888 3889 2659)
4(2619 2660 3890 3849)
4(2659 3889 3890 2660)
4(2620 2661 3891 3850)
4(2660 3890 3891 2661)
4(2621 2662 3892 3851)
4(2661 3891 3892 2662)
4(2622 2663 3893 3852)
4(2662 3892 3893 2663)
4(2663 3893 3894 2664)
4(2625 2666 3896 3855)
4(2665 3895 3896 2666)
4(2626 2667 3897 3856)
4(2666 3896 3897 2667)
4(2627 2668 3898 3857)
4(2667 3897 3898 2668)
4(2628 2669 3899 3858)
4(2668 3898 3899 2669)
4(2629 2670 3900 3859)
4(2669 3899 3900 2670)
4(2630 2671 3901 3860)
4(2670 3900 3901 2671)
4(2631 2672 3902 3861)
4(2671 3901 3902 2672)
4(2632 2673 3903 3862)
4(2672 3902 3903 2673)
4(2633 2674 3904 3863)
4(2673 3903 3904 2674)
4(2634 2675 3905 3864)
4(2674 3904 3905 2675)
4(2635 2676 3906 3865)
4(2675 3905 3906 2676)
4(2636 2677 3907 3866)
4(2676 3906 3907 2677)
4(2637 2678 3908 3867)
4(2677 3907 3908 2678)
4(2638 2679 3909 3868)
4(2678 3908 3909 2679)
4(2639 2680 3910 3869)
4(2679 3909 3910 2680)
4(2640 2681 3911 3870)
4(2680 3910 3911 2681)
4(2641 2682 3912 3871)
4(2681 3911 3912 2682)
4(2642 2683 3913 3872)
4(2682 3912 3913 2683)
4(2643 2684 3914 3873)
4(2683 3913 3914 2684)
4(2644 2685 3915 3874)
4(2684 3914 3915 2685)
4(2645 2686 3916 3875)
4(2685 3915 3916 2686)
4(2646 2687 3917 3876)
4(2686 3916 3917 2687)
4(2647 2688 3918 3877)
4(2687 3917 3918 2688)
4(2648 2689 3919 3878)
4(2688 3918 3919 2689)
4(2649 2690 3920 3879)
4(2689 3919 3920 2690)
4(2650 2691 3921 3880)
4(2690 3920 3921 2691)
4(2651 2692 3922 3881)
4(2691 3921 3922 2692)
4(2652 2693 3923 3882)
4(2692 3922 3923 2693)
4(2653 2694 3924 3883)
4(2693 3923 3924 2694)
4(2654 2695 3925 3884)
4(2694 3924 3925 2695)
4(2655 2696 3926 3885)
4(2695 3925 3926 2696)
4(2656 2697 3927 3886)
4(2696 3926 3927 2697)
4(2657 2698 3928 3887)
4(2697 3927 3928 2698)
4(2658 2699 3929 3888)
4(2698 3928 3929 2699)
4(2659 2700 3930 3889)
4(2699 3929 3930 2700)
4(2660 2701 3931 3890)
4(2700 3930 3931 2701)
4(2661 2702 3932 3891)
4(2701 3931 3932 2702)
4(2662 2703 3933 3892)
4(2702 3932 3933 2703)
4(2663 2704 3934 3893)
4(2703 3933 3934 2704)
4(2704 3934 3935 2705)
4(2666 2707 3937 3896)
4(2706 3936 3937 2707)
4(2667 2708 3938 3897)
4(2707 3937 3938 2708)
4(2668 2709 3939 3898)
4(2708 3938 3939 2709)
4(2669 2710 3940 3899)
4(2709 3939 3940 2710)
4(2670 2711 3941 3900)
4(2710 3940 3941 2711)
4(2671 2712 3942 3901)
4(2711 3941 3942 2712)
4(2672 2713 3943 3902)
4(2712 3942 3943 2713)
4(2673 2714 3944 3903)
4(2713 3943 3944 2714)
4(2674 2715 3945 3904)
4(2714 3944 3945 2715)
4(2675 2716 3946 3905)
4(2715 3945 3946 2716)
4(2676 2717 3947 3906)
4(2716 3946 3947 2717)
4(2677 2718 3948 3907)
4(2717 3947 3948 2718)
4(2678 2719 3949 3908)
4(2718 3948 3949 2719)
4(2679 2720 3950 3909)
4(2719 3949 3950 2720)
4(2680 2721 3951 3910)
4(2720 3950 3951 2721)
4(2681 2722 3952 3911)
4(2721 3951 3952 2722)
4(2682 2723 3953 3912)
4(2722 3952 3953 2723)
4(2683 2724 3954 3913)
4(2723 3953 3954 2724)
4(2684 2725 3955 3914)
4(2724 3954 3955 2725)
4(2685 2726 3956 3915)
4(2725 3955 3956 2726)
4(2686 2727 3957 3916)
4(2726 3956 3957 2727)
4(2687 2728 3958 3917)
4(2727 3957 3958 2728)
4(2688 2729 3959 3918)
4(2728 3958 3959 2729)
4(2689 2730 3960 3919)
4(2729 3959 3960 2730)
4(2690 2731 3961 3920)
4(2730 3960 3961 2731)
4(2691 2732 3962 3921)
4(2731 3961 3962 2732)
4(2692 2733 3963 3922)
4(2732 3962 3963 2733)
4(2693 2734 3964 3923)
4(2733 3963 3964 2734)
4(2694 2735 3965 3924)
4(2734 3964 3965 2735)
4(2695 2736 3966 3925)
4(2735 3965 3966 2736)
4(2696 2737 3967 3926)
4(2736 3966 3967 2737)
4(2697 2738 3968 3927)
4(2737 3967 3968 2738)
4(2698 2739 3969 3928)
4(2738 3968 3969 2739)
4(2699 2740 3970 3929)
4(2739 3969 3970 2740)
4(2700 2741 3971 3930)
4(2740 3970 3971 2741)
4(2701 2742 3972 3931)
4(2741 3971 3972 2742)
4(2702 2743 3973 3932)
4(2742 3972 3973 2743)
4(2703 2744 3974 3933)
4(2743 3973 3974 2744)
4(2704 2745 3975 3934)
4(2744 3974 3975 2745)
4(2745 3975 3976 2746)
4(2707 2748 3978 3937)
4(2747 3977 3978 2748)
4(2708 2749 3979 3938)
4(2748 3978 3979 2749)
4(2709 2750 3980 3939)
4(2749 3979 3980 2750)
4(2710 2751 3981 3940)
4(2750 3980 3981 2751)
4(2711 2752 3982 3941)
4(2751 3981 3982 2752)
4(2712 2753 3983 3942)
4(2752 3982 3983 2753)
4(2713 2754 3984 3943)
4(2753 3983 3984 2754)
4(2714 2755 3985 3944)
4(2754 3984 3985 2755)
4(2715 2756 3986 3945)
4(2755 3985 3986 2756)
4(2716 2757 3987 3946)
4(2756 3986 3987 2757)
4(2717 2758 3988 3947)
4(2757 3987 3988 2758)
4(2718 2759 3989 3948)
4(2758 3988 3989 2759)
4(2719 2760 3990 3949)
4(2759 3989 3990 2760)
4(2720 2761 3991 3950)
4(2760 3990 3991 2761)
4(2721 2762 3992 3951)
4(2761 3991 3992 2762)
4(2722 2763 3993 3952)
4(2762 3992 3993 2763)
4(2723 2764 3994 3953)
4(2763 3993 3994 2764)
4(2724 2765 3995 3954)
4(2764 3994 3995 2765)
4(2725 2766 3996 3955)
4(2765 3995 3996 2766)
4(2726 2767 3997 3956)
4(2766 3996 3997 2767)
4(2727 2768 3998 3957)
4(2767 3997 3998 2768)
4(2728 2769 3999 3958)
4(2768 3998 3999 2769)
4(2729 2770 4000 3959)
4(2769 3999 4000 2770)
4(2730 2771 4001 3960)
4(2770 4000 4001 2771)
4(2731 2772 4002 3961)
4(2771 4001 4002 2772)
4(2732 2773 4003 3962)
4(2772 4002 4003 2773)
4(2733 2774 4004 3963)
4(2773 4003 4004 2774)
4(2734 2775 4005 3964)
4(2774 4004 4005 2775)
4(2735 2776 4006 3965)
4(2775 4005 4006 2776)
4(2736 2777 4007 3966)
4(2776 4006 4007 2777)
4(2737 2778 4008 3967)
4(2777 4007 4008 2778)
4(2738 2779 4009 3968)
4(2778 4008 4009 2779)
4(2739 2780 4010 3969)
4(2779 4009 4010 2780)
4(2740 2781 4011 3970)
4(2780 4010 4011 2781)
4(2741 2782 4012 3971)
4(2781 4011 4012 2782)
4(2742 2783 4013 3972)
4(2782 4012 4013 2783)
4(2743 2784 4014 3973)
4(2783 4013 4014 2784)
4(2744 2785 4015 3974)
4(2784 4014 4015 2785)
4(2745 2786 4016 3975)
4(2785 4015 4016 2786)
4(2786 4016 4017 2787)
4(2748 2789 4019 3978)
4(2788 4018 4019 2789)
4(2749 2790 4020 3979)
4(2789 4019 4020 2790)
4(2750 2791 4021 3980)
4(2790 4020 4021 2791)
4(2751 2792 4022 3981)
4(2791 4021 4022 2792)
4(2752 2793 4023 3982)
4(2792 4022 4023 2793)
4(2753 2794 4024 3983)
4(2793 4023 4024 2794)
4(2754 2795 4025 3984)
4(2794 4024 4025 2795)
4(2755 2796 4026 3985)
4(2795 4025 4026 2796)
4(2756 2797 4027 3986)
4(2796 4026 4027 2797)
4(2757 2798 4028 3987)
4(2797 4027 4028 2798)
4(2758 2799 4029 3988)
4(2798 4028 4029 2799)
4(2759 2800 4030 3989)
4(2799 4029 4030 2800)
4(2760 2801 4031 3990)
4(2800 4030 4031 2801)
4(2761 2802 4032 3991)
4(2801 4031 4032 2802)
4(2762 2803 4033 3992)
4(2802 4032 4033 2803)
4(2763 2804 4034 3993)
4(2803 4033 4034 2804)
4(2764 2805 4035 3994)
4(2804 4034 4035 2805)
4(2765 2806 4036 3995)
4(2805 4035 4036 2806)
4(2766 2807 4037 3996)
4(2806 4036 4037 2807)
4(2767 2808 4038 3997)
4(2807 4037 4038 2808)
4(2768 2809 4039 3998)
4(2808 4038 4039 2809)
4(2769 2810 4040 3999)
4(2809 4039 4040 2810)
4(2770 2811 4041 4000)
4(2810 4040 4041 2811)
4(2771 2812 4042 4001)
4(2811 4041 4042 2812)
4(2772 2813 4043 4002)
4(2812 4042 4043 2813)
4(2773 2814 4044 4003)
4(2813 4043 4044 2814)
4(2774 2815 4045 4004)
4(2814 4044 4045 2815)
4(2775 2816 4046 4005)
4(2815 4045 4046 2816)
4(2776 2817 4047 4006)
4(2816 4046 4047 2817)
4(2777 2818 4048 4007)
4(2817 4047 4048 2818)
4(2778 2819 4049 4008)
4(2818 4048 4049 2819)
4(2779 2820 4050 4009)
4(2819 4049 4050 2820)
4(2780 2821 4051 4010)
4(2820 4050 4051 2821)
4(2781 2822 4052 4011)
4(2821 4051 4052 2822)
4(2782 2823 4053 4012)
4(2822 4052 4053 2823)
4(2783 2824 4054 4013)
4(2823 4053 4054 2824)
4(2784 2825 4055 4014)
4(2824 4054 4055 2825)
4(2785 2826 4056 4015)
4(2825 4055 4056 2826)
4(2786 2827 4057 4016)
4(2826 4056 4057 2827)
4(2827 4057 4058 2828)
4(2789 2830 4060 4019)
4(2829 4059 4060 2830)
4(2790 2831 4061 4020)
4(2830 4060 4061 2831)
4(2791 2832 4062 4021)
4(2831 4061 4062 2832)
4(2792 2833 4063 4022)
4(2832 4062 4063 2833)
4(2793 2834 4064 4023)
4(2833 4063 4064 2834)
4(2794 2835 4065 4024)
4(2834 4064 4065 2835)
4(2795 2836 4066 4025)
4(2835 4065 4066 2836)
4(2796 2837 4067 4026)
4(2836 4066 4067 2837)
4(2797 2838 4068 4027)
4(2837 4067 4068 2838)
4(2798 2839 4069 4028)
4(2838 4068 4069 2839)
4(2799 2840 4070 4029)
4(2839 4069 4070 2840)
4(2800 2841 4071 4030)
4(2840 4070 4071 2841)
4(2801 2842 4072 4031)
4(2841 4071 4072 2842)
4(2802 2843 4073 4032)
4(2842 4072 4073 2843)
4(2803 2844 4074 4033)
4(2843 4073 4074 2844)
4(2804 2845 4075 4034)
4(2844 4074 4075 2845)
4(2805 2846 4076 4035)
4(2845 4075 4076 2846)
4(2806 2847 4077 4036)
4(2846 4076 4077 2847)
4(2807 2848 4078 4037)
4(2847 4077 4078 2848)
4(2808 2849 4079 4038)
4(2848 4078 4079 2849)
4(2809 2850 4080 4039)
4(2849 4079 4080 2850)
4(2810 2851 4081 4040)
4(2850 4080 4081 2851)
4(2811 2852 4082 4041)
4(2851 4081 4082 2852)
4(2812 2853 4083 4042)
4(2852 4082 4083 2853)
4(2813 2854 4084 4043)
4(2853 4083 4084 2854)
4(2814 2855 4085 4044)
4(2854 4084 4085 2855)
4(2815 2856 4086 4045)
4(2855 4085 4086 2856)
4(2816 2857 4087 4046)
4(2856 4086 4087 2857)
4(2817 2858 4088 4047)
4(2857 4087 4088 2858)
4(2818 2859 4089 4048)
4(2858 4088 4089 2859)
4(2819 2860 4090 4049)
4(2859 4089 4090 2860)
4(2820 2861 4091 4050)
4(2860 4090 4091 2861)
4(2821 2862 4092 4051)
4(2861 4091 4092 2862)
4(2822 2863 4093 4052)
4(2862 4092 4093 2863)
4(2823 2864 4094 4053)
4(2863 4093 4094 2864)
4(2824 2865 4095 4054)
4(2864 4094 4095 2865)
4(2825 2866 4096 4055)
4(2865 4095 4096 2866)
4(2826 2867 4097 4056)
4(2866 4096 4097 2867)
4(2827 2868 4098 4057)
4(2867 4097 4098 2868)
4(2868 4098 4099 2869)
4(2830 2871 4101 4060)
4(2870 4100 4101 2871)
4(2831 2872 4102 4061)
4(2871 4101 4102 2872)
4(2832 2873 4103 4062)
4(2872 4102 4103 2873)
4(2833 2874 4104 4063)
4(2873 4103 4104 2874)
4(2834 2875 4105 4064)
4(2874 4104 4105 2875)
4(2835 2876 4106 4065)
4(2875 4105 4106 2876)
4(2836 2877 4107 4066)
4(2876 4106 4107 2877)
4(2837 2878 4108 4067)
4(2877 4107 4108 2878)
4(2838 2879 4109 4068)
4(2878 4108 4109 2879)
4(2839 2880 4110 4069)
4(2879 4109 4110 2880)
4(2840 2881 4111 4070)
4(2880 4110 4111 2881)
4(2841 2882 4112 4071)
4(2881 4111 4112 2882)
4(2842 2883 4113 4072)
4(2882 4112 4113 2883)
4(2843 2884 4114 4073)
4(2883 4113 4114 2884)
4(2844 2885 4115 4074)
4(2884 4114 4115 2885)
4(2845 2886 4116 4075)
4(2885 4115 4116 2886)
4(2846 2887 4117 4076)
4(2886 4116 4117 2887)
4(2847 2888 4118 4077)
4(2887 4117 4118 2888)
4(2848 2889 4119 4078)
4(2888 4118 4119 2889)
4(2849 2890 4120 4079)
4(2889 4119 4120 2890)
4(2850 2891 4121 4080)
4(2890 4120 4121 2891)
4(2851 2892 4122 4081)
4(2891 4121 4122 2892)
4(2852 2893 4123 4082)
4(2892 4122 4123 2893)
4(2853 2894 4124 4083)
4(2893 4123 4124 2894)
4(2854 2895 4125 4084)
4(2894 4124 4125 2895)
4(2855 2896 4126 4085)
4(2895 4125 4126 2896)
4(2856 2897 4127 4086)
4(2896 4126 4127 2897)
4(2857 2898 4128 4087)
4(2897 4127 4128 2898)
4(2858 2899 4129 4088)
4(2898 4128 4129 2899)
4(2859 2900 4130 4089)
4(2899 4129 4130 2900)
4(2860 2901 4131 4090)
4(2900 4130 4131 2901)
4(2861 2902 4132 4091)
4(2901 4131 4132 2902)
4(2862 2903 4133 4092)
4(2902 4132 4133 2903)
4(2863 2904 4134 4093)
4(2903 4133 4134 2904)
4(2864 2905 4135 4094)
4(2904 4134 4135 2905)
4(2865 2906 4136 4095)
4(2905 4135 4136 2906)
4(2866 2907 4137 4096)
4(2906 4136 4137 2907)
4(2867 2908 4138 4097)
4(2907 4137 4138 2908)
4(2868 2909 4139 4098)
4(2908 4138 4139 2909)
4(2909 4139 4140 2910)
4(2871 2912 4142 4101)
4(2911 4141 4142 2912)
4(2872 2913 4143 4102)
4(2912 4142 4143 2913)
4(2873 2914 4144 4103)
4(2913 4143 4144 2914)
4(2874 2915 4145 4104)
4(2914 4144 4145 2915)
4(2875 2916 4146 4105)
4(2915 4145 4146 2916)
4(2876 2917 4147 4106)
4(2916 4146 4147 2917)
4(2877 2918 4148 4107)
4(2917 4147 4148 2918)
4(2878 2919 4149 4108)
4(2918 4148 4149 2919)
4(2879 2920 4150 4109)
4(2919 4149 4150 2920)
4(2880 2921 4151 4110)
4(2920 4150 4151 2921)
4(2881 2922 4152 4111)
4(2921 4151 4152 2922)
4(2882 2923 4153 4112)
4(2922 4152 4153 2923)
4(2883 2924 4154 4113)
4(2923 4153 4154 2924)
4(2884 2925 4155 4114)
4(2924 4154 4155 2925)
4(2885 2926 4156 4115)
4(2925 4155 4156 2926)
4(2886 2927 4157 4116)
4(2926 4156 4157 2927)
4(2887 2928 4158 4117)
4(2927 4157 4158 2928)
4(2888 2929 4159 4118)
4(2928 4158 4159 2929)
4(2889 2930 4160 4119)
4(2929 4159 4160 2930)
4(2890 2931 4161 4120)
4(2930 4160 4161 2931)
4(2891 2932 4162 4121)
4(2931 4161 4162 2932)
4(2892 2933 4163 4122)
4(2932 4162 4163 2933)
4(2893 2934 4164 4123)
4(2933 4163 4164 2934)
4(2894 2935 4165 4124)
4(2934 4164 4165 2935)
4(2895 2936 4166 4125)
4(2935 4165 4166 2936)
4(2896 2937 4167 4126)
4(2936 4166 4167 2937)
4(2897 2938 4168 4127)
4(2937 4167 4168 2938)
4(2898 2939 4169 4128)
4(2938 4168 4169 2939)
4(2899 2940 4170 4129)
4(2939 4169 4170 2940)
4(2900 2941 4171 4130)
4(2940 4170 4171 2941)
4(2901 2942 4172 4131)
4(2941 4171 4172 2942)
4(2902 2943 4173 4132)
4(2942 4172 4173 2943)
4(2903 2944 4174 4133)
4(2943 4173 4174 2944)
4(2904 2945 4175 4134)
4(2944 4174 4175 2945)
4(2905 2946 4176 4135)
4(2945 4175 4176 2946)
4(2906 2947 4177 4136)
4(2946 4176 4177 2947)
4(2907 2948 4178 4137)
4(2947 4177 4178 2948)
4(2908 2949 4179 4138)
4(2948 4178 4179 2949)
4(2909 2950 4180 4139)
4(2949 4179 4180 2950)
4(2950 4180 4181 2951)
4(2912 2953 4183 4142)
4(2952 4182 4183 2953)
4(2913 2954 4184 4143)
4(2953 4183 4184 2954)
4(2914 2955 4185 4144)
4(2954 4184 4185 2955)
4(2915 2956 4186 4145)
4(2955 4185 4186 2956)
4(2916 2957 4187 4146)
4(2956 4186 4187 2957)
4(2917 2958 4188 4147)
4(2957 4187 4188 2958)
4(2918 2959 4189 4148)
4(2958 4188 4189 2959)
4(2919 2960 4190 4149)
4(2959 4189 4190 2960)
4(2920 2961 4191 4150)
4(2960 4190 4191 2961)
4(2921 2962 4192 4151)
4(2961 4191 4192 2962)
4(2922 2963 4193 4152)
4(2962 4192 4193 2963)
4(2923 2964 4194 4153)
4(2963 4193 4194 2964)
4(2924 2965 4195 4154)
4(2964 4194 4195 2965)
4(2925 2966 4196 4155)
4(2965 4195 4196 2966)
4(2926 2967 4197 4156)
4(2966 4196 4197 2967)
4(2927 2968 4198 4157)
4(2967 4197 4198 2968)
4(2928 2969 4199 4158)
4(2968 4198 4199 2969)
4(2929 2970 4200 4159)
4(2969 4199 4200 2970)
4(2930 2971 4201 4160)
4(2970 4200 4201 2971)
4(2931 2972 4202 4161)
4(2971 4201 4202 2972)
4(2932 2973 4203 4162)
4(2972 4202 4203 2973)
4(2933 2974 4204 4163)
4(2973 4203 4204 2974)
4(2934 2975 4205 4164)
4(2974 4204 4205 2975)
4(2935 2976 4206 4165)
4(2975 4205 4206 2976)
4(2936 2977 4207 4166)
4(2976 4206 4207 2977)
4(2937 2978 4208 4167)
4(2977 4207 4208 2978)
4(2938 2979 4209 4168)
4(2978 4208 4209 2979)
4(2939 2980 4210 4169)
4(2979 4209 4210 2980)
4(2940 2981 4211 4170)
4(2980 4210 4211 2981)
4(2941 2982 4212 4171)
4(2981 4211 4212 2982)
4(2942 2983 4213 4172)
4(2982 4212 4213 2983)
4(2943 2984 4214 4173)
4(2983 4213 4214 2984)
4(2944 2985 4215 4174)
4(2984 4214 4215 2985)
4(2945 2986 4216 4175)
4(2985 4215 4216 2986)
4(2946 2987 4217 4176)
4(2986 4216 4217 2987)
4(2947 2988 4218 4177)
4(2987 4217 4218 2988)
4(2948 2989 4219 4178)
4(2988 4218 4219 2989)
4(2949 2990 4220 4179)
4(2989 4219 4220 2990)
4(2950 2991 4221 4180)
4(2990 4220 4221 2991)
4(2991 4221 4222 2992)
4(2953 2994 4224 4183)
4(2993 4223 4224 2994)
4(2954 2995 4225 4184)
4(2994 4224 4225 2995)
4(2955 2996 4226 4185)
4(2995 4225 4226 2996)
4(2956 2997 4227 4186)
4(2996 4226 4227 2997)
4(2957 2998 4228 4187)
4(2997 4227 4228 2998)
4(2958 2999 4229 4188)
4(2998 4228 4229 2999)
4(2959 3000 4230 4189)
4(2999 4229 4230 3000)
4(2960 3001 4231 4190)
4(3000 4230 4231 3001)
4(2961 3002 4232 4191)
4(3001 4231 4232 3002)
4(2962 3003 4233 4192)
4(3002 4232 4233 3003)
4(2963 3004 4234 4193)
4(3003 4233 4234 3004)
4(2964 3005 4235 4194)
4(3004 4234 4235 3005)
4(2965 3006 4236 4195)
4(3005 4235 4236 3006)
4(2966 3007 4237 4196)
4(3006 4236 4237 3007)
4(2967 3008 4238 4197)
4(3007 4237 4238 3008)
4(2968 3009 4239 4198)
4(3008 4238 4239 3009)
4(2969 3010 4240 4199)
4(3009 4239 4240 3010)
4(2970 3011 4241 4200)
4(3010 4240 4241 3011)
4(2971 3012 4242 4201)
4(3011 4241 4242 3012)
4(2972 3013 4243 4202)
4(3012 4242 4243 3013)
4(2973 3014 4244 4203)
4(3013 4243 4244 3014)
4(2974 3015 4245 4204)
4(3014 4244 4245 3015)
4(2975 3016 4246 4205)
4(3015 4245 4246 3016)
4(2976 3017 4247 4206)
4(3016 4246 4247 3017)
4(2977 3018 4248 4207)
4(3017 4247 4248 3018)
4(2978 3019 4249 4208)
4(3018 4248 4249 3019)
4(2979 3020 4250 4209)
4(3019 4249 4250 3020)
4(2980 3021 4251 4210)
4(3020 4250 4251 3021)
4(2981 3022 4252 4211)
4(3021 4251 4252 3022)
4(2982 3023 4253 4212)
4(3022 4252 4253 3023)
4(2983 3024 4254 4213)
4(3023 4253 4254 3024)
4(2984 3025 4255 4214)
4(3024 4254 4255 3025)
4(2985 3026 4256 4215)
4(3025 4255 4256 3026)
4(2986 3027 4257 4216)
4(3026 4256 4257 3027)
4(2987 3028 4258 4217)
4(3027 4257 4258 3028)
4(2988 3029 4259 4218)
4(3028 4258 4259 3029)
4(2989 3030 4260 4219)
4(3029 4259 4260 3030)
4(2990 3031 4261 4220)
4(3030 4260 4261 3031)
4(2991 3032 4262 4221)
4(3031 4261 4262 3032)
4(3032 4262 4263 3033)
4(2994 3035 4265 4224)
4(3034 4264 4265 3035)
4(2995 3036 4266 4225)
4(3035 4265 4266 3036)
4(2996 3037 4267 4226)
4(3036 4266 4267 3037)
4(2997 3038 4268 4227)
4(3037 4267 4268 3038)
4(2998 3039 4269 4228)
4(3038 4268 4269 3039)
4(2999 3040 4270 4229)
4(3039 4269 4270 3040)
4(3000 3041 4271 4230)
4(3040 4270 4271 3041)
4(3001 3042 4272 4231)
4(3041 4271 4272 3042)
4(3002 3043 4273 4232)
4(3042 4272 4273 3043)
4(3003 3044 4274 4233)
4(3043 4273 4274 3044)
4(3004 3045 4275 4234)
4(3044 4274 4275 3045)
4(3005 3046 4276 4235)
4(3045 4275 4276 3046)
4(3006 3047 4277 4236)
4(3046 4276 4277 3047)
4(3007 3048 4278 4237)
4(3047 4277 4278 3048)
4(3008 3049 4279 4238)
4(3048 4278 4279 3049)
4(3009 3050 4280 4239)
4(3049 4279 4280 3050)
4(3010 3051 4281 4240)
4(3050 4280 4281 3051)
4(3011 3052 4282 4241)
4(3051 4281 4282 3052)
4(3012 3053 4283 4242)
4(3052 4282 4283 3053)
4(3013 3054 4284 4243)
4(3053 4283 4284 3054)
4(3014 3055 4285 4244)
4(3054 4284 4285 3055)
4(3015 3056 4286 4245)
4(3055 4285 4286 3056)
4(3016 3057 4287 4246)
4(3056 4286 4287 3057)
4(3017 3058 4288 4247)
4(3057 4287 4288 3058)
4(3018 3059 4289 4248)
4(3058 4288 4289 3059)
4(3019 3060 4290 4249)
4(3059 4289 4290 3060)
4(3020 3061 4291 4250)
4(3060 4290 4291 3061)
4(3021 3062 4292 4251)
4(3061 4291 4292 3062)
4(3022 3063 4293 4252)
4(3062 4292 4293 3063)
4(3023 3064 4294 4253)
4(3063 4293 4294 3064)
4(3024 3065 4295 4254)
4(3064 4294 4295 3065)
4(3025 3066 4296 4255)
4(3065 4295 4296 3066)
4(3026 3067 4297 4256)
4(3066 4296 4297 3067)
4(3027 3068 4298 4257)
4(3067 4297 4298 3068)
4(3028 3069 4299 4258)
4(3068 4298 4299 3069)
4(3029 3070 4300 4259)
4(3069 4299 4300 3070)
4(3030 3071 4301 4260)
4(3070 4300 4301 3071)
4(3031 3072 4302 4261)
4(3071 4301 4302 3072)
4(3032 3073 4303 4262)
4(3072 4302 4303 3073)
4(3073 4303 4304 3074)
4(3035 3076 4306 4265)
4(3075 4305 4306 3076)
4(3036 3077 4307 4266)
4(3076 4306 4307 3077)
4(3037 3078 4308 4267)
4(3077 4307 4308 3078)
4(3038 3079 4309 4268)
4(3078 4308 4309 3079)
4(3039 3080 4310 4269)
4(3079 4309 4310 3080)
4(3040 3081 4311 4270)
4(3080 4310 4311 3081)
4(3041 3082 4312 4271)
4(3081 4311 4312 3082)
4(3042 3083 4313 4272)
4(3082 4312 4313 3083)
4(3043 3084 4314 4273)
4(3083 4313 4314 3084)
4(3044 3085 4315 4274)
4(3084 4314 4315 3085)
4(3045 3086 4316 4275)
4(3085 4315 4316 3086)
4(3046 3087 4317 4276)
4(3086 4316 4317 3087)
4(3047 3088 4318 4277)
4(3087 4317 4318 3088)
4(3048 3089 4319 4278)
4(3088 4318 4319 3089)
4(3049 3090 4320 4279)
4(3089 4319 4320 3090)
4(3050 3091 4321 4280)
4(3090 4320 4321 3091)
4(3051 3092 4322 4281)
4(3091 4321 4322 3092)
4(3052 3093 4323 4282)
4(3092 4322 4323 3093)
4(3053 3094 4324 4283)
4(3093 4323 4324 3094)
4(3054 3095 4325 4284)
4(3094 4324 4325 3095)
4(3055 3096 4326 4285)
4(3095 4325 4326 3096)
4(3056 3097 4327 4286)
4(3096 4326 4327 3097)
4(3057 3098 4328 4287)
4(3097 4327 4328 3098)
4(3058 3099 4329 4288)
4(3098 4328 4329 3099)
4(3059 3100 4330 4289)
4(3099 4329 4330 3100)
4(3060 3101 4331 4290)
4(3100 4330 4331 3101)
4(3061 3102 4332 4291)
4(3101 4331 4332 3102)
4(3062 3103 4333 4292)
4(3102 4332 4333 3103)
4(3063 3104 4334 4293)
4(3103 4333 4334 3104)
4(3064 3105 4335 4294)
4(3104 4334 4335 3105)
4(3065 3106 4336 4295)
4(3105 4335 4336 3106)
4(3066 3107 4337 4296)
4(3106 4336 4337 3107)
4(3067 3108 4338 4297)
4(3107 4337 4338 3108)
4(3068 3109 4339 4298)
4(3108 4338 4339 3109)
4(3069 3110 4340 4299)
4(3109 4339 4340 3110)
4(3070 3111 4341 4300)
4(3110 4340 4341 3111)
4(3071 3112 4342 4301)
4(3111 4341 4342 3112)
4(3072 3113 4343 4302)
4(3112 4342 4343 3113)
4(3073 3114 4344 4303)
4(3113 4343 4344 3114)
4(3114 4344 4345 3115)
4(3076 3117 4347 4306)
4(3116 4346 4347 3117)
4(3077 3118 4348 4307)
4(3117 4347 4348 3118)
4(3078 3119 4349 4308)
4(3118 4348 4349 3119)
4(3079 3120 4350 4309)
4(3119 4349 4350 3120)
4(3080 3121 4351 4310)
4(3120 4350 4351 3121)
4(3081 3122 4352 4311)
4(3121 4351 4352 3122)
4(3082 3123 4353 4312)
4(3122 4352 4353 3123)
4(3083 3124 4354 4313)
4(3123 4353 4354 3124)
4(3084 3125 4355 4314)
4(3124 4354 4355 3125)
4(3085 3126 4356 4315)
4(3125 4355 4356 3126)
4(3086 3127 4357 4316)
4(3126 4356 4357 3127)
4(3087 3128 4358 4317)
4(3127 4357 4358 3128)
4(3088 3129 4359 4318)
4(3128 4358 4359 3129)
4(3089 3130 4360 4319)
4(3129 4359 4360 3130)
4(3090 3131 4361 4320)
4(3130 4360 4361 3131)
4(3091 3132 4362 4321)
4(3131 4361 4362 3132)
4(3092 3133 4363 4322)
4(3132 4362 4363 3133)
4(3093 3134 4364 4323)
4(3133 4363 4364 3134)
4(3094 3135 4365 4324)
4(3134 4364 4365 3135)
4(3095 3136 4366 4325)
4(3135 4365 4366 3136)
4(3096 3137 4367 4326)
4(3136 4366 4367 3137)
4(3097 3138 4368 4327)
4(3137 4367 4368 3138)
4(3098 3139 4369 4328)
4(3138 4368 4369 3139)
4(3099 3140 4370 4329)
4(3139 4369 4370 3140)
4(3100 3141 4371 4330)
4(3140 4370 4371 3141)
4(3101 3142 4372 4331)
4(3141 4371 4372 3142)
4(3102 3143 4373 4332)
4(3142 4372 4373 3143)
4(3103 3144 4374 4333)
4(3143 4373 4374 3144)
4(3104 3145 4375 4334)
4(3144 4374 4375 3145)
4(3105 3146 4376 4335)
4(3145 4375 4376 3146)
4(3106 3147 4377 4336)
4(3146 4376 4377 3147)
4(3107 3148 4378 4337)
4(3147 4377 4378 3148)
4(3108 3149 4379 4338)
4(3148 4378 4379 3149)
4(3109 3150 4380 4339)
4(3149 4379 4380 3150)
4(3110 3151 4381 4340)
4(3150 4380 4381 3151)
4(3111 3152 4382 4341)
4(3151 4381 4382 3152)
4(3112 3153 4383 4342)
4(3152 4382 4383 3153)
4(3113 3154 4384 4343)
4(3153 4383 4384 3154)
4(3114 3155 4385 4344)
4(3154 4384 4385 3155)
4(3155 4385 4386 3156)
4(3117 3158 4388 4347)
4(3157 4387 4388 3158)
4(3118 3159 4389 4348)
4(3158 4388 4389 3159)
4(3119 3160 4390 4349)
4(3159 4389 4390 3160)
4(3120 3161 4391 4350)
4(3160 4390 4391 3161)
4(3121 3162 4392 4351)
4(3161 4391 4392 3162)
4(3122 3163 4393 4352)
4(3162 4392 4393 3163)
4(3123 3164 4394 4353)
4(3163 4393 4394 3164)
4(3124 3165 4395 4354)
4(3164 4394 4395 3165)
4(3125 3166 4396 4355)
4(3165 4395 4396 3166)
4(3126 3167 4397 4356)
4(3166 4396 4397 3167)
4(3127 3168 4398 4357)
4(3167 4397 4398 3168)
4(3128 3169 4399 4358)
4(3168 4398 4399 3169)
4(3129 3170 4400 4359)
4(3169 4399 4400 3170)
4(3130 3171 4401 4360)
4(3170 4400 4401 3171)
4(3131 3172 4402 4361)
4(3171 4401 4402 3172)
4(3132 3173 4403 4362)
4(3172 4402 4403 3173)
4(3133 3174 4404 4363)
4(3173 4403 4404 3174)
4(3134 3175 4405 4364)
4(3174 4404 4405 3175)
4(3135 3176 4406 4365)
4(3175 4405 4406 3176)
4(3136 3177 4407 4366)
4(3176 4406 4407 3177)
4(3137 3178 4408 4367)
4(3177 4407 4408 3178)
4(3138 3179 4409 4368)
4(3178 4408 4409 3179)
4(3139 3180 4410 4369)
4(3179 4409 4410 3180)
4(3140 3181 4411 4370)
4(3180 4410 4411 3181)
4(3141 3182 4412 4371)
4(3181 4411 4412 3182)
4(3142 3183 4413 4372)
4(3182 4412 4413 3183)
4(3143 3184 4414 4373)
4(3183 4413 4414 3184)
4(3144 3185 4415 4374)
4(3184 4414 4415 3185)
4(3145 3186 4416 4375)
4(3185 4415 4416 3186)
4(3146 3187 4417 4376)
4(3186 4416 4417 3187)
4(3147 3188 4418 4377)
4(3187 4417 4418 3188)
4(3148 3189 4419 4378)
4(3188 4418 4419 3189)
4(3149 3190 4420 4379)
4(3189 4419 4420 3190)
4(3150 3191 4421 4380)
4(3190 4420 4421 3191)
4(3151 3192 4422 4381)
4(3191 4421 4422 3192)
4(3152 3193 4423 4382)
4(3192 4422 4423 3193)
4(3153 3194 4424 4383)
4(3193 4423 4424 3194)
4(3154 3195 4425 4384)
4(3194 4424 4425 3195)
4(3155 3196 4426 4385)
4(3195 4425 4426 3196)
4(3196 4426 4427 3197)
4(3158 3199 4429 4388)
4(3198 4428 4429 3199)
4(3159 3200 4430 4389)
4(3199 4429 4430 3200)
4(3160 3201 4431 4390)
4(3200 4430 4431 3201)
4(3161 3202 4432 4391)
4(3201 4431 4432 3202)
4(3162 3203 4433 4392)
4(3202 4432 4433 3203)
4(3163 3204 4434 4393)
4(3203 4433 4434 3204)
4(3164 3205 4435 4394)
4(3204 4434 4435 3205)
4(3165 3206 4436 4395)
4(3205 4435 4436 3206)
4(3166 3207 4437 4396)
4(3206 4436 4437 3207)
4(3167 3208 4438 4397)
4(3207 4437 4438 3208)
4(3168 3209 4439 4398)
4(3208 4438 4439 3209)
4(3169 3210 4440 4399)
4(3209 4439 4440 3210)
4(3170 3211 4441 4400)
4(3210 4440 4441 3211)
4(3171 3212 4442 4401)
4(3211 4441 4442 3212)
4(3172 3213 4443 4402)
4(3212 4442 4443 3213)
4(3173 3214 4444 4403)
4(3213 4443 4444 3214)
4(3174 3215 4445 4404)
4(3214 4444 4445 3215)
4(3175 3216 4446 4405)
4(3215 4445 4446 3216)
4(3176 3217 4447 4406)
4(3216 4446 4447 3217)
4(3177 3218 4448 4407)
4(3217 4447 4448 3218)
4(3178 3219 4449 4408)
4(3218 4448 4449 3219)
4(3179 3220 4450 4409)
4(3219 4449 4450 3220)
4(3180 3221 4451 4410)
4(3220 4450 4451 3221)
4(3181 3222 4452 4411)
4(3221 4451 4452 3222)
4(3182 3223 4453 4412)
4(3222 4452 4453 3223)
4(3183 3224 4454 4413)
4(3223 4453 4454 3224)
4(3184 3225 4455 4414)
4(3224 4454 4455 3225)
4(3185 3226 4456 4415)
4(3225 4455 4456 3226)
4(3186 3227 4457 4416)
4(3226 4456 4457 3227)
4(3187 3228 4458 4417)
4(3227 4457 4458 3228)
4(3188 3229 4459 4418)
4(3228 4458 4459 3229)
4(3189 3230 4460 4419)
4(3229 4459 4460 3230)
4(3190 3231 4461 4420)
4(3230 4460 4461 3231)
4(3191 3232 4462 4421)
4(3231 4461 4462 3232)
4(3192 3233 4463 4422)
4(3232 4462 4463 3233)
4(3193 3234 4464 4423)
4(3233 4463 4464 3234)
4(3194 3235 4465 4424)
4(3234 4464 4465 3235)
4(3195 3236 4466 4425)
4(3235 4465 4466 3236)
4(3196 3237 4467 4426)
4(3236 4466 4467 3237)
4(3237 4467 4468 3238)
4(3199 3240 4470 4429)
4(3239 4469 4470 3240)
4(3200 3241 4471 4430)
4(3240 4470 4471 3241)
4(3201 3242 4472 4431)
4(3241 4471 4472 3242)
4(3202 3243 4473 4432)
4(3242 4472 4473 3243)
4(3203 3244 4474 4433)
4(3243 4473 4474 3244)
4(3204 3245 4475 4434)
4(3244 4474 4475 3245)
4(3205 3246 4476 4435)
4(3245 4475 4476 3246)
4(3206 3247 4477 4436)
4(3246 4476 4477 3247)
4(3207 3248 4478 4437)
4(3247 4477 4478 3248)
4(3208 3249 4479 4438)
4(3248 4478 4479 3249)
4(3209 3250 4480 4439)
4(3249 4479 4480 3250)
4(3210 3251 4481 4440)
4(3250 4480 4481 3251)
4(3211 3252 4482 4441)
4(3251 4481 4482 3252)
4(3212 3253 4483 4442)
4(3252 4482 4483 3253)
4(3213 3254 4484 4443)
4(3253 4483 4484 3254)
4(3214 3255 4485 4444)
4(3254 4484 4485 3255)
4(3215 3256 4486 4445)
4(3255 4485 4486 3256)
4(3216 3257 4487 4446)
4(3256 4486 4487 3257)
4(3217 3258 4488 4447)
4(3257 4487 4488 3258)
4(3218 3259 4489 4448)
4(3258 4488 4489 3259)
4(3219 3260 4490 4449)
4(3259 4489 4490 3260)
4(3220 3261 4491 4450)
4(3260 4490 4491 3261)
4(3221 3262 4492 4451)
4(3261 4491 4492 3262)
4(3222 3263 4493 4452)
4(3262 4492 4493 3263)
4(3223 3264 4494 4453)
4(3263 4493 4494 3264)
4(3224 3265 4495 4454)
4(3264 4494 4495 3265)
4(3225 3266 4496 4455)
4(3265 4495 4496 3266)
4(3226 3267 4497 4456)
4(3266 4496 4497 3267)
4(3227 3268 4498 4457)
4(3267 4497 4498 3268)
4(3228 3269 4499 4458)
4(3268 4498 4499 3269)
4(3229 3270 4500 4459)
4(3269 4499 4500 3270)
4(3230 3271 4501 4460)
4(3270 4500 4501 3271)
4(3231 3272 4502 4461)
4(3271 4501 4502 3272)
4(3232 3273 4503 4462)
4(3272 4502 4503 3273)
4(3233 3274 4504 4463)
4(3273 4503 4504 3274)
4(3234 3275 4505 4464)
4(3274 4504 4505 3275)
4(3235 3276 4506 4465)
4(3275 4505 4506 3276)
4(3236 3277 4507 4466)
4(3276 4506 4507 3277)
4(3237 3278 4508 4467)
4(3277 4507 4508 3278)
4(3278 4508 4509 3279)
4(3240 3281 4511 4470)
4(3280 4510 4511 3281)
4(3241 3282 4512 4471)
4(3281 4511 4512 3282)
4(3242 3283 4513 4472)
4(3282 4512 4513 3283)
4(3243 3284 4514 4473)
4(3283 4513 4514 3284)
4(3244 3285 4515 4474)
4(3284 4514 4515 3285)
4(3245 3286 4516 4475)
4(3285 4515 4516 3286)
4(3246 3287 4517 4476)
4(3286 4516 4517 3287)
4(3247 3288 4518 4477)
4(3287 4517 4518 3288)
4(3248 3289 4519 4478)
4(3288 4518 4519 3289)
4(3249 3290 4520 4479)
4(3289 4519 4520 3290)
4(3250 3291 4521 4480)
4(3290 4520 4521 3291)
4(3251 3292 4522 4481)
4(3291 4521 4522 3292)
4(3252 3293 4523 4482)
4(3292 4522 4523 3293)
4(3253 3294 4524 4483)
4(3293 4523 4524 3294)
4(3254 3295 4525 4484)
4(3294 4524 4525 3295)
4(3255 3296 4526 4485)
4(3295 4525 4526 3296)
4(3256 3297 4527 4486)
4(3296 4526 4527 3297)
4(3257 3298 4528 4487)
4(3297 4527 4528 3298)
4(3258 3299 4529 4488)
4(3298 4528 4529 3299)
4(3259 3300 4530 4489)
4(3299 4529 4530 3300)
4(3260 3301 4531 4490)
4(3300 4530 4531 3301)
4(3261 3302 4532 4491)
4(3301 4531 4532 3302)
4(3262 3303 4533 4492)
4(3302 4532 4533 3303)
4(3263 3304 4534 4493)
4(3303 4533 4534 3304)
4(3264 3305 4535 4494)
4(3304 4534 4535 3305)
4(3265 3306 4536 4495)
4(3305 4535 4536 3306)
4(3266 3307 4537 4496)
4(3306 4536 4537 3307)
4(3267 3308 4538 4497)
4(3307 4537 4538 3308)
4(3268 3309 4539 4498)
4(3308 4538 4539 3309)
4(3269 3310 4540 4499)
4(3309 4539 4540 3310)
4(3270 3311 4541 4500)
4(3310 4540 4541 3311)
4(3271 3312 4542 4501)
4(3311 4541 4542 3312)
4(3272 3313 4543 4502)
4(3312 4542 4543 3313)
4(3273 3314 4544 4503)
4(3313 4543 4544 3314)
4(3274 3315 4545 4504)
4(3314 4544 4545 3315)
4(3275 3316 4546 4505)
4(3315 4545 4546 3316)
4(3276 3317 4547 4506)
4(3316 4546 4547 3317)
4(3277 3318 4548 4507)
4(3317 4547 4548 3318)
4(3278 3319 4549 4508)
4(3318 4548 4549 3319)
4(3319 4549 4550 3320)
4(3281 3322 4552 4511)
4(3321 4551 4552 3322)
4(3282 3323 4553 4512)
4(3322 4552 4553 3323)
4(3283 3324 4554 4513)
4(3323 4553 4554 3324)
4(3284 3325 4555 4514)
4(3324 4554 4555 3325)
4(3285 3326 4556 4515)
4(3325 4555 4556 3326)
4(3286 3327 4557 4516)
4(3326 4556 4557 3327)
4(3287 3328 4558 4517)
4(3327 4557 4558 3328)
4(3288 3329 4559 4518)
4(3328 4558 4559 3329)
4(3289 3330 4560 4519)
4(3329 4559 4560 3330)
4(3290 3331 4561 4520)
4(3330 4560 4561 3331)
4(3291 3332 4562 4521)
4(3331 4561 4562 3332)
4(3292 3333 4563 4522)
4(3332 4562 4563 3333)
4(3293 3334 4564 4523)
4(3333 4563 4564 3334)
4(3294 3335 4565 4524)
4(3334 4564 4565 3335)
4(3295 3336 4566 4525)
4(3335 4565 4566 3336)
4(3296 3337 4567 4526)
4(3336 4566 4567 3337)
4(3297 3338 4568 4527)
4(3337 4567 4568 3338)
4(3298 3339 4569 4528)
4(3338 4568 4569 3339)
4(3299 3340 4570 4529)
4(3339 4569 4570 3340)
4(3300 3341 4571 4530)
4(3340 4570 4571 3341)
4(3301 3342 4572 4531)
4(3341 4571 4572 3342)
4(3302 3343 4573 4532)
4(3342 4572 4573 3343)
4(3303 3344 4574 4533)
4(3343 4573 4574 3344)
4(3304 3345 4575 4534)
4(3344 4574 4575 3345)
4(3305 3346 4576 4535)
4(3345 4575 4576 3346)
4(3306 3347 4577 4536)
4(3346 4576 4577 3347)
4(3307 3348 4578 4537)
4(3347 4577 4578 3348)
4(3308 3349 4579 4538)
4(3348 4578 4579 3349)
4(3309 3350 4580 4539)
4(3349 4579 4580 3350)
4(3310 3351 4581 4540)
4(3350 4580 4581 3351)
4(3311 3352 4582 4541)
4(3351 4581 4582 3352)
4(3312 3353 4583 4542)
4(3352 4582 4583 3353)
4(3313 3354 4584 4543)
4(3353 4583 4584 3354)
4(3314 3355 4585 4544)
4(3354 4584 4585 3355)
4(3315 3356 4586 4545)
4(3355 4585 4586 3356)
4(3316 3357 4587 4546)
4(3356 4586 4587 3357)
4(3317 3358 4588 4547)
4(3357 4587 4588 3358)
4(3318 3359 4589 4548)
4(3358 4588 4589 3359)
4(3319 3360 4590 4549)
4(3359 4589 4590 3360)
4(3360 4590 4591 3361)
4(3322 3363 4593 4552)
4(3362 4592 4593 3363)
4(3323 3364 4594 4553)
4(3363 4593 4594 3364)
4(3324 3365 4595 4554)
4(3364 4594 4595 3365)
4(3325 3366 4596 4555)
4(3365 4595 4596 3366)
4(3326 3367 4597 4556)
4(3366 4596 4597 3367)
4(3327 3368 4598 4557)
4(3367 4597 4598 3368)
4(3328 3369 4599 4558)
4(3368 4598 4599 3369)
4(3329 3370 4600 4559)
4(3369 4599 4600 3370)
4(3330 3371 4601 4560)
4(3370 4600 4601 3371)
4(3331 3372 4602 4561)
4(3371 4601 4602 3372)
4(3332 3373 4603 4562)
4(3372 4602 4603 3373)
4(3333 3374 4604 4563)
4(3373 4603 4604 3374)
4(3334 3375 4605 4564)
4(3374 4604 4605 3375)
4(3335 3376 4606 4565)
4(3375 4605 4606 3376)
4(3336 3377 4607 4566)
4(3376 4606 4607 3377)
4(3337 3378 4608 4567)
4(3377 4607 4608 3378)
4(3338 3379 4609 4568)
4(3378 4608 4609 3379)
4(3339 3380 4610 4569)
4(3379 4609 4610 3380)
4(3340 3381 4611 4570)
4(3380 4610 4611 3381)
4(3341 3382 4612 4571)
4(3381 4611 4612 3382)
4(3342 3383 4613 4572)
4(3382 4612 4613 3383)
4(3343 3384 4614 4573)
4(3383 4613 4614 3384)
4(3344 3385 4615 4574)
4(3384 4614 4615 3385)
4(3345 3386 4616 4575)
4(3385 4615 4616 3386)
4(3346 3387 4617 4576)
4(3386 4616 4617 3387)
4(3347 3388 4618 4577)
4(3387 4617 4618 3388)
4(3348 3389 4619 4578)
4(3388 4618 4619 3389)
4(3349 3390 4620 4579)
4(3389 4619 4620 3390)
4(3350 3391 4621 4580)
4(3390 4620 4621 3391)
4(3351 3392 4622 4581)
4(3391 4621 4622 3392)
4(3352 3393 4623 4582)
4(3392 4622 4623 3393)
4(3353 3394 4624 4583)
4(3393 4623 4624 3394)
4(3354 3395 4625 4584)
4(3394 4624 4625 3395)
4(3355 3396 4626 4585)
4(3395 4625 4626 3396)
4(3356 3397 4627 4586)
4(3396 4626 4627 3397)
4(3357 3398 4628 4587)
4(3397 4627 4628 3398)
4(3358 3399 4629 4588)
4(3398 4628 4629 3399)
4(3359 3400 4630 4589)
4(3399 4629 4630 3400)
4(3360 3401 4631 4590)
4(3400 4630 4631 3401)
4(3401 4631 4632 3402)
4(3363 3404 4634 4593)
4(3403 4633 4634 3404)
4(3364 3405 4635 4594)
4(3404 4634 4635 3405)
4(3365 3406 4636 4595)
4(3405 4635 4636 3406)
4(3366 3407 4637 4596)
4(3406 4636 4637 3407)
4(3367 3408 4638 4597)
4(3407 4637 4638 3408)
4(3368 3409 4639 4598)
4(3408 4638 4639 3409)
4(3369 3410 4640 4599)
4(3409 4639 4640 3410)
4(3370 3411 4641 4600)
4(3410 4640 4641 3411)
4(3371 3412 4642 4601)
4(3411 4641 4642 3412)
4(3372 3413 4643 4602)
4(3412 4642 4643 3413)
4(3373 3414 4644 4603)
4(3413 4643 4644 3414)
4(3374 3415 4645 4604)
4(3414 4644 4645 3415)
4(3375 3416 4646 4605)
4(3415 4645 4646 3416)
4(3376 3417 4647 4606)
4(3416 4646 4647 3417)
4(3377 3418 4648 4607)
4(3417 4647 4648 3418)
4(3378 3419 4649 4608)
4(3418 4648 4649 3419)
4(3379 3420 4650 4609)
4(3419 4649 4650 3420)
4(3380 3421 4651 4610)
4(3420 4650 4651 3421)
4(3381 3422 4652 4611)
4(3421 4651 4652 3422)
4(3382 3423 4653 4612)
4(3422 4652 4653 3423)
4(3383 3424 4654 4613)
4(3423 4653 4654 3424)
4(3384 3425 4655 4614)
4(3424 4654 4655 3425)
4(3385 3426 4656 4615)
4(3425 4655 4656 3426)
4(3386 3427 4657 4616)
4(3426 4656 4657 3427)
4(3387 3428 4658 4617)
4(3427 4657 4658 3428)
4(3388 3429 4659 4618)
4(3428 4658 4659 3429)
4(3389 3430 4660 4619)
4(3429 4659 4660 3430)
4(3390 3431 4661 4620)
4(3430 4660 4661 3431)
4(3391 3432 4662 4621)
4(3431 4661 4662 3432)
4(3392 3433 4663 4622)
4(3432 4662 4663 3433)
4(3393 3434 4664 4623)
4(3433 4663 4664 3434)
4(3394 3435 4665 4624)
4(3434 4664 4665 3435)
4(3395 3436 4666 4625)
4(3435 4665 4666 3436)
4(3396 3437 4667 4626)
4(3436 4666 4667 3437)
4(3397 3438 4668 4627)
4(3437 4667 4668 3438)
4(3398 3439 4669 4628)
4(3438 4668 4669 3439)
4(3399 3440 4670 4629)
4(3439 4669 4670 3440)
4(3400 3441 4671 4630)
4(3440 4670 4671 3441)
4(3401 3442 4672 4631)
4(3441 4671 4672 3442)
4(3442 4672 4673 3443)
4(3404 3445 4675 4634)
4(3444 4674 4675 3445)
4(3405 3446 4676 4635)
4(3445 4675 4676 3446)
4(3406 3447 4677 4636)
4(3446 4676 4677 3447)
4(3407 3448 4678 4637)
4(3447 4677 4678 3448)
4(3408 3449 4679 4638)
4(3448 4678 4679 3449)
4(3409 3450 4680 4639)
4(3449 4679 4680 3450)
4(3410 3451 4681 4640)
4(3450 4680 4681 3451)
4(3411 3452 4682 4641)
4(3451 4681 4682 3452)
4(3412 3453 4683 4642)
4(3452 4682 4683 3453)
4(3413 3454 4684 4643)
4(3453 4683 4684 3454)
4(3414 3455 4685 4644)
4(3454 4684 4685 3455)
4(3415 3456 4686 4645)
4(3455 4685 4686 3456)
4(3416 3457 4687 4646)
4(3456 4686 4687 3457)
4(3417 3458 4688 4647)
4(3457 4687 4688 3458)
4(3418 3459 4689 4648)
4(3458 4688 4689 3459)
4(3419 3460 4690 4649)
4(3459 4689 4690 3460)
4(3420 3461 4691 4650)
4(3460 4690 4691 3461)
4(3421 3462 4692 4651)
4(3461 4691 4692 3462)
4(3422 3463 4693 4652)
4(3462 4692 4693 3463)
4(3423 3464 4694 4653)
4(3463 4693 4694 3464)
4(3424 3465 4695 4654)
4(3464 4694 4695 3465)
4(3425 3466 4696 4655)
4(3465 4695 4696 3466)
4(3426 3467 4697 4656)
4(3466 4696 4697 3467)
4(3427 3468 4698 4657)
4(3467 4697 4698 3468)
4(3428 3469 4699 4658)
4(3468 4698 4699 3469)
4(3429 3470 4700 4659)
4(3469 4699 4700 3470)
4(3430 3471 4701 4660)
4(3470 4700 4701 3471)
4(3431 3472 4702 4661)
4(3471 4701 4702 3472)
4(3432 3473 4703 4662)
4(3472 4702 4703 3473)
4(3433 3474 4704 4663)
4(3473 4703 4704 3474)
4(3434 3475 4705 4664)
4(3474 4704 4705 3475)
4(3435 3476 4706 4665)
4(3475 4705 4706 3476)
4(3436 3477 4707 4666)
4(3476 4706 4707 3477)
4(3437 3478 4708 4667)
4(3477 4707 4708 3478)
4(3438 3479 4709 4668)
4(3478 4708 4709 3479)
4(3439 3480 4710 4669)
4(3479 4709 4710 3480)
4(3440 3481 4711 4670)
4(3480 4710 4711 3481)
4(3441 3482 4712 4671)
4(3481 4711 4712 3482)
4(3442 3483 4713 4672)
4(3482 4712 4713 3483)
4(3483 4713 4714 3484)
4(3445 3486 4716 4675)
4(3485 4715 4716 3486)
4(3446 3487 4717 4676)
4(3486 4716 4717 3487)
4(3447 3488 4718 4677)
4(3487 4717 4718 3488)
4(3448 3489 4719 4678)
4(3488 4718 4719 3489)
4(3449 3490 4720 4679)
4(3489 4719 4720 3490)
4(3450 3491 4721 4680)
4(3490 4720 4721 3491)
4(3451 3492 4722 4681)
4(3491 4721 4722 3492)
4(3452 3493 4723 4682)
4(3492 4722 4723 3493)
4(3453 3494 4724 4683)
4(3493 4723 4724 3494)
4(3454 3495 4725 4684)
4(3494 4724 4725 3495)
4(3455 3496 4726 4685)
4(3495 4725 4726 3496)
4(3456 3497 4727 4686)
4(3496 4726 4727 3497)
4(3457 3498 4728 4687)
4(3497 4727 4728 3498)
4(3458 3499 4729 4688)
4(3498 4728 4729 3499)
4(3459 3500 4730 4689)
4(3499 4729 4730 3500)
4(3460 3501 4731 4690)
4(3500 4730 4731 3501)
4(3461 3502 4732 4691)
4(3501 4731 4732 3502)
4(3462 3503 4733 4692)
4(3502 4732 4733 3503)
4(3463 3504 4734 4693)
4(3503 4733 4734 3504)
4(3464 3505 4735 4694)
4(3504 4734 4735 3505)
4(3465 3506 4736 4695)
4(3505 4735 4736 3506)
4(3466 3507 4737 4696)
4(3506 4736 4737 3507)
4(3467 3508 4738 4697)
4(3507 4737 4738 3508)
4(3468 3509 4739 4698)
4(3508 4738 4739 3509)
4(3469 3510 4740 4699)
4(3509 4739 4740 3510)
4(3470 3511 4741 4700)
4(3510 4740 4741 3511)
4(3471 3512 4742 4701)
4(3511 4741 4742 3512)
4(3472 3513 4743 4702)
4(3512 4742 4743 3513)
4(3473 3514 4744 4703)
4(3513 4743 4744 3514)
4(3474 3515 4745 4704)
4(3514 4744 4745 3515)
4(3475 3516 4746 4705)
4(3515 4745 4746 3516)
4(3476 3517 4747 4706)
4(3516 4746 4747 3517)
4(3477 3518 4748 4707)
4(3517 4747 4748 3518)
4(3478 3519 4749 4708)
4(3518 4748 4749 3519)
4(3479 3520 4750 4709)
4(3519 4749 4750 3520)
4(3480 3521 4751 4710)
4(3520 4750 4751 3521)
4(3481 3522 4752 4711)
4(3521 4751 4752 3522)
4(3482 3523 4753 4712)
4(3522 4752 4753 3523)
4(3483 3524 4754 4713)
4(3523 4753 4754 3524)
4(3524 4754 4755 3525)
4(3486 3527 4757 4716)
4(3526 4756 4757 3527)
4(3487 3528 4758 4717)
4(3527 4757 4758 3528)
4(3488 3529 4759 4718)
4(3528 4758 4759 3529)
4(3489 3530 4760 4719)
4(3529 4759 4760 3530)
4(3490 3531 4761 4720)
4(3530 4760 4761 3531)
4(3491 3532 4762 4721)
4(3531 4761 4762 3532)
4(3492 3533 4763 4722)
4(3532 4762 4763 3533)
4(3493 3534 4764 4723)
4(3533 4763 4764 3534)
4(3494 3535 4765 4724)
4(3534 4764 4765 3535)
4(3495 3536 4766 4725)
4(3535 4765 4766 3536)
4(3496 3537 4767 4726)
4(3536 4766 4767 3537)
4(3497 3538 4768 4727)
4(3537 4767 4768 3538)
4(3498 3539 4769 4728)
4(3538 4768 4769 3539)
4(3499 3540 4770 4729)
4(3539 4769 4770 3540)
4(3500 3541 4771 4730)
4(3540 4770 4771 3541)
4(3501 3542 4772 4731)
4(3541 4771 4772 3542)
4(3502 3543 4773 4732)
4(3542 4772 4773 3543)
4(3503 3544 4774 4733)
4(3543 4773 4774 3544)
4(3504 3545 4775 4734)
4(3544 4774 4775 3545)
4(3505 3546 4776 4735)
4(3545 4775 4776 3546)
4(3506 3547 4777 4736)
4(3546 4776 4777 3547)
4(3507 3548 4778 4737)
4(3547 4777 4778 3548)
4(3508 3549 4779 4738)
4(3548 4778 4779 3549)
4(3509 3550 4780 4739)
4(3549 4779 4780 3550)
4(3510 3551 4781 4740)
4(3550 4780 4781 3551)
4(3511 3552 4782 4741)
4(3551 4781 4782 3552)
4(3512 3553 4783 4742)
4(3552 4782 4783 3553)
4(3513 3554 4784 4743)
4(3553 4783 4784 3554)
4(3514 3555 4785 4744)
4(3554 4784 4785 3555)
4(3515 3556 4786 4745)
4(3555 4785 4786 3556)
4(3516 3557 4787 4746)
4(3556 4786 4787 3557)
4(3517 3558 4788 4747)
4(3557 4787 4788 3558)
4(3518 3559 4789 4748)
4(3558 4788 4789 3559)
4(3519 3560 4790 4749)
4(3559 4789 4790 3560)
4(3520 3561 4791 4750)
4(3560 4790 4791 3561)
4(3521 3562 4792 4751)
4(3561 4791 4792 3562)
4(3522 3563 4793 4752)
4(3562 4792 4793 3563)
4(3523 3564 4794 4753)
4(3563 4793 4794 3564)
4(3524 3565 4795 4754)
4(3564 4794 4795 3565)
4(3565 4795 4796 3566)
4(3527 3568 4798 4757)
4(3567 4797 4798 3568)
4(3528 3569 4799 4758)
4(3568 4798 4799 3569)
4(3529 3570 4800 4759)
4(3569 4799 4800 3570)
4(3530 3571 4801 4760)
4(3570 4800 4801 3571)
4(3531 3572 4802 4761)
4(3571 4801 4802 3572)
4(3532 3573 4803 4762)
4(3572 4802 4803 3573)
4(3533 3574 4804 4763)
4(3573 4803 4804 3574)
4(3534 3575 4805 4764)
4(3574 4804 4805 3575)
4(3535 3576 4806 4765)
4(3575 4805 4806 3576)
4(3536 3577 4807 4766)
4(3576 4806 4807 3577)
4(3537 3578 4808 4767)
4(3577 4807 4808 3578)
4(3538 3579 4809 4768)
4(3578 4808 4809 3579)
4(3539 3580 4810 4769)
4(3579 4809 4810 3580)
4(3540 3581 4811 4770)
4(3580 4810 4811 3581)
4(3541 3582 4812 4771)
4(3581 4811 4812 3582)
4(3542 3583 4813 4772)
4(3582 4812 4813 3583)
4(3543 3584 4814 4773)
4(3583 4813 4814 3584)
4(3544 3585 4815 4774)
4(3584 4814 4815 3585)
4(3545 3586 4816 4775)
4(3585 4815 4816 3586)
4(3546 3587 4817 4776)
4(3586 4816 4817 3587)
4(3547 3588 4818 4777)
4(3587 4817 4818 3588)
4(3548 3589 4819 4778)
4(3588 4818 4819 3589)
4(3549 3590 4820 4779)
4(3589 4819 4820 3590)
4(3550 3591 4821 4780)
4(3590 4820 4821 3591)
4(3551 3592 4822 4781)
4(3591 4821 4822 3592)
4(3552 3593 4823 4782)
4(3592 4822 4823 3593)
4(3553 3594 4824 4783)
4(3593 4823 4824 3594)
4(3554 3595 4825 4784)
4(3594 4824 4825 3595)
4(3555 3596 4826 4785)
4(3595 4825 4826 3596)
4(3556 3597 4827 4786)
4(3596 4826 4827 3597)
4(3557 3598 4828 4787)
4(3597 4827 4828 3598)
4(3558 3599 4829 4788)
4(3598 4828 4829 3599)
4(3559 3600 4830 4789)
4(3599 4829 4830 3600)
4(3560 3601 4831 4790)
4(3600 4830 4831 3601)
4(3561 3602 4832 4791)
4(3601 4831 4832 3602)
4(3562 3603 4833 4792)
4(3602 4832 4833 3603)
4(3563 3604 4834 4793)
4(3603 4833 4834 3604)
4(3564 3605 4835 4794)
4(3604 4834 4835 3605)
4(3565 3606 4836 4795)
4(3605 4835 4836 3606)
4(3606 4836 4837 3607)
4(3568 3609 4839 4798)
4(3608 4838 4839 3609)
4(3569 3610 4840 4799)
4(3609 4839 4840 3610)
4(3570 3611 4841 4800)
4(3610 4840 4841 3611)
4(3571 3612 4842 4801)
4(3611 4841 4842 3612)
4(3572 3613 4843 4802)
4(3612 4842 4843 3613)
4(3573 3614 4844 4803)
4(3613 4843 4844 3614)
4(3574 3615 4845 4804)
4(3614 4844 4845 3615)
4(3575 3616 4846 4805)
4(3615 4845 4846 3616)
4(3576 3617 4847 4806)
4(3616 4846 4847 3617)
4(3577 3618 4848 4807)
4(3617 4847 4848 3618)
4(3578 3619 4849 4808)
4(3618 4848 4849 3619)
4(3579 3620 4850 4809)
4(3619 4849 4850 3620)
4(3580 3621 4851 4810)
4(3620 4850 4851 3621)
4(3581 3622 4852 4811)
4(3621 4851 4852 3622)
4(3582 3623 4853 4812)
4(3622 4852 4853 3623)
4(3583 3624 4854 4813)
4(3623 4853 4854 3624)
4(3584 3625 4855 4814)
4(3624 4854 4855 3625)
4(3585 3626 4856 4815)
4(3625 4855 4856 3626)
4(3586 3627 4857 4816)
4(3626 4856 4857 3627)
4(3587 3628 4858 4817)
4(3627 4857 4858 3628)
4(3588 3629 4859 4818)
4(3628 4858 4859 3629)
4(3589 3630 4860 4819)
4(3629 4859 4860 3630)
4(3590 3631 4861 4820)
4(3630 4860 4861 3631)
4(3591 3632 4862 4821)
4(3631 4861 4862 3632)
4(3592 3633 4863 4822)
4(3632 4862 4863 3633)
4(3593 3634 4864 4823)
4(3633 4863 4864 3634)
4(3594 3635 4865 4824)
4(3634 4864 4865 3635)
4(3595 3636 4866 4825)
4(3635 4865 4866 3636)
4(3596 3637 4867 4826)
4(3636 4866 4867 3637)
4(3597 3638 4868 4827)
4(3637 4867 4868 3638)
4(3598 3639 4869 4828)
4(3638 4868 4869 3639)
4(3599 3640 4870 4829)
4(3639 4869 4870 3640)
4(3600 3641 4871 4830)
4(3640 4870 4871 3641)
4(3601 3642 4872 4831)
4(3641 4871 4872 3642)
4(3602 3643 4873 4832)
4(3642 4872 4873 3643)
4(3603 3644 4874 4833)
4(3643 4873 4874 3644)
4(3604 3645 4875 4834)
4(3644 4874 4875 3645)
4(3605 3646 4876 4835)
4(3645 4875 4876 3646)
4(3606 3647 4877 4836)
4(3646 4876 4877 3647)
4(3647 4877 4878 3648)
4(3609 3650 4880 4839)
4(3649 4879 4880 3650)
4(3610 3651 4881 4840)
4(3650 4880 4881 3651)
4(3611 3652 4882 4841)
4(3651 4881 4882 3652)
4(3612 3653 4883 4842)
4(3652 4882 4883 3653)
4(3613 3654 4884 4843)
4(3653 4883 4884 3654)
4(3614 3655 4885 4844)
4(3654 4884 4885 3655)
4(3615 3656 4886 4845)
4(3655 4885 4886 3656)
4(3616 3657 4887 4846)
4(3656 4886 4887 3657)
4(3617 3658 4888 4847)
4(3657 4887 4888 3658)
4(3618 3659 4889 4848)
4(3658 4888 4889 3659)
4(3619 3660 4890 4849)
4(3659 4889 4890 3660)
4(3620 3661 4891 4850)
4(3660 4890 4891 3661)
4(3621 3662 4892 4851)
4(3661 4891 4892 3662)
4(3622 3663 4893 4852)
4(3662 4892 4893 3663)
4(3623 3664 4894 4853)
4(3663 4893 4894 3664)
4(3624 3665 4895 4854)
4(3664 4894 4895 3665)
4(3625 3666 4896 4855)
4(3665 4895 4896 3666)
4(3626 3667 4897 4856)
4(3666 4896 4897 3667)
4(3627 3668 4898 4857)
4(3667 4897 4898 3668)
4(3628 3669 4899 4858)
4(3668 4898 4899 3669)
4(3629 3670 4900 4859)
4(3669 4899 4900 3670)
4(3630 3671 4901 4860)
4(3670 4900 4901 3671)
4(3631 3672 4902 4861)
4(3671 4901 4902 3672)
4(3632 3673 4903 4862)
4(3672 4902 4903 3673)
4(3633 3674 4904 4863)
4(3673 4903 4904 3674)
4(3634 3675 4905 4864)
4(3674 4904 4905 3675)
4(3635 3676 4906 4865)
4(3675 4905 4906 3676)
4(3636 3677 4907 4866)
4(3676 4906 4907 3677)
4(3637 3678 4908 4867)
4(3677 4907 4908 3678)
4(3638 3679 4909 4868)
4(3678 4908 4909 3679)
4(3639 3680 4910 4869)
4(3679 4909 4910 3680)
4(3640 3681 4911 4870)
4(3680 4910 4911 3681)
4(3641 3682 4912 4871)
4(3681 4911 4912 3682)
4(3642 3683 4913 4872)
4(3682 4912 4913 3683)
4(3643 3684 4914 4873)
4(3683 4913 4914 3684)
4(3644 3685 4915 4874)
4(3684 4914 4915 3685)
4(3645 3686 4916 4875)
4(3685 4915 4916 3686)
4(3646 3687 4917 4876)
4(3686 4916 4917 3687)
4(3647 3688 4918 4877)
4(3687 4917 4918 3688)
4(3688 4918 4919 3689)
4(3650 3691 4921 4880)
4(3690 4920 4921 3691)
4(3651 3692 4922 4881)
4(3691 4921 4922 3692)
4(3652 3693 4923 4882)
4(3692 4922 4923 3693)
4(3653 3694 4924 4883)
4(3693 4923 4924 3694)
4(3654 3695 4925 4884)
4(3694 4924 4925 3695)
4(3655 3696 4926 4885)
4(3695 4925 4926 3696)
4(3656 3697 4927 4886)
4(3696 4926 4927 3697)
4(3657 3698 4928 4887)
4(3697 4927 4928 3698)
4(3658 3699 4929 4888)
4(3698 4928 4929 3699)
4(3659 3700 4930 4889)
4(3699 4929 4930 3700)
4(3660 3701 4931 4890)
4(3700 4930 4931 3701)
4(3661 3702 4932 4891)
4(3701 4931 4932 3702)
4(3662 3703 4933 4892)
4(3702 4932 4933 3703)
4(3663 3704 4934 4893)
4(3703 4933 4934 3704)
4(3664 3705 4935 4894)
4(3704 4934 4935 3705)
4(3665 3706 4936 4895)
4(3705 4935 4936 3706)
4(3666 3707 4937 4896)
4(3706 4936 4937 3707)
4(3667 3708 4938 4897)
4(3707 4937 4938 3708)
4(3668 3709 4939 4898)
4(3708 4938 4939 3709)
4(3669 3710 4940 4899)
4(3709 4939 4940 3710)
4(3670 3711 4941 4900)
4(3710 4940 4941 3711)
4(3671 3712 4942 4901)
4(3711 4941 4942 3712)
4(3672 3713 4943 4902)
4(3712 4942 4943 3713)
4(3673 3714 4944 4903)
4(3713 4943 4944 3714)
4(3674 3715 4945 4904)
4(3714 4944 4945 3715)
4(3675 3716 4946 4905)
4(3715 4945 4946 3716)
4(3676 3717 4947 4906)
4(3716 4946 4947 3717)
4(3677 3718 4948 4907)
4(3717 4947 4948 3718)
4(3678 3719 4949 4908)
4(3718 4948 4949 3719)
4(3679 3720 4950 4909)
4(3719 4949 4950 3720)
4(3680 3721 4951 4910)
4(3720 4950 4951 3721)
4(3681 3722 4952 4911)
4(3721 4951 4952 3722)
4(3682 3723 4953 4912)
4(3722 4952 4953 3723)
4(3683 3724 4954 4913)
4(3723 4953 4954 3724)
4(3684 3725 4955 4914)
4(3724 4954 4955 3725)
4(3685 3726 4956 4915)
4(3725 4955 4956 3726)
4(3686 3727 4957 4916)
4(3726 4956 4957 3727)
4(3687 3728 4958 4917)
4(3727 4957 4958 3728)
4(3688 3729 4959 4918)
4(3728 4958 4959 3729)
4(3729 4959 4960 3730)
4(3691 3732 4962 4921)
4(3692 3733 4963 4922)
4(3693 3734 4964 4923)
4(3694 3735 4965 4924)
4(3695 3736 4966 4925)
4(3696 3737 4967 4926)
4(3697 3738 4968 4927)
4(3698 3739 4969 4928)
4(3699 3740 4970 4929)
4(3700 3741 4971 4930)
4(3701 3742 4972 4931)
4(3702 3743 4973 4932)
4(3703 3744 4974 4933)
4(3704 3745 4975 4934)
4(3705 3746 4976 4935)
4(3706 3747 4977 4936)
4(3707 3748 4978 4937)
4(3708 3749 4979 4938)
4(3709 3750 4980 4939)
4(3710 3751 4981 4940)
4(3711 3752 4982 4941)
4(3712 3753 4983 4942)
4(3713 3754 4984 4943)
4(3714 3755 4985 4944)
4(3715 3756 4986 4945)
4(3716 3757 4987 4946)
4(3717 3758 4988 4947)
4(3718 3759 4989 4948)
4(3719 3760 4990 4949)
4(3720 3761 4991 4950)
4(3721 3762 4992 4951)
4(3722 3763 4993 4952)
4(3723 3764 4994 4953)
4(3724 3765 4995 4954)
4(3725 3766 4996 4955)
4(3726 3767 4997 4956)
4(3727 3768 4998 4957)
4(3728 3769 4999 4958)
4(3729 3770 5000 4959)
4(0 1 1272 1271)
4(1 2 1273 1272)
4(2 3 1274 1273)
4(3 4 1275 1274)
4(4 5 1276 1275)
4(5 6 1277 1276)
4(6 7 1278 1277)
4(7 8 1279 1278)
4(8 9 1280 1279)
4(9 10 1281 1280)
4(10 11 1282 1281)
4(11 12 1283 1282)
4(12 13 1284 1283)
4(13 14 1285 1284)
4(14 15 1286 1285)
4(15 16 1287 1286)
4(16 17 1288 1287)
4(17 18 1289 1288)
4(18 19 1290 1289)
4(19 20 1291 1290)
4(20 21 1292 1291)
4(21 22 1293 1292)
4(22 23 1294 1293)
4(23 24 1295 1294)
4(24 25 1296 1295)
4(25 26 1297 1296)
4(26 27 1298 1297)
4(27 28 1299 1298)
4(28 29 1300 1299)
4(29 30 1301 1300)
4(30 31 1302 1301)
4(31 32 1303 1302)
4(32 33 1304 1303)
4(33 34 1305 1304)
4(34 35 1306 1305)
4(35 36 1307 1306)
4(36 37 1308 1307)
4(37 38 1309 1308)
4(38 39 1310 1309)
4(39 40 1311 1310)
4(3731 4961 4962 3732)
4(3732 4962 4963 3733)
4(3733 4963 4964 3734)
4(3734 4964 4965 3735)
4(3735 4965 4966 3736)
4(3736 4966 4967 3737)
4(3737 4967 4968 3738)
4(3738 4968 4969 3739)
4(3739 4969 4970 3740)
4(3740 4970 4971 3741)
4(3741 4971 4972 3742)
4(3742 4972 4973 3743)
4(3743 4973 4974 3744)
4(3744 4974 4975 3745)
4(3745 4975 4976 3746)
4(3746 4976 4977 3747)
4(3747 4977 4978 3748)
4(3748 4978 4979 3749)
4(3749 4979 4980 3750)
4(3750 4980 4981 3751)
4(3751 4981 4982 3752)
4(3752 4982 4983 3753)
4(3753 4983 4984 3754)
4(3754 4984 4985 3755)
4(3755 4985 4986 3756)
4(3756 4986 4987 3757)
4(3757 4987 4988 3758)
4(3758 4988 4989 3759)
4(3759 4989 4990 3760)
4(3760 4990 4991 3761)
4(3761 4991 4992 3762)
4(3762 4992 4993 3763)
4(3763 4993 4994 3764)
4(3764 4994 4995 3765)
4(3765 4995 4996 3766)
4(3766 4996 4997 3767)
4(3767 4997 4998 3768)
4(3768 4998 4999 3769)
4(3769 4999 5000 3770)
4(3770 5000 5001 3771)
4(0 41 42 1)
4(41 82 83 42)
4(82 123 124 83)
4(123 164 165 124)
4(164 205 206 165)
4(205 246 247 206)
4(246 287 288 247)
4(287 328 329 288)
4(328 369 370 329)
4(369 410 411 370)
4(410 451 452 411)
4(451 492 493 452)
4(492 533 534 493)
4(533 574 575 534)
4(574 615 616 575)
4(615 656 657 616)
4(656 697 698 657)
4(697 738 739 698)
4(738 779 780 739)
4(779 820 821 780)
4(820 861 862 821)
4(861 902 903 862)
4(902 943 944 903)
4(943 984 985 944)
4(984 1025 1026 985)
4(1025 1066 1067 1026)
4(1066 1107 1108 1067)
4(1107 1148 1149 1108)
4(1148 1189 1190 1149)
4(1189 1230 1231 1190)
4(1 42 43 2)
4(42 83 84 43)
4(83 124 125 84)
4(124 165 166 125)
4(165 206 207 166)
4(206 247 248 207)
4(247 288 289 248)
4(288 329 330 289)
4(329 370 371 330)
4(370 411 412 371)
4(411 452 453 412)
4(452 493 494 453)
4(493 534 535 494)
4(534 575 576 535)
4(575 616 617 576)
4(616 657 658 617)
4(657 698 699 658)
4(698 739 740 699)
4(739 780 781 740)
4(780 821 822 781)
4(821 862 863 822)
4(862 903 904 863)
4(903 944 945 904)
4(944 985 986 945)
4(985 1026 1027 986)
4(1026 1067 1068 1027)
4(1067 1108 1109 1068)
4(1108 1149 1150 1109)
4(1149 1190 1191 1150)
4(1190 1231 1232 1191)
4(2 43 44 3)
4(43 84 85 44)
4(84 125 126 85)
4(125 166 167 126)
4(166 207 208 167)
4(207 248 249 208)
4(248 289 290 249)
4(289 330 331 290)
4(330 371 372 331)
4(371 412 413 372)
4(412 453 454 413)
4(453 494 495 454)
4(494 535 536 495)
4(535 576 577 536)
4(576 617 618 577)
4(617 658 659 618)
4(658 699 700 659)
4(699 740 741 700)
4(740 781 782 741)
4(781 822 823 782)
4(822 863 864 823)
4(863 904 905 864)
4(904 945 946 905)
4(945 986 987 946)
4(986 1027 1028 987)
4(1027 1068 1069 1028)
4(1068 1109 1110 1069)
4(1109 1150 1151 1110)
4(1150 1191 1192 1151)
4(1191 1232 1233 1192)
4(3 44 45 4)
4(44 85 86 45)
4(85 126 127 86)
4(126 167 168 127)
4(167 208 209 168)
4(208 249 250 209)
4(249 290 291 250)
4(290 331 332 291)
4(331 372 373 332)
4(372 413 414 373)
4(413 454 455 414)
4(454 495 496 455)
4(495 536 537 496)
4(536 577 578 537)
4(577 618 619 578)
4(618 659 660 619)
4(659 700 701 660)
4(700 741 742 701)
4(741 782 783 742)
4(782 823 824 783)
4(823 864 865 824)
4(864 905 906 865)
4(905 946 947 906)
4(946 987 988 947)
4(987 1028 1029 988)
4(1028 1069 1070 1029)
4(1069 1110 1111 1070)
4(1110 1151 1152 1111)
4(1151 1192 1193 1152)
4(1192 1233 1234 1193)
4(4 45 46 5)
4(45 86 87 46)
4(86 127 128 87)
4(127 168 169 128)
4(168 209 210 169)
4(209 250 251 210)
4(250 291 292 251)
4(291 332 333 292)
4(332 373 374 333)
4(373 414 415 374)
4(414 455 456 415)
4(455 496 497 456)
4(496 537 538 497)
4(537 578 579 538)
4(578 619 620 579)
4(619 660 661 620)
4(660 701 702 661)
4(701 742 743 702)
4(742 783 784 743)
4(783 824 825 784)
4(824 865 866 825)
4(865 906 907 866)
4(906 947 948 907)
4(947 988 989 948)
4(988 1029 1030 989)
4(1029 1070 1071 1030)
4(1070 1111 1112 1071)
4(1111 1152 1153 1112)
4(1152 1193 1194 1153)
4(1193 1234 1235 1194)
4(5 46 47 6)
4(46 87 88 47)
4(87 128 129 88)
4(128 169 170 129)
4(169 210 211 170)
4(210 251 252 211)
4(251 292 293 252)
4(292 333 334 293)
4(333 374 375 334)
4(374 415 416 375)
4(415 456 457 416)
4(456 497 498 457)
4(497 538 539 498)
4(538 579 580 539)
4(579 620 621 580)
4(620 661 662 621)
4(661 702 703 662)
4(702 743 744 703)
4(743 784 785 744)
4(784 825 826 785)
4(825 866 867 826)
4(866 907 908 867)
4(907 948 949 908)
4(948 989 990 949)
4(989 1030 1031 990)
4(1030 1071 1072 1031)
4(1071 1112 1113 1072)
4(1112 1153 1154 1113)
4(1153 1194 1195 1154)
4(1194 1235 1236 1195)
4(6 47 48 7)
4(47 88 89 48)
4(88 129 130 89)
4(129 170 171 130)
4(170 211 212 171)
4(211 252 253 212)
4(252 293 294 253)
4(293 334 335 294)
4(334 375 376 335)
4(375 416 417 376)
4(416 457 458 417)
4(457 498 499 458)
4(498 539 540 499)
4(539 580 581 540)
4(580 621 622 581)
4(621 662 663 622)
4(662 703 704 663)
4(703 744 745 704)
4(744 785 786 745)
4(785 826 827 786)
4(826 867 868 827)
4(867 908 909 868)
4(908 949 950 909)
4(949 990 991 950)
4(990 1031 1032 991)
4(1031 1072 1073 1032)
4(1072 1113 1114 1073)
4(1113 1154 1155 1114)
4(1154 1195 1196 1155)
4(1195 1236 1237 1196)
4(7 48 49 8)
4(48 89 90 49)
4(89 130 131 90)
4(130 171 172 131)
4(171 212 213 172)
4(212 253 254 213)
4(253 294 295 254)
4(294 335 336 295)
4(335 376 377 336)
4(376 417 418 377)
4(417 458 459 418)
4(458 499 500 459)
4(499 540 541 500)
4(540 581 582 541)
4(581 622 623 582)
4(622 663 664 623)
4(663 704 705 664)
4(704 745 746 705)
4(745 786 787 746)
4(786 827 828 787)
4(827 868 869 828)
4(868 909 910 869)
4(909 950 951 910)
4(950 991 992 951)
4(991 1032 1033 992)
4(1032 1073 1074 1033)
4(1073 1114 1115 1074)
4(1114 1155 1156 1115)
4(1155 1196 1197 1156)
4(1196 1237 1238 1197)
4(8 49 50 9)
4(49 90 91 50)
4(90 131 132 91)
4(131 172 173 132)
4(172 213 214 173)
4(213 254 255 214)
4(254 295 296 255)
4(295 336 337 296)
4(336 377 378 337)
4(377 418 419 378)
4(418 459 460 419)
4(459 500 501 460)
4(500 541 542 501)
4(541 582 583 542)
4(582 623 624 583)
4(623 664 665 624)
4(664 705 706 665)
4(705 746 747 706)
4(746 787 788 747)
4(787 828 829 788)
4(828 869 870 829)
4(869 910 911 870)
4(910 951 952 911)
4(951 992 993 952)
4(992 1033 1034 993)
4(1033 1074 1075 1034)
4(1074 1115 1116 1075)
4(1115 1156 1157 1116)
4(1156 1197 1198 1157)
4(1197 1238 1239 1198)
4(9 50 51 10)
4(50 91 92 51)
4(91 132 133 92)
4(132 173 174 133)
4(173 214 215 174)
4(214 255 256 215)
4(255 296 297 256)
4(296 337 338 297)
4(337 378 379 338)
4(378 419 420 379)
4(419 460 461 420)
4(460 501 502 461)
4(501 542 543 502)
4(542 583 584 543)
4(583 624 625 584)
4(624 665 666 625)
4(665 706 707 666)
4(706 747 748 707)
4(747 788 789 748)
4(788 829 830 789)
4(829 870 871 830)
4(870 911 912 871)
4(911 952 953 912)
4(952 993 994 953)
4(993 1034 1035 994)
4(1034 1075 1076 1035)
4(1075 1116 1117 1076)
4(1116 1157 1158 1117)
4(1157 1198 1199 1158)
4(1198 1239 1240 1199)
4(10 51 52 11)
4(51 92 93 52)
4(92 133 134 93)
4(133 174 175 134)
4(174 215 216 175)
4(215 256 257 216)
4(256 297 298 257)
4(297 338 339 298)
4(338 379 380 339)
4(379 420 421 380)
4(420 461 462 421)
4(461 502 503 462)
4(502 543 544 503)
4(543 584 585 544)
4(584 625 626 585)
4(625 666 667 626)
4(666 707 708 667)
4(707 748 749 708)
4(748 789 790 749)
4(789 830 831 790)
4(830 871 872 831)
4(871 912 913 872)
4(912 953 954 913)
4(953 994 995 954)
4(994 1035 1036 995)
4(1035 1076 1077 1036)
4(1076 1117 1118 1077)
4(1117 1158 1159 1118)
4(1158 1199 1200 1159)
4(1199 1240 1241 1200)
4(11 52 53 12)
4(52 93 94 53)
4(93 134 135 94)
4(134 175 176 135)
4(175 216 217 176)
4(216 257 258 217)
4(257 298 299 258)
4(298 339 340 299)
4(339 380 381 340)
4(380 421 422 381)
4(421 462 463 422)
4(462 503 504 463)
4(503 544 545 504)
4(544 585 586 545)
4(585 626 627 586)
4(626 667 668 627)
4(667 708 709 668)
4(708 749 750 709)
4(749 790 791 750)
4(790 831 832 791)
4(831 872 873 832)
4(872 913 914 873)
4(913 954 955 914)
4(954 995 996 955)
4(995 1036 1037 996)
4(1036 1077 1078 1037)
4(1077 1118 1119 1078)
4(1118 1159 1160 1119)
4(1159 1200 1201 1160)
4(1200 1241 1242 1201)
4(12 53 54 13)
4(53 94 95 54)
4(94 135 136 95)
4(135 176 177 136)
4(176 217 218 177)
4(217 258 259 218)
4(258 299 300 259)
4(299 340 341 300)
4(340 381 382 341)
4(381 422 423 382)
4(422 463 464 423)
4(463 504 505 464)
4(504 545 546 505)
4(545 586 587 546)
4(586 627 628 587)
4(627 668 669 628)
4(668 709 710 669)
4(709 750 751 710)
4(750 791 792 751)
4(791 832 833 792)
4(832 873 874 833)
4(873 914 915 874)
4(914 955 956 915)
4(955 996 997 956)
4(996 1037 1038 997)
4(1037 1078 1079 1038)
4(1078 1119 1120 1079)
4(1119 1160 1161 1120)
4(1160 1201 1202 1161)
4(1201 1242 1243 1202)
4(13 54 55 14)
4(54 95 96 55)
4(95 136 137 96)
4(136 177 178 137)
4(177 218 219 178)
4(218 259 260 219)
4(259 300 301 260)
4(300 341 342 301)
4(341 382 383 342)
4(382 423 424 383)
4(423 464 465 424)
4(464 505 506 465)
4(505 546 547 506)
4(546 587 588 547)
4(587 628 629 588)
4(628 669 670 629)
4(669 710 711 670)
4(710 751 752 711)
4(751 792 793 752)
4(792 833 834 793)
4(833 874 875 834)
4(874 915 916 875)
4(915 956 957 916)
4(956 997 998 957)
4(997 1038 1039 998)
4(1038 1079 1080 1039)
4(1079 1120 1121 1080)
4(1120 1161 1162 1121)
4(1161 1202 1203 1162)
4(1202 1243 1244 1203)
4(14 55 56 15)
4(55 96 97 56)
4(96 137 138 97)
4(137 178 179 138)
4(178 219 220 179)
4(219 260 261 220)
4(260 301 302 261)
4(301 342 343 302)
4(342 383 384 343)
4(383 424 425 384)
4(424 465 466 425)
4(465 506 507 466)
4(506 547 548 507)
4(547 588 589 548)
4(588 629 630 589)
4(629 670 671 630)
4(670 711 712 671)
4(711 752 753 712)
4(752 793 794 753)
4(793 834 835 794)
4(834 875 876 835)
4(875 916 917 876)
4(916 957 958 917)
4(957 998 999 958)
4(998 1039 1040 999)
4(1039 1080 1081 1040)
4(1080 1121 1122 1081)
4(1121 1162 1163 1122)
4(1162 1203 1204 1163)
4(1203 1244 1245 1204)
4(15 56 57 16)
4(56 97 98 57)
4(97 138 139 98)
4(138 179 180 139)
4(179 220 221 180)
4(220 261 262 221)
4(261 302 303 262)
4(302 343 344 303)
4(343 384 385 344)
4(384 425 426 385)
4(425 466 467 426)
4(466 507 508 467)
4(507 548 549 508)
4(548 589 590 549)
4(589 630 631 590)
4(630 671 672 631)
4(671 712 713 672)
4(712 753 754 713)
4(753 794 795 754)
4(794 835 836 795)
4(835 876 877 836)
4(876 917 918 877)
4(917 958 959 918)
4(958 999 1000 959)
4(999 1040 1041 1000)
4(1040 1081 1082 1041)
4(1081 1122 1123 1082)
4(1122 1163 1164 1123)
4(1163 1204 1205 1164)
4(1204 1245 1246 1205)
4(16 57 58 17)
4(57 98 99 58)
4(98 139 140 99)
4(139 180 181 140)
4(180 221 222 181)
4(221 262 263 222)
4(262 303 304 263)
4(303 344 345 304)
4(344 385 386 345)
4(385 426 427 386)
4(426 467 468 427)
4(467 508 509 468)
4(508 549 550 509)
4(549 590 591 550)
4(590 631 632 591)
4(631 672 673 632)
4(672 713 714 673)
4(713 754 755 714)
4(754 795 796 755)
4(795 836 837 796)
4(836 877 878 837)
4(877 918 919 878)
4(918 959 960 919)
4(959 1000 1001 960)
4(1000 1041 1042 1001)
4(1041 1082 1083 1042)
4(1082 1123 1124 1083)
4(1123 1164 1165 1124)
4(1164 1205 1206 1165)
4(1205 1246 1247 1206)
4(17 58 59 18)
4(58 99 100 59)
4(99 140 141 100)
4(140 181 182 141)
4(181 222 223 182)
4(222 263 264 223)
4(263 304 305 264)
4(304 345 346 305)
4(345 386 387 346)
4(386 427 428 387)
4(427 468 469 428)
4(468 509 510 469)
4(509 550 551 510)
4(550 591 592 551)
4(591 632 633 592)
4(632 673 674 633)
4(673 714 715 674)
4(714 755 756 715)
4(755 796 797 756)
4(796 837 838 797)
4(837 878 879 838)
4(878 919 920 879)
4(919 960 961 920)
4(960 1001 1002 961)
4(1001 1042 1043 1002)
4(1042 1083 1084 1043)
4(1083 1124 1125 1084)
4(1124 1165 1166 1125)
4(1165 1206 1207 1166)
4(1206 1247 1248 1207)
4(18 59 60 19)
4(59 100 101 60)
4(100 141 142 101)
4(141 182 183 142)
4(182 223 224 183)
4(223 264 265 224)
4(264 305 306 265)
4(305 346 347 306)
4(346 387 388 347)
4(387 428 429 388)
4(428 469 470 429)
4(469 510 511 470)
4(510 551 552 511)
4(551 592 593 552)
4(592 633 634 593)
4(633 674 675 634)
4(674 715 716 675)
4(715 756 757 716)
4(756 797 798 757)
4(797 838 839 798)
4(838 879 880 839)
4(879 920 921 880)
4(920 961 962 921)
4(961 1002 1003 962)
4(1002 1043 1044 1003)
4(1043 1084 1085 1044)
4(1084 1125 1126 1085)
4(1125 1166 1167 1126)
4(1166 1207 1208 1167)
4(1207 1248 1249 1208)
4(19 60 61 20)
4(60 101 102 61)
4(101 142 143 102)
4(142 183 184 143)
4(183 224 225 184)
4(224 265 266 225)
4(265 306 307 266)
4(306 347 348 307)
4(347 388 389 348)
4(388 429 430 389)
4(429 470 471 430)
4(470 511 512 471)
4(511 552 553 512)
4(552 593 594 553)
4(593 634 635 594)
4(634 675 676 635)
4(675 716 717 676)
4(716 757 758 717)
4(757 798 799 758)
4(798 839 840 799)
4(839 880 881 840)
4(880 921 922 881)
4(921 962 963 922)
4(962 1003 1004 963)
4(1003 1044 1045 1004)
4(1044 1085 1086 1045)
4(1085 1126 1127 1086)
4(1126 1167 1168 1127)
4(1167 1208 1209 1168)
4(1208 1249 1250 1209)
4(20 61 62 21)
4(61 102 103 62)
4(102 143 144 103)
4(143 184 185 144)
4(184 225 226 185)
4(225 266 267 226)
4(266 307 308 267)
4(307 348 349 308)
4(348 389 390 349)
4(389 430 431 390)
4(430 471 472 431)
4(471 512 513 472)
4(512 553 554 513)
4(553 594 595 554)
4(594 635 636 595)
4(635 676 677 636)
4(676 717 718 677)
4(717 758 759 718)
4(758 799 800 759)
4(799 840 841 800)
4(840 881 882 841)
4(881 922 923 882)
4(922 963 964 923)
4(963 1004 1005 964)
4(1004 1045 1046 1005)
4(1045 1086 1087 1046)
4(1086 1127 1128 1087)
4(1127 1168 1169 1128)
4(1168 1209 1210 1169)
4(1209 1250 1251 1210)
4(21 62 63 22)
4(62 103 104 63)
4(103 144 145 104)
4(144 185 186 145)
4(185 226 227 186)
4(226 267 268 227)
4(267 308 309 268)
4(308 349 350 309)
4(349 390 391 350)
4(390 431 432 391)
4(431 472 473 432)
4(472 513 514 473)
4(513 554 555 514)
4(554 595 596 555)
4(595 636 637 596)
4(636 677 678 637)
4(677 718 719 678)
4(718 759 760 719)
4(759 800 801 760)
4(800 841 842 801)
4(841 882 883 842)
4(882 923 924 883)
4(923 964 965 924)
4(964 1005 1006 965)
4(1005 1046 1047 1006)
4(1046 1087 1088 1047)
4(1087 1128 1129 1088)
4(1128 1169 1170 1129)
4(1169 1210 1211 1170)
4(1210 1251 1252 1211)
4(22 63 64 23)
4(63 104 105 64)
4(104 145 146 105)
4(145 186 187 146)
4(186 227 228 187)
4(227 268 269 228)
4(268 309 310 269)
4(309 350 351 310)
4(350 391 392 351)
4(391 432 433 392)
4(432 473 474 433)
4(473 514 515 474)
4(514 555 556 515)
4(555 596 597 556)
4(596 637 638 597)
4(637 678 679 638)
4(678 719 720 679)
4(719 760 761 720)
4(760 801 802 761)
4(801 842 843 802)
4(842 883 884 843)
4(883 924 925 884)
4(924 965 966 925)
4(965 1006 1007 966)
4(1006 1047 1048 1007)
4(1047 1088 1089 1048)
4(1088 1129 1130 1089)
4(1129 1170 1171 1130)
4(1170 1211 1212 1171)
4(1211 1252 1253 1212)
4(23 64 65 24)
4(64 105 106 65)
4(105 146 147 106)
4(146 187 188 147)
4(187 228 229 188)
4(228 269 270 229)
4(269 310 311 270)
4(310 351 352 311)
4(351 392 393 352)
4(392 433 434 393)
4(433 474 475 434)
4(474 515 516 475)
4(515 556 557 516)
4(556 597 598 557)
4(597 638 639 598)
4(638 679 680 639)
4(679 720 721 680)
4(720 761 762 721)
4(761 802 803 762)
4(802 843 844 803)
4(843 884 885 844)
4(884 925 926 885)
4(925 966 967 926)
4(966 1007 1008 967)
4(1007 1048 1049 1008)
4(1048 1089 1090 1049)
4(1089 1130 1131 1090)
4(1130 1171 1172 1131)
4(1171 1212 1213 1172)
4(1212 1253 1254 1213)
4(24 65 66 25)
4(65 106 107 66)
4(106 147 148 107)
4(147 188 189 148)
4(188 229 230 189)
4(229 270 271 230)
4(270 311 312 271)
4(311 352 353 312)
4(352 393 394 353)
4(393 434 435 394)
4(434 475 476 435)
4(475 516 517 476)
4(516 557 558 517)
4(557 598 599 558)
4(598 639 640 599)
4(639 680 681 640)
4(680 721 722 681)
4(721 762 763 722)
4(762 803 804 763)
4(803 844 845 804)
4(844 885 886 845)
4(885 926 927 886)
4(926 967 968 927)
4(967 1008 1009 968)
4(1008 1049 1050 1009)
4(1049 1090 1091 1050)
4(1090 1131 1132 1091)
4(1131 1172 1173 1132)
4(1172 1213 1214 1173)
4(1213 1254 1255 1214)
4(25 66 67 26)
4(66 107 108 67)
4(107 148 149 108)
4(148 189 190 149)
4(189 230 231 190)
4(230 271 272 231)
4(271 312 313 272)
4(312 353 354 313)
4(353 394 395 354)
4(394 435 436 395)
4(435 476 477 436)
4(476 517 518 477)
4(517 558 559 518)
4(558 599 600 559)
4(599 640 641 600)
4(640 681 682 641)
4(681 722 723 682)
4(722 763 764 723)
4(763 804 805 764)
4(804 845 846 805)
4(845 886 887 846)
4(886 927 928 887)
4(927 968 969 928)
4(968 1009 1010 969)
4(1009 1050 1051 1010)
4(1050 1091 1092 1051)
4(1091 1132 1133 1092)
4(1132 1173 1174 1133)
4(1173 1214 1215 1174)
4(1214 1255 1256 1215)
4(26 67 68 27)
4(67 108 109 68)
4(108 149 150 109)
4(149 190 191 150)
4(190 231 232 191)
4(231 272 273 232)
4(272 313 314 273)
4(313 354 355 314)
4(354 395 396 355)
4(395 436 437 396)
4(436 477 478 437)
4(477 518 519 478)
4(518 559 560 519)
4(559 600 601 560)
4(600 641 642 601)
4(641 682 683 642)
4(682 723 724 683)
4(723 764 765 724)
4(764 805 806 765)
4(805 846 847 806)
4(846 887 888 847)
4(887 928 929 888)
4(928 969 970 929)
4(969 1010 1011 970)
4(1010 1051 1052 1011)
4(1051 1092 1093 1052)
4(1092 1133 1134 1093)
4(1133 1174 1175 1134)
4(1174 1215 1216 1175)
4(1215 1256 1257 1216)
4(27 68 69 28)
4(68 109 110 69)
4(109 150 151 110)
4(150 191 192 151)
4(191 232 233 192)
4(232 273 274 233)
4(273 314 315 274)
4(314 355 356 315)
4(355 396 397 356)
4(396 437 438 397)
4(437 478 479 438)
4(478 519 520 479)
4(519 560 561 520)
4(560 601 602 561)
4(601 642 643 602)
4(642 683 684 643)
4(683 724 725 684)
4(724 765 766 725)
4(765 806 807 766)
4(806 847 848 807)
4(847 888 889 848)
4(888 929 930 889)
4(929 970 971 930)
4(970 1011 1012 971)
4(1011 1052 1053 1012)
4(1052 1093 1094 1053)
4(1093 1134 1135 1094)
4(1134 1175 1176 1135)
4(1175 1216 1217 1176)
4(1216 1257 1258 1217)
4(28 69 70 29)
4(69 110 111 70)
4(110 151 152 111)
4(151 192 193 152)
4(192 233 234 193)
4(233 274 275 234)
4(274 315 316 275)
4(315 356 357 316)
4(356 397 398 357)
4(397 438 439 398)
4(438 479 480 439)
4(479 520 521 480)
4(520 561 562 521)
4(561 602 603 562)
4(602 643 644 603)
4(643 684 685 644)
4(684 725 726 685)
4(725 766 767 726)
4(766 807 808 767)
4(807 848 849 808)
4(848 889 890 849)
4(889 930 931 890)
4(930 971 972 931)
4(971 1012 1013 972)
4(1012 1053 1054 1013)
4(1053 1094 1095 1054)
4(1094 1135 1136 1095)
4(1135 1176 1177 1136)
4(1176 1217 1218 1177)
4(1217 1258 1259 1218)
4(29 70 71 30)
4(70 111 112 71)
4(111 152 153 112)
4(152 193 194 153)
4(193 234 235 194)
4(234 275 276 235)
4(275 316 317 276)
4(316 357 358 317)
4(357 398 399 358)
4(398 439 440 399)
4(439 480 481 440)
4(480 521 522 481)
4(521 562 563 522)
4(562 603 604 563)
4(603 644 645 604)
4(644 685 686 645)
4(685 726 727 686)
4(726 767 768 727)
4(767 808 809 768)
4(808 849 850 809)
4(849 890 891 850)
4(890 931 932 891)
4(931 972 973 932)
4(972 1013 1014 973)
4(1013 1054 1055 1014)
4(1054 1095 1096 1055)
4(1095 1136 1137 1096)
4(1136 1177 1178 1137)
4(1177 1218 1219 1178)
4(1218 1259 1260 1219)
4(30 71 72 31)
4(71 112 113 72)
4(112 153 154 113)
4(153 194 195 154)
4(194 235 236 195)
4(235 276 277 236)
4(276 317 318 277)
4(317 358 359 318)
4(358 399 400 359)
4(399 440 441 400)
4(440 481 482 441)
4(481 522 523 482)
4(522 563 564 523)
4(563 604 605 564)
4(604 645 646 605)
4(645 686 687 646)
4(686 727 728 687)
4(727 768 769 728)
4(768 809 810 769)
4(809 850 851 810)
4(850 891 892 851)
4(891 932 933 892)
4(932 973 974 933)
4(973 1014 1015 974)
4(1014 1055 1056 1015)
4(1055 1096 1097 1056)
4(1096 1137 1138 1097)
4(1137 1178 1179 1138)
4(1178 1219 1220 1179)
4(1219 1260 1261 1220)
4(31 72 73 32)
4(72 113 114 73)
4(113 154 155 114)
4(154 195 196 155)
4(195 236 237 196)
4(236 277 278 237)
4(277 318 319 278)
4(318 359 360 319)
4(359 400 401 360)
4(400 441 442 401)
4(441 482 483 442)
4(482 523 524 483)
4(523 564 565 524)
4(564 605 606 565)
4(605 646 647 606)
4(646 687 688 647)
4(687 728 729 688)
4(728 769 770 729)
4(769 810 811 770)
4(810 851 852 811)
4(851 892 893 852)
4(892 933 934 893)
4(933 974 975 934)
4(974 1015 1016 975)
4(1015 1056 1057 1016)
4(1056 1097 1098 1057)
4(1097 1138 1139 1098)
4(1138 1179 1180 1139)
4(1179 1220 1221 1180)
4(1220 1261 1262 1221)
4(32 73 74 33)
4(73 114 115 74)
4(114 155 156 115)
4(155 196 197 156)
4(196 237 238 197)
4(237 278 279 238)
4(278 319 320 279)
4(319 360 361 320)
4(360 401 402 361)
4(401 442 443 402)
4(442 483 484 443)
4(483 524 525 484)
4(524 565 566 525)
4(565 606 607 566)
4(606 647 648 607)
4(647 688 689 648)
4(688 729 730 689)
4(729 770 771 730)
4(770 811 812 771)
4(811 852 853 812)
4(852 893 894 853)
4(893 934 935 894)
4(934 975 976 935)
4(975 1016 1017 976)
4(1016 1057 1058 1017)
4(1057 1098 1099 1058)
4(1098 1139 1140 1099)
4(1139 1180 1181 1140)
4(1180 1221 1222 1181)
4(1221 1262 1263 1222)
4(33 74 75 34)
4(74 115 116 75)
4(115 156 157 116)
4(156 197 198 157)
4(197 238 239 198)
4(238 279 280 239)
4(279 320 321 280)
4(320 361 362 321)
4(361 402 403 362)
4(402 443 444 403)
4(443 484 485 444)
4(484 525 526 485)
4(525 566 567 526)
4(566 607 608 567)
4(607 648 649 608)
4(648 689 690 649)
4(689 730 731 690)
4(730 771 772 731)
4(771 812 813 772)
4(812 853 854 813)
4(853 894 895 854)
4(894 935 936 895)
4(935 976 977 936)
4(976 1017 1018 977)
4(1017 1058 1059 1018)
4(1058 1099 1100 1059)
4(1099 1140 1141 1100)
4(1140 1181 1182 1141)
4(1181 1222 1223 1182)
4(1222 1263 1264 1223)
4(34 75 76 35)
4(75 116 117 76)
4(116 157 158 117)
4(157 198 199 158)
4(198 239 240 199)
4(239 280 281 240)
4(280 321 322 281)
4(321 362 363 322)
4(362 403 404 363)
4(403 444 445 404)
4(444 485 486 445)
4(485 526 527 486)
4(526 567 568 527)
4(567 608 609 568)
4(608 649 650 609)
4(649 690 691 650)
4(690 731 732 691)
4(731 772 773 732)
4(772 813 814 773)
4(813 854 855 814)
4(854 895 896 855)
4(895 936 937 896)
4(936 977 978 937)
4(977 1018 1019 978)
4(1018 1059 1060 1019)
4(1059 1100 1101 1060)
4(1100 1141 1142 1101)
4(1141 1182 1183 1142)
4(1182 1223 1224 1183)
4(1223 1264 1265 1224)
4(35 76 77 36)
4(76 117 118 77)
4(117 158 159 118)
4(158 199 200 159)
4(199 240 241 200)
4(240 281 282 241)
4(281 322 323 282)
4(322 363 364 323)
4(363 404 405 364)
4(404 445 446 405)
4(445 486 487 446)
4(486 527 528 487)
4(527 568 569 528)
4(568 609 610 569)
4(609 650 651 610)
4(650 691 692 651)
4(691 732 733 692)
4(732 773 774 733)
4(773 814 815 774)
4(814 855 856 815)
4(855 896 897 856)
4(896 937 938 897)
4(937 978 979 938)
4(978 1019 1020 979)
4(1019 1060 1061 1020)
4(1060 1101 1102 1061)
4(1101 1142 1143 1102)
4(1142 1183 1184 1143)
4(1183 1224 1225 1184)
4(1224 1265 1266 1225)
4(36 77 78 37)
4(77 118 119 78)
4(118 159 160 119)
4(159 200 201 160)
4(200 241 242 201)
4(241 282 283 242)
4(282 323 324 283)
4(323 364 365 324)
4(364 405 406 365)
4(405 446 447 406)
4(446 487 488 447)
4(487 528 529 488)
4(528 569 570 529)
4(569 610 611 570)
4(610 651 652 611)
4(651 692 693 652)
4(692 733 734 693)
4(733 774 775 734)
4(774 815 816 775)
4(815 856 857 816)
4(856 897 898 857)
4(897 938 939 898)
4(938 979 980 939)
4(979 1020 1021 980)
4(1020 1061 1062 1021)
4(1061 1102 1103 1062)
4(1102 1143 1144 1103)
4(1143 1184 1185 1144)
4(1184 1225 1226 1185)
4(1225 1266 1267 1226)
4(37 78 79 38)
4(78 119 120 79)
4(119 160 161 120)
4(160 201 202 161)
4(201 242 243 202)
4(242 283 284 243)
4(283 324 325 284)
4(324 365 366 325)
4(365 406 407 366)
4(406 447 448 407)
4(447 488 489 448)
4(488 529 530 489)
4(529 570 571 530)
4(570 611 612 571)
4(611 652 653 612)
4(652 693 694 653)
4(693 734 735 694)
4(734 775 776 735)
4(775 816 817 776)
4(816 857 858 817)
4(857 898 899 858)
4(898 939 940 899)
4(939 980 981 940)
4(980 1021 1022 981)
4(1021 1062 1063 1022)
4(1062 1103 1104 1063)
4(1103 1144 1145 1104)
4(1144 1185 1186 1145)
4(1185 1226 1227 1186)
4(1226 1267 1268 1227)
4(38 79 80 39)
4(79 120 121 80)
4(120 161 162 121)
4(161 202 203 162)
4(202 243 244 203)
4(243 284 285 244)
4(284 325 326 285)
4(325 366 367 326)
4(366 407 408 367)
4(407 448 449 408)
4(448 489 490 449)
4(489 530 531 490)
4(530 571 572 531)
4(571 612 613 572)
4(612 653 654 613)
4(653 694 695 654)
4(694 735 736 695)
4(735 776 777 736)
4(776 817 818 777)
4(817 858 859 818)
4(858 899 900 859)
4(899 940 941 900)
4(940 981 982 941)
4(981 1022 1023 982)
4(1022 1063 1064 1023)
4(1063 1104 1105 1064)
4(1104 1145 1146 1105)
4(1145 1186 1187 1146)
4(1186 1227 1228 1187)
4(1227 1268 1269 1228)
4(39 80 81 40)
4(80 121 122 81)
4(121 162 163 122)
4(162 203 204 163)
4(203 244 245 204)
4(244 285 286 245)
4(285 326 327 286)
4(326 367 368 327)
4(367 408 409 368)
4(408 449 450 409)
4(449 490 491 450)
4(490 531 532 491)
4(531 572 573 532)
4(572 613 614 573)
4(613 654 655 614)
4(654 695 696 655)
4(695 736 737 696)
4(736 777 778 737)
4(777 818 819 778)
4(818 859 860 819)
4(859 900 901 860)
4(900 941 942 901)
4(941 982 983 942)
4(982 1023 1024 983)
4(1023 1064 1065 1024)
4(1064 1105 1106 1065)
4(1105 1146 1147 1106)
4(1146 1187 1188 1147)
4(1187 1228 1229 1188)
4(1228 1269 1270 1229)
4(1271 1272 1313 1312)
4(1312 1313 1354 1353)
4(1353 1354 1395 1394)
4(1394 1395 1436 1435)
4(1435 1436 1477 1476)
4(1476 1477 1518 1517)
4(1517 1518 1559 1558)
4(1558 1559 1600 1599)
4(1599 1600 1641 1640)
4(1640 1641 1682 1681)
4(1681 1682 1723 1722)
4(1722 1723 1764 1763)
4(1763 1764 1805 1804)
4(1804 1805 1846 1845)
4(1845 1846 1887 1886)
4(1886 1887 1928 1927)
4(1927 1928 1969 1968)
4(1968 1969 2010 2009)
4(2009 2010 2051 2050)
4(2050 2051 2092 2091)
4(2091 2092 2133 2132)
4(2132 2133 2174 2173)
4(2173 2174 2215 2214)
4(2214 2215 2256 2255)
4(2255 2256 2297 2296)
4(2296 2297 2338 2337)
4(2337 2338 2379 2378)
4(2378 2379 2420 2419)
4(2419 2420 2461 2460)
4(2460 2461 2502 2501)
4(1272 1273 1314 1313)
4(1313 1314 1355 1354)
4(1354 1355 1396 1395)
4(1395 1396 1437 1436)
4(1436 1437 1478 1477)
4(1477 1478 1519 1518)
4(1518 1519 1560 1559)
4(1559 1560 1601 1600)
4(1600 1601 1642 1641)
4(1641 1642 1683 1682)
4(1682 1683 1724 1723)
4(1723 1724 1765 1764)
4(1764 1765 1806 1805)
4(1805 1806 1847 1846)
4(1846 1847 1888 1887)
4(1887 1888 1929 1928)
4(1928 1929 1970 1969)
4(1969 1970 2011 2010)
4(2010 2011 2052 2051)
4(2051 2052 2093 2092)
4(2092 2093 2134 2133)
4(2133 2134 2175 2174)
4(2174 2175 2216 2215)
4(2215 2216 2257 2256)
4(2256 2257 2298 2297)
4(2297 2298 2339 2338)
4(2338 2339 2380 2379)
4(2379 2380 2421 2420)
4(2420 2421 2462 2461)
4(2461 2462 2503 2502)
4(1273 1274 1315 1314)
4(1314 1315 1356 1355)
4(1355 1356 1397 1396)
4(1396 1397 1438 1437)
4(1437 1438 1479 1478)
4(1478 1479 1520 1519)
4(1519 1520 1561 1560)
4(1560 1561 1602 1601)
4(1601 1602 1643 1642)
4(1642 1643 1684 1683)
4(1683 1684 1725 1724)
4(1724 1725 1766 1765)
4(1765 1766 1807 1806)
4(1806 1807 1848 1847)
4(1847 1848 1889 1888)
4(1888 1889 1930 1929)
4(1929 1930 1971 1970)
4(1970 1971 2012 2011)
4(2011 2012 2053 2052)
4(2052 2053 2094 2093)
4(2093 2094 2135 2134)
4(2134 2135 2176 2175)
4(2175 2176 2217 2216)
4(2216 2217 2258 2257)
4(2257 2258 2299 2298)
4(2298 2299 2340 2339)
4(2339 2340 2381 2380)
4(2380 2381 2422 2421)
4(2421 2422 2463 2462)
4(2462 2463 2504 2503)
4(1274 1275 1316 1315)
4(1315 1316 1357 1356)
4(1356 1357 1398 1397)
4(1397 1398 1439 1438)
4(1438 1439 1480 1479)
4(1479 1480 1521 1520)
4(1520 1521 1562 1561)
4(1561 1562 1603 1602)
4(1602 1603 1644 1643)
4(1643 1644 1685 1684)
4(1684 1685 1726 1725)
4(1725 1726 1767 1766)
4(1766 1767 1808 1807)
4(1807 1808 1849 1848)
4(1848 1849 1890 1889)
4(1889 1890 1931 1930)
4(1930 1931 1972 1971)
4(1971 1972 2013 2012)
4(2012 2013 2054 2053)
4(2053 2054 2095 2094)
4(2094 2095 2136 2135)
4(2135 2136 2177 2176)
4(2176 2177 2218 2217)
4(2217 2218 2259 2258)
4(2258 2259 2300 2299)
4(2299 2300 2341 2340)
4(2340 2341 2382 2381)
4(2381 2382 2423 2422)
4(2422 2423 2464 2463)
4(2463 2464 2505 2504)
4(1275 1276 1317 1316)
4(1316 1317 1358 1357)
4(1357 1358 1399 1398)
4(1398 1399 1440 1439)
4(1439 1440 1481 1480)
4(1480 1481 1522 1521)
4(1521 1522 1563 1562)
4(1562 1563 1604 1603)
4(1603 1604 1645 1644)
4(1644 1645 1686 1685)
4(1685 1686 1727 1726)
4(1726 1727 1768 1767)
4(1767 1768 1809 1808)
4(1808 1809 1850 1849)
4(1849 1850 1891 1890)
4(1890 1891 1932 1931)
4(1931 1932 1973 1972)
4(1972 1973 2014 2013)
4(2013 2014 2055 2054)
4(2054 2055 2096 2095)
4(2095 2096 2137 2136)
4(2136 2137 2178 2177)
4(2177 2178 2219 2218)
4(2218 2219 2260 2259)
4(2259 2260 2301 2300)
4(2300 2301 2342 2341)
4(2341 2342 2383 2382)
4(2382 2383 2424 2423)
4(2423 2424 2465 2464)
4(2464 2465 2506 2505)
4(1276 1277 1318 1317)
4(1317 1318 1359 1358)
4(1358 1359 1400 1399)
4(1399 1400 1441 1440)
4(1440 1441 1482 1481)
4(1481 1482 1523 1522)
4(1522 1523 1564 1563)
4(1563 1564 1605 1604)
4(1604 1605 1646 1645)
4(1645 1646 1687 1686)
4(1686 1687 1728 1727)
4(1727 1728 1769 1768)
4(1768 1769 1810 1809)
4(1809 1810 1851 1850)
4(1850 1851 1892 1891)
4(1891 1892 1933 1932)
4(1932 1933 1974 1973)
4(1973 1974 2015 2014)
4(2014 2015 2056 2055)
4(2055 2056 2097 2096)
4(2096 2097 2138 2137)
4(2137 2138 2179 2178)
4(2178 2179 2220 2219)
4(2219 2220 2261 2260)
4(2260 2261 2302 2301)
4(2301 2302 2343 2342)
4(2342 2343 2384 2383)
4(2383 2384 2425 2424)
4(2424 2425 2466 2465)
4(2465 2466 2507 2506)
4(1277 1278 1319 1318)
4(1318 1319 1360 1359)
4(1359 1360 1401 1400)
4(1400 1401 1442 1441)
4(1441 1442 1483 1482)
4(1482 1483 1524 1523)
4(1523 1524 1565 1564)
4(1564 1565 1606 1605)
4(1605 1606 1647 1646)
4(1646 1647 1688 1687)
4(1687 1688 1729 1728)
4(1728 1729 1770 1769)
4(1769 1770 1811 1810)
4(1810 1811 1852 1851)
4(1851 1852 1893 1892)
4(1892 1893 1934 1933)
4(1933 1934 1975 1974)
4(1974 1975 2016 2015)
4(2015 2016 2057 2056)
4(2056 2057 2098 2097)
4(2097 2098 2139 2138)
4(2138 2139 2180 2179)
4(2179 2180 2221 2220)
4(2220 2221 2262 2261)
4(2261 2262 2303 2302)
4(2302 2303 2344 2343)
4(2343 2344 2385 2384)
4(2384 2385 2426 2425)
4(2425 2426 2467 2466)
4(2466 2467 2508 2507)
4(1278 1279 1320 1319)
4(1319 1320 1361 1360)
4(1360 1361 1402 1401)
4(1401 1402 1443 1442)
4(1442 1443 1484 1483)
4(1483 1484 1525 1524)
4(1524 1525 1566 1565)
4(1565 1566 1607 1606)
4(1606 1607 1648 1647)
4(1647 1648 1689 1688)
4(1688 1689 1730 1729)
4(1729 1730 1771 1770)
4(1770 1771 1812 1811)
4(1811 1812 1853 1852)
4(1852 1853 1894 1893)
4(1893 1894 1935 1934)
4(1934 1935 1976 1975)
4(1975 1976 2017 2016)
4(2016 2017 2058 2057)
4(2057 2058 2099 2098)
4(2098 2099 2140 2139)
4(2139 2140 2181 2180)
4(2180 2181 2222 2221)
4(2221 2222 2263 2262)
4(2262 2263 2304 2303)
4(2303 2304 2345 2344)
4(2344 2345 2386 2385)
4(2385 2386 2427 2426)
4(2426 2427 2468 2467)
4(2467 2468 2509 2508)
4(1279 1280 1321 1320)
4(1320 1321 1362 1361)
4(1361 1362 1403 1402)
4(1402 1403 1444 1443)
4(1443 1444 1485 1484)
4(1484 1485 1526 1525)
4(1525 1526 1567 1566)
4(1566 1567 1608 1607)
4(1607 1608 1649 1648)
4(1648 1649 1690 1689)
4(1689 1690 1731 1730)
4(1730 1731 1772 1771)
4(1771 1772 1813 1812)
4(1812 1813 1854 1853)
4(1853 1854 1895 1894)
4(1894 1895 1936 1935)
4(1935 1936 1977 1976)
4(1976 1977 2018 2017)
4(2017 2018 2059 2058)
4(2058 2059 2100 2099)
4(2099 2100 2141 2140)
4(2140 2141 2182 2181)
4(2181 2182 2223 2222)
4(2222 2223 2264 2263)
4(2263 2264 2305 2304)
4(2304 2305 2346 2345)
4(2345 2346 2387 2386)
4(2386 2387 2428 2427)
4(2427 2428 2469 2468)
4(2468 2469 2510 2509)
4(1280 1281 1322 1321)
4(1321 1322 1363 1362)
4(1362 1363 1404 1403)
4(1403 1404 1445 1444)
4(1444 1445 1486 1485)
4(1485 1486 1527 1526)
4(1526 1527 1568 1567)
4(1567 1568 1609 1608)
4(1608 1609 1650 1649)
4(1649 1650 1691 1690)
4(1690 1691 1732 1731)
4(1731 1732 1773 1772)
4(1772 1773 1814 1813)
4(1813 1814 1855 1854)
4(1854 1855 1896 1895)
4(1895 1896 1937 1936)
4(1936 1937 1978 1977)
4(1977 1978 2019 2018)
4(2018 2019 2060 2059)
4(2059 2060 2101 2100)
4(2100 2101 2142 2141)
4(2141 2142 2183 2182)
4(2182 2183 2224 2223)
4(2223 2224 2265 2264)
4(2264 2265 2306 2305)
4(2305 2306 2347 2346)
4(2346 2347 2388 2387)
4(2387 2388 2429 2428)
4(2428 2429 2470 2469)
4(2469 2470 2511 2510)
4(1281 1282 1323 1322)
4(1322 1323 1364 1363)
4(1363 1364 1405 1404)
4(1404 1405 1446 1445)
4(1445 1446 1487 1486)
4(1486 1487 1528 1527)
4(1527 1528 1569 1568)
4(1568 1569 1610 1609)
4(1609 1610 1651 1650)
4(1650 1651 1692 1691)
4(1691 1692 1733 1732)
4(1732 1733 1774 1773)
4(1773 1774 1815 1814)
4(1814 1815 1856 1855)
4(1855 1856 1897 1896)
4(1896 1897 1938 1937)
4(1937 1938 1979 1978)
4(1978 1979 2020 2019)
4(2019 2020 2061 2060)
4(2060 2061 2102 2101)
4(2101 2102 2143 2142)
4(2142 2143 2184 2183)
4(2183 2184 2225 2224)
4(2224 2225 2266 2265)
4(2265 2266 2307 2306)
4(2306 2307 2348 2347)
4(2347 2348 2389 2388)
4(2388 2389 2430 2429)
4(2429 2430 2471 2470)
4(2470 2471 2512 2511)
4(1282 1283 1324 1323)
4(1323 1324 1365 1364)
4(1364 1365 1406 1405)
4(1405 1406 1447 1446)
4(1446 1447 1488 1487)
4(1487 1488 1529 1528)
4(1528 1529 1570 1569)
4(1569 1570 1611 1610)
4(1610 1611 1652 1651)
4(1651 1652 1693 1692)
4(1692 1693 1734 1733)
4(1733 1734 1775 1774)
4(1774 1775 1816 1815)
4(1815 1816 1857 1856)
4(1856 1857 1898 1897)
4(1897 1898 1939 1938)
4(1938 1939 1980 1979)
4(1979 1980 2021 2020)
4(2020 2021 2062 2061)
4(2061 2062 2103 2102)
4(2102 2103 2144 2143)
4(2143 2144 2185 2184)
4(2184 2185 2226 2225)
4(2225 2226 2267 2266)
4(2266 2267 2308 2307)
4(2307 2308 2349 2348)
4(2348 2349 2390 2389)
4(2389 2390 2431 2430)
4(2430 2431 2472 2471)
4(2471 2472 2513 2512)
4(1283 1284 1325 1324)
4(1324 1325 1366 1365)
4(1365 1366 1407 1406)
4(1406 1407 1448 1447)
4(1447 1448 1489 1488)
4(1488 1489 1530 1529)
4(1529 1530 1571 1570)
4(1570 1571 1612 1611)
4(1611 1612 1653 1652)
4(1652 1653 1694 1693)
4(1693 1694 1735 1734)
4(1734 1735 1776 1775)
4(1775 1776 1817 1816)
4(1816 1817 1858 1857)
4(1857 1858 1899 1898)
4(1898 1899 1940 1939)
4(1939 1940 1981 1980)
4(1980 1981 2022 2021)
4(2021 2022 2063 2062)
4(2062 2063 2104 2103)
4(2103 2104 2145 2144)
4(2144 2145 2186 2185)
4(2185 2186 2227 2226)
4(2226 2227 2268 2267)
4(2267 2268 2309 2308)
4(2308 2309 2350 2349)
4(2349 2350 2391 2390)
4(2390 2391 2432 2431)
4(2431 2432 2473 2472)
4(2472 2473 2514 2513)
4(1284 1285 1326 1325)
4(1325 1326 1367 1366)
4(1366 1367 1408 1407)
4(1407 1408 1449 1448)
4(1448 1449 1490 1489)
4(1489 1490 1531 1530)
4(1530 1531 1572 1571)
4(1571 1572 1613 1612)
4(1612 1613 1654 1653)
4(1653 1654 1695 1694)
4(1694 1695 1736 1735)
4(1735 1736 1777 1776)
4(1776 1777 1818 1817)
4(1817 1818 1859 1858)
4(1858 1859 1900 1899)
4(1899 1900 1941 1940)
4(1940 1941 1982 1981)
4(1981 1982 2023 2022)
4(2022 2023 2064 2063)
4(2063 2064 2105 2104)
4(2104 2105 2146 2145)
4(2145 2146 2187 2186)
4(2186 2187 2228 2227)
4(2227 2228 2269 2268)
4(2268 2269 2310 2309)
4(2309 2310 2351 2350)
4(2350 2351 2392 2391)
4(2391 2392 2433 2432)
4(2432 2433 2474 2473)
4(2473 2474 2515 2514)
4(1285 1286 1327 1326)
4(1326 1327 1368 1367)
4(1367 1368 1409 1408)
4(1408 1409 1450 1449)
4(1449 1450 1491 1490)
4(1490 1491 1532 1531)
4(1531 1532 1573 1572)
4(1572 1573 1614 1613)
4(1613 1614 1655 1654)
4(1654 1655 1696 1695)
4(1695 1696 1737 1736)
4(1736 1737 1778 1777)
4(1777 1778 1819 1818)
4(1818 1819 1860 1859)
4(1859 1860 1901 1900)
4(1900 1901 1942 1941)
4(1941 1942 1983 1982)
4(1982 1983 2024 2023)
4(2023 2024 2065 2064)
4(2064 2065 2106 2105)
4(2105 2106 2147 2146)
4(2146 2147 2188 2187)
4(2187 2188 2229 2228)
4(2228 2229 2270 2269)
4(2269 2270 2311 2310)
4(2310 2311 2352 2351)
4(2351 2352 2393 2392)
4(2392 2393 2434 2433)
4(2433 2434 2475 2474)
4(2474 2475 2516 2515)
4(1286 1287 1328 1327)
4(1327 1328 1369 1368)
4(1368 1369 1410 1409)
4(1409 1410 1451 1450)
4(1450 1451 1492 1491)
4(1491 1492 1533 1532)
4(1532 1533 1574 1573)
4(1573 1574 1615 1614)
4(1614 1615 1656 1655)
4(1655 1656 1697 1696)
4(1696 1697 1738 1737)
4(1737 1738 1779 1778)
4(1778 1779 1820 1819)
4(1819 1820 1861 1860)
4(1860 1861 1902 1901)
4(1901 1902 1943 1942)
4(1942 1943 1984 1983)
4(1983 1984 2025 2024)
4(2024 2025 2066 2065)
4(2065 2066 2107 2106)
4(2106 2107 2148 2147)
4(2147 2148 2189 2188)
4(2188 2189 2230 2229)
4(2229 2230 2271 2270)
4(2270 2271 2312 2311)
4(2311 2312 2353 2352)
4(2352 2353 2394 2393)
4(2393 2394 2435 2434)
4(2434 2435 2476 2475)
4(2475 2476 2517 2516)
4(1287 1288 1329 1328)
4(1328 1329 1370 1369)
4(1369 1370 1411 1410)
4(1410 1411 1452 1451)
4(1451 1452 1493 1492)
4(1492 1493 1534 1533)
4(1533 1534 1575 1574)
4(1574 1575 1616 1615)
4(1615 1616 1657 1656)
4(1656 1657 1698 1697)
4(1697 1698 1739 1738)
4(1738 1739 1780 1779)
4(1779 1780 1821 1820)
4(1820 1821 1862 1861)
4(1861 1862 1903 1902)
4(1902 1903 1944 1943)
4(1943 1944 1985 1984)
4(1984 1985 2026 2025)
4(2025 2026 2067 2066)
4(2066 2067 2108 2107)
4(2107 2108 2149 2148)
4(2148 2149 2190 2189)
4(2189 2190 2231 2230)
4(2230 2231 2272 2271)
4(2271 2272 2313 2312)
4(2312 2313 2354 2353)
4(2353 2354 2395 2394)
4(2394 2395 2436 2435)
4(2435 2436 2477 2476)
4(2476 2477 2518 2517)
4(1288 1289 1330 1329)
4(1329 1330 1371 1370)
4(1370 1371 1412 1411)
4(1411 1412 1453 1452)
4(1452 1453 1494 1493)
4(1493 1494 1535 1534)
4(1534 1535 1576 1575)
4(1575 1576 1617 1616)
4(1616 1617 1658 1657)
4(1657 1658 1699 1698)
4(1698 1699 1740 1739)
4(1739 1740 1781 1780)
4(1780 1781 1822 1821)
4(1821 1822 1863 1862)
4(1862 1863 1904 1903)
4(1903 1904 1945 1944)
4(1944 1945 1986 1985)
4(1985 1986 2027 2026)
4(2026 2027 2068 2067)
4(2067 2068 2109 2108)
4(2108 2109 2150 2149)
4(2149 2150 2191 2190)
4(2190 2191 2232 2231)
4(2231 2232 2273 2272)
4(2272 2273 2314 2313)
4(2313 2314 2355 2354)
4(2354 2355 2396 2395)
4(2395 2396 2437 2436)
4(2436 2437 2478 2477)
4(2477 2478 2519 2518)
4(1289 1290 1331 1330)
4(1330 1331 1372 1371)
4(1371 1372 1413 1412)
4(1412 1413 1454 1453)
4(1453 1454 1495 1494)
4(1494 1495 1536 1535)
4(1535 1536 1577 1576)
4(1576 1577 1618 1617)
4(1617 1618 1659 1658)
4(1658 1659 1700 1699)
4(1699 1700 1741 1740)
4(1740 1741 1782 1781)
4(1781 1782 1823 1822)
4(1822 1823 1864 1863)
4(1863 1864 1905 1904)
4(1904 1905 1946 1945)
4(1945 1946 1987 1986)
4(1986 1987 2028 2027)
4(2027 2028 2069 2068)
4(2068 2069 2110 2109)
4(2109 2110 2151 2150)
4(2150 2151 2192 2191)
4(2191 2192 2233 2232)
4(2232 2233 2274 2273)
4(2273 2274 2315 2314)
4(2314 2315 2356 2355)
4(2355 2356 2397 2396)
4(2396 2397 2438 2437)
4(2437 2438 2479 2478)
4(2478 2479 2520 2519)
4(1290 1291 1332 1331)
4(1331 1332 1373 1372)
4(1372 1373 1414 1413)
4(1413 1414 1455 1454)
4(1454 1455 1496 1495)
4(1495 1496 1537 1536)
4(1536 1537 1578 1577)
4(1577 1578 1619 1618)
4(1618 1619 1660 1659)
4(1659 1660 1701 1700)
4(1700 1701 1742 1741)
4(1741 1742 1783 1782)
4(1782 1783 1824 1823)
4(1823 1824 1865 1864)
4(1864 1865 1906 1905)
4(1905 1906 1947 1946)
4(1946 1947 1988 1987)
4(1987 1988 2029 2028)
4(2028 2029 2070 2069)
4(2069 2070 2111 2110)
4(2110 2111 2152 2151)
4(2151 2152 2193 2192)
4(2192 2193 2234 2233)
4(2233 2234 2275 2274)
4(2274 2275 2316 2315)
4(2315 2316 2357 2356)
4(2356 2357 2398 2397)
4(2397 2398 2439 2438)
4(2438 2439 2480 2479)
4(2479 2480 2521 2520)
4(1291 1292 1333 1332)
4(1332 1333 1374 1373)
4(1373 1374 1415 1414)
4(1414 1415 1456 1455)
4(1455 1456 1497 1496)
4(1496 1497 1538 1537)
4(1537 1538 1579 1578)
4(1578 1579 1620 1619)
4(1619 1620 1661 1660)
4(1660 1661 1702 1701)
4(1701 1702 1743 1742)
4(1742 1743 1784 1783)
4(1783 1784 1825 1824)
4(1824 1825 1866 1865)
4(1865 1866 1907 1906)
4(1906 1907 1948 1947)
4(1947 1948 1989 1988)
4(1988 1989 2030 2029)
4(2029 2030 2071 2070)
4(2070 2071 2112 2111)
4(2111 2112 2153 2152)
4(2152 2153 2194 2193)
4(2193 2194 2235 2234)
4(2234 2235 2276 2275)
4(2275 2276 2317 2316)
4(2316 2317 2358 2357)
4(2357 2358 2399 2398)
4(2398 2399 2440 2439)
4(2439 2440 2481 2480)
4(2480 2481 2522 2521)
4(1292 1293 1334 1333)
4(1333 1334 1375 1374)
4(1374 1375 1416 1415)
4(1415 1416 1457 1456)
4(1456 1457 1498 1497)
4(1497 1498 1539 1538)
4(1538 1539 1580 1579)
4(1579 1580 1621 1620)
4(1620 1621 1662 1661)
4(1661 1662 1703 1702)
4(1702 1703 1744 1743)
4(1743 1744 1785 1784)
4(1784 1785 1826 1825)
4(1825 1826 1867 1866)
4(1866 1867 1908 1907)
4(1907 1908 1949 1948)
4(1948 1949 1990 1989)
4(1989 1990 2031 2030)
4(2030 2031 2072 2071)
4(2071 2072 2113 2112)
4(2112 2113 2154 2153)
4(2153 2154 2195 2194)
4(2194 2195 2236 2235)
4(2235 2236 2277 2276)
4(2276 2277 2318 2317)
4(2317 2318 2359 2358)
4(2358 2359 2400 2399)
4(2399 2400 2441 2440)
4(2440 2441 2482 2481)
4(2481 2482 2523 2522)
4(1293 1294 1335 1334)
4(1334 1335 1376 1375)
4(1375 1376 1417 1416)
4(1416 1417 1458 1457)
4(1457 1458 1499 1498)
4(1498 1499 1540 1539)
4(1539 1540 1581 1580)
4(1580 1581 1622 1621)
4(1621 1622 1663 1662)
4(1662 1663 1704 1703)
4(1703 1704 1745 1744)
4(1744 1745 1786 1785)
4(1785 1786 1827 1826)
4(1826 1827 1868 1867)
4(1867 1868 1909 1908)
4(1908 1909 1950 1949)
4(1949 1950 1991 1990)
4(1990 1991 2032 2031)
4(2031 2032 2073 2072)
4(2072 2073 2114 2113)
4(2113 2114 2155 2154)
4(2154 2155 2196 2195)
4(2195 2196 2237 2236)
4(2236 2237 2278 2277)
4(2277 2278 2319 2318)
4(2318 2319 2360 2359)
4(2359 2360 2401 2400)
4(2400 2401 2442 2441)
4(2441 2442 2483 2482)
4(2482 2483 2524 2523)
4(1294 1295 1336 1335)
4(1335 1336 1377 1376)
4(1376 1377 1418 1417)
4(1417 1418 1459 1458)
4(1458 1459 1500 1499)
4(1499 1500 1541 1540)
4(1540 1541 1582 1581)
4(1581 1582 1623 1622)
4(1622 1623 1664 1663)
4(1663 1664 1705 1704)
4(1704 1705 1746 1745)
4(1745 1746 1787 1786)
4(1786 1787 1828 1827)
4(1827 1828 1869 1868)
4(1868 1869 1910 1909)
4(1909 1910 1951 1950)
4(1950 1951 1992 1991)
4(1991 1992 2033 2032)
4(2032 2033 2074 2073)
4(2073 2074 2115 2114)
4(2114 2115 2156 2155)
4(2155 2156 2197 2196)
4(2196 2197 2238 2237)
4(2237 2238 2279 2278)
4(2278 2279 2320 2319)
4(2319 2320 2361 2360)
4(2360 2361 2402 2401)
4(2401 2402 2443 2442)
4(2442 2443 2484 2483)
4(2483 2484 2525 2524)
4(1295 1296 1337 1336)
4(1336 1337 1378 1377)
4(1377 1378 1419 1418)
4(1418 1419 1460 1459)
4(1459 1460 1501 1500)
4(1500 1501 1542 1541)
4(1541 1542 1583 1582)
4(1582 1583 1624 1623)
4(1623 1624 1665 1664)
4(1664 1665 1706 1705)
4(1705 1706 1747 1746)
4(1746 1747 1788 1787)
4(1787 1788 1829 1828)
4(1828 1829 1870 1869)
4(1869 1870 1911 1910)
4(1910 1911 1952 1951)
4(1951 1952 1993 1992)
4(1992 1993 2034 2033)
4(2033 2034 2075 2074)
4(2074 2075 2116 2115)
4(2115 2116 2157 2156)
4(2156 2157 2198 2197)
4(2197 2198 2239 2238)
4(2238 2239 2280 2279)
4(2279 2280 2321 2320)
4(2320 2321 2362 2361)
4(2361 2362 2403 2402)
4(2402 2403 2444 2443)
4(2443 2444 2485 2484)
4(2484 2485 2526 2525)
4(1296 1297 1338 1337)
4(1337 1338 1379 1378)
4(1378 1379 1420 1419)
4(1419 1420 1461 1460)
4(1460 1461 1502 1501)
4(1501 1502 1543 1542)
4(1542 1543 1584 1583)
4(1583 1584 1625 1624)
4(1624 1625 1666 1665)
4(1665 1666 1707 1706)
4(1706 1707 1748 1747)
4(1747 1748 1789 1788)
4(1788 1789 1830 1829)
4(1829 1830 1871 1870)
4(1870 1871 1912 1911)
4(1911 1912 1953 1952)
4(1952 1953 1994 1993)
4(1993 1994 2035 2034)
4(2034 2035 2076 2075)
4(2075 2076 2117 2116)
4(2116 2117 2158 2157)
4(2157 2158 2199 2198)
4(2198 2199 2240 2239)
4(2239 2240 2281 2280)
4(2280 2281 2322 2321)
4(2321 2322 2363 2362)
4(2362 2363 2404 2403)
4(2403 2404 2445 2444)
4(2444 2445 2486 2485)
4(2485 2486 2527 2526)
4(1297 1298 1339 1338)
4(1338 1339 1380 1379)
4(1379 1380 1421 1420)
4(1420 1421 1462 1461)
4(1461 1462 1503 1502)
4(1502 1503 1544 1543)
4(1543 1544 1585 1584)
4(1584 1585 1626 1625)
4(1625 1626 1667 1666)
4(1666 1667 1708 1707)
4(1707 1708 1749 1748)
4(1748 1749 1790 1789)
4(1789 1790 1831 1830)
4(1830 1831 1872 1871)
4(1871 1872 1913 1912)
4(1912 1913 1954 1953)
4(1953 1954 1995 1994)
4(1994 1995 2036 2035)
4(2035 2036 2077 2076)
4(2076 2077 2118 2117)
4(2117 2118 2159 2158)
4(2158 2159 2200 2199)
4(2199 2200 2241 2240)
4(2240 2241 2282 2281)
4(2281 2282 2323 2322)
4(2322 2323 2364 2363)
4(2363 2364 2405 2404)
4(2404 2405 2446 2445)
4(2445 2446 2487 2486)
4(2486 2487 2528 2527)
4(1298 1299 1340 1339)
4(1339 1340 1381 1380)
4(1380 1381 1422 1421)
4(1421 1422 1463 1462)
4(1462 1463 1504 1503)
4(1503 1504 1545 1544)
4(1544 1545 1586 1585)
4(1585 1586 1627 1626)
4(1626 1627 1668 1667)
4(1667 1668 1709 1708)
4(1708 1709 1750 1749)
4(1749 1750 1791 1790)
4(1790 1791 1832 1831)
4(1831 1832 1873 1872)
4(1872 1873 1914 1913)
4(1913 1914 1955 1954)
4(1954 1955 1996 1995)
4(1995 1996 2037 2036)
4(2036 2037 2078 2077)
4(2077 2078 2119 2118)
4(2118 2119 2160 2159)
4(2159 2160 2201 2200)
4(2200 2201 2242 2241)
4(2241 2242 2283 2282)
4(2282 2283 2324 2323)
4(2323 2324 2365 2364)
4(2364 2365 2406 2405)
4(2405 2406 2447 2446)
4(2446 2447 2488 2487)
4(2487 2488 2529 2528)
4(1299 1300 1341 1340)
4(1340 1341 1382 1381)
4(1381 1382 1423 1422)
4(1422 1423 1464 1463)
4(1463 1464 1505 1504)
4(1504 1505 1546 1545)
4(1545 1546 1587 1586)
4(1586 1587 1628 1627)
4(1627 1628 1669 1668)
4(1668 1669 1710 1709)
4(1709 1710 1751 1750)
4(1750 1751 1792 1791)
4(1791 1792 1833 1832)
4(1832 1833 1874 1873)
4(1873 1874 1915 1914)
4(1914 1915 1956 1955)
4(1955 1956 1997 1996)
4(1996 1997 2038 2037)
4(2037 2038 2079 2078)
4(2078 2079 2120 2119)
4(2119 2120 2161 2160)
4(2160 2161 2202 2201)
4(2201 2202 2243 2242)
4(2242 2243 2284 2283)
4(2283 2284 2325 2324)
4(2324 2325 2366 2365)
4(2365 2366 2407 2406)
4(2406 2407 2448 2447)
4(2447 2448 2489 2488)
4(2488 2489 2530 2529)
4(1300 1301 1342 1341)
4(1341 1342 1383 1382)
4(1382 1383 1424 1423)
4(1423 1424 1465 1464)
4(1464 1465 1506 1505)
4(1505 1506 1547 1546)
4(1546 1547 1588 1587)
4(1587 1588 1629 1628)
4(1628 1629 1670 1669)
4(1669 1670 1711 1710)
4(1710 1711 1752 1751)
4(1751 1752 1793 1792)
4(1792 1793 1834 1833)
4(1833 1834 1875 1874)
4(1874 1875 1916 1915)
4(1915 1916 1957 1956)
4(1956 1957 1998 1997)
4(1997 1998 2039 2038)
4(2038 2039 2080 2079)
4(2079 2080 2121 2120)
4(2120 2121 2162 2161)
4(2161 2162 2203 2202)
4(2202 2203 2244 2243)
4(2243 2244 2285 2284)
4(2284 2285 2326 2325)
4(2325 2326 2367 2366)
4(2366 2367 2408 2407)
4(2407 2408 2449 2448)
4(2448 2449 2490 2489)
4(2489 2490 2531 2530)
4(1301 1302 1343 1342)
4(1342 1343 1384 1383)
4(1383 1384 1425 1424)
4(1424 1425 1466 1465)
4(1465 1466 1507 1506)
4(1506 1507 1548 1547)
4(1547 1548 1589 1588)
4(1588 1589 1630 1629)
4(1629 1630 1671 1670)
4(1670 1671 1712 1711)
4(1711 1712 1753 1752)
4(1752 1753 1794 1793)
4(1793 1794 1835 1834)
4(1834 1835 1876 1875)
4(1875 1876 1917 1916)
4(1916 1917 1958 1957)
4(1957 1958 1999 1998)
4(1998 1999 2040 2039)
4(2039 2040 2081 2080)
4(2080 2081 2122 2121)
4(2121 2122 2163 2162)
4(2162 2163 2204 2203)
4(2203 2204 2245 2244)
4(2244 2245 2286 2285)
4(2285 2286 2327 2326)
4(2326 2327 2368 2367)
4(2367 2368 2409 2408)
4(2408 2409 2450 2449)
4(2449 2450 2491 2490)
4(2490 2491 2532 2531)
4(1302 1303 1344 1343)
4(1343 1344 1385 1384)
4(1384 1385 1426 1425)
4(1425 1426 1467 1466)
4(1466 1467 1508 1507)
4(1507 1508 1549 1548)
4(1548 1549 1590 1589)
4(1589 1590 1631 1630)
4(1630 1631 1672 1671)
4(1671 1672 1713 1712)
4(1712 1713 1754 1753)
4(1753 1754 1795 1794)
4(1794 1795 1836 1835)
4(1835 1836 1877 1876)
4(1876 1877 1918 1917)
4(1917 1918 1959 1958)
4(1958 1959 2000 1999)
4(1999 2000 2041 2040)
4(2040 2041 2082 2081)
4(2081 2082 2123 2122)
4(2122 2123 2164 2163)
4(2163 2164 2205 2204)
4(2204 2205 2246 2245)
4(2245 2246 2287 2286)
4(2286 2287 2328 2327)
4(2327 2328 2369 2368)
4(2368 2369 2410 2409)
4(2409 2410 2451 2450)
4(2450 2451 2492 2491)
4(2491 2492 2533 2532)
4(1303 1304 1345 1344)
4(1344 1345 1386 1385)
4(1385 1386 1427 1426)
4(1426 1427 1468 1467)
4(1467 1468 1509 1508)
4(1508 1509 1550 1549)
4(1549 1550 1591 1590)
4(1590 1591 1632 1631)
4(1631 1632 1673 1672)
4(1672 1673 1714 1713)
4(1713 1714 1755 1754)
4(1754 1755 1796 1795)
4(1795 1796 1837 1836)
4(1836 1837 1878 1877)
4(1877 1878 1919 1918)
4(1918 1919 1960 1959)
4(1959 1960 2001 2000)
4(2000 2001 2042 2041)
4(2041 2042 2083 2082)
4(2082 2083 2124 2123)
4(2123 2124 2165 2164)
4(2164 2165 2206 2205)
4(2205 2206 2247 2246)
4(2246 2247 2288 2287)
4(2287 2288 2329 2328)
4(2328 2329 2370 2369)
4(2369 2370 2411 2410)
4(2410 2411 2452 2451)
4(2451 2452 2493 2492)
4(2492 2493 2534 2533)
4(1304 1305 1346 1345)
4(1345 1346 1387 1386)
4(1386 1387 1428 1427)
4(1427 1428 1469 1468)
4(1468 1469 1510 1509)
4(1509 1510 1551 1550)
4(1550 1551 1592 1591)
4(1591 1592 1633 1632)
4(1632 1633 1674 1673)
4(1673 1674 1715 1714)
4(1714 1715 1756 1755)
4(1755 1756 1797 1796)
4(1796 1797 1838 1837)
4(1837 1838 1879 1878)
4(1878 1879 1920 1919)
4(1919 1920 1961 1960)
4(1960 1961 2002 2001)
4(2001 2002 2043 2042)
4(2042 2043 2084 2083)
4(2083 2084 2125 2124)
4(2124 2125 2166 2165)
4(2165 2166 2207 2206)
4(2206 2207 2248 2247)
4(2247 2248 2289 2288)
4(2288 2289 2330 2329)
4(2329 2330 2371 2370)
4(2370 2371 2412 2411)
4(2411 2412 2453 2452)
4(2452 2453 2494 2493)
4(2493 2494 2535 2534)
4(1305 1306 1347 1346)
4(1346 1347 1388 1387)
4(1387 1388 1429 1428)
4(1428 1429 1470 1469)
4(1469 1470 1511 1510)
4(1510 1511 1552 1551)
4(1551 1552 1593 1592)
4(1592 1593 1634 1633)
4(1633 1634 1675 1674)
4(1674 1675 1716 1715)
4(1715 1716 1757 1756)
4(1756 1757 1798 1797)
4(1797 1798 1839 1838)
4(1838 1839 1880 1879)
4(1879 1880 1921 1920)
4(1920 1921 1962 1961)
4(1961 1962 2003 2002)
4(2002 2003 2044 2043)
4(2043 2044 2085 2084)
4(2084 2085 2126 2125)
4(2125 2126 2167 2166)
4(2166 2167 2208 2207)
4(2207 2208 2249 2248)
4(2248 2249 2290 2289)
4(2289 2290 2331 2330)
4(2330 2331 2372 2371)
4(2371 2372 2413 2412)
4(2412 2413 2454 2453)
4(2453 2454 2495 2494)
4(2494 2495 2536 2535)
4(1306 1307 1348 1347)
4(1347 1348 1389 1388)
4(1388 1389 1430 1429)
4(1429 1430 1471 1470)
4(1470 1471 1512 1511)
4(1511 1512 1553 1552)
4(1552 1553 1594 1593)
4(1593 1594 1635 1634)
4(1634 1635 1676 1675)
4(1675 1676 1717 1716)
4(1716 1717 1758 1757)
4(1757 1758 1799 1798)
4(1798 1799 1840 1839)
4(1839 1840 1881 1880)
4(1880 1881 1922 1921)
4(1921 1922 1963 1962)
4(1962 1963 2004 2003)
4(2003 2004 2045 2044)
4(2044 2045 2086 2085)
4(2085 2086 2127 2126)
4(2126 2127 2168 2167)
4(2167 2168 2209 2208)
4(2208 2209 2250 2249)
4(2249 2250 2291 2290)
4(2290 2291 2332 2331)
4(2331 2332 2373 2372)
4(2372 2373 2414 2413)
4(2413 2414 2455 2454)
4(2454 2455 2496 2495)
4(2495 2496 2537 2536)
4(1307 1308 1349 1348)
4(1348 1349 1390 1389)
4(1389 1390 1431 1430)
4(1430 1431 1472 1471)
4(1471 1472 1513 1512)
4(1512 1513 1554 1553)
4(1553 1554 1595 1594)
4(1594 1595 1636 1635)
4(1635 1636 1677 1676)
4(1676 1677 1718 1717)
4(1717 1718 1759 1758)
4(1758 1759 1800 1799)
4(1799 1800 1841 1840)
4(1840 1841 1882 1881)
4(1881 1882 1923 1922)
4(1922 1923 1964 1963)
4(1963 1964 2005 2004)
4(2004 2005 2046 2045)
4(2045 2046 2087 2086)
4(2086 2087 2128 2127)
4(2127 2128 2169 2168)
4(2168 2169 2210 2209)
4(2209 2210 2251 2250)
4(2250 2251 2292 2291)
4(2291 2292 2333 2332)
4(2332 2333 2374 2373)
4(2373 2374 2415 2414)
4(2414 2415 2456 2455)
4(2455 2456 2497 2496)
4(2496 2497 2538 2537)
4(1308 1309 1350 1349)
4(1349 1350 1391 1390)
4(1390 1391 1432 1431)
4(1431 1432 1473 1472)
4(1472 1473 1514 1513)
4(1513 1514 1555 1554)
4(1554 1555 1596 1595)
4(1595 1596 1637 1636)
4(1636 1637 1678 1677)
4(1677 1678 1719 1718)
4(1718 1719 1760 1759)
4(1759 1760 1801 1800)
4(1800 1801 1842 1841)
4(1841 1842 1883 1882)
4(1882 1883 1924 1923)
4(1923 1924 1965 1964)
4(1964 1965 2006 2005)
4(2005 2006 2047 2046)
4(2046 2047 2088 2087)
4(2087 2088 2129 2128)
4(2128 2129 2170 2169)
4(2169 2170 2211 2210)
4(2210 2211 2252 2251)
4(2251 2252 2293 2292)
4(2292 2293 2334 2333)
4(2333 2334 2375 2374)
4(2374 2375 2416 2415)
4(2415 2416 2457 2456)
4(2456 2457 2498 2497)
4(2497 2498 2539 2538)
4(1309 1310 1351 1350)
4(1350 1351 1392 1391)
4(1391 1392 1433 1432)
4(1432 1433 1474 1473)
4(1473 1474 1515 1514)
4(1514 1515 1556 1555)
4(1555 1556 1597 1596)
4(1596 1597 1638 1637)
4(1637 1638 1679 1678)
4(1678 1679 1720 1719)
4(1719 1720 1761 1760)
4(1760 1761 1802 1801)
4(1801 1802 1843 1842)
4(1842 1843 1884 1883)
4(1883 1884 1925 1924)
4(1924 1925 1966 1965)
4(1965 1966 2007 2006)
4(2006 2007 2048 2047)
4(2047 2048 2089 2088)
4(2088 2089 2130 2129)
4(2129 2130 2171 2170)
4(2170 2171 2212 2211)
4(2211 2212 2253 2252)
4(2252 2253 2294 2293)
4(2293 2294 2335 2334)
4(2334 2335 2376 2375)
4(2375 2376 2417 2416)
4(2416 2417 2458 2457)
4(2457 2458 2499 2498)
4(2498 2499 2540 2539)
4(1310 1311 1352 1351)
4(1351 1352 1393 1392)
4(1392 1393 1434 1433)
4(1433 1434 1475 1474)
4(1474 1475 1516 1515)
4(1515 1516 1557 1556)
4(1556 1557 1598 1597)
4(1597 1598 1639 1638)
4(1638 1639 1680 1679)
4(1679 1680 1721 1720)
4(1720 1721 1762 1761)
4(1761 1762 1803 1802)
4(1802 1803 1844 1843)
4(1843 1844 1885 1884)
4(1884 1885 1926 1925)
4(1925 1926 1967 1966)
4(1966 1967 2008 2007)
4(2007 2008 2049 2048)
4(2048 2049 2090 2089)
4(2089 2090 2131 2130)
4(2130 2131 2172 2171)
4(2171 2172 2213 2212)
4(2212 2213 2254 2253)
4(2253 2254 2295 2294)
4(2294 2295 2336 2335)
4(2335 2336 2377 2376)
4(2376 2377 2418 2417)
4(2417 2418 2459 2458)
4(2458 2459 2500 2499)
4(2499 2500 2541 2540)
4(1230 2542 2543 1231)
4(2542 2583 2584 2543)
4(2583 2624 2625 2584)
4(2624 2665 2666 2625)
4(2665 2706 2707 2666)
4(2706 2747 2748 2707)
4(2747 2788 2789 2748)
4(2788 2829 2830 2789)
4(2829 2870 2871 2830)
4(2870 2911 2912 2871)
4(2911 2952 2953 2912)
4(2952 2993 2994 2953)
4(2993 3034 3035 2994)
4(3034 3075 3076 3035)
4(3075 3116 3117 3076)
4(3116 3157 3158 3117)
4(3157 3198 3199 3158)
4(3198 3239 3240 3199)
4(3239 3280 3281 3240)
4(3280 3321 3322 3281)
4(3321 3362 3363 3322)
4(3362 3403 3404 3363)
4(3403 3444 3445 3404)
4(3444 3485 3486 3445)
4(3485 3526 3527 3486)
4(3526 3567 3568 3527)
4(3567 3608 3609 3568)
4(3608 3649 3650 3609)
4(3649 3690 3691 3650)
4(3690 3731 3732 3691)
4(1231 2543 2544 1232)
4(2543 2584 2585 2544)
4(2584 2625 2626 2585)
4(2625 2666 2667 2626)
4(2666 2707 2708 2667)
4(2707 2748 2749 2708)
4(2748 2789 2790 2749)
4(2789 2830 2831 2790)
4(2830 2871 2872 2831)
4(2871 2912 2913 2872)
4(2912 2953 2954 2913)
4(2953 2994 2995 2954)
4(2994 3035 3036 2995)
4(3035 3076 3077 3036)
4(3076 3117 3118 3077)
4(3117 3158 3159 3118)
4(3158 3199 3200 3159)
4(3199 3240 3241 3200)
4(3240 3281 3282 3241)
4(3281 3322 3323 3282)
4(3322 3363 3364 3323)
4(3363 3404 3405 3364)
4(3404 3445 3446 3405)
4(3445 3486 3487 3446)
4(3486 3527 3528 3487)
4(3527 3568 3569 3528)
4(3568 3609 3610 3569)
4(3609 3650 3651 3610)
4(3650 3691 3692 3651)
4(3691 3732 3733 3692)
4(1232 2544 2545 1233)
4(2544 2585 2586 2545)
4(2585 2626 2627 2586)
4(2626 2667 2668 2627)
4(2667 2708 2709 2668)
4(2708 2749 2750 2709)
4(2749 2790 2791 2750)
4(2790 2831 2832 2791)
4(2831 2872 2873 2832)
4(2872 2913 2914 2873)
4(2913 2954 2955 2914)
4(2954 2995 2996 2955)
4(2995 3036 3037 2996)
4(3036 3077 3078 3037)
4(3077 3118 3119 3078)
4(3118 3159 3160 3119)
4(3159 3200 3201 3160)
4(3200 3241 3242 3201)
4(3241 3282 3283 3242)
4(3282 3323 3324 3283)
4(3323 3364 3365 3324)
4(3364 3405 3406 3365)
4(3405 3446 3447 3406)
4(3446 3487 3488 3447)
4(3487 3528 3529 3488)
4(3528 3569 3570 3529)
4(3569 3610 3611 3570)
4(3610 3651 3652 3611)
4(3651 3692 3693 3652)
4(3692 3733 3734 3693)
4(1233 2545 2546 1234)
4(2545 2586 2587 2546)
4(2586 2627 2628 2587)
4(2627 2668 2669 2628)
4(2668 2709 2710 2669)
4(2709 2750 2751 2710)
4(2750 2791 2792 2751)
4(2791 2832 2833 2792)
4(2832 2873 2874 2833)
4(2873 2914 2915 2874)
4(2914 2955 2956 2915)
4(2955 2996 2997 2956)
4(2996 3037 3038 2997)
4(3037 3078 3079 3038)
4(3078 3119 3120 3079)
4(3119 3160 3161 3120)
4(3160 3201 3202 3161)
4(3201 3242 3243 3202)
4(3242 3283 3284 3243)
4(3283 3324 3325 3284)
4(3324 3365 3366 3325)
4(3365 3406 3407 3366)
4(3406 3447 3448 3407)
4(3447 3488 3489 3448)
4(3488 3529 3530 3489)
4(3529 3570 3571 3530)
4(3570 3611 3612 3571)
4(3611 3652 3653 3612)
4(3652 3693 3694 3653)
4(3693 3734 3735 3694)
4(1234 2546 2547 1235)
4(2546 2587 2588 2547)
4(2587 2628 2629 2588)
4(2628 2669 2670 2629)
4(2669 2710 2711 2670)
4(2710 2751 2752 2711)
4(2751 2792 2793 2752)
4(2792 2833 2834 2793)
4(2833 2874 2875 2834)
4(2874 2915 2916 2875)
4(2915 2956 2957 2916)
4(2956 2997 2998 2957)
4(2997 3038 3039 2998)
4(3038 3079 3080 3039)
4(3079 3120 3121 3080)
4(3120 3161 3162 3121)
4(3161 3202 3203 3162)
4(3202 3243 3244 3203)
4(3243 3284 3285 3244)
4(3284 3325 3326 3285)
4(3325 3366 3367 3326)
4(3366 3407 3408 3367)
4(3407 3448 3449 3408)
4(3448 3489 3490 3449)
4(3489 3530 3531 3490)
4(3530 3571 3572 3531)
4(3571 3612 3613 3572)
4(3612 3653 3654 3613)
4(3653 3694 3695 3654)
4(3694 3735 3736 3695)
4(1235 2547 2548 1236)
4(2547 2588 2589 2548)
4(2588 2629 2630 2589)
4(2629 2670 2671 2630)
4(2670 2711 2712 2671)
4(2711 2752 2753 2712)
4(2752 2793 2794 2753)
4(2793 2834 2835 2794)
4(2834 2875 2876 2835)
4(2875 2916 2917 2876)
4(2916 2957 2958 2917)
4(2957 2998 2999 2958)
4(2998 3039 3040 2999)
4(3039 3080 3081 3040)
4(3080 3121 3122 3081)
4(3121 3162 3163 3122)
4(3162 3203 3204 3163)
4(3203 3244 3245 3204)
4(3244 3285 3286 3245)
4(3285 3326 3327 3286)
4(3326 3367 3368 3327)
4(3367 3408 3409 3368)
4(3408 3449 3450 3409)
4(3449 3490 3491 3450)
4(3490 3531 3532 3491)
4(3531 3572 3573 3532)
4(3572 3613 3614 3573)
4(3613 3654 3655 3614)
4(3654 3695 3696 3655)
4(3695 3736 3737 3696)
4(1236 2548 2549 1237)
4(2548 2589 2590 2549)
4(2589 2630 2631 2590)
4(2630 2671 2672 2631)
4(2671 2712 2713 2672)
4(2712 2753 2754 2713)
4(2753 2794 2795 2754)
4(2794 2835 2836 2795)
4(2835 2876 2877 2836)
4(2876 2917 2918 2877)
4(2917 2958 2959 2918)
4(2958 2999 3000 2959)
4(2999 3040 3041 3000)
4(3040 3081 3082 3041)
4(3081 3122 3123 3082)
4(3122 3163 3164 3123)
4(3163 3204 3205 3164)
4(3204 3245 3246 3205)
4(3245 3286 3287 3246)
4(3286 3327 3328 3287)
4(3327 3368 3369 3328)
4(3368 3409 3410 3369)
4(3409 3450 3451 3410)
4(3450 3491 3492 3451)
4(3491 3532 3533 3492)
4(3532 3573 3574 3533)
4(3573 3614 3615 3574)
4(3614 3655 3656 3615)
4(3655 3696 3697 3656)
4(3696 3737 3738 3697)
4(1237 2549 2550 1238)
4(2549 2590 2591 2550)
4(2590 2631 2632 2591)
4(2631 2672 2673 2632)
4(2672 2713 2714 2673)
4(2713 2754 2755 2714)
4(2754 2795 2796 2755)
4(2795 2836 2837 2796)
4(2836 2877 2878 2837)
4(2877 2918 2919 2878)
4(2918 2959 2960 2919)
4(2959 3000 3001 2960)
4(3000 3041 3042 3001)
4(3041 3082 3083 3042)
4(3082 3123 3124 3083)
4(3123 3164 3165 3124)
4(3164 3205 3206 3165)
4(3205 3246 3247 3206)
4(3246 3287 3288 3247)
4(3287 3328 3329 3288)
4(3328 3369 3370 3329)
4(3369 3410 3411 3370)
4(3410 3451 3452 3411)
4(3451 3492 3493 3452)
4(3492 3533 3534 3493)
4(3533 3574 3575 3534)
4(3574 3615 3616 3575)
4(3615 3656 3657 3616)
4(3656 3697 3698 3657)
4(3697 3738 3739 3698)
4(1238 2550 2551 1239)
4(2550 2591 2592 2551)
4(2591 2632 2633 2592)
4(2632 2673 2674 2633)
4(2673 2714 2715 2674)
4(2714 2755 2756 2715)
4(2755 2796 2797 2756)
4(2796 2837 2838 2797)
4(2837 2878 2879 2838)
4(2878 2919 2920 2879)
4(2919 2960 2961 2920)
4(2960 3001 3002 2961)
4(3001 3042 3043 3002)
4(3042 3083 3084 3043)
4(3083 3124 3125 3084)
4(3124 3165 3166 3125)
4(3165 3206 3207 3166)
4(3206 3247 3248 3207)
4(3247 3288 3289 3248)
4(3288 3329 3330 3289)
4(3329 3370 3371 3330)
4(3370 3411 3412 3371)
4(3411 3452 3453 3412)
4(3452 3493 3494 3453)
4(3493 3534 3535 3494)
4(3534 3575 3576 3535)
4(3575 3616 3617 3576)
4(3616 3657 3658 3617)
4(3657 3698 3699 3658)
4(3698 3739 3740 3699)
4(1239 2551 2552 1240)
4(2551 2592 2593 2552)
4(2592 2633 2634 2593)
4(2633 2674 2675 2634)
4(2674 2715 2716 2675)
4(2715 2756 2757 2716)
4(2756 2797 2798 2757)
4(2797 2838 2839 2798)
4(2838 2879 2880 2839)
4(2879 2920 2921 2880)
4(2920 2961 2962 2921)
4(2961 3002 3003 2962)
4(3002 3043 3044 3003)
4(3043 3084 3085 3044)
4(3084 3125 3126 3085)
4(3125 3166 3167 3126)
4(3166 3207 3208 3167)
4(3207 3248 3249 3208)
4(3248 3289 3290 3249)
4(3289 3330 3331 3290)
4(3330 3371 3372 3331)
4(3371 3412 3413 3372)
4(3412 3453 3454 3413)
4(3453 3494 3495 3454)
4(3494 3535 3536 3495)
4(3535 3576 3577 3536)
4(3576 3617 3618 3577)
4(3617 3658 3659 3618)
4(3658 3699 3700 3659)
4(3699 3740 3741 3700)
4(1240 2552 2553 1241)
4(2552 2593 2594 2553)
4(2593 2634 2635 2594)
4(2634 2675 2676 2635)
4(2675 2716 2717 2676)
4(2716 2757 2758 2717)
4(2757 2798 2799 2758)
4(2798 2839 2840 2799)
4(2839 2880 2881 2840)
4(2880 2921 2922 2881)
4(2921 2962 2963 2922)
4(2962 3003 3004 2963)
4(3003 3044 3045 3004)
4(3044 3085 3086 3045)
4(3085 3126 3127 3086)
4(3126 3167 3168 3127)
4(3167 3208 3209 3168)
4(3208 3249 3250 3209)
4(3249 3290 3291 3250)
4(3290 3331 3332 3291)
4(3331 3372 3373 3332)
4(3372 3413 3414 3373)
4(3413 3454 3455 3414)
4(3454 3495 3496 3455)
4(3495 3536 3537 3496)
4(3536 3577 3578 3537)
4(3577 3618 3619 3578)
4(3618 3659 3660 3619)
4(3659 3700 3701 3660)
4(3700 3741 3742 3701)
4(1241 2553 2554 1242)
4(2553 2594 2595 2554)
4(2594 2635 2636 2595)
4(2635 2676 2677 2636)
4(2676 2717 2718 2677)
4(2717 2758 2759 2718)
4(2758 2799 2800 2759)
4(2799 2840 2841 2800)
4(2840 2881 2882 2841)
4(2881 2922 2923 2882)
4(2922 2963 2964 2923)
4(2963 3004 3005 2964)
4(3004 3045 3046 3005)
4(3045 3086 3087 3046)
4(3086 3127 3128 3087)
4(3127 3168 3169 3128)
4(3168 3209 3210 3169)
4(3209 3250 3251 3210)
4(3250 3291 3292 3251)
4(3291 3332 3333 3292)
4(3332 3373 3374 3333)
4(3373 3414 3415 3374)
4(3414 3455 3456 3415)
4(3455 3496 3497 3456)
4(3496 3537 3538 3497)
4(3537 3578 3579 3538)
4(3578 3619 3620 3579)
4(3619 3660 3661 3620)
4(3660 3701 3702 3661)
4(3701 3742 3743 3702)
4(1242 2554 2555 1243)
4(2554 2595 2596 2555)
4(2595 2636 2637 2596)
4(2636 2677 2678 2637)
4(2677 2718 2719 2678)
4(2718 2759 2760 2719)
4(2759 2800 2801 2760)
4(2800 2841 2842 2801)
4(2841 2882 2883 2842)
4(2882 2923 2924 2883)
4(2923 2964 2965 2924)
4(2964 3005 3006 2965)
4(3005 3046 3047 3006)
4(3046 3087 3088 3047)
4(3087 3128 3129 3088)
4(3128 3169 3170 3129)
4(3169 3210 3211 3170)
4(3210 3251 3252 3211)
4(3251 3292 3293 3252)
4(3292 3333 3334 3293)
4(3333 3374 3375 3334)
4(3374 3415 3416 3375)
4(3415 3456 3457 3416)
4(3456 3497 3498 3457)
4(3497 3538 3539 3498)
4(3538 3579 3580 3539)
4(3579 3620 3621 3580)
4(3620 3661 3662 3621)
4(3661 3702 3703 3662)
4(3702 3743 3744 3703)
4(1243 2555 2556 1244)
4(2555 2596 2597 2556)
4(2596 2637 2638 2597)
4(2637 2678 2679 2638)
4(2678 2719 2720 2679)
4(2719 2760 2761 2720)
4(2760 2801 2802 2761)
4(2801 2842 2843 2802)
4(2842 2883 2884 2843)
4(2883 2924 2925 2884)
4(2924 2965 2966 2925)
4(2965 3006 3007 2966)
4(3006 3047 3048 3007)
4(3047 3088 3089 3048)
4(3088 3129 3130 3089)
4(3129 3170 3171 3130)
4(3170 3211 3212 3171)
4(3211 3252 3253 3212)
4(3252 3293 3294 3253)
4(3293 3334 3335 3294)
4(3334 3375 3376 3335)
4(3375 3416 3417 3376)
4(3416 3457 3458 3417)
4(3457 3498 3499 3458)
4(3498 3539 3540 3499)
4(3539 3580 3581 3540)
4(3580 3621 3622 3581)
4(3621 3662 3663 3622)
4(3662 3703 3704 3663)
4(3703 3744 3745 3704)
4(1244 2556 2557 1245)
4(2556 2597 2598 2557)
4(2597 2638 2639 2598)
4(2638 2679 2680 2639)
4(2679 2720 2721 2680)
4(2720 2761 2762 2721)
4(2761 2802 2803 2762)
4(2802 2843 2844 2803)
4(2843 2884 2885 2844)
4(2884 2925 2926 2885)
4(2925 2966 2967 2926)
4(2966 3007 3008 2967)
4(3007 3048 3049 3008)
4(3048 3089 3090 3049)
4(3089 3130 3131 3090)
4(3130 3171 3172 3131)
4(3171 3212 3213 3172)
4(3212 3253 3254 3213)
4(3253 3294 3295 3254)
4(3294 3335 3336 3295)
4(3335 3376 3377 3336)
4(3376 3417 3418 3377)
4(3417 3458 3459 3418)
4(3458 3499 3500 3459)
4(3499 3540 3541 3500)
4(3540 3581 3582 3541)
4(3581 3622 3623 3582)
4(3622 3663 3664 3623)
4(3663 3704 3705 3664)
4(3704 3745 3746 3705)
4(1245 2557 2558 1246)
4(2557 2598 2599 2558)
4(2598 2639 2640 2599)
4(2639 2680 2681 2640)
4(2680 2721 2722 2681)
4(2721 2762 2763 2722)
4(2762 2803 2804 2763)
4(2803 2844 2845 2804)
4(2844 2885 2886 2845)
4(2885 2926 2927 2886)
4(2926 2967 2968 2927)
4(2967 3008 3009 2968)
4(3008 3049 3050 3009)
4(3049 3090 3091 3050)
4(3090 3131 3132 3091)
4(3131 3172 3173 3132)
4(3172 3213 3214 3173)
4(3213 3254 3255 3214)
4(3254 3295 3296 3255)
4(3295 3336 3337 3296)
4(3336 3377 3378 3337)
4(3377 3418 3419 3378)
4(3418 3459 3460 3419)
4(3459 3500 3501 3460)
4(3500 3541 3542 3501)
4(3541 3582 3583 3542)
4(3582 3623 3624 3583)
4(3623 3664 3665 3624)
4(3664 3705 3706 3665)
4(3705 3746 3747 3706)
4(1246 2558 2559 1247)
4(2558 2599 2600 2559)
4(2599 2640 2641 2600)
4(2640 2681 2682 2641)
4(2681 2722 2723 2682)
4(2722 2763 2764 2723)
4(2763 2804 2805 2764)
4(2804 2845 2846 2805)
4(2845 2886 2887 2846)
4(2886 2927 2928 2887)
4(2927 2968 2969 2928)
4(2968 3009 3010 2969)
4(3009 3050 3051 3010)
4(3050 3091 3092 3051)
4(3091 3132 3133 3092)
4(3132 3173 3174 3133)
4(3173 3214 3215 3174)
4(3214 3255 3256 3215)
4(3255 3296 3297 3256)
4(3296 3337 3338 3297)
4(3337 3378 3379 3338)
4(3378 3419 3420 3379)
4(3419 3460 3461 3420)
4(3460 3501 3502 3461)
4(3501 3542 3543 3502)
4(3542 3583 3584 3543)
4(3583 3624 3625 3584)
4(3624 3665 3666 3625)
4(3665 3706 3707 3666)
4(3706 3747 3748 3707)
4(1247 2559 2560 1248)
4(2559 2600 2601 2560)
4(2600 2641 2642 2601)
4(2641 2682 2683 2642)
4(2682 2723 2724 2683)
4(2723 2764 2765 2724)
4(2764 2805 2806 2765)
4(2805 2846 2847 2806)
4(2846 2887 2888 2847)
4(2887 2928 2929 2888)
4(2928 2969 2970 2929)
4(2969 3010 3011 2970)
4(3010 3051 3052 3011)
4(3051 3092 3093 3052)
4(3092 3133 3134 3093)
4(3133 3174 3175 3134)
4(3174 3215 3216 3175)
4(3215 3256 3257 3216)
4(3256 3297 3298 3257)
4(3297 3338 3339 3298)
4(3338 3379 3380 3339)
4(3379 3420 3421 3380)
4(3420 3461 3462 3421)
4(3461 3502 3503 3462)
4(3502 3543 3544 3503)
4(3543 3584 3585 3544)
4(3584 3625 3626 3585)
4(3625 3666 3667 3626)
4(3666 3707 3708 3667)
4(3707 3748 3749 3708)
4(1248 2560 2561 1249)
4(2560 2601 2602 2561)
4(2601 2642 2643 2602)
4(2642 2683 2684 2643)
4(2683 2724 2725 2684)
4(2724 2765 2766 2725)
4(2765 2806 2807 2766)
4(2806 2847 2848 2807)
4(2847 2888 2889 2848)
4(2888 2929 2930 2889)
4(2929 2970 2971 2930)
4(2970 3011 3012 2971)
4(3011 3052 3053 3012)
4(3052 3093 3094 3053)
4(3093 3134 3135 3094)
4(3134 3175 3176 3135)
4(3175 3216 3217 3176)
4(3216 3257 3258 3217)
4(3257 3298 3299 3258)
4(3298 3339 3340 3299)
4(3339 3380 3381 3340)
4(3380 3421 3422 3381)
4(3421 3462 3463 3422)
4(3462 3503 3504 3463)
4(3503 3544 3545 3504)
4(3544 3585 3586 3545)
4(3585 3626 3627 3586)
4(3626 3667 3668 3627)
4(3667 3708 3709 3668)
4(3708 3749 3750 3709)
4(1249 2561 2562 1250)
4(2561 2602 2603 2562)
4(2602 2643 2644 2603)
4(2643 2684 2685 2644)
4(2684 2725 2726 2685)
4(2725 2766 2767 2726)
4(2766 2807 2808 2767)
4(2807 2848 2849 2808)
4(2848 2889 2890 2849)
4(2889 2930 2931 2890)
4(2930 2971 2972 2931)
4(2971 3012 3013 2972)
4(3012 3053 3054 3013)
4(3053 3094 3095 3054)
4(3094 3135 3136 3095)
4(3135 3176 3177 3136)
4(3176 3217 3218 3177)
4(3217 3258 3259 3218)
4(3258 3299 3300 3259)
4(3299 3340 3341 3300)
4(3340 3381 3382 3341)
4(3381 3422 3423 3382)
4(3422 3463 3464 3423)
4(3463 3504 3505 3464)
4(3504 3545 3546 3505)
4(3545 3586 3587 3546)
4(3586 3627 3628 3587)
4(3627 3668 3669 3628)
4(3668 3709 3710 3669)
4(3709 3750 3751 3710)
4(1250 2562 2563 1251)
4(2562 2603 2604 2563)
4(2603 2644 2645 2604)
4(2644 2685 2686 2645)
4(2685 2726 2727 2686)
4(2726 2767 2768 2727)
4(2767 2808 2809 2768)
4(2808 2849 2850 2809)
4(2849 2890 2891 2850)
4(2890 2931 2932 2891)
4(2931 2972 2973 2932)
4(2972 3013 3014 2973)
4(3013 3054 3055 3014)
4(3054 3095 3096 3055)
4(3095 3136 3137 3096)
4(3136 3177 3178 3137)
4(3177 3218 3219 3178)
4(3218 3259 3260 3219)
4(3259 3300 3301 3260)
4(3300 3341 3342 3301)
4(3341 3382 3383 3342)
4(3382 3423 3424 3383)
4(3423 3464 3465 3424)
4(3464 3505 3506 3465)
4(3505 3546 3547 3506)
4(3546 3587 3588 3547)
4(3587 3628 3629 3588)
4(3628 3669 3670 3629)
4(3669 3710 3711 3670)
4(3710 3751 3752 3711)
4(1251 2563 2564 1252)
4(2563 2604 2605 2564)
4(2604 2645 2646 2605)
4(2645 2686 2687 2646)
4(2686 2727 2728 2687)
4(2727 2768 2769 2728)
4(2768 2809 2810 2769)
4(2809 2850 2851 2810)
4(2850 2891 2892 2851)
4(2891 2932 2933 2892)
4(2932 2973 2974 2933)
4(2973 3014 3015 2974)
4(3014 3055 3056 3015)
4(3055 3096 3097 3056)
4(3096 3137 3138 3097)
4(3137 3178 3179 3138)
4(3178 3219 3220 3179)
4(3219 3260 3261 3220)
4(3260 3301 3302 3261)
4(3301 3342 3343 3302)
4(3342 3383 3384 3343)
4(3383 3424 3425 3384)
4(3424 3465 3466 3425)
4(3465 3506 3507 3466)
4(3506 3547 3548 3507)
4(3547 3588 3589 3548)
4(3588 3629 3630 3589)
4(3629 3670 3671 3630)
4(3670 3711 3712 3671)
4(3711 3752 3753 3712)
4(1252 2564 2565 1253)
4(2564 2605 2606 2565)
4(2605 2646 2647 2606)
4(2646 2687 2688 2647)
4(2687 2728 2729 2688)
4(2728 2769 2770 2729)
4(2769 2810 2811 2770)
4(2810 2851 2852 2811)
4(2851 2892 2893 2852)
4(2892 2933 2934 2893)
4(2933 2974 2975 2934)
4(2974 3015 3016 2975)
4(3015 3056 3057 3016)
4(3056 3097 3098 3057)
4(3097 3138 3139 3098)
4(3138 3179 3180 3139)
4(3179 3220 3221 3180)
4(3220 3261 3262 3221)
4(3261 3302 3303 3262)
4(3302 3343 3344 3303)
4(3343 3384 3385 3344)
4(3384 3425 3426 3385)
4(3425 3466 3467 3426)
4(3466 3507 3508 3467)
4(3507 3548 3549 3508)
4(3548 3589 3590 3549)
4(3589 3630 3631 3590)
4(3630 3671 3672 3631)
4(3671 3712 3713 3672)
4(3712 3753 3754 3713)
4(1253 2565 2566 1254)
4(2565 2606 2607 2566)
4(2606 2647 2648 2607)
4(2647 2688 2689 2648)
4(2688 2729 2730 2689)
4(2729 2770 2771 2730)
4(2770 2811 2812 2771)
4(2811 2852 2853 2812)
4(2852 2893 2894 2853)
4(2893 2934 2935 2894)
4(2934 2975 2976 2935)
4(2975 3016 3017 2976)
4(3016 3057 3058 3017)
4(3057 3098 3099 3058)
4(3098 3139 3140 3099)
4(3139 3180 3181 3140)
4(3180 3221 3222 3181)
4(3221 3262 3263 3222)
4(3262 3303 3304 3263)
4(3303 3344 3345 3304)
4(3344 3385 3386 3345)
4(3385 3426 3427 3386)
4(3426 3467 3468 3427)
4(3467 3508 3509 3468)
4(3508 3549 3550 3509)
4(3549 3590 3591 3550)
4(3590 3631 3632 3591)
4(3631 3672 3673 3632)
4(3672 3713 3714 3673)
4(3713 3754 3755 3714)
4(1254 2566 2567 1255)
4(2566 2607 2608 2567)
4(2607 2648 2649 2608)
4(2648 2689 2690 2649)
4(2689 2730 2731 2690)
4(2730 2771 2772 2731)
4(2771 2812 2813 2772)
4(2812 2853 2854 2813)
4(2853 2894 2895 2854)
4(2894 2935 2936 2895)
4(2935 2976 2977 2936)
4(2976 3017 3018 2977)
4(3017 3058 3059 3018)
4(3058 3099 3100 3059)
4(3099 3140 3141 3100)
4(3140 3181 3182 3141)
4(3181 3222 3223 3182)
4(3222 3263 3264 3223)
4(3263 3304 3305 3264)
4(3304 3345 3346 3305)
4(3345 3386 3387 3346)
4(3386 3427 3428 3387)
4(3427 3468 3469 3428)
4(3468 3509 3510 3469)
4(3509 3550 3551 3510)
4(3550 3591 3592 3551)
4(3591 3632 3633 3592)
4(3632 3673 3674 3633)
4(3673 3714 3715 3674)
4(3714 3755 3756 3715)
4(1255 2567 2568 1256)
4(2567 2608 2609 2568)
4(2608 2649 2650 2609)
4(2649 2690 2691 2650)
4(2690 2731 2732 2691)
4(2731 2772 2773 2732)
4(2772 2813 2814 2773)
4(2813 2854 2855 2814)
4(2854 2895 2896 2855)
4(2895 2936 2937 2896)
4(2936 2977 2978 2937)
4(2977 3018 3019 2978)
4(3018 3059 3060 3019)
4(3059 3100 3101 3060)
4(3100 3141 3142 3101)
4(3141 3182 3183 3142)
4(3182 3223 3224 3183)
4(3223 3264 3265 3224)
4(3264 3305 3306 3265)
4(3305 3346 3347 3306)
4(3346 3387 3388 3347)
4(3387 3428 3429 3388)
4(3428 3469 3470 3429)
4(3469 3510 3511 3470)
4(3510 3551 3552 3511)
4(3551 3592 3593 3552)
4(3592 3633 3634 3593)
4(3633 3674 3675 3634)
4(3674 3715 3716 3675)
4(3715 3756 3757 3716)
4(1256 2568 2569 1257)
4(2568 2609 2610 2569)
4(2609 2650 2651 2610)
4(2650 2691 2692 2651)
4(2691 2732 2733 2692)
4(2732 2773 2774 2733)
4(2773 2814 2815 2774)
4(2814 2855 2856 2815)
4(2855 2896 2897 2856)
4(2896 2937 2938 2897)
4(2937 2978 2979 2938)
4(2978 3019 3020 2979)
4(3019 3060 3061 3020)
4(3060 3101 3102 3061)
4(3101 3142 3143 3102)
4(3142 3183 3184 3143)
4(3183 3224 3225 3184)
4(3224 3265 3266 3225)
4(3265 3306 3307 3266)
4(3306 3347 3348 3307)
4(3347 3388 3389 3348)
4(3388 3429 3430 3389)
4(3429 3470 3471 3430)
4(3470 3511 3512 3471)
4(3511 3552 3553 3512)
4(3552 3593 3594 3553)
4(3593 3634 3635 3594)
4(3634 3675 3676 3635)
4(3675 3716 3717 3676)
4(3716 3757 3758 3717)
4(1257 2569 2570 1258)
4(2569 2610 2611 2570)
4(2610 2651 2652 2611)
4(2651 2692 2693 2652)
4(2692 2733 2734 2693)
4(2733 2774 2775 2734)
4(2774 2815 2816 2775)
4(2815 2856 2857 2816)
4(2856 2897 2898 2857)
4(2897 2938 2939 2898)
4(2938 2979 2980 2939)
4(2979 3020 3021 2980)
4(3020 3061 3062 3021)
4(3061 3102 3103 3062)
4(3102 3143 3144 3103)
4(3143 3184 3185 3144)
4(3184 3225 3226 3185)
4(3225 3266 3267 3226)
4(3266 3307 3308 3267)
4(3307 3348 3349 3308)
4(3348 3389 3390 3349)
4(3389 3430 3431 3390)
4(3430 3471 3472 3431)
4(3471 3512 3513 3472)
4(3512 3553 3554 3513)
4(3553 3594 3595 3554)
4(3594 3635 3636 3595)
4(3635 3676 3677 3636)
4(3676 3717 3718 3677)
4(3717 3758 3759 3718)
4(1258 2570 2571 1259)
4(2570 2611 2612 2571)
4(2611 2652 2653 2612)
4(2652 2693 2694 2653)
4(2693 2734 2735 2694)
4(2734 2775 2776 2735)
4(2775 2816 2817 2776)
4(2816 2857 2858 2817)
4(2857 2898 2899 2858)
4(2898 2939 2940 2899)
4(2939 2980 2981 2940)
4(2980 3021 3022 2981)
4(3021 3062 3063 3022)
4(3062 3103 3104 3063)
4(3103 3144 3145 3104)
4(3144 3185 3186 3145)
4(3185 3226 3227 3186)
4(3226 3267 3268 3227)
4(3267 3308 3309 3268)
4(3308 3349 3350 3309)
4(3349 3390 3391 3350)
4(3390 3431 3432 3391)
4(3431 3472 3473 3432)
4(3472 3513 3514 3473)
4(3513 3554 3555 3514)
4(3554 3595 3596 3555)
4(3595 3636 3637 3596)
4(3636 3677 3678 3637)
4(3677 3718 3719 3678)
4(3718 3759 3760 3719)
4(1259 2571 2572 1260)
4(2571 2612 2613 2572)
4(2612 2653 2654 2613)
4(2653 2694 2695 2654)
4(2694 2735 2736 2695)
4(2735 2776 2777 2736)
4(2776 2817 2818 2777)
4(2817 2858 2859 2818)
4(2858 2899 2900 2859)
4(2899 2940 2941 2900)
4(2940 2981 2982 2941)
4(2981 3022 3023 2982)
4(3022 3063 3064 3023)
4(3063 3104 3105 3064)
4(3104 3145 3146 3105)
4(3145 3186 3187 3146)
4(3186 3227 3228 3187)
4(3227 3268 3269 3228)
4(3268 3309 3310 3269)
4(3309 3350 3351 3310)
4(3350 3391 3392 3351)
4(3391 3432 3433 3392)
4(3432 3473 3474 3433)
4(3473 3514 3515 3474)
4(3514 3555 3556 3515)
4(3555 3596 3597 3556)
4(3596 3637 3638 3597)
4(3637 3678 3679 3638)
4(3678 3719 3720 3679)
4(3719 3760 3761 3720)
4(1260 2572 2573 1261)
4(2572 2613 2614 2573)
4(2613 2654 2655 2614)
4(2654 2695 2696 2655)
4(2695 2736 2737 2696)
4(2736 2777 2778 2737)
4(2777 2818 2819 2778)
4(2818 2859 2860 2819)
4(2859 2900 2901 2860)
4(2900 2941 2942 2901)
4(2941 2982 2983 2942)
4(2982 3023 3024 2983)
4(3023 3064 3065 3024)
4(3064 3105 3106 3065)
4(3105 3146 3147 3106)
4(3146 3187 3188 3147)
4(3187 3228 3229 3188)
4(3228 3269 3270 3229)
4(3269 3310 3311 3270)
4(3310 3351 3352 3311)
4(3351 3392 3393 3352)
4(3392 3433 3434 3393)
4(3433 3474 3475 3434)
4(3474 3515 3516 3475)
4(3515 3556 3557 3516)
4(3556 3597 3598 3557)
4(3597 3638 3639 3598)
4(3638 3679 3680 3639)
4(3679 3720 3721 3680)
4(3720 3761 3762 3721)
4(1261 2573 2574 1262)
4(2573 2614 2615 2574)
4(2614 2655 2656 2615)
4(2655 2696 2697 2656)
4(2696 2737 2738 2697)
4(2737 2778 2779 2738)
4(2778 2819 2820 2779)
4(2819 2860 2861 2820)
4(2860 2901 2902 2861)
4(2901 2942 2943 2902)
4(2942 2983 2984 2943)
4(2983 3024 3025 2984)
4(3024 3065 3066 3025)
4(3065 3106 3107 3066)
4(3106 3147 3148 3107)
4(3147 3188 3189 3148)
4(3188 3229 3230 3189)
4(3229 3270 3271 3230)
4(3270 3311 3312 3271)
4(3311 3352 3353 3312)
4(3352 3393 3394 3353)
4(3393 3434 3435 3394)
4(3434 3475 3476 3435)
4(3475 3516 3517 3476)
4(3516 3557 3558 3517)
4(3557 3598 3599 3558)
4(3598 3639 3640 3599)
4(3639 3680 3681 3640)
4(3680 3721 3722 3681)
4(3721 3762 3763 3722)
4(1262 2574 2575 1263)
4(2574 2615 2616 2575)
4(2615 2656 2657 2616)
4(2656 2697 2698 2657)
4(2697 2738 2739 2698)
4(2738 2779 2780 2739)
4(2779 2820 2821 2780)
4(2820 2861 2862 2821)
4(2861 2902 2903 2862)
4(2902 2943 2944 2903)
4(2943 2984 2985 2944)
4(2984 3025 3026 2985)
4(3025 3066 3067 3026)
4(3066 3107 3108 3067)
4(3107 3148 3149 3108)
4(3148 3189 3190 3149)
4(3189 3230 3231 3190)
4(3230 3271 3272 3231)
4(3271 3312 3313 3272)
4(3312 3353 3354 3313)
4(3353 3394 3395 3354)
4(3394 3435 3436 3395)
4(3435 3476 3477 3436)
4(3476 3517 3518 3477)
4(3517 3558 3559 3518)
4(3558 3599 3600 3559)
4(3599 3640 3641 3600)
4(3640 3681 3682 3641)
4(3681 3722 3723 3682)
4(3722 3763 3764 3723)
4(1263 2575 2576 1264)
4(2575 2616 2617 2576)
4(2616 2657 2658 2617)
4(2657 2698 2699 2658)
4(2698 2739 2740 2699)
4(2739 2780 2781 2740)
4(2780 2821 2822 2781)
4(2821 2862 2863 2822)
4(2862 2903 2904 2863)
4(2903 2944 2945 2904)
4(2944 2985 2986 2945)
4(2985 3026 3027 2986)
4(3026 3067 3068 3027)
4(3067 3108 3109 3068)
4(3108 3149 3150 3109)
4(3149 3190 3191 3150)
4(3190 3231 3232 3191)
4(3231 3272 3273 3232)
4(3272 3313 3314 3273)
4(3313 3354 3355 3314)
4(3354 3395 3396 3355)
4(3395 3436 3437 3396)
4(3436 3477 3478 3437)
4(3477 3518 3519 3478)
4(3518 3559 3560 3519)
4(3559 3600 3601 3560)
4(3600 3641 3642 3601)
4(3641 3682 3683 3642)
4(3682 3723 3724 3683)
4(3723 3764 3765 3724)
4(1264 2576 2577 1265)
4(2576 2617 2618 2577)
4(2617 2658 2659 2618)
4(2658 2699 2700 2659)
4(2699 2740 2741 2700)
4(2740 2781 2782 2741)
4(2781 2822 2823 2782)
4(2822 2863 2864 2823)
4(2863 2904 2905 2864)
4(2904 2945 2946 2905)
4(2945 2986 2987 2946)
4(2986 3027 3028 2987)
4(3027 3068 3069 3028)
4(3068 3109 3110 3069)
4(3109 3150 3151 3110)
4(3150 3191 3192 3151)
4(3191 3232 3233 3192)
4(3232 3273 3274 3233)
4(3273 3314 3315 3274)
4(3314 3355 3356 3315)
4(3355 3396 3397 3356)
4(3396 3437 3438 3397)
4(3437 3478 3479 3438)
4(3478 3519 3520 3479)
4(3519 3560 3561 3520)
4(3560 3601 3602 3561)
4(3601 3642 3643 3602)
4(3642 3683 3684 3643)
4(3683 3724 3725 3684)
4(3724 3765 3766 3725)
4(1265 2577 2578 1266)
4(2577 2618 2619 2578)
4(2618 2659 2660 2619)
4(2659 2700 2701 2660)
4(2700 2741 2742 2701)
4(2741 2782 2783 2742)
4(2782 2823 2824 2783)
4(2823 2864 2865 2824)
4(2864 2905 2906 2865)
4(2905 2946 2947 2906)
4(2946 2987 2988 2947)
4(2987 3028 3029 2988)
4(3028 3069 3070 3029)
4(3069 3110 3111 3070)
4(3110 3151 3152 3111)
4(3151 3192 3193 3152)
4(3192 3233 3234 3193)
4(3233 3274 3275 3234)
4(3274 3315 3316 3275)
4(3315 3356 3357 3316)
4(3356 3397 3398 3357)
4(3397 3438 3439 3398)
4(3438 3479 3480 3439)
4(3479 3520 3521 3480)
4(3520 3561 3562 3521)
4(3561 3602 3603 3562)
4(3602 3643 3644 3603)
4(3643 3684 3685 3644)
4(3684 3725 3726 3685)
4(3725 3766 3767 3726)
4(1266 2578 2579 1267)
4(2578 2619 2620 2579)
4(2619 2660 2661 2620)
4(2660 2701 2702 2661)
4(2701 2742 2743 2702)
4(2742 2783 2784 2743)
4(2783 2824 2825 2784)
4(2824 2865 2866 2825)
4(2865 2906 2907 2866)
4(2906 2947 2948 2907)
4(2947 2988 2989 2948)
4(2988 3029 3030 2989)
4(3029 3070 3071 3030)
4(3070 3111 3112 3071)
4(3111 3152 3153 3112)
4(3152 3193 3194 3153)
4(3193 3234 3235 3194)
4(3234 3275 3276 3235)
4(3275 3316 3317 3276)
4(3316 3357 3358 3317)
4(3357 3398 3399 3358)
4(3398 3439 3440 3399)
4(3439 3480 3481 3440)
4(3480 3521 3522 3481)
4(3521 3562 3563 3522)
4(3562 3603 3604 3563)
4(3603 3644 3645 3604)
4(3644 3685 3686 3645)
4(3685 3726 3727 3686)
4(3726 3767 3768 3727)
4(1267 2579 2580 1268)
4(2579 2620 2621 2580)
4(2620 2661 2662 2621)
4(2661 2702 2703 2662)
4(2702 2743 2744 2703)
4(2743 2784 2785 2744)
4(2784 2825 2826 2785)
4(2825 2866 2867 2826)
4(2866 2907 2908 2867)
4(2907 2948 2949 2908)
4(2948 2989 2990 2949)
4(2989 3030 3031 2990)
4(3030 3071 3072 3031)
4(3071 3112 3113 3072)
4(3112 3153 3154 3113)
4(3153 3194 3195 3154)
4(3194 3235 3236 3195)
4(3235 3276 3277 3236)
4(3276 3317 3318 3277)
4(3317 3358 3359 3318)
4(3358 3399 3400 3359)
4(3399 3440 3441 3400)
4(3440 3481 3482 3441)
4(3481 3522 3523 3482)
4(3522 3563 3564 3523)
4(3563 3604 3605 3564)
4(3604 3645 3646 3605)
4(3645 3686 3687 3646)
4(3686 3727 3728 3687)
4(3727 3768 3769 3728)
4(1268 2580 2581 1269)
4(2580 2621 2622 2581)
4(2621 2662 2663 2622)
4(2662 2703 2704 2663)
4(2703 2744 2745 2704)
4(2744 2785 2786 2745)
4(2785 2826 2827 2786)
4(2826 2867 2868 2827)
4(2867 2908 2909 2868)
4(2908 2949 2950 2909)
4(2949 2990 2991 2950)
4(2990 3031 3032 2991)
4(3031 3072 3073 3032)
4(3072 3113 3114 3073)
4(3113 3154 3155 3114)
4(3154 3195 3196 3155)
4(3195 3236 3237 3196)
4(3236 3277 3278 3237)
4(3277 3318 3319 3278)
4(3318 3359 3360 3319)
4(3359 3400 3401 3360)
4(3400 3441 3442 3401)
4(3441 3482 3483 3442)
4(3482 3523 3524 3483)
4(3523 3564 3565 3524)
4(3564 3605 3606 3565)
4(3605 3646 3647 3606)
4(3646 3687 3688 3647)
4(3687 3728 3729 3688)
4(3728 3769 3770 3729)
4(1269 2581 2582 1270)
4(2581 2622 2623 2582)
4(2622 2663 2664 2623)
4(2663 2704 2705 2664)
4(2704 2745 2746 2705)
4(2745 2786 2787 2746)
4(2786 2827 2828 2787)
4(2827 2868 2869 2828)
4(2868 2909 2910 2869)
4(2909 2950 2951 2910)
4(2950 2991 2992 2951)
4(2991 3032 3033 2992)
4(3032 3073 3074 3033)
4(3073 3114 3115 3074)
4(3114 3155 3156 3115)
4(3155 3196 3197 3156)
4(3196 3237 3238 3197)
4(3237 3278 3279 3238)
4(3278 3319 3320 3279)
4(3319 3360 3361 3320)
4(3360 3401 3402 3361)
4(3401 3442 3443 3402)
4(3442 3483 3484 3443)
4(3483 3524 3525 3484)
4(3524 3565 3566 3525)
4(3565 3606 3607 3566)
4(3606 3647 3648 3607)
4(3647 3688 3689 3648)
4(3688 3729 3730 3689)
4(3729 3770 3771 3730)
4(2501 2502 3773 3772)
4(3772 3773 3814 3813)
4(3813 3814 3855 3854)
4(3854 3855 3896 3895)
4(3895 3896 3937 3936)
4(3936 3937 3978 3977)
4(3977 3978 4019 4018)
4(4018 4019 4060 4059)
4(4059 4060 4101 4100)
4(4100 4101 4142 4141)
4(4141 4142 4183 4182)
4(4182 4183 4224 4223)
4(4223 4224 4265 4264)
4(4264 4265 4306 4305)
4(4305 4306 4347 4346)
4(4346 4347 4388 4387)
4(4387 4388 4429 4428)
4(4428 4429 4470 4469)
4(4469 4470 4511 4510)
4(4510 4511 4552 4551)
4(4551 4552 4593 4592)
4(4592 4593 4634 4633)
4(4633 4634 4675 4674)
4(4674 4675 4716 4715)
4(4715 4716 4757 4756)
4(4756 4757 4798 4797)
4(4797 4798 4839 4838)
4(4838 4839 4880 4879)
4(4879 4880 4921 4920)
4(4920 4921 4962 4961)
4(2502 2503 3774 3773)
4(3773 3774 3815 3814)
4(3814 3815 3856 3855)
4(3855 3856 3897 3896)
4(3896 3897 3938 3937)
4(3937 3938 3979 3978)
4(3978 3979 4020 4019)
4(4019 4020 4061 4060)
4(4060 4061 4102 4101)
4(4101 4102 4143 4142)
4(4142 4143 4184 4183)
4(4183 4184 4225 4224)
4(4224 4225 4266 4265)
4(4265 4266 4307 4306)
4(4306 4307 4348 4347)
4(4347 4348 4389 4388)
4(4388 4389 4430 4429)
4(4429 4430 4471 4470)
4(4470 4471 4512 4511)
4(4511 4512 4553 4552)
4(4552 4553 4594 4593)
4(4593 4594 4635 4634)
4(4634 4635 4676 4675)
4(4675 4676 4717 4716)
4(4716 4717 4758 4757)
4(4757 4758 4799 4798)
4(4798 4799 4840 4839)
4(4839 4840 4881 4880)
4(4880 4881 4922 4921)
4(4921 4922 4963 4962)
4(2503 2504 3775 3774)
4(3774 3775 3816 3815)
4(3815 3816 3857 3856)
4(3856 3857 3898 3897)
4(3897 3898 3939 3938)
4(3938 3939 3980 3979)
4(3979 3980 4021 4020)
4(4020 4021 4062 4061)
4(4061 4062 4103 4102)
4(4102 4103 4144 4143)
4(4143 4144 4185 4184)
4(4184 4185 4226 4225)
4(4225 4226 4267 4266)
4(4266 4267 4308 4307)
4(4307 4308 4349 4348)
4(4348 4349 4390 4389)
4(4389 4390 4431 4430)
4(4430 4431 4472 4471)
4(4471 4472 4513 4512)
4(4512 4513 4554 4553)
4(4553 4554 4595 4594)
4(4594 4595 4636 4635)
4(4635 4636 4677 4676)
4(4676 4677 4718 4717)
4(4717 4718 4759 4758)
4(4758 4759 4800 4799)
4(4799 4800 4841 4840)
4(4840 4841 4882 4881)
4(4881 4882 4923 4922)
4(4922 4923 4964 4963)
4(2504 2505 3776 3775)
4(3775 3776 3817 3816)
4(3816 3817 3858 3857)
4(3857 3858 3899 3898)
4(3898 3899 3940 3939)
4(3939 3940 3981 3980)
4(3980 3981 4022 4021)
4(4021 4022 4063 4062)
4(4062 4063 4104 4103)
4(4103 4104 4145 4144)
4(4144 4145 4186 4185)
4(4185 4186 4227 4226)
4(4226 4227 4268 4267)
4(4267 4268 4309 4308)
4(4308 4309 4350 4349)
4(4349 4350 4391 4390)
4(4390 4391 4432 4431)
4(4431 4432 4473 4472)
4(4472 4473 4514 4513)
4(4513 4514 4555 4554)
4(4554 4555 4596 4595)
4(4595 4596 4637 4636)
4(4636 4637 4678 4677)
4(4677 4678 4719 4718)
4(4718 4719 4760 4759)
4(4759 4760 4801 4800)
4(4800 4801 4842 4841)
4(4841 4842 4883 4882)
4(4882 4883 4924 4923)
4(4923 4924 4965 4964)
4(2505 2506 3777 3776)
4(3776 3777 3818 3817)
4(3817 3818 3859 3858)
4(3858 3859 3900 3899)
4(3899 3900 3941 3940)
4(3940 3941 3982 3981)
4(3981 3982 4023 4022)
4(4022 4023 4064 4063)
4(4063 4064 4105 4104)
4(4104 4105 4146 4145)
4(4145 4146 4187 4186)
4(4186 4187 4228 4227)
4(4227 4228 4269 4268)
4(4268 4269 4310 4309)
4(4309 4310 4351 4350)
4(4350 4351 4392 4391)
4(4391 4392 4433 4432)
4(4432 4433 4474 4473)
4(4473 4474 4515 4514)
4(4514 4515 4556 4555)
4(4555 4556 4597 4596)
4(4596 4597 4638 4637)
4(4637 4638 4679 4678)
4(4678 4679 4720 4719)
4(4719 4720 4761 4760)
4(4760 4761 4802 4801)
4(4801 4802 4843 4842)
4(4842 4843 4884 4883)
4(4883 4884 4925 4924)
4(4924 4925 4966 4965)
4(2506 2507 3778 3777)
4(3777 3778 3819 3818)
4(3818 3819 3860 3859)
4(3859 3860 3901 3900)
4(3900 3901 3942 3941)
4(3941 3942 3983 3982)
4(3982 3983 4024 4023)
4(4023 4024 4065 4064)
4(4064 4065 4106 4105)
4(4105 4106 4147 4146)
4(4146 4147 4188 4187)
4(4187 4188 4229 4228)
4(4228 4229 4270 4269)
4(4269 4270 4311 4310)
4(4310 4311 4352 4351)
4(4351 4352 4393 4392)
4(4392 4393 4434 4433)
4(4433 4434 4475 4474)
4(4474 4475 4516 4515)
4(4515 4516 4557 4556)
4(4556 4557 4598 4597)
4(4597 4598 4639 4638)
4(4638 4639 4680 4679)
4(4679 4680 4721 4720)
4(4720 4721 4762 4761)
4(4761 4762 4803 4802)
4(4802 4803 4844 4843)
4(4843 4844 4885 4884)
4(4884 4885 4926 4925)
4(4925 4926 4967 4966)
4(2507 2508 3779 3778)
4(3778 3779 3820 3819)
4(3819 3820 3861 3860)
4(3860 3861 3902 3901)
4(3901 3902 3943 3942)
4(3942 3943 3984 3983)
4(3983 3984 4025 4024)
4(4024 4025 4066 4065)
4(4065 4066 4107 4106)
4(4106 4107 4148 4147)
4(4147 4148 4189 4188)
4(4188 4189 4230 4229)
4(4229 4230 4271 4270)
4(4270 4271 4312 4311)
4(4311 4312 4353 4352)
4(4352 4353 4394 4393)
4(4393 4394 4435 4434)
4(4434 4435 4476 4475)
4(4475 4476 4517 4516)
4(4516 4517 4558 4557)
4(4557 4558 4599 4598)
4(4598 4599 4640 4639)
4(4639 4640 4681 4680)
4(4680 4681 4722 4721)
4(4721 4722 4763 4762)
4(4762 4763 4804 4803)
4(4803 4804 4845 4844)
4(4844 4845 4886 4885)
4(4885 4886 4927 4926)
4(4926 4927 4968 4967)
4(2508 2509 3780 3779)
4(3779 3780 3821 3820)
4(3820 3821 3862 3861)
4(3861 3862 3903 3902)
4(3902 3903 3944 3943)
4(3943 3944 3985 3984)
4(3984 3985 4026 4025)
4(4025 4026 4067 4066)
4(4066 4067 4108 4107)
4(4107 4108 4149 4148)
4(4148 4149 4190 4189)
4(4189 4190 4231 4230)
4(4230 4231 4272 4271)
4(4271 4272 4313 4312)
4(4312 4313 4354 4353)
4(4353 4354 4395 4394)
4(4394 4395 4436 4435)
4(4435 4436 4477 4476)
4(4476 4477 4518 4517)
4(4517 4518 4559 4558)
4(4558 4559 4600 4599)
4(4599 4600 4641 4640)
4(4640 4641 4682 4681)
4(4681 4682 4723 4722)
4(4722 4723 4764 4763)
4(4763 4764 4805 4804)
4(4804 4805 4846 4845)
4(4845 4846 4887 4886)
4(4886 4887 4928 4927)
4(4927 4928 4969 4968)
4(2509 2510 3781 3780)
4(3780 3781 3822 3821)
4(3821 3822 3863 3862)
4(3862 3863 3904 3903)
4(3903 3904 3945 3944)
4(3944 3945 3986 3985)
4(3985 3986 4027 4026)
4(4026 4027 4068 4067)
4(4067 4068 4109 4108)
4(4108 4109 4150 4149)
4(4149 4150 4191 4190)
4(4190 4191 4232 4231)
4(4231 4232 4273 4272)
4(4272 4273 4314 4313)
4(4313 4314 4355 4354)
4(4354 4355 4396 4395)
4(4395 4396 4437 4436)
4(4436 4437 4478 4477)
4(4477 4478 4519 4518)
4(4518 4519 4560 4559)
4(4559 4560 4601 4600)
4(4600 4601 4642 4641)
4(4641 4642 4683 4682)
4(4682 4683 4724 4723)
4(4723 4724 4765 4764)
4(4764 4765 4806 4805)
4(4805 4806 4847 4846)
4(4846 4847 4888 4887)
4(4887 4888 4929 4928)
4(4928 4929 4970 4969)
4(2510 2511 3782 3781)
4(3781 3782 3823 3822)
4(3822 3823 3864 3863)
4(3863 3864 3905 3904)
4(3904 3905 3946 3945)
4(3945 3946 3987 3986)
4(3986 3987 4028 4027)
4(4027 4028 4069 4068)
4(4068 4069 4110 4109)
4(4109 4110 4151 4150)
4(4150 4151 4192 4191)
4(4191 4192 4233 4232)
4(4232 4233 4274 4273)
4(4273 4274 4315 4314)
4(4314 4315 4356 4355)
4(4355 4356 4397 4396)
4(4396 4397 4438 4437)
4(4437 4438 4479 4478)
4(4478 4479 4520 4519)
4(4519 4520 4561 4560)
4(4560 4561 4602 4601)
4(4601 4602 4643 4642)
4(4642 4643 4684 4683)
4(4683 4684 4725 4724)
4(4724 4725 4766 4765)
4(4765 4766 4807 4806)
4(4806 4807 4848 4847)
4(4847 4848 4889 4888)
4(4888 4889 4930 4929)
4(4929 4930 4971 4970)
4(2511 2512 3783 3782)
4(3782 3783 3824 3823)
4(3823 3824 3865 3864)
4(3864 3865 3906 3905)
4(3905 3906 3947 3946)
4(3946 3947 3988 3987)
4(3987 3988 4029 4028)
4(4028 4029 4070 4069)
4(4069 4070 4111 4110)
4(4110 4111 4152 4151)
4(4151 4152 4193 4192)
4(4192 4193 4234 4233)
4(4233 4234 4275 4274)
4(4274 4275 4316 4315)
4(4315 4316 4357 4356)
4(4356 4357 4398 4397)
4(4397 4398 4439 4438)
4(4438 4439 4480 4479)
4(4479 4480 4521 4520)
4(4520 4521 4562 4561)
4(4561 4562 4603 4602)
4(4602 4603 4644 4643)
4(4643 4644 4685 4684)
4(4684 4685 4726 4725)
4(4725 4726 4767 4766)
4(4766 4767 4808 4807)
4(4807 4808 4849 4848)
4(4848 4849 4890 4889)
4(4889 4890 4931 4930)
4(4930 4931 4972 4971)
4(2512 2513 3784 3783)
4(3783 3784 3825 3824)
4(3824 3825 3866 3865)
4(3865 3866 3907 3906)
4(3906 3907 3948 3947)
4(3947 3948 3989 3988)
4(3988 3989 4030 4029)
4(4029 4030 4071 4070)
4(4070 4071 4112 4111)
4(4111 4112 4153 4152)
4(4152 4153 4194 4193)
4(4193 4194 4235 4234)
4(4234 4235 4276 4275)
4(4275 4276 4317 4316)
4(4316 4317 4358 4357)
4(4357 4358 4399 4398)
4(4398 4399 4440 4439)
4(4439 4440 4481 4480)
4(4480 4481 4522 4521)
4(4521 4522 4563 4562)
4(4562 4563 4604 4603)
4(4603 4604 4645 4644)
4(4644 4645 4686 4685)
4(4685 4686 4727 4726)
4(4726 4727 4768 4767)
4(4767 4768 4809 4808)
4(4808 4809 4850 4849)
4(4849 4850 4891 4890)
4(4890 4891 4932 4931)
4(4931 4932 4973 4972)
4(2513 2514 3785 3784)
4(3784 3785 3826 3825)
4(3825 3826 3867 3866)
4(3866 3867 3908 3907)
4(3907 3908 3949 3948)
4(3948 3949 3990 3989)
4(3989 3990 4031 4030)
4(4030 4031 4072 4071)
4(4071 4072 4113 4112)
4(4112 4113 4154 4153)
4(4153 4154 4195 4194)
4(4194 4195 4236 4235)
4(4235 4236 4277 4276)
4(4276 4277 4318 4317)
4(4317 4318 4359 4358)
4(4358 4359 4400 4399)
4(4399 4400 4441 4440)
4(4440 4441 4482 4481)
4(4481 4482 4523 4522)
4(4522 4523 4564 4563)
4(4563 4564 4605 4604)
4(4604 4605 4646 4645)
4(4645 4646 4687 4686)
4(4686 4687 4728 4727)
4(4727 4728 4769 4768)
4(4768 4769 4810 4809)
4(4809 4810 4851 4850)
4(4850 4851 4892 4891)
4(4891 4892 4933 4932)
4(4932 4933 4974 4973)
4(2514 2515 3786 3785)
4(3785 3786 3827 3826)
4(3826 3827 3868 3867)
4(3867 3868 3909 3908)
4(3908 3909 3950 3949)
4(3949 3950 3991 3990)
4(3990 3991 4032 4031)
4(4031 4032 4073 4072)
4(4072 4073 4114 4113)
4(4113 4114 4155 4154)
4(4154 4155 4196 4195)
4(4195 4196 4237 4236)
4(4236 4237 4278 4277)
4(4277 4278 4319 4318)
4(4318 4319 4360 4359)
4(4359 4360 4401 4400)
4(4400 4401 4442 4441)
4(4441 4442 4483 4482)
4(4482 4483 4524 4523)
4(4523 4524 4565 4564)
4(4564 4565 4606 4605)
4(4605 4606 4647 4646)
4(4646 4647 4688 4687)
4(4687 4688 4729 4728)
4(4728 4729 4770 4769)
4(4769 4770 4811 4810)
4(4810 4811 4852 4851)
4(4851 4852 4893 4892)
4(4892 4893 4934 4933)
4(4933 4934 4975 4974)
4(2515 2516 3787 3786)
4(3786 3787 3828 3827)
4(3827 3828 3869 3868)
4(3868 3869 3910 3909)
4(3909 3910 3951 3950)
4(3950 3951 3992 3991)
4(3991 3992 4033 4032)
4(4032 4033 4074 4073)
4(4073 4074 4115 4114)
4(4114 4115 4156 4155)
4(4155 4156 4197 4196)
4(4196 4197 4238 4237)
4(4237 4238 4279 4278)
4(4278 4279 4320 4319)
4(4319 4320 4361 4360)
4(4360 4361 4402 4401)
4(4401 4402 4443 4442)
4(4442 4443 4484 4483)
4(4483 4484 4525 4524)
4(4524 4525 4566 4565)
4(4565 4566 4607 4606)
4(4606 4607 4648 4647)
4(4647 4648 4689 4688)
4(4688 4689 4730 4729)
4(4729 4730 4771 4770)
4(4770 4771 4812 4811)
4(4811 4812 4853 4852)
4(4852 4853 4894 4893)
4(4893 4894 4935 4934)
4(4934 4935 4976 4975)
4(2516 2517 3788 3787)
4(3787 3788 3829 3828)
4(3828 3829 3870 3869)
4(3869 3870 3911 3910)
4(3910 3911 3952 3951)
4(3951 3952 3993 3992)
4(3992 3993 4034 4033)
4(4033 4034 4075 4074)
4(4074 4075 4116 4115)
4(4115 4116 4157 4156)
4(4156 4157 4198 4197)
4(4197 4198 4239 4238)
4(4238 4239 4280 4279)
4(4279 4280 4321 4320)
4(4320 4321 4362 4361)
4(4361 4362 4403 4402)
4(4402 4403 4444 4443)
4(4443 4444 4485 4484)
4(4484 4485 4526 4525)
4(4525 4526 4567 4566)
4(4566 4567 4608 4607)
4(4607 4608 4649 4648)
4(4648 4649 4690 4689)
4(4689 4690 4731 4730)
4(4730 4731 4772 4771)
4(4771 4772 4813 4812)
4(4812 4813 4854 4853)
4(4853 4854 4895 4894)
4(4894 4895 4936 4935)
4(4935 4936 4977 4976)
4(2517 2518 3789 3788)
4(3788 3789 3830 3829)
4(3829 3830 3871 3870)
4(3870 3871 3912 3911)
4(3911 3912 3953 3952)
4(3952 3953 3994 3993)
4(3993 3994 4035 4034)
4(4034 4035 4076 4075)
4(4075 4076 4117 4116)
4(4116 4117 4158 4157)
4(4157 4158 4199 4198)
4(4198 4199 4240 4239)
4(4239 4240 4281 4280)
4(4280 4281 4322 4321)
4(4321 4322 4363 4362)
4(4362 4363 4404 4403)
4(4403 4404 4445 4444)
4(4444 4445 4486 4485)
4(4485 4486 4527 4526)
4(4526 4527 4568 4567)
4(4567 4568 4609 4608)
4(4608 4609 4650 4649)
4(4649 4650 4691 4690)
4(4690 4691 4732 4731)
4(4731 4732 4773 4772)
4(4772 4773 4814 4813)
4(4813 4814 4855 4854)
4(4854 4855 4896 4895)
4(4895 4896 4937 4936)
4(4936 4937 4978 4977)
4(2518 2519 3790 3789)
4(3789 3790 3831 3830)
4(3830 3831 3872 3871)
4(3871 3872 3913 3912)
4(3912 3913 3954 3953)
4(3953 3954 3995 3994)
4(3994 3995 4036 4035)
4(4035 4036 4077 4076)
4(4076 4077 4118 4117)
4(4117 4118 4159 4158)
4(4158 4159 4200 4199)
4(4199 4200 4241 4240)
4(4240 4241 4282 4281)
4(4281 4282 4323 4322)
4(4322 4323 4364 4363)
4(4363 4364 4405 4404)
4(4404 4405 4446 4445)
4(4445 4446 4487 4486)
4(4486 4487 4528 4527)
4(4527 4528 4569 4568)
4(4568 4569 4610 4609)
4(4609 4610 4651 4650)
4(4650 4651 4692 4691)
4(4691 4692 4733 4732)
4(4732 4733 4774 4773)
4(4773 4774 4815 4814)
4(4814 4815 4856 4855)
4(4855 4856 4897 4896)
4(4896 4897 4938 4937)
4(4937 4938 4979 4978)
4(2519 2520 3791 3790)
4(3790 3791 3832 3831)
4(3831 3832 3873 3872)
4(3872 3873 3914 3913)
4(3913 3914 3955 3954)
4(3954 3955 3996 3995)
4(3995 3996 4037 4036)
4(4036 4037 4078 4077)
4(4077 4078 4119 4118)
4(4118 4119 4160 4159)
4(4159 4160 4201 4200)
4(4200 4201 4242 4241)
4(4241 4242 4283 4282)
4(4282 4283 4324 4323)
4(4323 4324 4365 4364)
4(4364 4365 4406 4405)
4(4405 4406 4447 4446)
4(4446 4447 4488 4487)
4(4487 4488 4529 4528)
4(4528 4529 4570 4569)
4(4569 4570 4611 4610)
4(4610 4611 4652 4651)
4(4651 4652 4693 4692)
4(4692 4693 4734 4733)
4(4733 4734 4775 4774)
4(4774 4775 4816 4815)
4(4815 4816 4857 4856)
4(4856 4857 4898 4897)
4(4897 4898 4939 4938)
4(4938 4939 4980 4979)
4(2520 2521 3792 3791)
4(3791 3792 3833 3832)
4(3832 3833 3874 3873)
4(3873 3874 3915 3914)
4(3914 3915 3956 3955)
4(3955 3956 3997 3996)
4(3996 3997 4038 4037)
4(4037 4038 4079 4078)
4(4078 4079 4120 4119)
4(4119 4120 4161 4160)
4(4160 4161 4202 4201)
4(4201 4202 4243 4242)
4(4242 4243 4284 4283)
4(4283 4284 4325 4324)
4(4324 4325 4366 4365)
4(4365 4366 4407 4406)
4(4406 4407 4448 4447)
4(4447 4448 4489 4488)
4(4488 4489 4530 4529)
4(4529 4530 4571 4570)
4(4570 4571 4612 4611)
4(4611 4612 4653 4652)
4(4652 4653 4694 4693)
4(4693 4694 4735 4734)
4(4734 4735 4776 4775)
4(4775 4776 4817 4816)
4(4816 4817 4858 4857)
4(4857 4858 4899 4898)
4(4898 4899 4940 4939)
4(4939 4940 4981 4980)
4(2521 2522 3793 3792)
4(3792 3793 3834 3833)
4(3833 3834 3875 3874)
4(3874 3875 3916 3915)
4(3915 3916 3957 3956)
4(3956 3957 3998 3997)
4(3997 3998 4039 4038)
4(4038 4039 4080 4079)
4(4079 4080 4121 4120)
4(4120 4121 4162 4161)
4(4161 4162 4203 4202)
4(4202 4203 4244 4243)
4(4243 4244 4285 4284)
4(4284 4285 4326 4325)
4(4325 4326 4367 4366)
4(4366 4367 4408 4407)
4(4407 4408 4449 4448)
4(4448 4449 4490 4489)
4(4489 4490 4531 4530)
4(4530 4531 4572 4571)
4(4571 4572 4613 4612)
4(4612 4613 4654 4653)
4(4653 4654 4695 4694)
4(4694 4695 4736 4735)
4(4735 4736 4777 4776)
4(4776 4777 4818 4817)
4(4817 4818 4859 4858)
4(4858 4859 4900 4899)
4(4899 4900 4941 4940)
4(4940 4941 4982 4981)
4(2522 2523 3794 3793)
4(3793 3794 3835 3834)
4(3834 3835 3876 3875)
4(3875 3876 3917 3916)
4(3916 3917 3958 3957)
4(3957 3958 3999 3998)
4(3998 3999 4040 4039)
4(4039 4040 4081 4080)
4(4080 4081 4122 4121)
4(4121 4122 4163 4162)
4(4162 4163 4204 4203)
4(4203 4204 4245 4244)
4(4244 4245 4286 4285)
4(4285 4286 4327 4326)
4(4326 4327 4368 4367)
4(4367 4368 4409 4408)
4(4408 4409 4450 4449)
4(4449 4450 4491 4490)
4(4490 4491 4532 4531)
4(4531 4532 4573 4572)
4(4572 4573 4614 4613)
4(4613 4614 4655 4654)
4(4654 4655 4696 4695)
4(4695 4696 4737 4736)
4(4736 4737 4778 4777)
4(4777 4778 4819 4818)
4(4818 4819 4860 4859)
4(4859 4860 4901 4900)
4(4900 4901 4942 4941)
4(4941 4942 4983 4982)
4(2523 2524 3795 3794)
4(3794 3795 3836 3835)
4(3835 3836 3877 3876)
4(3876 3877 3918 3917)
4(3917 3918 3959 3958)
4(3958 3959 4000 3999)
4(3999 4000 4041 4040)
4(4040 4041 4082 4081)
4(4081 4082 4123 4122)
4(4122 4123 4164 4163)
4(4163 4164 4205 4204)
4(4204 4205 4246 4245)
4(4245 4246 4287 4286)
4(4286 4287 4328 4327)
4(4327 4328 4369 4368)
4(4368 4369 4410 4409)
4(4409 4410 4451 4450)
4(4450 4451 4492 4491)
4(4491 4492 4533 4532)
4(4532 4533 4574 4573)
4(4573 4574 4615 4614)
4(4614 4615 4656 4655)
4(4655 4656 4697 4696)
4(4696 4697 4738 4737)
4(4737 4738 4779 4778)
4(4778 4779 4820 4819)
4(4819 4820 4861 4860)
4(4860 4861 4902 4901)
4(4901 4902 4943 4942)
4(4942 4943 4984 4983)
4(2524 2525 3796 3795)
4(3795 3796 3837 3836)
4(3836 3837 3878 3877)
4(3877 3878 3919 3918)
4(3918 3919 3960 3959)
4(3959 3960 4001 4000)
4(4000 4001 4042 4041)
4(4041 4042 4083 4082)
4(4082 4083 4124 4123)
4(4123 4124 4165 4164)
4(4164 4165 4206 4205)
4(4205 4206 4247 4246)
4(4246 4247 4288 4287)
4(4287 4288 4329 4328)
4(4328 4329 4370 4369)
4(4369 4370 4411 4410)
4(4410 4411 4452 4451)
4(4451 4452 4493 4492)
4(4492 4493 4534 4533)
4(4533 4534 4575 4574)
4(4574 4575 4616 4615)
4(4615 4616 4657 4656)
4(4656 4657 4698 4697)
4(4697 4698 4739 4738)
4(4738 4739 4780 4779)
4(4779 4780 4821 4820)
4(4820 4821 4862 4861)
4(4861 4862 4903 4902)
4(4902 4903 4944 4943)
4(4943 4944 4985 4984)
4(2525 2526 3797 3796)
4(3796 3797 3838 3837)
4(3837 3838 3879 3878)
4(3878 3879 3920 3919)
4(3919 3920 3961 3960)
4(3960 3961 4002 4001)
4(4001 4002 4043 4042)
4(4042 4043 4084 4083)
4(4083 4084 4125 4124)
4(4124 4125 4166 4165)
4(4165 4166 4207 4206)
4(4206 4207 4248 4247)
4(4247 4248 4289 4288)
4(4288 4289 4330 4329)
4(4329 4330 4371 4370)
4(4370 4371 4412 4411)
4(4411 4412 4453 4452)
4(4452 4453 4494 4493)
4(4493 4494 4535 4534)
4(4534 4535 4576 4575)
4(4575 4576 4617 4616)
4(4616 4617 4658 4657)
4(4657 4658 4699 4698)
4(4698 4699 4740 4739)
4(4739 4740 4781 4780)
4(4780 4781 4822 4821)
4(4821 4822 4863 4862)
4(4862 4863 4904 4903)
4(4903 4904 4945 4944)
4(4944 4945 4986 4985)
4(2526 2527 3798 3797)
4(3797 3798 3839 3838)
4(3838 3839 3880 3879)
4(3879 3880 3921 3920)
4(3920 3921 3962 3961)
4(3961 3962 4003 4002)
4(4002 4003 4044 4043)
4(4043 4044 4085 4084)
4(4084 4085 4126 4125)
4(4125 4126 4167 4166)
4(4166 4167 4208 4207)
4(4207 4208 4249 4248)
4(4248 4249 4290 4289)
4(4289 4290 4331 4330)
4(4330 4331 4372 4371)
4(4371 4372 4413 4412)
4(4412 4413 4454 4453)
4(4453 4454 4495 4494)
4(4494 4495 4536 4535)
4(4535 4536 4577 4576)
4(4576 4577 4618 4617)
4(4617 4618 4659 4658)
4(4658 4659 4700 4699)
4(4699 4700 4741 4740)
4(4740 4741 4782 4781)
4(4781 4782 4823 4822)
4(4822 4823 4864 4863)
4(4863 4864 4905 4904)
4(4904 4905 4946 4945)
4(4945 4946 4987 4986)
4(2527 2528 3799 3798)
4(3798 3799 3840 3839)
4(3839 3840 3881 3880)
4(3880 3881 3922 3921)
4(3921 3922 3963 3962)
4(3962 3963 4004 4003)
4(4003 4004 4045 4044)
4(4044 4045 4086 4085)
4(4085 4086 4127 4126)
4(4126 4127 4168 4167)
4(4167 4168 4209 4208)
4(4208 4209 4250 4249)
4(4249 4250 4291 4290)
4(4290 4291 4332 4331)
4(4331 4332 4373 4372)
4(4372 4373 4414 4413)
4(4413 4414 4455 4454)
4(4454 4455 4496 4495)
4(4495 4496 4537 4536)
4(4536 4537 4578 4577)
4(4577 4578 4619 4618)
4(4618 4619 4660 4659)
4(4659 4660 4701 4700)
4(4700 4701 4742 4741)
4(4741 4742 4783 4782)
4(4782 4783 4824 4823)
4(4823 4824 4865 4864)
4(4864 4865 4906 4905)
4(4905 4906 4947 4946)
4(4946 4947 4988 4987)
4(2528 2529 3800 3799)
4(3799 3800 3841 3840)
4(3840 3841 3882 3881)
4(3881 3882 3923 3922)
4(3922 3923 3964 3963)
4(3963 3964 4005 4004)
4(4004 4005 4046 4045)
4(4045 4046 4087 4086)
4(4086 4087 4128 4127)
4(4127 4128 4169 4168)
4(4168 4169 4210 4209)
4(4209 4210 4251 4250)
4(4250 4251 4292 4291)
4(4291 4292 4333 4332)
4(4332 4333 4374 4373)
4(4373 4374 4415 4414)
4(4414 4415 4456 4455)
4(4455 4456 4497 4496)
4(4496 4497 4538 4537)
4(4537 4538 4579 4578)
4(4578 4579 4620 4619)
4(4619 4620 4661 4660)
4(4660 4661 4702 4701)
4(4701 4702 4743 4742)
4(4742 4743 4784 4783)
4(4783 4784 4825 4824)
4(4824 4825 4866 4865)
4(4865 4866 4907 4906)
4(4906 4907 4948 4947)
4(4947 4948 4989 4988)
4(2529 2530 3801 3800)
4(3800 3801 3842 3841)
4(3841 3842 3883 3882)
4(3882 3883 3924 3923)
4(3923 3924 3965 3964)
4(3964 3965 4006 4005)
4(4005 4006 4047 4046)
4(4046 4047 4088 4087)
4(4087 4088 4129 4128)
4(4128 4129 4170 4169)
4(4169 4170 4211 4210)
4(4210 4211 4252 4251)
4(4251 4252 4293 4292)
4(4292 4293 4334 4333)
4(4333 4334 4375 4374)
4(4374 4375 4416 4415)
4(4415 4416 4457 4456)
4(4456 4457 4498 4497)
4(4497 4498 4539 4538)
4(4538 4539 4580 4579)
4(4579 4580 4621 4620)
4(4620 4621 4662 4661)
4(4661 4662 4703 4702)
4(4702 4703 4744 4743)
4(4743 4744 4785 4784)
4(4784 4785 4826 4825)
4(4825 4826 4867 4866)
4(4866 4867 4908 4907)
4(4907 4908 4949 4948)
4(4948 4949 4990 4989)
4(2530 2531 3802 3801)
4(3801 3802 3843 3842)
4(3842 3843 3884 3883)
4(3883 3884 3925 3924)
4(3924 3925 3966 3965)
4(3965 3966 4007 4006)
4(4006 4007 4048 4047)
4(4047 4048 4089 4088)
4(4088 4089 4130 4129)
4(4129 4130 4171 4170)
4(4170 4171 4212 4211)
4(4211 4212 4253 4252)
4(4252 4253 4294 4293)
4(4293 4294 4335 4334)
4(4334 4335 4376 4375)
4(4375 4376 4417 4416)
4(4416 4417 4458 4457)
4(4457 4458 4499 4498)
4(4498 4499 4540 4539)
4(4539 4540 4581 4580)
4(4580 4581 4622 4621)
4(4621 4622 4663 4662)
4(4662 4663 4704 4703)
4(4703 4704 4745 4744)
4(4744 4745 4786 4785)
4(4785 4786 4827 4826)
4(4826 4827 4868 4867)
4(4867 4868 4909 4908)
4(4908 4909 4950 4949)
4(4949 4950 4991 4990)
4(2531 2532 3803 3802)
4(3802 3803 3844 3843)
4(3843 3844 3885 3884)
4(3884 3885 3926 3925)
4(3925 3926 3967 3966)
4(3966 3967 4008 4007)
4(4007 4008 4049 4048)
4(4048 4049 4090 4089)
4(4089 4090 4131 4130)
4(4130 4131 4172 4171)
4(4171 4172 4213 4212)
4(4212 4213 4254 4253)
4(4253 4254 4295 4294)
4(4294 4295 4336 4335)
4(4335 4336 4377 4376)
4(4376 4377 4418 4417)
4(4417 4418 4459 4458)
4(4458 4459 4500 4499)
4(4499 4500 4541 4540)
4(4540 4541 4582 4581)
4(4581 4582 4623 4622)
4(4622 4623 4664 4663)
4(4663 4664 4705 4704)
4(4704 4705 4746 4745)
4(4745 4746 4787 4786)
4(4786 4787 4828 4827)
4(4827 4828 4869 4868)
4(4868 4869 4910 4909)
4(4909 4910 4951 4950)
4(4950 4951 4992 4991)
4(2532 2533 3804 3803)
4(3803 3804 3845 3844)
4(3844 3845 3886 3885)
4(3885 3886 3927 3926)
4(3926 3927 3968 3967)
4(3967 3968 4009 4008)
4(4008 4009 4050 4049)
4(4049 4050 4091 4090)
4(4090 4091 4132 4131)
4(4131 4132 4173 4172)
4(4172 4173 4214 4213)
4(4213 4214 4255 4254)
4(4254 4255 4296 4295)
4(4295 4296 4337 4336)
4(4336 4337 4378 4377)
4(4377 4378 4419 4418)
4(4418 4419 4460 4459)
4(4459 4460 4501 4500)
4(4500 4501 4542 4541)
4(4541 4542 4583 4582)
4(4582 4583 4624 4623)
4(4623 4624 4665 4664)
4(4664 4665 4706 4705)
4(4705 4706 4747 4746)
4(4746 4747 4788 4787)
4(4787 4788 4829 4828)
4(4828 4829 4870 4869)
4(4869 4870 4911 4910)
4(4910 4911 4952 4951)
4(4951 4952 4993 4992)
4(2533 2534 3805 3804)
4(3804 3805 3846 3845)
4(3845 3846 3887 3886)
4(3886 3887 3928 3927)
4(3927 3928 3969 3968)
4(3968 3969 4010 4009)
4(4009 4010 4051 4050)
4(4050 4051 4092 4091)
4(4091 4092 4133 4132)
4(4132 4133 4174 4173)
4(4173 4174 4215 4214)
4(4214 4215 4256 4255)
4(4255 4256 4297 4296)
4(4296 4297 4338 4337)
4(4337 4338 4379 4378)
4(4378 4379 4420 4419)
4(4419 4420 4461 4460)
4(4460 4461 4502 4501)
4(4501 4502 4543 4542)
4(4542 4543 4584 4583)
4(4583 4584 4625 4624)
4(4624 4625 4666 4665)
4(4665 4666 4707 4706)
4(4706 4707 4748 4747)
4(4747 4748 4789 4788)
4(4788 4789 4830 4829)
4(4829 4830 4871 4870)
4(4870 4871 4912 4911)
4(4911 4912 4953 4952)
4(4952 4953 4994 4993)
4(2534 2535 3806 3805)
4(3805 3806 3847 3846)
4(3846 3847 3888 3887)
4(3887 3888 3929 3928)
4(3928 3929 3970 3969)
4(3969 3970 4011 4010)
4(4010 4011 4052 4051)
4(4051 4052 4093 4092)
4(4092 4093 4134 4133)
4(4133 4134 4175 4174)
4(4174 4175 4216 4215)
4(4215 4216 4257 4256)
4(4256 4257 4298 4297)
4(4297 4298 4339 4338)
4(4338 4339 4380 4379)
4(4379 4380 4421 4420)
4(4420 4421 4462 4461)
4(4461 4462 4503 4502)
4(4502 4503 4544 4543)
4(4543 4544 4585 4584)
4(4584 4585 4626 4625)
4(4625 4626 4667 4666)
4(4666 4667 4708 4707)
4(4707 4708 4749 4748)
4(4748 4749 4790 4789)
4(4789 4790 4831 4830)
4(4830 4831 4872 4871)
4(4871 4872 4913 4912)
4(4912 4913 4954 4953)
4(4953 4954 4995 4994)
4(2535 2536 3807 3806)
4(3806 3807 3848 3847)
4(3847 3848 3889 3888)
4(3888 3889 3930 3929)
4(3929 3930 3971 3970)
4(3970 3971 4012 4011)
4(4011 4012 4053 4052)
4(4052 4053 4094 4093)
4(4093 4094 4135 4134)
4(4134 4135 4176 4175)
4(4175 4176 4217 4216)
4(4216 4217 4258 4257)
4(4257 4258 4299 4298)
4(4298 4299 4340 4339)
4(4339 4340 4381 4380)
4(4380 4381 4422 4421)
4(4421 4422 4463 4462)
4(4462 4463 4504 4503)
4(4503 4504 4545 4544)
4(4544 4545 4586 4585)
4(4585 4586 4627 4626)
4(4626 4627 4668 4667)
4(4667 4668 4709 4708)
4(4708 4709 4750 4749)
4(4749 4750 4791 4790)
4(4790 4791 4832 4831)
4(4831 4832 4873 4872)
4(4872 4873 4914 4913)
4(4913 4914 4955 4954)
4(4954 4955 4996 4995)
4(2536 2537 3808 3807)
4(3807 3808 3849 3848)
4(3848 3849 3890 3889)
4(3889 3890 3931 3930)
4(3930 3931 3972 3971)
4(3971 3972 4013 4012)
4(4012 4013 4054 4053)
4(4053 4054 4095 4094)
4(4094 4095 4136 4135)
4(4135 4136 4177 4176)
4(4176 4177 4218 4217)
4(4217 4218 4259 4258)
4(4258 4259 4300 4299)
4(4299 4300 4341 4340)
4(4340 4341 4382 4381)
4(4381 4382 4423 4422)
4(4422 4423 4464 4463)
4(4463 4464 4505 4504)
4(4504 4505 4546 4545)
4(4545 4546 4587 4586)
4(4586 4587 4628 4627)
4(4627 4628 4669 4668)
4(4668 4669 4710 4709)
4(4709 4710 4751 4750)
4(4750 4751 4792 4791)
4(4791 4792 4833 4832)
4(4832 4833 4874 4873)
4(4873 4874 4915 4914)
4(4914 4915 4956 4955)
4(4955 4956 4997 4996)
4(2537 2538 3809 3808)
4(3808 3809 3850 3849)
4(3849 3850 3891 3890)
4(3890 3891 3932 3931)
4(3931 3932 3973 3972)
4(3972 3973 4014 4013)
4(4013 4014 4055 4054)
4(4054 4055 4096 4095)
4(4095 4096 4137 4136)
4(4136 4137 4178 4177)
4(4177 4178 4219 4218)
4(4218 4219 4260 4259)
4(4259 4260 4301 4300)
4(4300 4301 4342 4341)
4(4341 4342 4383 4382)
4(4382 4383 4424 4423)
4(4423 4424 4465 4464)
4(4464 4465 4506 4505)
4(4505 4506 4547 4546)
4(4546 4547 4588 4587)
4(4587 4588 4629 4628)
4(4628 4629 4670 4669)
4(4669 4670 4711 4710)
4(4710 4711 4752 4751)
4(4751 4752 4793 4792)
4(4792 4793 4834 4833)
4(4833 4834 4875 4874)
4(4874 4875 4916 4915)
4(4915 4916 4957 4956)
4(4956 4957 4998 4997)
4(2538 2539 3810 3809)
4(3809 3810 3851 3850)
4(3850 3851 3892 3891)
4(3891 3892 3933 3932)
4(3932 3933 3974 3973)
4(3973 3974 4015 4014)
4(4014 4015 4056 4055)
4(4055 4056 4097 4096)
4(4096 4097 4138 4137)
4(4137 4138 4179 4178)
4(4178 4179 4220 4219)
4(4219 4220 4261 4260)
4(4260 4261 4302 4301)
4(4301 4302 4343 4342)
4(4342 4343 4384 4383)
4(4383 4384 4425 4424)
4(4424 4425 4466 4465)
4(4465 4466 4507 4506)
4(4506 4507 4548 4547)
4(4547 4548 4589 4588)
4(4588 4589 4630 4629)
4(4629 4630 4671 4670)
4(4670 4671 4712 4711)
4(4711 4712 4753 4752)
4(4752 4753 4794 4793)
4(4793 4794 4835 4834)
4(4834 4835 4876 4875)
4(4875 4876 4917 4916)
4(4916 4917 4958 4957)
4(4957 4958 4999 4998)
4(2539 2540 3811 3810)
4(3810 3811 3852 3851)
4(3851 3852 3893 3892)
4(3892 3893 3934 3933)
4(3933 3934 3975 3974)
4(3974 3975 4016 4015)
4(4015 4016 4057 4056)
4(4056 4057 4098 4097)
4(4097 4098 4139 4138)
4(4138 4139 4180 4179)
4(4179 4180 4221 4220)
4(4220 4221 4262 4261)
4(4261 4262 4303 4302)
4(4302 4303 4344 4343)
4(4343 4344 4385 4384)
4(4384 4385 4426 4425)
4(4425 4426 4467 4466)
4(4466 4467 4508 4507)
4(4507 4508 4549 4548)
4(4548 4549 4590 4589)
4(4589 4590 4631 4630)
4(4630 4631 4672 4671)
4(4671 4672 4713 4712)
4(4712 4713 4754 4753)
4(4753 4754 4795 4794)
4(4794 4795 4836 4835)
4(4835 4836 4877 4876)
4(4876 4877 4918 4917)
4(4917 4918 4959 4958)
4(4958 4959 5000 4999)
4(2540 2541 3812 3811)
4(3811 3812 3853 3852)
4(3852 3853 3894 3893)
4(3893 3894 3935 3934)
4(3934 3935 3976 3975)
4(3975 3976 4017 4016)
4(4016 4017 4058 4057)
4(4057 4058 4099 4098)
4(4098 4099 4140 4139)
4(4139 4140 4181 4180)
4(4180 4181 4222 4221)
4(4221 4222 4263 4262)
4(4262 4263 4304 4303)
4(4303 4304 4345 4344)
4(4344 4345 4386 4385)
4(4385 4386 4427 4426)
4(4426 4427 4468 4467)
4(4467 4468 4509 4508)
4(4508 4509 4550 4549)
4(4549 4550 4591 4590)
4(4590 4591 4632 4631)
4(4631 4632 4673 4672)
4(4672 4673 4714 4713)
4(4713 4714 4755 4754)
4(4754 4755 4796 4795)
4(4795 4796 4837 4836)
4(4836 4837 4878 4877)
4(4877 4878 4919 4918)
4(4918 4919 4960 4959)
4(4959 4960 5001 5000)
4(40 81 1352 1311)
4(81 122 1393 1352)
4(122 163 1434 1393)
4(163 204 1475 1434)
4(204 245 1516 1475)
4(245 286 1557 1516)
4(286 327 1598 1557)
4(327 368 1639 1598)
4(368 409 1680 1639)
4(409 450 1721 1680)
4(450 491 1762 1721)
4(491 532 1803 1762)
4(532 573 1844 1803)
4(573 614 1885 1844)
4(614 655 1926 1885)
4(655 696 1967 1926)
4(696 737 2008 1967)
4(737 778 2049 2008)
4(778 819 2090 2049)
4(819 860 2131 2090)
4(860 901 2172 2131)
4(901 942 2213 2172)
4(942 983 2254 2213)
4(983 1024 2295 2254)
4(1024 1065 2336 2295)
4(1065 1106 2377 2336)
4(1106 1147 2418 2377)
4(1147 1188 2459 2418)
4(1188 1229 2500 2459)
4(1229 1270 2541 2500)
4(0 1271 1312 41)
4(41 1312 1353 82)
4(82 1353 1394 123)
4(123 1394 1435 164)
4(164 1435 1476 205)
4(205 1476 1517 246)
4(246 1517 1558 287)
4(287 1558 1599 328)
4(328 1599 1640 369)
4(369 1640 1681 410)
4(410 1681 1722 451)
4(451 1722 1763 492)
4(492 1763 1804 533)
4(533 1804 1845 574)
4(574 1845 1886 615)
4(615 1886 1927 656)
4(656 1927 1968 697)
4(697 1968 2009 738)
4(738 2009 2050 779)
4(779 2050 2091 820)
4(820 2091 2132 861)
4(861 2132 2173 902)
4(902 2173 2214 943)
4(943 2214 2255 984)
4(984 2255 2296 1025)
4(1025 2296 2337 1066)
4(1066 2337 2378 1107)
4(1107 2378 2419 1148)
4(1148 2419 2460 1189)
4(1189 2460 2501 1230)
4(1270 2582 3812 2541)
4(2582 2623 3853 3812)
4(2623 2664 3894 3853)
4(2664 2705 3935 3894)
4(2705 2746 3976 3935)
4(2746 2787 4017 3976)
4(2787 2828 4058 4017)
4(2828 2869 4099 4058)
4(2869 2910 4140 4099)
4(2910 2951 4181 4140)
4(2951 2992 4222 4181)
4(2992 3033 4263 4222)
4(3033 3074 4304 4263)
4(3074 3115 4345 4304)
4(3115 3156 4386 4345)
4(3156 3197 4427 4386)
4(3197 3238 4468 4427)
4(3238 3279 4509 4468)
4(3279 3320 4550 4509)
4(3320 3361 4591 4550)
4(3361 3402 4632 4591)
4(3402 3443 4673 4632)
4(3443 3484 4714 4673)
4(3484 3525 4755 4714)
4(3525 3566 4796 4755)
4(3566 3607 4837 4796)
4(3607 3648 4878 4837)
4(3648 3689 4919 4878)
4(3689 3730 4960 4919)
4(3730 3771 5001 4960)
4(1230 2501 3772 2542)
4(2542 3772 3813 2583)
4(2583 3813 3854 2624)
4(2624 3854 3895 2665)
4(2665 3895 3936 2706)
4(2706 3936 3977 2747)
4(2747 3977 4018 2788)
4(2788 4018 4059 2829)
4(2829 4059 4100 2870)
4(2870 4100 4141 2911)
4(2911 4141 4182 2952)
4(2952 4182 4223 2993)
4(2993 4223 4264 3034)
4(3034 4264 4305 3075)
4(3075 4305 4346 3116)
4(3116 4346 4387 3157)
4(3157 4387 4428 3198)
4(3198 4428 4469 3239)
4(3239 4469 4510 3280)
4(3280 4510 4551 3321)
4(3321 4551 4592 3362)
4(3362 4592 4633 3403)
4(3403 4633 4674 3444)
4(3444 4674 4715 3485)
4(3485 4715 4756 3526)
4(3526 4756 4797 3567)
4(3567 4797 4838 3608)
4(3608 4838 4879 3649)
4(3649 4879 4920 3690)
4(3690 4920 4961 3731)
)


// ************************************************************************* //
