/*--------------------------------*- C++ -*----------------------------------*\
| =========                 |                                                 |
| \\      /  F ield         | OpenFOAM: The Open Source CFD Toolbox           |
|  \\    /   O peration     | Version:  2306                                  |
|   \\  /    A nd           | Website:  www.openfoam.com                      |
|    \\/     M anipulation  |                                                 |
\*---------------------------------------------------------------------------*/
FoamFile
{
    version     2.0;
    format      ascii;
    arch        "LSB;label=32;scalar=64";
    class       volScalarField;
    location    "4386";
    object      V;
}
// * * * * * * * * * * * * * * * * * * * * * * * * * * * * * * * * * * * * * //

dimensions      [0 3 0 0 0 0 0];

internalField   nonuniform List<scalar> 
15600
(
6.26298286971578e-05
6.26439682851177e-05
6.24313338541886e-05
6.13079706304971e-05
5.89783777397195e-05
5.73099569806076e-05
5.70672004366167e-05
5.80362155702679e-05
5.99753286155809e-05
6.27706461197616e-05
6.62944248824446e-05
6.99452446310505e-05
7.346066295834e-05
7.6837980287355e-05
8.00745551253361e-05
8.31697726837493e-05
8.62518582683342e-05
8.96769247600542e-05
9.35153223699143e-05
9.77603196171745e-05
0.000102399341534104
0.000107368466585734
0.000112246182251005
0.000116685317125105
0.000120462225893498
0.000123334896148336
0.00012505306906854
0.000125419170801451
0.00012525965671447
0.000125259657394394
0.000125259657394409
0.000125259657394407
0.000125259657394399
0.000125259657393274
0.000125259657396209
0.000125259657393932
0.000125259657394195
0.000125259657394408
0.000125259657394402
0.0001252596573944
0.0001252596573944
0.000125259657393448
0.000125259657395749
0.000125259657394474
0.000125259657393956
0.000125259657394409
0.000125259657394391
0.000125259657394406
0.0001252596573944
0.0001252596573944
0.000125259657393439
0.00012525965739577
0.000125259657394448
0.000125259657393956
0.000125259657394402
0.000125259657394401
0.000125259657394408
0.000125259657394406
0.000125259657393672
0.000125259657395127
0.000125259657395125
0.000125259657393672
0.000125259657394406
0.0001252596573944
0.000125259657394403
0.000125259657394412
0.000125259657393965
0.00012525965739445
0.000125259657395765
0.000125259657393438
0.000125259657394407
0.000125259657394392
0.000125259657394407
0.000125259657394407
0.000125259657394391
0.000125259657393954
0.000125259657394475
0.000125259657395756
0.000125259657393441
0.0001252596573944
0.000125259657394411
0.00012525965739441
0.000125259657394397
0.000125259657394197
0.00012525965739393
0.0001252596573962
0.000125259657393283
0.000125259657394399
0.000125259657394402
0.00012525965739441
0.00012525965739441
0.000125259656714453
0.000125419170801457
0.000125053069068542
0.000123334896148371
0.000120462225893541
0.000116685317125124
0.000112246182250967
0.000107368466585694
0.000102399341534103
9.77603196172257e-05
9.35153223699489e-05
8.96769247600587e-05
8.62518582683243e-05
8.31697726837481e-05
8.00745551272188e-05
7.68379802865112e-05
7.34606629570693e-05
6.99452446296009e-05
6.62944248852591e-05
6.27706461185076e-05
5.99753286135942e-05
5.8036215573473e-05
5.70672004354024e-05
5.73099569800897e-05
5.89783777395478e-05
6.13079706316661e-05
6.24313338536885e-05
6.26439682851014e-05
6.26298286971604e-05
6.49077492403013e-05
6.49225877343243e-05
6.4704499620476e-05
6.35484918023101e-05
6.11500140351989e-05
5.94367482546415e-05
5.91970904974928e-05
6.02095064298607e-05
6.22240453694572e-05
6.51228181197905e-05
6.87736916104624e-05
7.25555704507779e-05
7.61974744202401e-05
7.9696644569214e-05
8.30503855323656e-05
8.62580971371361e-05
8.94521896687629e-05
9.30002973940129e-05
9.69749399400278e-05
0.000101369023701684
0.000106169390190032
0.000111309823627203
0.000116354895902346
0.000120945979383733
0.000124852005353208
0.000127822941143877
0.000129600253105065
0.000129979840396937
0.000129815497779315
0.000129815498480462
0.000129815498480479
0.000129815498480472
0.000129815498480474
0.000129815498479311
0.000129815498482336
0.000129815498479978
0.000129815498480264
0.000129815498480485
0.000129815498480466
0.000129815498480481
0.000129815498480462
0.000129815498479487
0.000129815498481854
0.000129815498480531
0.000129815498480006
0.000129815498480473
0.000129815498480475
0.000129815498480473
0.000129815498480472
0.000129815498480473
0.000129815498479474
0.000129815498481883
0.000129815498480517
0.00012981549848001
0.000129815498480477
0.000129815498480459
0.000129815498480479
0.000129815498480474
0.000129815498479726
0.00012981549848122
0.00012981549848122
0.000129815498479727
0.000129815498480473
0.000129815498480471
0.000129815498480469
0.000129815498480475
0.00012981549848001
0.000129815498480522
0.000129815498481873
0.000129815498479481
0.000129815498480474
0.000129815498480463
0.00012981549848048
0.000129815498480472
0.000129815498480465
0.00012981549848001
0.00012981549848054
0.000129815498481863
0.000129815498479472
0.000129815498480469
0.000129815498480473
0.000129815498480483
0.000129815498480479
0.000129815498480266
0.000129815498479985
0.000129815498482327
0.000129815498479312
0.000129815498480472
0.000129815498480468
0.00012981549848047
0.000129815498480478
0.000129815497779308
0.000129979840396946
0.000129600253105048
0.000127822941143851
0.000124852005353208
0.000120945979383754
0.000116354895902408
0.000111309823627224
0.000106169390190027
0.000101369023701679
9.69749399400293e-05
9.30002973940168e-05
8.94521896687698e-05
8.62580971371236e-05
8.30503855343726e-05
7.96966445683963e-05
7.61974744189784e-05
7.25555704492836e-05
6.87736916133189e-05
6.51228181184784e-05
6.22240453673634e-05
6.02095064331479e-05
5.91970904961892e-05
5.94367482540456e-05
6.11500140350081e-05
6.35484918035344e-05
6.47044996199823e-05
6.4922587734319e-05
6.49077492402998e-05
6.72678936008671e-05
6.72834701030788e-05
6.7059902786466e-05
6.58706892319351e-05
6.34020308005388e-05
6.16434913705955e-05
6.14079405903869e-05
6.24659368407674e-05
6.45589923120535e-05
6.75650888571056e-05
7.13475643383409e-05
7.52651033156378e-05
7.90379552846138e-05
8.2663302696548e-05
8.61383975401829e-05
8.94626575649462e-05
9.27727931231704e-05
9.64482682215862e-05
0.000100563820956426
0.000105111973713526
0.000110078953939779
0.000115396171105241
0.0001206138855658
0.000125361687918542
0.000129400871502681
0.000132473152657328
0.000134311486387213
0.000134705058788004
0.00013453578647882
0.000134535787201682
0.0001345357872017
0.000134535787201693
0.0001345357872017
0.000134535787200488
0.000134535787203615
0.000134535787201187
0.00013453578720146
0.000134535787201694
0.000134535787201685
0.000134535787201697
0.000134535787201681
0.000134535787200671
0.000134535787203128
0.000134535787201759
0.000134535787201211
0.000134535787201686
0.000134535787201696
0.00013453578720169
0.00013453578720169
0.00013453578720169
0.000134535787200657
0.00013453578720315
0.000134535787201728
0.000134535787201217
0.00013453578720169
0.00013453578720169
0.000134535787201698
0.000134535787201691
0.000134535787200925
0.000134535787202456
0.000134535787202455
0.000134535787200926
0.000134535787201691
0.000134535787201698
0.000134535787201681
0.000134535787201708
0.000134535787201208
0.000134535787201728
0.000134535787203151
0.000134535787200672
0.000134535787201682
0.000134535787201691
0.000134535787201698
0.000134535787201682
0.000134535787201689
0.000134535787201209
0.000134535787201766
0.000134535787203128
0.000134535787200664
0.000134535787201699
0.000134535787201679
0.000134535787201694
0.000134535787201686
0.000134535787201478
0.000134535787201177
0.000134535787203615
0.000134535787200498
0.00013453578720168
0.000134535787201699
0.00013453578720169
0.000134535787201699
0.000134535786478812
0.000134705058788016
0.000134311486387211
0.00013247315265734
0.000129400871502685
0.000125361687918499
0.000120613885565725
0.000115396171105194
0.000110078953939779
0.000105111973713565
0.000100563820956482
9.64482682215824e-05
9.2772793123166e-05
8.94626575649413e-05
8.61383975422811e-05
8.26633026957314e-05
7.90379552833219e-05
7.52651033141718e-05
7.13475643412909e-05
6.75650888556563e-05
6.4558992309804e-05
6.24659368440821e-05
6.14079405891046e-05
6.16434913700712e-05
6.34020308003812e-05
6.58706892331681e-05
6.70599027859778e-05
6.72834701031554e-05
6.7267893600867e-05
6.97131826267081e-05
6.97295386785574e-05
6.95004787057463e-05
6.82775250723204e-05
6.57374343138826e-05
6.39332674917701e-05
6.3702935561103e-05
6.48088154813092e-05
6.69836157797914e-05
7.01010522545229e-05
7.40197910172153e-05
7.80777448024901e-05
8.19861578260198e-05
8.57421549618614e-05
8.93429370631478e-05
9.27879434354165e-05
9.62183009496543e-05
0.000100025614519533
0.000104286889290987
0.000108994240310535
0.000114133248615789
0.000119632865729962
0.000125028638519855
0.000129938045364717
0.000134114523545131
0.000137291303924573
0.000139192589953811
0.000139600665726367
0.000139426364508345
0.00013942636525342
0.000139426365253427
0.000139426365253417
0.000139426365253426
0.000139426365252183
0.000139426365255415
0.000139426365252906
0.000139426365253193
0.000139426365253428
0.000139426365253428
0.000139426365253428
0.000139426365253421
0.000139426365252367
0.000139426365254909
0.000139426365253497
0.000139426365252925
0.000139426365253429
0.000139426365253428
0.000139426365253429
0.00013942636525342
0.000139426365253427
0.000139426365252357
0.000139426365254937
0.000139426365253464
0.000139426365252941
0.000139426365253419
0.000139426365253427
0.000139426365253429
0.000139426365253428
0.000139426365252635
0.000139426365254212
0.000139426365254211
0.000139426365252635
0.00013942636525343
0.000139426365253428
0.00013942636525341
0.000139426365253447
0.000139426365252931
0.000139426365253464
0.000139426365254937
0.000139426365252365
0.000139426365253418
0.000139426365253427
0.000139426365253428
0.000139426365253421
0.000139426365253429
0.000139426365252924
0.000139426365253499
0.000139426365254906
0.000139426365252373
0.00013942636525342
0.000139426365253428
0.00013942636525342
0.000139426365253428
0.000139426365253203
0.000139426365252896
0.000139426365255415
0.000139426365252192
0.000139426365253419
0.000139426365253427
0.000139426365253429
0.000139426365253428
0.000139426364508328
0.000139600665726378
0.000139192589953809
0.000137291303924546
0.000134114523545126
0.000129938045364711
0.000125028638519856
0.000119632865729946
0.000114133248615789
0.000108994240310517
0.000104286889290995
0.000100025614519523
9.62183009496529e-05
9.2787943435425e-05
8.93429370652417e-05
8.57421549609498e-05
8.19861578246441e-05
7.80777448009293e-05
7.40197910202888e-05
7.01010522531376e-05
6.69836157775688e-05
6.48088154847818e-05
6.37029355597345e-05
6.39332674911317e-05
6.57374343136495e-05
6.82775250736603e-05
6.95004787051863e-05
6.97295386784716e-05
6.97131826267103e-05
7.22466373565552e-05
7.22638171034263e-05
7.20292644999006e-05
7.077206775922e-05
6.81593455858416e-05
6.63092820157393e-05
6.60853932679835e-05
6.72415918607079e-05
6.95015098061684e-05
7.2734455776414e-05
7.67942779551078e-05
8.0997559359419e-05
8.50463017578724e-05
8.89375737430269e-05
9.26685268546871e-05
9.62386259437597e-05
9.97935320532071e-05
0.000103737304452917
0.000108149263260072
0.000113021091306301
0.000118337688954426
0.000124025463822175
0.000129604841732475
0.000134680853841505
0.000138998859867302
0.000142283367182762
0.000144249584016918
0.000144672700853298
0.000144493273945503
0.000144493274713299
0.000144493274713297
0.000144493274713287
0.000144493274713284
0.000144493274712021
0.000144493274715346
0.000144493274712755
0.000144493274713062
0.000144493274713296
0.000144493274713296
0.000144493274713287
0.000144493274713296
0.000144493274712203
0.000144493274714824
0.000144493274713369
0.00014449327471278
0.000144493274713297
0.000144493274713287
0.000144493274713296
0.000144493274713296
0.000144493274713298
0.000144493274712194
0.000144493274714848
0.000144493274713328
0.000144493274712789
0.000144493274713296
0.000144493274713287
0.000144493274713296
0.000144493274713296
0.000144493274712482
0.000144493274714109
0.000144493274714109
0.000144493274712482
0.000144493274713287
0.000144493274713295
0.000144493274713285
0.000144493274713305
0.000144493274712788
0.000144493274713339
0.000144493274714837
0.000144493274712203
0.000144493274713289
0.000144493274713296
0.000144493274713295
0.000144493274713292
0.000144493274713285
0.00014449327471278
0.000144493274713368
0.000144493274714822
0.000144493274712214
0.000144493274713285
0.0001444932747133
0.000144493274713285
0.000144493274713297
0.000144493274713054
0.000144493274712763
0.000144493274715336
0.000144493274712022
0.000144493274713294
0.000144493274713295
0.000144493274713288
0.000144493274713299
0.000144493273945493
0.000144672700853302
0.000144249584016938
0.000142283367182771
0.000138998859867301
0.000134680853841535
0.000129604841732552
0.000124025463822201
0.000118337688954425
0.000113021091306245
0.000108149263260032
0.000103737304452919
9.97935320532059e-05
9.62386259437922e-05
9.26685268569492e-05
8.89375737421972e-05
8.50463017564925e-05
8.09975593577991e-05
7.67942779582699e-05
7.27344557749286e-05
6.95015098038746e-05
6.72415918642713e-05
6.60853932665879e-05
6.63092820151436e-05
6.81593455856353e-05
7.07720677605406e-05
7.20292644993319e-05
7.22638171034168e-05
7.22466373565539e-05
7.48713821829925e-05
7.4889432550519e-05
7.46494023562086e-05
7.33574957375788e-05
7.06710049060642e-05
6.87748699731648e-05
6.85587706738216e-05
6.97678629422782e-05
7.21164231324198e-05
7.54692076861656e-05
7.96750971892393e-05
8.40287817602732e-05
8.82227817832458e-05
9.22541111664142e-05
9.61198743009898e-05
9.98195659571687e-05
0.000103503500020517
0.000107588505252635
0.000112156263797721
0.00011719799974318
0.00012269789646704
0.000128579728878029
0.000134348389077184
0.000139596121830238
0.000144059984619927
0.00014745552002861
0.000149488694208578
0.000149927409974842
0.000149742763574884
0.000149742764365885
0.000149742764365876
0.000149742764365885
0.00014974276436587
0.000149742764364578
0.000149742764367983
0.000149742764365321
0.00014974276436564
0.000149742764365885
0.000149742764365876
0.000149742764365866
0.000149742764365885
0.000149742764364752
0.000149742764367456
0.000149742764365949
0.000149742764365361
0.000149742764365876
0.000149742764365875
0.000149742764365876
0.000149742764365876
0.000149742764365884
0.000149742764364744
0.000149742764367488
0.000149742764365926
0.000149742764365356
0.000149742764365886
0.000149742764365866
0.000149742764365885
0.000149742764365876
0.000149742764365041
0.000149742764366717
0.000149742764366717
0.00014974276436504
0.000149742764365867
0.000149742764365885
0.000149742764365875
0.000149742764365887
0.000149742764365365
0.000149742764365927
0.000149742764367478
0.000149742764364764
0.000149742764365866
0.000149742764365875
0.000149742764365886
0.00014974276436588
0.000149742764365867
0.000149742764365361
0.00014974276436595
0.000149742764367455
0.000149742764364752
0.000149742764365885
0.000149742764365876
0.000149742764365887
0.000149742764365875
0.000149742764365631
0.00014974276436533
0.000149742764367983
0.000149742764364567
0.000149742764365881
0.000149742764365886
0.000149742764365866
0.000149742764365885
0.000149742763574885
0.000149927409974842
0.00014948869420858
0.00014745552002861
0.000144059984619933
0.000139596121830195
0.000134348389077112
0.000128579728877984
0.000122697896467042
0.000117197999743188
0.000112156263797715
0.000107588505252629
0.000103503500020548
9.98195659571726e-05
9.61198743031991e-05
9.22541111654607e-05
8.82227817817818e-05
8.40287817585969e-05
7.96750971925367e-05
7.54692076846707e-05
7.21164231300646e-05
6.97678629459959e-05
6.85587706723454e-05
6.87748699725136e-05
7.06710049058397e-05
7.3357495738922e-05
7.46494023556162e-05
7.488943255051e-05
7.4871382182996e-05
7.75906480916648e-05
7.76096189743963e-05
7.73641429145077e-05
7.60371013133492e-05
7.32757765818067e-05
7.13335016875865e-05
7.11266702518493e-05
7.23913801184634e-05
7.48322665946264e-05
7.83093846914759e-05
8.26664942455109e-05
8.71758249433516e-05
9.15201755279541e-05
9.5696507152024e-05
9.97018795983461e-05
0.000103535822347595
0.000107353421606782
0.000111584591781194
0.000116313423006178
0.000121530652325288
0.000127219707642351
0.000133301639428549
0.0001392653888058
0.000144690071272248
0.000149304214486462
0.000152814151939867
0.000154916357977826
0.000155371251488776
0.000155181295368671
0.000155181296183352
0.000155181296183336
0.000155181296183359
0.000155181296183349
0.000155181296181991
0.000155181296185524
0.000155181296182777
0.000155181296183108
0.000155181296183357
0.000155181296183347
0.000155181296183341
0.000155181296183362
0.000155181296182187
0.000155181296184988
0.000155181296183415
0.000155181296182819
0.00015518129618335
0.000155181296183348
0.000155181296183348
0.000155181296183349
0.00015518129618335
0.00015518129618218
0.000155181296185007
0.000155181296183399
0.000155181296182801
0.000155181296183347
0.000155181296183347
0.000155181296183358
0.000155181296183351
0.000155181296182477
0.00015518129618423
0.000155181296184217
0.00015518129618249
0.000155181296183352
0.000155181296183358
0.000155181296183337
0.00015518129618336
0.000155181296182816
0.0001551812961834
0.000155181296184997
0.000155181296182192
0.000155181296183353
0.000155181296183339
0.000155181296183356
0.000155181296183351
0.000155181296183341
0.000155181296182817
0.000155181296183424
0.000155181296184981
0.000155181296182187
0.000155181296183363
0.000155181296183351
0.000155181296183348
0.00015518129618335
0.00015518129618311
0.00015518129618278
0.000155181296185533
0.000155181296181991
0.000155181296183339
0.000155181296183358
0.000155181296183346
0.000155181296183347
0.000155181295368675
0.000155371251488776
0.000154916357977825
0.000152814151939865
0.000149304214486463
0.000144690071272244
0.000139265388805796
0.000133301639428529
0.000127219707642338
0.000121530652325278
0.000116313423006216
0.000111584591781247
0.000107353421606726
0.000103535822347547
9.97018796006385e-05
9.56965071510349e-05
9.15201755264555e-05
8.71758249416051e-05
8.26664942488959e-05
7.83093846899147e-05
7.4832266592168e-05
7.23913801222913e-05
7.11266702503487e-05
7.133350168692e-05
7.32757765815896e-05
7.60371013148417e-05
7.73641429140569e-05
7.76096189744626e-05
7.75906480916666e-05
8.0407775980958e-05
8.0427720444308e-05
8.01768487440778e-05
7.88142946323808e-05
7.59771538777789e-05
7.39887887105375e-05
7.37928467242579e-05
7.51160565587115e-05
7.7653120909372e-05
8.1259240000466e-05
8.57728963081307e-05
9.04432882563202e-05
9.49432518777756e-05
9.926969786237e-05
0.000103419644336297
0.000107392660732516
0.000111348725632908
0.000115731155507549
0.000120626493103452
0.000126024958226918
0.000131909182496828
0.000138197397209007
0.000144362171288322
0.000149969144892784
0.000154738085641794
0.000158365870961149
0.000160539231138341
0.00016101090296307
0.000160815551123194
0.000160815551962038
0.000160815551962026
0.000160815551962032
0.000160815551962019
0.000160815551960622
0.000160815551964279
0.00016081555196143
0.000160815551961769
0.000160815551962035
0.000160815551962036
0.000160815551962025
0.000160815551962022
0.000160815551960834
0.000160815551963715
0.000160815551962095
0.000160815551961467
0.000160815551962035
0.000160815551962024
0.000160815551962035
0.000160815551962021
0.000160815551962021
0.000160815551960827
0.000160815551963732
0.00016081555196207
0.000160815551961472
0.000160815551962027
0.000160815551962035
0.000160815551962035
0.000160815551962034
0.000160815551961118
0.000160815551962926
0.000160815551962913
0.000160815551961128
0.000160815551962031
0.000160815551962035
0.000160815551962013
0.000160815551962031
0.000160815551961475
0.000160815551962077
0.000160815551963724
0.000160815551960826
0.000160815551962034
0.000160815551962022
0.000160815551962025
0.000160815551962033
0.000160815551962021
0.000160815551961472
0.00016081555196211
0.000160815551963705
0.000160815551960833
0.000160815551962031
0.000160815551962023
0.000160815551962025
0.000160815551962034
0.000160815551961765
0.000160815551961427
0.000160815551964275
0.000160815551960632
0.000160815551962009
0.000160815551962032
0.000160815551962036
0.000160815551962025
0.00016081555112319
0.00016101090296307
0.000160539231138346
0.000158365870961148
0.000154738085641791
0.000149969144892797
0.000144362171288396
0.000138197397209031
0.000131909182496861
0.000126024958227005
0.000120626493103481
0.000115731155507562
0.000111348725632912
0.000107392660732517
0.000103419644338747
9.9269697861384e-05
9.49432518762242e-05
9.04432882545233e-05
8.57728963115723e-05
8.12592399988867e-05
7.76531209068086e-05
7.51160565626379e-05
7.3792846722767e-05
7.39887887098725e-05
7.59771538775093e-05
7.88142946337788e-05
8.01768487434158e-05
8.04277204442611e-05
8.04077759809619e-05
8.33262200573921e-05
8.33471945535698e-05
8.30909979091645e-05
8.16926077901699e-05
7.87787641663143e-05
7.67444900470345e-05
7.65612141524808e-05
7.79459749528694e-05
8.05832448828338e-05
8.4323211813654e-05
8.89989208240963e-05
9.38359661316832e-05
9.84969797433365e-05
0.000102978824578044
0.000107278480507331
0.00011139556264695
0.000115495062318409
0.000120034013911839
0.000125101455789575
0.000130687058299247
0.000136772613488442
0.000143273435647953
0.000149645297026551
0.000155440013755924
0.000160368360904888
0.000164117510554581
0.000166364194565137
0.000166853267865042
0.000166652439251119
0.000166652440114567
0.000166652440114569
0.000166652440114569
0.000166652440114561
0.00016665244011313
0.000166652440116881
0.000166652440113951
0.00016665244011431
0.000166652440114568
0.000166652440114566
0.000166652440114567
0.000166652440114558
0.000166652440113349
0.00016665244011629
0.000166652440114651
0.000166652440113985
0.000166652440114569
0.000166652440114567
0.00016665244011457
0.000166652440114569
0.00016665244011457
0.000166652440113319
0.000166652440116322
0.000166652440114621
0.000166652440113993
0.000166652440114567
0.000166652440114567
0.000166652440114567
0.000166652440114579
0.000166652440113627
0.000166652440115499
0.000166652440115488
0.000166652440113638
0.000166652440114566
0.000166652440114569
0.000166652440114561
0.00016665244011458
0.000166652440114006
0.00016665244011461
0.000166652440116335
0.000166652440113316
0.00016665244011458
0.000166652440114569
0.000166652440114556
0.000166652440114566
0.000166652440114568
0.000166652440113986
0.000166652440114653
0.0001666524401163
0.000166652440113338
0.000166652440114571
0.000166652440114557
0.000166652440114567
0.000166652440114567
0.00016665244011431
0.000166652440113954
0.000166652440116884
0.000166652440113129
0.00016665244011456
0.000166652440114569
0.000166652440114566
0.000166652440114577
0.000166652439251107
0.000166853267865038
0.000166364194565136
0.000164117510554556
0.000160368360904891
0.000155440013755889
0.000149645297026478
0.000143273435647904
0.000136772613488397
0.000130687058299162
0.00012510145578952
0.000120034013911886
0.00011549506231845
0.00011139556264699
0.000107278480509843
0.000102978824577026
9.84969797417663e-05
9.38359661298637e-05
8.89989208276271e-05
8.43232118119219e-05
8.05832448802022e-05
7.79459749569369e-05
7.65612141508779e-05
7.67444900463115e-05
7.87787641661158e-05
8.16926077917207e-05
8.30909979085496e-05
8.33471945536033e-05
8.33262200573914e-05
8.63495513084251e-05
8.63716159090206e-05
8.61101876279071e-05
8.46756990781568e-05
8.1684374298516e-05
7.96045186877782e-05
7.94358534002458e-05
8.08853956734991e-05
8.36270840684647e-05
8.75059322782525e-05
9.23493845680877e-05
9.73588572175466e-05
0.000102186537277049
0.00010682924302404
0.000111283919969744
0.000115550235171102
0.000119798313072312
0.000124499220345724
0.000129744532052702
0.000135523334690378
0.000141816534810309
0.000148536428690509
0.000155121564952324
0.000161109585056272
0.0001662020370864
0.00017007613661459
0.000172398361039527
0.00017290548244006
0.000172699101728381
0.000172699102616884
0.000172699102616882
0.000172699102616882
0.000172699102616885
0.000172699102615391
0.000172699102619272
0.000172699102616256
0.000172699102616623
0.000172699102616884
0.000172699102616883
0.000172699102616886
0.000172699102616884
0.000172699102615618
0.000172699102618658
0.000172699102616979
0.000172699102616288
0.000172699102616883
0.000172699102616884
0.000172699102616887
0.000172699102616894
0.000172699102616882
0.000172699102615583
0.000172699102618699
0.000172699102616939
0.0001726991026163
0.000172699102616885
0.000172699102616884
0.000172699102616884
0.000172699102616896
0.00017269910261592
0.000172699102617846
0.000172699102617835
0.000172699102615931
0.000172699102616887
0.000172699102616885
0.000172699102616875
0.000172699102616904
0.0001726991026163
0.000172699102616927
0.000172699102618711
0.000172699102615595
0.000172699102616883
0.000172699102616883
0.000172699102616884
0.000172699102616884
0.000172699102616881
0.000172699102616288
0.000172699102616979
0.000172699102618667
0.000172699102615605
0.000172699102616884
0.000172699102616882
0.000172699102616884
0.000172699102616884
0.000172699102616624
0.000172699102616255
0.000172699102619274
0.000172699102615392
0.000172699102616885
0.000172699102616885
0.000172699102616885
0.000172699102616892
0.000172699101728374
0.000172905482440063
0.000172398361039549
0.000170076136614613
0.000166202037086392
0.000161109585056292
0.000155121564952384
0.000148536428690519
0.000141816534810331
0.000135523334690426
0.000129744532052649
0.000124499220345647
0.000119798313072312
0.00011555023517113
0.000111283919972306
0.000106829243022977
0.000102186537275397
9.73588572156764e-05
9.23493845718366e-05
8.75059322765745e-05
8.36270840657359e-05
8.08853956776545e-05
7.94358533986277e-05
7.96045186870814e-05
8.16843742982496e-05
8.46756990796611e-05
8.61101876272337e-05
8.63716159090165e-05
8.63495513084259e-05
8.94814610542897e-05
8.95046796977841e-05
8.92381380205795e-05
8.77673573676838e-05
8.46978962052186e-05
8.25729484647927e-05
8.24210199912294e-05
8.39387653831957e-05
8.67892799012386e-05
9.08122369328113e-05
9.58293131959604e-05
0.000101017173991108
0.000106017321568857
0.000110826533173143
0.000115441724386879
0.000119862621038155
0.000124264600768
0.000129133074370439
0.000134562192439388
0.000140540420905405
0.00014704773208478
0.000153993299971522
0.000160798021020978
0.000166985010154079
0.000172246352534955
0.000176249054647645
0.000178649082240461
0.000179174922738185
0.000178962921194491
0.000178962922108496
0.000178962922108496
0.000178962922108488
0.000178962922108486
0.000178962922106941
0.000178962922110955
0.000178962922107838
0.000178962922108209
0.000178962922108487
0.000178962922108489
0.000178962922108484
0.000178962922108486
0.000178962922107167
0.000178962922110334
0.000178962922108587
0.000178962922107872
0.000178962922108489
0.000178962922108485
0.000178962922108485
0.000178962922108489
0.000178962922108478
0.000178962922107156
0.000178962922110368
0.000178962922108552
0.000178962922107883
0.000178962922108477
0.000178962922108486
0.000178962922108488
0.000178962922108489
0.000178962922107502
0.000178962922109476
0.000178962922109472
0.000178962922107521
0.000178962922108475
0.000178962922108487
0.000178962922108475
0.000178962922108499
0.000178962922107882
0.000178962922108533
0.000178962922110361
0.000178962922107176
0.000178962922108466
0.00017896292210849
0.000178962922108487
0.000178962922108497
0.000178962922108497
0.000178962922107869
0.00017896292210858
0.000178962922110327
0.000178962922107166
0.00017896292210849
0.000178962922108488
0.000178962922108488
0.000178962922108489
0.000178962922108208
0.000178962922107839
0.000178962922110953
0.000178962922106941
0.000178962922108488
0.000178962922108489
0.000178962922108496
0.000178962922108494
0.000178962921194502
0.000179174922738169
0.000178649082240436
0.000176249054647649
0.00017224635253496
0.000166985010154054
0.000160798021020983
0.000153993299971534
0.000147047732084735
0.000140540420905358
0.000134562192439419
0.00012913307437048
0.000124264600767968
0.000119862621038152
0.000115441724389537
0.000110826533172083
0.000106017321567195
0.000101017173989147
9.58293131997412e-05
9.08122369310582e-05
8.67892798984618e-05
8.39387653874906e-05
8.24210199895441e-05
8.25729484640572e-05
8.46978962049497e-05
8.77673573693205e-05
8.9238138019965e-05
8.95046796977736e-05
8.94814610542918e-05
9.27257645720898e-05
9.27502053303285e-05
9.24786959495103e-05
9.09715066379168e-05
8.78233927417839e-05
8.5654021248996e-05
8.5521152384866e-05
8.71107261133984e-05
9.00746793373868e-05
9.42471746725834e-05
9.94439513161067e-05
0.000104816352883345
0.000109994958848599
0.000114976509553618
0.000119757895672042
0.000124338909250899
0.000128900300529803
0.000133942132601714
0.000139561167812967
0.000145745212322993
0.000152473252472424
0.00015965123234939
0.000166681967107301
0.000173073692857805
0.000178508794882736
0.000182643817114788
0.000185123955879654
0.000185669211785996
0.000185451528204469
0.000185451529144368
0.000185451529144368
0.000185451529144384
0.000185451529144383
0.000185451529142785
0.000185451529146921
0.000185451529143702
0.000185451529144085
0.000185451529144376
0.000185451529144364
0.000185451529144384
0.000185451529144383
0.000185451529143017
0.000185451529146261
0.000185451529144462
0.000185451529143736
0.00018545152914438
0.000185451529144388
0.000185451529144372
0.000185451529144376
0.000185451529144365
0.000185451529143015
0.000185451529146286
0.000185451529144426
0.000185451529143748
0.00018545152914437
0.000185451529144379
0.000185451529144376
0.000185451529144376
0.000185451529143353
0.000185451529145399
0.000185451529145367
0.000185451529143368
0.000185451529144352
0.000185451529144378
0.000185451529144383
0.000185451529144384
0.000185451529143749
0.000185451529144435
0.000185451529146291
0.000185451529143034
0.000185451529144367
0.000185451529144364
0.000185451529144387
0.000185451529144358
0.000185451529144368
0.000185451529143743
0.000185451529144476
0.000185451529146271
0.000185451529143017
0.000185451529144376
0.000185451529144376
0.000185451529144376
0.000185451529144364
0.000185451529144085
0.000185451529143704
0.00018545152914692
0.000185451529142783
0.000185451529144382
0.000185451529144386
0.000185451529144368
0.000185451529144367
0.000185451528204479
0.000185669211785989
0.000185123955879656
0.000182643817114783
0.000178508794882733
0.00017307369285778
0.000166681967107296
0.000159651232349381
0.000152473252472404
0.000145745212322991
0.000139561167812909
0.000133942132601689
0.000128900300529756
0.000124338909250849
0.000119757895674791
0.000114976509552492
0.000109994958846858
0.000104816352881359
9.94439513200185e-05
9.42471746707482e-05
9.00746793345414e-05
8.71107261178733e-05
8.55211523831258e-05
8.56540212482143e-05
8.78233927415814e-05
9.09715066397018e-05
9.2478695948805e-05
9.27502053302392e-05
9.27257645720917e-05
9.60864047979731e-05
9.61121401607381e-05
9.5835838951103e-05
9.42922106494024e-05
9.10650837840479e-05
8.88521545086751e-05
8.87408806955702e-05
9.04061248443613e-05
9.34883450313434e-05
9.781601826732e-05
0.000103198773110148
0.000108762064945507
0.00011412531522481
0.000119285232090764
0.000124238686966863
0.000128985546234431
0.000133712051058661
0.000138933220086442
0.000144748460626453
0.000151144877197611
0.000158100415221535
0.000165517677820232
0.000172780970217365
0.000179383297961551
0.000184997108992984
0.000189268230936509
0.00019183083297766
0.000192396226900945
0.000192172808629562
0.000192172809595745
0.000192172809595734
0.000192172809595739
0.000192172809595725
0.00019217280959412
0.000192172809598347
0.000192172809595047
0.000192172809595456
0.000192172809595734
0.000192172809595734
0.000192172809595739
0.000192172809595725
0.000192172809594348
0.000192172809597696
0.00019217280959583
0.000192172809595095
0.000192172809595729
0.000192172809595734
0.000192172809595725
0.000192172809595734
0.000192172809595745
0.000192172809594337
0.000192172809597721
0.000192172809595794
0.000192172809595095
0.000192172809595743
0.000192172809595729
0.000192172809595745
0.000192172809595745
0.000192172809594687
0.000192172809596794
0.000192172809596781
0.000192172809594698
0.000192172809595734
0.000192172809595732
0.000192172809595738
0.000192172809595738
0.000192172809595082
0.000192172809595819
0.000192172809597707
0.000192172809594346
0.000192172809595741
0.000192172809595723
0.000192172809595754
0.000192172809595737
0.000192172809595732
0.000192172809595077
0.000192172809595833
0.000192172809597686
0.000192172809594359
0.000192172809595734
0.000192172809595745
0.000192172809595734
0.000192172809595734
0.000192172809595445
0.000192172809595057
0.000192172809598349
0.000192172809594118
0.000192172809595727
0.000192172809595737
0.000192172809595734
0.000192172809595745
0.000192172808629551
0.000192396226900969
0.000191830832977669
0.000189268230936508
0.000184997108992984
0.00017938329796153
0.000172780970217357
0.000165517677820248
0.000158100415221595
0.000151144877197642
0.000144748460626495
0.00013893322008646
0.000133712051058743
0.000128985546234425
0.000124238686969654
0.000119285232089639
0.000114125315222968
0.000108762064943379
0.000103198773114196
9.78160182655085e-05
9.34883450284159e-05
9.04061248489367e-05
8.87408806937465e-05
8.88521545078631e-05
9.1065083783744e-05
9.42922106510728e-05
9.58358389504574e-05
9.61121401608093e-05
9.60864047979761e-05
9.95674560982512e-05
9.95945632794872e-05
9.93136792575288e-05
9.77336777689015e-05
9.44273525922365e-05
9.21719492497242e-05
9.20850358818224e-05
9.38300236165739e-05
9.70355660828604e-05
0.000101524275466244
0.00010709949353694
0.00011286022709018
0.000118414507992046
0.000123759017513321
0.000128890614183961
0.000133809247557204
0.000138706766529344
0.000144113442244053
0.000150131356738821
0.000156746868167712
0.000163936822673564
0.000171600367825077
0.000179102872025258
0.000185921760041907
0.000191719305110014
0.000196130365157288
0.000198777825276718
0.000199364107144518
0.000199134911203716
0.000199134912196512
0.000199134912196495
0.000199134912196512
0.000199134912196492
0.000199134912194819
0.000199134912199184
0.000199134912195809
0.000199134912196208
0.0001991349121965
0.000199134912196512
0.000199134912196516
0.000199134912196492
0.000199134912195085
0.000199134912198521
0.000199134912196592
0.000199134912195818
0.0001991349121965
0.000199134912196521
0.000199134912196499
0.000199134912196492
0.000199134912196505
0.000199134912195051
0.000199134912198556
0.000199134912196562
0.000199134912195829
0.000199134912196506
0.000199134912196492
0.000199134912196504
0.000199134912196491
0.000199134912195418
0.000199134912197578
0.000199134912197566
0.000199134912195419
0.000199134912196506
0.000199134912196489
0.000199134912196497
0.000199134912196509
0.000199134912195824
0.000199134912196596
0.000199134912198542
0.000199134912195073
0.000199134912196513
0.000199134912196479
0.000199134912196511
0.000199134912196521
0.000199134912196488
0.000199134912195819
0.000199134912196602
0.000199134912198512
0.000199134912195098
0.000199134912196487
0.000199134912196509
0.000199134912196496
0.000199134912196492
0.000199134912196199
0.000199134912195811
0.000199134912199197
0.000199134912194824
0.000199134912196493
0.000199134912196512
0.000199134912196488
0.000199134912196503
0.000199134911203703
0.000199364107144528
0.000198777825276713
0.000196130365157282
0.000191719305110006
0.000185921760041865
0.000179102872025211
0.000171600367825016
0.000163936822673556
0.000156746868167708
0.000150131356738825
0.000144113442244087
0.000138706766529341
0.000133809247557242
0.000128890614186887
0.000123759017512162
0.000118414507990249
0.000112860227088088
0.000107099493541089
0.000101524275464253
9.70355660797222e-05
9.38300236212608e-05
9.208503588002e-05
9.21719492489862e-05
9.44273525919437e-05
9.77336777706063e-05
9.93136792568591e-05
9.95945632794733e-05
9.95674560982551e-05
0.000103173128115618
0.000103201689379939
0.000102916467910003
0.00010130026594901
9.79147524518609e-05
9.5618198359179e-05
9.55586594335451e-05
9.73877102069331e-05
0.000100721869390222
0.000105377700726173
0.000111152080155188
0.000117117013941521
0.000122868917540276
0.000128404451358033
0.000133720468147737
0.000138817010251757
0.000143891649089359
0.000149490197401289
0.000155717437802096
0.000162558934299747
0.000169990371750875
0.000177907323968252
0.00018565579874565
0.000192697292520033
0.000198683667213001
0.000203238558767358
0.000205973312785962
0.000206581260909113
0.000206346255211747
0.0002063462562315
0.000206346256231476
0.000206346256231509
0.000206346256231501
0.000206346256229757
0.00020634625623425
0.000206346256230746
0.000206346256231162
0.00020634625623148
0.000206346256231493
0.000206346256231477
0.000206346256231475
0.000206346256230004
0.000206346256233581
0.0002063462562316
0.000206346256230777
0.000206346256231492
0.000206346256231473
0.00020634625623148
0.000206346256231489
0.000206346256231501
0.000206346256229992
0.000206346256233569
0.000206346256231553
0.000206346256230818
0.000206346256231504
0.00020634625623151
0.000206346256231488
0.000206346256231488
0.000206346256230387
0.00020634625623261
0.000206346256232597
0.000206346256230386
0.000206346256231488
0.000206346256231489
0.000206346256231485
0.000206346256231505
0.000206346256230809
0.000206346256231559
0.000206346256233573
0.000206346256229987
0.000206346256231493
0.000206346256231476
0.000206346256231495
0.00020634625623147
0.000206346256231468
0.000206346256230802
0.000206346256231611
0.000206346256233556
0.000206346256230017
0.000206346256231479
0.000206346256231484
0.000206346256231484
0.000206346256231489
0.000206346256231169
0.000206346256230749
0.000206346256234258
0.000206346256229755
0.000206346256231493
0.000206346256231501
0.000206346256231482
0.00020634625623151
0.000206346255211747
0.000206581260909105
0.000205973312785957
0.000203238558767359
0.000198683667213002
0.000192697292520028
0.000185655798745623
0.000177907323968269
0.00016999037175083
0.000162558934299751
0.000155717437802116
0.00014949019740129
0.000143891649089362
0.000138817010251724
0.000133720468150637
0.000128404451356779
0.000122868917538323
0.000117117013939256
0.000111152080159465
0.000105377700724259
0.00010072186938713
9.73877102117962e-05
9.55586594316692e-05
9.56181983582897e-05
9.79147524515365e-05
0.000101300265950845
0.000102916467909228
0.000103201689379922
0.000103173128115623
0.000106907769680665
0.000106937872694639
0.000106648598960489
0.000104996487866381
0.000101532013608043
9.91958953746686e-05
9.91670135883065e-05
0.000101084709404736
0.000104553031647488
0.000109382307602353
0.000115362765603352
0.000121538870331723
0.000127495199902612
0.000133228400607898
0.000138735327366776
0.000144016125770549
0.000149274201996524
0.000155071189955779
0.000161514594253376
0.000168589133694086
0.000176269265948098
0.000184446869165183
0.000192448171354302
0.000199718396994478
0.000205898761573521
0.000210601428678179
0.000213425951453528
0.000214056373633768
0.000213815538314299
0.000213815539361311
0.000213815539361276
0.000213815539361289
0.000213815539361294
0.000213815539359517
0.000213815539364163
0.00021381553936054
0.000213815539360997
0.000213815539361292
0.000213815539361306
0.000213815539361304
0.000213815539361306
0.000213815539359769
0.000213815539363431
0.000213815539361388
0.000213815539360581
0.000213815539361305
0.000213815539361306
0.000213815539361305
0.000213815539361306
0.000213815539361306
0.000213815539359763
0.000213815539363464
0.000213815539361365
0.000213815539360579
0.00021381553936129
0.000213815539361297
0.000213815539361292
0.000213815539361319
0.000213815539360164
0.000213815539362439
0.000213815539362424
0.000213815539360166
0.000213815539361305
0.000213815539361293
0.000213815539361318
0.000213815539361296
0.000213815539360593
0.000213815539361363
0.000213815539363451
0.000213815539359771
0.000213815539361305
0.000213815539361306
0.000213815539361305
0.000213815539361307
0.000213815539361291
0.000213815539360595
0.000213815539361404
0.000213815539363398
0.000213815539359794
0.000213815539361305
0.000213815539361291
0.000213815539361307
0.000213815539361303
0.000213815539360984
0.000213815539360554
0.00021381553936415
0.000213815539359531
0.000213815539361289
0.000213815539361309
0.000213815539361275
0.000213815539361311
0.0002138155383143
0.000214056373633776
0.000213425951453544
0.000210601428678185
0.000205898761573548
0.000199718396994498
0.000192448171354337
0.000184446869165202
0.000176269265948132
0.00016858913369402
0.000161514594253319
0.000155071189955761
0.000149274201996514
0.000144016125770608
0.0001387353273699
0.000133228400606681
0.000127495199900702
0.000121538870329497
0.000115362765607788
0.000109382307600312
0.000104553031644292
0.000101084709409747
9.91670135863573e-05
9.91958953737893e-05
0.0001015320136078
0.000104996487868347
0.000106648598959776
0.000106937872694627
0.000106907769680668
0.000110775872789176
0.000110807610997383
0.000110514613762026
0.000108827016222539
0.00010528405050593
0.000102910243706297
0.000102915592108606
0.000104926794925172
0.000108535092026384
0.000113544381843137
0.000119738060777314
0.000126132524483268
0.000132300299979797
0.000138238027001373
0.00014394257147625
0.000149414193614374
0.000154862243430761
0.000160864444203263
0.000167531038942092
0.000174845846682975
0.000182782027852336
0.000191227639235781
0.00019948871616779
0.000206993872850237
0.000213373445517026
0.000218227877847173
0.000221144680958665
0.000221798415642142
0.000221551744503819
0.000221551745578299
0.000221551745578271
0.000221551745578285
0.0002215517455783
0.000221551745576448
0.000221551745581235
0.000221551745577507
0.000221551745577964
0.000221551745578285
0.000221551745578285
0.000221551745578299
0.000221551745578286
0.000221551745576727
0.000221551745580487
0.000221551745578401
0.000221551745577547
0.000221551745578285
0.000221551745578299
0.000221551745578285
0.000221551745578299
0.000221551745578286
0.000221551745576699
0.00022155174558051
0.000221551745578369
0.000221551745577562
0.000221551745578286
0.000221551745578284
0.000221551745578285
0.000221551745578301
0.000221551745577115
0.000221551745579468
0.000221551745579439
0.000221551745577116
0.000221551745578299
0.000221551745578287
0.000221551745578298
0.000221551745578285
0.000221551745577576
0.000221551745578354
0.000221551745580512
0.000221551745576714
0.000221551745578284
0.000221551745578299
0.000221551745578285
0.000221551745578299
0.000221551745578272
0.000221551745577561
0.000221551745578395
0.000221551745580471
0.000221551745576741
0.000221551745578282
0.000221551745578275
0.000221551745578298
0.000221551745578283
0.000221551745577967
0.000221551745577505
0.000221551745581221
0.000221551745576463
0.000221551745578285
0.0002215517455783
0.000221551745578284
0.0002215517455783
0.000221551744503817
0.000221798415642125
0.000221144680958673
0.000218227877847143
0.000213373445517029
0.000206993872850233
0.000199488716167779
0.000191227639235732
0.00018278202785234
0.00017484584668303
0.000167531038942057
0.000160864444203264
0.000154862243430752
0.000149414193614326
0.000143942571479355
0.000138238027000088
0.000132300299977829
0.000126132524480981
0.00011973806078183
0.000113544381841022
0.000108535092023015
0.000104926794930288
0.000102915592106575
0.000102910243705448
0.00010528405050563
0.000108827016224263
0.00011051461376112
0.000110807610997336
0.000110775872789134
0.000114782076643498
0.000114815549671331
0.000114519205344536
0.000112796689210794
0.000109175969352768
0.000106766666334639
0.00010681013165454
0.000108920002000043
0.000112674365586163
0.000117870495233286
0.0001242847687495
0.000130905001919153
0.000137291465482476
0.000143440801053149
0.000149349895388849
0.000155019135670666
0.000160663921018362
0.000166878318866285
0.000173775321430817
0.000181337789652894
0.000189537512218316
0.000198258594965546
0.000206786475794602
0.00021453282714896
0.000221116876387442
0.000226127103546889
0.000229138732616638
0.000229816650094962
0.000229564152184698
0.00022956415328685
0.000229564153286822
0.000229564153286836
0.000229564153286836
0.000229564153284947
0.00022956415328985
0.000229564153286042
0.00022956415328649
0.000229564153286836
0.00022956415328685
0.000229564153286836
0.000229564153286836
0.00022956415328522
0.000229564153289085
0.000229564153286952
0.000229564153286072
0.000229564153286836
0.00022956415328685
0.000229564153286837
0.000229564153286835
0.000229564153286836
0.000229564153285207
0.000229564153289113
0.000229564153286907
0.000229564153286103
0.000229564153286822
0.000229564153286835
0.000229564153286835
0.000229564153286837
0.000229564153285639
0.000229564153288047
0.000229564153288018
0.000229564153285639
0.000229564153286835
0.000229564153286837
0.000229564153286835
0.000229564153286835
0.000229564153286102
0.000229564153286893
0.000229564153289142
0.000229564153285206
0.000229564153286835
0.000229564153286837
0.000229564153286835
0.000229564153286836
0.000229564153286822
0.000229564153286087
0.00022956415328695
0.000229564153289086
0.000229564153285234
0.000229564153286836
0.000229564153286823
0.000229564153286835
0.000229564153286835
0.000229564153286504
0.000229564153286028
0.000229564153289866
0.000229564153284947
0.000229564153286835
0.000229564153286835
0.000229564153286838
0.000229564153286835
0.000229564152184696
0.000229816650094961
0.000229138732616675
0.00022612710354692
0.000221116876387418
0.00021453282714893
0.000206786475794596
0.000198258594965564
0.000189537512218318
0.000181337789652898
0.000173775321430859
0.00016687831886628
0.000160663921018365
0.000155019135670726
0.000149349895392169
0.000143440801051844
0.000137291465480351
0.000130905001916676
0.000124284768754125
0.000117870495231118
0.000112674365582732
0.000108920002005297
0.000106810131652475
0.000106766666333711
0.000109175969352479
0.000112796689212874
0.000114519205343782
0.000114815549671356
0.00011478207664354
0.000118931171749675
0.000118966485836249
0.000118667222876935
0.000116910516156405
0.000113213076018331
0.000110770816014494
0.000110856623788998
0.000113070640689117
0.000116977457457982
0.000122367520233387
0.000129009999475923
0.000135863640145809
0.000142476261634801
0.000148844516828782
0.000154965324197791
0.000160839211307038
0.00016668772711273
0.000173121522364921
0.000180256343004445
0.000188074029522279
0.000196544919625602
0.000205549034651858
0.000214350820469229
0.000222344684805297
0.000229138520713386
0.000234308605772234
0.000237417637387549
0.000238120641048713
0.000237862342369641
0.000237862343499631
0.000237862343499601
0.0002378623434996
0.0002378623434996
0.000237862343497673
0.000237862343502696
0.000237862343498793
0.000237862343499256
0.000237862343499601
0.000237862343499616
0.000237862343499601
0.000237862343499615
0.000237862343497942
0.000237862343501917
0.00023786234349972
0.000237862343498823
0.000237862343499601
0.00023786234349963
0.0002378623434996
0.000237862343499602
0.000237862343499599
0.000237862343497943
0.000237862343501946
0.000237862343499677
0.000237862343498853
0.000237862343499602
0.000237862343499599
0.000237862343499601
0.000237862343499601
0.000237862343498375
0.000237862343500858
0.000237862343500824
0.000237862343498376
0.000237862343499601
0.000237862343499601
0.000237862343499599
0.000237862343499617
0.000237862343498851
0.000237862343499661
0.000237862343501977
0.00023786234349794
0.000237862343499599
0.000237862343499603
0.000237862343499599
0.000237862343499601
0.000237862343499603
0.000237862343498823
0.000237862343499736
0.000237862343501916
0.000237862343497954
0.000237862343499601
0.000237862343499601
0.000237862343499615
0.000237862343499603
0.000237862343499255
0.000237862343498777
0.000237862343502727
0.000237862343497673
0.000237862343499585
0.000237862343499615
0.000237862343499602
0.0002378623434996
0.00023786234236964
0.00023812064104872
0.000237417637387534
0.000234308605772244
0.000229138520713413
0.000222344684805246
0.000214350820469175
0.000205549034651825
0.000196544919625643
0.000188074029522286
0.000180256343004432
0.000173121522364914
0.000166687727112709
0.000160839211307021
0.000154965324201092
0.000148844516827424
0.0001424762616327
0.000135863640143396
0.000129009999480736
0.000122367520231178
0.00011697745745449
0.000113070640694582
0.000110856623786881
0.000110770816013497
0.000113213076017942
0.000116910516158402
0.000118667222876135
0.000118966485836322
0.000118931171749674
0.000123228104070607
0.000123265372531348
0.000122963676207934
0.000121173683328237
0.000117400884289381
0.000114928586013577
0.000115061327654223
0.00011738530995707
0.000121451277852822
0.000127042645465721
0.000133921185340573
0.000141016104156962
0.000147862586686214
0.000154457307519107
0.000160797228874527
0.000166883033260171
0.00017294251487314
0.00017960312887205
0.000186983372429168
0.000195063998912747
0.000203813810747911
0.000213108607158585
0.00022219145978366
0.000230439199054921
0.000237448163574291
0.000242782195778145
0.000245991233978715
0.000246720261610244
0.000246456206983333
0.000246456208141206
0.000246456208141214
0.000246456208141206
0.000246456208141199
0.000246456208139222
0.000246456208144367
0.000246456208140369
0.000246456208140849
0.000246456208141199
0.000246456208141199
0.000246456208141213
0.000246456208141214
0.000246456208139501
0.000246456208143562
0.000246456208141314
0.000246456208140401
0.00024645620814119
0.000246456208141221
0.000246456208141199
0.000246456208141199
0.000246456208141204
0.000246456208139497
0.000246456208143618
0.000246456208141287
0.000246456208140416
0.000246456208141191
0.000246456208141188
0.000246456208141209
0.00024645620814119
0.000246456208139929
0.000246456208142507
0.000246456208142468
0.000246456208139921
0.00024645620814119
0.000246456208141207
0.00024645620814119
0.000246456208141224
0.000246456208140412
0.000246456208141253
0.000246456208143634
0.000246456208139508
0.000246456208141192
0.000246456208141199
0.000246456208141211
0.000246456208141192
0.00024645620814119
0.000246456208140411
0.000246456208141337
0.000246456208143579
0.0002464562081395
0.000246456208141197
0.000246456208141201
0.000246456208141225
0.0002464562081412
0.000246456208140836
0.000246456208140352
0.000246456208144397
0.000246456208139209
0.000246456208141176
0.000246456208141229
0.000246456208141199
0.00024645620814119
0.000246456206983349
0.000246720261610257
0.000245991233978708
0.000242782195778103
0.000237448163574316
0.000230439199054974
0.000222191459783672
0.000213108607158538
0.000203813810747904
0.000195063998912741
0.000186983372429155
0.000179603128872055
0.000172942514873135
0.000166883033260173
0.000160797228877982
0.000154457307517778
0.000147862586684059
0.000141016104154409
0.000133921185345472
0.00012704264546342
0.000121451277849186
0.000117385309962637
0.000115061327652027
0.000114928586012598
0.000117400884288974
0.0001211736833303
0.000122963676207121
0.00012326537253134
0.000123228104070605
0.000127677979224231
0.000127717322948107
0.000127413740488038
0.000125591559932365
0.00012174512449702
0.000119246121418159
0.000119430783362285
0.000121870912565608
0.000126103057946495
0.000131903392101328
0.000139026097590392
0.000146370402809399
0.000153458688280784
0.000160287661862768
0.00016685434281183
0.000173159584372154
0.000179437515191075
0.000186332595199114
0.000193966062503458
0.000202317512049274
0.000211354121263662
0.000220947325499955
0.000230318454827976
0.000238826462217907
0.000246055918163085
0.000251558004740139
0.000254869677029876
0.00025562570217634
0.000255355957262539
0.000255355958448326
0.000255355958448334
0.00025535595844831
0.000255355958448318
0.000255355958446302
0.000255355958451602
0.000255355958447475
0.000255355958447972
0.000255355958448318
0.000255355958448319
0.000255355958448349
0.000255355958448318
0.000255355958446591
0.000255355958450767
0.000255355958448455
0.000255355958447508
0.000255355958448341
0.000255355958448343
0.000255355958448318
0.000255355958448318
0.000255355958448342
0.000255355958446567
0.000255355958450803
0.000255355958448403
0.000255355958447523
0.00025535595844834
0.000255355958448326
0.000255355958448341
0.000255355958448328
0.000255355958447015
0.000255355958449643
0.000255355958449619
0.000255355958447025
0.000255355958448326
0.000255355958448343
0.000255355958448326
0.000255355958448357
0.000255355958447521
0.00025535595844839
0.000255355958450826
0.000255355958446566
0.000255355958448326
0.000255355958448335
0.000255355958448332
0.000255355958448327
0.000255355958448324
0.000255355958447516
0.000255355958448447
0.000255355958450784
0.000255355958446591
0.000255355958448316
0.000255355958448321
0.000255355958448332
0.000255355958448333
0.000255355958447956
0.000255355958447478
0.000255355958451599
0.000255355958446287
0.000255355958448324
0.000255355958448353
0.000255355958448316
0.000255355958448326
0.000255355957262557
0.000255625702176341
0.000254869677029879
0.000251558004740108
0.000246055918163045
0.000238826462217863
0.000230318454827961
0.000220947325499897
0.000211354121263582
0.000202317512049226
0.000193966062503454
0.000186332595199111
0.000179437515191077
0.00017315958437214
0.000166854342815316
0.0001602876618613
0.000153458688278503
0.000146370402806799
0.00013902609759551
0.00013190339209903
0.000126103057942762
0.000121870912571328
0.000119430783360088
0.000119246121417229
0.000121745124496749
0.000125591559934625
0.000127413740487128
0.000127717322948026
0.000127677979224227
0.000132286066727245
0.000132327614709541
0.000132022760864872
0.000130169704287467
0.000126251752536528
0.000123729831038199
0.000123971826142933
0.00012653467083238
0.000130940366697598
0.000136957631205715
0.000144332863717071
0.000151934906125266
0.000159273180737522
0.000166344441468829
0.0001731457792608
0.000179678235221629
0.000186182354512555
0.000193319778560255
0.000201214467445688
0.000209844781429698
0.000219176177441668
0.000229075580977816
0.000238742230753452
0.000247516916761553
0.000254972235542035
0.000260646492527338
0.000264063445367335
0.000264847478744932
0.000264572132240982
0.000264572133454618
0.000264572133454601
0.000264572133454619
0.000264572133454619
0.00026457213345252
0.000264572133457999
0.00026457213345372
0.000264572133454252
0.000264572133454601
0.000264572133454619
0.000264572133454636
0.000264572133454619
0.000264572133452821
0.000264572133457132
0.000264572133454753
0.000264572133453752
0.000264572133454635
0.000264572133454619
0.000264572133454618
0.000264572133454619
0.00026457213345462
0.000264572133452803
0.000264572133457166
0.000264572133454686
0.000264572133453785
0.000264572133454635
0.00026457213345462
0.000264572133454619
0.000264572133454619
0.00026457213345327
0.000264572133455982
0.000264572133455951
0.000264572133453269
0.000264572133454621
0.000264572133454618
0.00026457213345462
0.000264572133454634
0.000264572133453788
0.000264572133454684
0.000264572133457183
0.000264572133452803
0.000264572133454621
0.000264572133454635
0.000264572133454617
0.000264572133454605
0.000264572133454616
0.000264572133453788
0.000264572133454735
0.000264572133457133
0.000264572133452838
0.000264572133454602
0.000264572133454619
0.000264572133454617
0.000264572133454638
0.000264572133454218
0.000264572133453752
0.000264572133457965
0.00026457213345252
0.000264572133454618
0.000264572133454636
0.000264572133454622
0.000264572133454617
0.000264572132240972
0.000264847478744963
0.00026406344536732
0.000260646492527356
0.000254972235542071
0.000247516916761572
0.000238742230753486
0.000229075580977876
0.000219176177441666
0.000209844781429647
0.000201214467445677
0.000193319778560242
0.000186182354512543
0.000179678235221631
0.000173145779264417
0.000166344441467335
0.000159273180735173
0.000151934906122568
0.000144332863722261
0.000136957631203303
0.000130940366693787
0.000126534670838269
0.000123971826140564
0.000123729831037131
0.000126251752536127
0.000130169704289542
0.00013202276086401
0.000132327614709609
0.000132286066727244
0.000137057804273399
0.000137101694187173
0.000136796257250132
0.000134913870186098
0.000130926959295603
0.000128386399949068
0.000128691601298523
0.000131384143312617
0.000135971128659125
0.000142213602105131
0.000149849985846435
0.000157718363579439
0.000165315063297806
0.000172636899094501
0.000179681049717224
0.000186448762704189
0.000193187073610889
0.000200574955267278
0.000208739061165862
0.000217656435305375
0.000227290712435569
0.00023750415789598
0.000247473589773568
0.000256521366668632
0.000264207914587675
0.000270058456577097
0.00027358335031309
0.000274396441283918
0.000274115607305405
0.000274115608546752
0.000274115608546717
0.000274115608546744
0.000274115608546727
0.000274115608544586
0.000274115608550205
0.000274115608545819
0.000274115608546364
0.00027411560854671
0.000274115608546744
0.000274115608546744
0.000274115608546727
0.000274115608544898
0.000274115608549317
0.000274115608546871
0.000274115608545872
0.000274115608546727
0.000274115608546743
0.000274115608546727
0.000274115608546751
0.000274115608546753
0.000274115608544862
0.000274115608549351
0.000274115608546821
0.00027411560854589
0.000274115608546724
0.000274115608546745
0.000274115608546745
0.000274115608546734
0.000274115608545355
0.000274115608548126
0.000274115608548124
0.000274115608545346
0.000274115608546726
0.000274115608546745
0.000274115608546724
0.000274115608546745
0.00027411560854589
0.000274115608546819
0.000274115608549349
0.000274115608544899
0.000274115608546735
0.000274115608546751
0.000274115608546726
0.000274115608546728
0.000274115608546726
0.000274115608545882
0.000274115608546853
0.000274115608549342
0.000274115608544895
0.000274115608546729
0.000274115608546736
0.000274115608546752
0.000274115608546725
0.000274115608546347
0.000274115608545837
0.000274115608550187
0.000274115608544587
0.000274115608546729
0.000274115608546742
0.000274115608546744
0.000274115608546726
0.000274115607305379
0.000274396441283932
0.00027358335031308
0.000270058456577107
0.000264207914587671
0.000256521366668621
0.000247473589773509
0.000237504157895972
0.000227290712435636
0.000217656435305377
0.000208739061165817
0.000200574955267272
0.00019318707361091
0.000186448762704233
0.000179681049720945
0.000172636899093019
0.000165315063295454
0.000157718363576646
0.000149849985851798
0.000142213602102685
0.000135971128655252
0.00013138414331871
0.000128691601296223
0.000128386399948001
0.000130926959295231
0.00013491387018839
0.000136796257249242
0.000137101694187156
0.000137057804273405
0.000141998802038125
0.00014204518084647
0.000141739929150615
0.000139830013449629
0.000135777180519254
0.000133222802707961
0.000133597580014953
0.000136427242463109
0.000141203642848407
0.000147679931839897
0.000155586360199746
0.000163729923433928
0.000171593739400703
0.000179174697937093
0.000186470083315222
0.000193481369621475
0.000200462147367084
0.000208108840409255
0.000216550756473643
0.00022576353601869
0.000235708883323319
0.000246244248877315
0.000256523724615145
0.000265850989111381
0.000273774112117489
0.000279805040858178
0.000283440544032316
0.000284283782140867
0.000283997602807337
0.000283997604076164
0.000283997604076164
0.000283997604076172
0.000283997604076155
0.000283997604073971
0.000283997604079707
0.000283997604075216
0.000283997604075779
0.000283997604076173
0.000283997604076172
0.000283997604076173
0.000283997604076171
0.000283997604074295
0.00028399760407882
0.000283997604076271
0.000283997604075288
0.000283997604076155
0.00028399760407619
0.000283997604076154
0.000283997604076164
0.000283997604076182
0.000283997604074258
0.000283997604078856
0.000283997604076254
0.00028399760407527
0.00028399760407617
0.000283997604076175
0.00028399760407619
0.000283997604076146
0.000283997604074751
0.000283997604077569
0.000283997604077603
0.00028399760407476
0.000283997604076153
0.000283997604076189
0.000283997604076157
0.000283997604076171
0.000283997604075305
0.000283997604076236
0.000283997604078856
0.000283997604074295
0.000283997604076144
0.000283997604076166
0.000283997604076154
0.000283997604076189
0.000283997604076157
0.000283997604075295
0.00028399760407629
0.000283997604078828
0.000283997604074261
0.000283997604076188
0.000283997604076146
0.000283997604076165
0.000283997604076174
0.000283997604075778
0.000283997604075214
0.000283997604079709
0.000283997604073967
0.000283997604076157
0.00028399760407619
0.000283997604076173
0.000283997604076153
0.000283997602807356
0.000284283782140848
0.000283440544032324
0.000279805040858182
0.000273774112117496
0.000265850989111394
0.000256523724615146
0.000246244248877277
0.000235708883323296
0.000225763536018691
0.000216550756473666
0.000208108840409278
0.000200462147367121
0.000193481369621506
0.000186470083319042
0.000179174697935529
0.000171593739398279
0.000163729923431071
0.000155586360205203
0.000147679931837328
0.000141203642844365
0.000136427242469265
0.00013359758001252
0.000133222802706894
0.000135777180518915
0.00013983001345192
0.000141739929149621
0.000142045180846455
0.000141998802038126
0.000147114847004879
0.000147163871618861
0.000146859660561114
0.000144924298674849
0.000140809107126256
0.000138246317284655
0.000138697576084555
0.000141672253352324
0.000146646602744142
0.000153365655774963
0.000161551297695978
0.000169979153186106
0.000178119037050312
0.000185967932002935
0.000193523247289957
0.000200786705337651
0.000208018505617492
0.000215932608576547
0.00022466092527563
0.000234177599242851
0.000244442288929362
0.000255307470811011
0.000265904232436305
0.000275517346437695
0.000283682353193617
0.000289897744909031
0.000293646527900386
0.000294521044475491
0.000294229692713888
0.000294229694009877
0.000294229694009895
0.000294229694009895
0.000294229694009878
0.000294229694007613
0.000294229694013531
0.000294229694008931
0.000294229694009468
0.000294229694009896
0.000294229694009896
0.000294229694009876
0.000294229694009895
0.000294229694007968
0.000294229694012603
0.000294229694010007
0.000294229694008968
0.000294229694009896
0.000294229694009895
0.000294229694009876
0.000294229694009896
0.000294229694009895
0.000294229694007929
0.000294229694012641
0.000294229694009969
0.000294229694008988
0.000294229694009896
0.000294229694009876
0.000294229694009914
0.000294229694009878
0.000294229694008425
0.000294229694011312
0.000294229694011345
0.000294229694008424
0.000294229694009873
0.000294229694009897
0.000294229694009895
0.000294229694009878
0.000294229694009022
0.000294229694009952
0.000294229694012641
0.000294229694007946
0.000294229694009895
0.000294229694009879
0.000294229694009875
0.000294229694009917
0.000294229694009876
0.00029422969400897
0.000294229694010025
0.000294229694012603
0.000294229694007947
0.000294229694009897
0.000294229694009895
0.000294229694009876
0.000294229694009895
0.000294229694009471
0.000294229694008932
0.000294229694013531
0.000294229694007612
0.000294229694009879
0.000294229694009915
0.000294229694009875
0.000294229694009878
0.000294229692713926
0.000294521044475456
0.000293646527900391
0.000289897744908994
0.000283682353193607
0.000275517346437675
0.00026590423243631
0.00025530747081103
0.000244442288929416
0.000234177599242869
0.000224660925275619
0.000215932608576496
0.000208018505617406
0.000200786705337652
0.000193523247293952
0.000185967932001387
0.000178119037047854
0.000169979153183196
0.000161551297701618
0.0001533656557724
0.000146646602740047
0.00014167225335868
0.000138697576082054
0.000138246317283536
0.000140809107125902
0.000144924298677285
0.000146859660560174
0.000147163871618851
0.000147114847004875
0.000152411907300202
0.000152463745282997
0.000152161524909197
0.000150203106181607
0.000146029696005537
0.000143464539751243
0.00014399976359812
0.00014712785348421
0.000152309117484519
0.000159280239443706
0.000167754545768806
0.000176476061201549
0.00018490123034413
0.000193027147620393
0.00020085136857476
0.000208375887569916
0.000215867555134297
0.000224057915690298
0.000233081419819346
0.000242910614176609
0.000253502988472507
0.000264705881458006
0.000275627129224522
0.000285532398469493
0.000293944541593452
0.000300348432933619
0.00030421316086935
0.000305120130694528
0.000304823813277698
0.000304823814600392
0.000304823814600371
0.000304823814600392
0.000304823814600391
0.000304823814598046
0.000304823814604121
0.000304823814599392
0.000304823814599967
0.000304823814600373
0.00030482381460041
0.000304823814600372
0.000304823814600372
0.000304823814598412
0.000304823814603181
0.000304823814600524
0.00030482381459943
0.000304823814600391
0.000304823814600373
0.00030482381460039
0.000304823814600391
0.000304823814600373
0.000304823814598391
0.000304823814603199
0.000304823814600468
0.000304823814599469
0.00030482381460039
0.000304823814600372
0.00030482381460039
0.000304823814600393
0.000304823814598876
0.000304823814601876
0.000304823814601898
0.000304823814598898
0.000304823814600371
0.000304823814600394
0.000304823814600391
0.000304823814600371
0.000304823814599488
0.000304823814600468
0.000304823814603197
0.000304823814598391
0.000304823814600391
0.000304823814600371
0.000304823814600393
0.000304823814600392
0.000304823814600371
0.00030482381459943
0.000304823814600524
0.000304823814603179
0.000304823814598409
0.000304823814600374
0.000304823814600388
0.000304823814600394
0.000304823814600369
0.000304823814599942
0.000304823814599405
0.000304823814604119
0.000304823814598046
0.000304823814600393
0.000304823814600392
0.000304823814600369
0.000304823814600392
0.000304823813277718
0.00030512013069451
0.000304213160869383
0.000300348432933614
0.000293944541593452
0.000285532398469499
0.000275627129224472
0.000264705881457939
0.000253502988472496
0.000242910614176594
0.000233081419819353
0.000224057915690338
0.000215867555134289
0.000208375887569842
0.000200851368578751
0.000193027147618808
0.000184901230341573
0.000176476061198513
0.000167754545774489
0.00015928023944102
0.000152309117480277
0.000147127853490757
0.000143999763595626
0.000143464539750072
0.000146029696005077
0.000150203106184106
0.000152161524908228
0.000152463745282998
0.000152411907300196
0.000157896136526942
0.000157950966850577
0.000157651790046094
0.000155673039160529
0.000151446181316071
0.000148885399776805
0.000149512695669327
0.000152803133809326
0.000158200734345277
0.000165433601705636
0.000174206311477136
0.00018323111960761
0.000191951062235944
0.000200363366168571
0.000208465756603474
0.000216260525382675
0.000224021202808342
0.000232496922005072
0.00024182459504655
0.000251975064746229
0.000262903521078758
0.000274451996742993
0.000285704864691219
0.00029590851511723
0.000304572970439463
0.000311169342938085
0.000315152667810637
0.000316093310865827
0.000315792271705001
0.000315792273053819
0.000315792273053786
0.000315792273053814
0.000315792273053826
0.000315792273051427
0.000315792273057625
0.000315792273052789
0.000315792273053388
0.000315792273053797
0.000315792273053823
0.000315792273053809
0.000315792273053794
0.000315792273051792
0.000315792273056669
0.000315792273053946
0.000315792273052857
0.000315792273053809
0.000315792273053803
0.000315792273053818
0.000315792273053805
0.000315792273053815
0.000315792273051753
0.000315792273056689
0.000315792273053906
0.000315792273052876
0.000315792273053827
0.000315792273053798
0.000315792273053801
0.000315792273053823
0.000315792273052259
0.000315792273055342
0.000315792273055343
0.000315792273052291
0.000315792273053806
0.000315792273053819
0.000315792273053798
0.000315792273053804
0.000315792273052879
0.000315792273053906
0.00031579227305669
0.000315792273051764
0.000315792273053805
0.000315792273053809
0.000315792273053822
0.000315792273053801
0.00031579227305381
0.000315792273052845
0.000315792273053939
0.000315792273056677
0.000315792273051782
0.000315792273053814
0.000315792273053808
0.000315792273053818
0.000315792273053797
0.000315792273053377
0.000315792273052817
0.000315792273057627
0.000315792273051423
0.000315792273053827
0.000315792273053808
0.00031579227305378
0.000315792273053817
0.000315792271705
0.000316093310865832
0.000315152667810638
0.000311169342938079
0.000304572970439453
0.00029590851511726
0.000285704864691226
0.000274451996743
0.000262903521078709
0.000251975064746256
0.000241824595046569
0.00023249692200511
0.000224021202808344
0.00021626052538267
0.000208465756607557
0.00020036336616689
0.000191951062233349
0.000183231119604619
0.000174206311483079
0.000165433601702892
0.000158200734340898
0.000152803133815935
0.000149512695666679
0.000148885399775672
0.00015144618131562
0.000155673039162926
0.00015765179004511
0.000157950966850647
0.000157896136526939
0.000163573878085989
0.000163631891942201
0.000163336923275521
0.000161340931027747
0.000157066086316924
0.000154517176976196
0.000155245324256021
0.000158707621000144
0.000164331462582392
0.000171836139304372
0.000180917285993442
0.000190255288528825
0.000199279768611453
0.000207988108098036
0.000216378227393425
0.00022445274346003
0.000232491880106618
0.00024126231635428
0.000250903332119824
0.000261383951871112
0.000272656926207892
0.000284558808766678
0.000296150337678907
0.000306658489310901
0.000315580332975684
0.000322373095886345
0.000326477647808312
0.000327453231086941
0.000327147754797859
0.000327147756172055
0.000327147756172027
0.00032714775617204
0.000327147756172069
0.000327147756169617
0.000327147756175962
0.000327147756171035
0.000327147756171614
0.000327147756172056
0.000327147756172052
0.000327147756172045
0.000327147756172018
0.000327147756170002
0.00032714775617497
0.000327147756172191
0.000327147756171048
0.000327147756172065
0.000327147756172052
0.000327147756172056
0.000327147756172049
0.000327147756172039
0.000327147756169939
0.000327147756175031
0.00032714775617213
0.00032714775617109
0.000327147756172048
0.000327147756172056
0.000327147756172075
0.000327147756172048
0.000327147756170452
0.000327147756173625
0.000327147756173626
0.000327147756170499
0.000327147756172044
0.000327147756172058
0.000327147756172055
0.000327147756172066
0.000327147756171071
0.000327147756172131
0.000327147756175029
0.000327147756169971
0.000327147756172046
0.000327147756172056
0.000327147756172059
0.000327147756172053
0.000327147756172047
0.000327147756171079
0.000327147756172199
0.00032714775617496
0.000327147756169955
0.000327147756172062
0.000327147756172044
0.000327147756172057
0.000327147756172074
0.000327147756171593
0.000327147756171014
0.000327147756175984
0.000327147756169616
0.00032714775617205
0.000327147756172067
0.000327147756172045
0.000327147756172061
0.000327147754797838
0.000327453231086959
0.000326477647808305
0.000322373095886352
0.000315580332975653
0.00030665848931089
0.000296150337678842
0.000284558808766663
0.000272656926207887
0.000261383951871065
0.0002509033321198
0.00024126231635426
0.00023249188010666
0.000224452743460013
0.000216378227397633
0.000207988108096365
0.000199279768608797
0.000190255288525646
0.000180917285999483
0.0001718361393016
0.000164331462577939
0.000158707621007018
0.000155245324253418
0.000154517176974965
0.00015706608631646
0.000161340931030351
0.000163336923274433
0.000163631891942112
0.000163573878085988
0.000169451669471249
0.000169513071141555
0.00016922359641018
0.000167213852988658
0.000162897235754709
0.000160368518165127
0.000161207021152842
0.000164851301074973
0.000170711798729057
0.000178498752918622
0.000187898670559916
0.000197560041750523
0.000206899103760928
0.000215913418325407
0.000224601128987903
0.000232965207734043
0.000241292568883512
0.000250367341714302
0.000260331063192299
0.000271150816855308
0.000282776765040488
0.000295039804567892
0.000306976912096232
0.000317795550248862
0.000326979733479266
0.000333972704853097
0.000338201082374991
0.000339212921779422
0.000338903337543658
0.000338903338942415
0.000338903338942392
0.000338903338942415
0.000338903338942427
0.000338903338939899
0.000338903338946398
0.000338903338941386
0.000338903338941964
0.000338903338942419
0.00033890333894241
0.000338903338942407
0.000338903338942394
0.000338903338940317
0.000338903338945396
0.000338903338942564
0.000338903338941408
0.000338903338942416
0.000338903338942414
0.000338903338942414
0.000338903338942405
0.000338903338942409
0.000338903338940249
0.000338903338945477
0.000338903338942477
0.000338903338941439
0.000338903338942421
0.000338903338942413
0.000338903338942437
0.000338903338942415
0.000338903338940783
0.000338903338944025
0.000338903338944017
0.000338903338940832
0.000338903338942413
0.000338903338942395
0.000338903338942407
0.000338903338942425
0.000338903338941427
0.000338903338942502
0.000338903338945456
0.000338903338940273
0.000338903338942405
0.000338903338942398
0.000338903338942406
0.000338903338942394
0.000338903338942413
0.00033890333894143
0.000338903338942566
0.0003389033389454
0.000338903338940301
0.000338903338942423
0.000338903338942422
0.000338903338942421
0.000338903338942444
0.000338903338941942
0.000338903338941346
0.00033890333894644
0.000338903338939898
0.000338903338942407
0.000338903338942436
0.000338903338942388
0.000338903338942399
0.000338903337543635
0.000339212921779447
0.000338201082375004
0.000333972704853085
0.000326979733479302
0.000317795550248924
0.0003069769120963
0.000295039804567919
0.00028277676504049
0.000271150816855253
0.000260331063192289
0.000250367341714323
0.000241292568883567
0.000232965207734118
0.000224601128992261
0.00021591341832365
0.000206899103758236
0.000197560041747302
0.000187898670566049
0.000178498752915767
0.000170711798724515
0.000164851301081999
0.000161207021150111
0.000160368518163888
0.000162897235754247
0.000167213852991183
0.00016922359640914
0.000169513071141627
0.00016945166947125
0.000175536246522688
0.00017560125431234
0.000175318690845566
0.000173299121812052
0.000168947768840043
0.000166448455579713
0.000167407600225823
0.000171244644458004
0.000177352753444961
0.000185432874804977
0.000195162204009065
0.000205157393903865
0.000214821367338023
0.00022415189308878
0.000233147368345121
0.0002418111524565
0.00025043682863023
0.000259825822168262
0.000270121797494937
0.000281289765966827
0.000293277142875813
0.000305908985672629
0.000318198433398737
0.000329333376964241
0.0003387846982923
0.000345981584147918
0.000350336343559026
0.000351385805878398
0.000351072491622996
0.000351072493045335
0.000351072493045289
0.000351072493045313
0.000351072493045342
0.000351072493042766
0.000351072493049397
0.000351072493044247
0.000351072493044847
0.000351072493045329
0.000351072493045316
0.000351072493045343
0.000351072493045292
0.000351072493043153
0.000351072493048373
0.000351072493045446
0.000351072493044314
0.00035107249304529
0.000351072493045312
0.000351072493045334
0.00035107249304532
0.000351072493045343
0.000351072493043093
0.000351072493048444
0.000351072493045378
0.000351072493044306
0.000351072493045305
0.000351072493045333
0.000351072493045311
0.000351072493045313
0.000351072493043668
0.000351072493046956
0.000351072493046953
0.000351072493043693
0.000351072493045314
0.00035107249304531
0.00035107249304532
0.000351072493045345
0.000351072493044309
0.000351072493045404
0.000351072493048421
0.000351072493043114
0.000351072493045343
0.000351072493045318
0.000351072493045314
0.00035107249304531
0.000351072493045312
0.000351072493044288
0.000351072493045471
0.000351072493048366
0.000351072493043149
0.000351072493045285
0.000351072493045302
0.000351072493045326
0.000351072493045306
0.000351072493044845
0.000351072493044246
0.000351072493049419
0.000351072493042767
0.000351072493045321
0.000351072493045334
0.000351072493045294
0.000351072493045306
0.000351072491623021
0.000351385805878386
0.000350336343559061
0.000345981584147876
0.000338784698292299
0.000329333376964224
0.000318198433398718
0.00030590898567262
0.000293277142875804
0.000281289765966828
0.000270121797494922
0.000259825822168185
0.000250436828630218
0.000241811152456493
0.000233147368349584
0.000224151893086985
0.00021482136733521
0.00020515739390058
0.000195162204015394
0.000185432874802074
0.000177352753440423
0.000171244644465231
0.000167407600222982
0.000166448455578355
0.000168947768839554
0.000173299121814763
0.000175318690844501
0.000175601254312329
0.000175536246522685
0.000181834547623731
0.000181903394862963
0.000181629302639417
0.000179604307821846
0.000175226152842402
0.000172766426117237
0.000173857340976049
0.000177898632572867
0.000184265880019609
0.000192650498138244
0.000202720191951309
0.000213059929270701
0.000223059432900705
0.000232716708357098
0.000242030439763483
0.000251004408800975
0.000259938825250265
0.00026965219135377
0.000280290148819382
0.0002918154962753
0.000304172732596192
0.000317180888464272
0.000329829245631162
0.000341286112208063
0.000351009186957022
0.000358413558382997
0.000362897201908112
0.000363985706882309
0.000363669093802793
0.000363669095247458
0.000363669095247435
0.000363669095247435
0.00036366909524746
0.000363669095244815
0.000363669095251623
0.000363669095246322
0.000363669095246968
0.000363669095247451
0.000363669095247438
0.000363669095247466
0.000363669095247436
0.000363669095245223
0.00036366909525057
0.000363669095247568
0.000363669095246415
0.000363669095247433
0.000363669095247418
0.000363669095247457
0.000363669095247435
0.000363669095247458
0.000363669095245195
0.000363669095250602
0.000363669095247527
0.000363669095246428
0.000363669095247444
0.000363669095247435
0.000363669095247435
0.000363669095247436
0.000363669095245775
0.000363669095249124
0.000363669095249123
0.000363669095245777
0.000363669095247433
0.000363669095247455
0.000363669095247436
0.000363669095247468
0.000363669095246404
0.00036366909524755
0.000363669095250609
0.000363669095245181
0.000363669095247454
0.00036366909524743
0.000363669095247428
0.000363669095247447
0.000363669095247427
0.000363669095246367
0.000363669095247593
0.000363669095250594
0.000363669095245224
0.000363669095247427
0.000363669095247432
0.000363669095247466
0.000363669095247407
0.000363669095246973
0.000363669095246353
0.000363669095251646
0.000363669095244816
0.000363669095247432
0.000363669095247446
0.000363669095247437
0.000363669095247431
0.00036366909380282
0.000363985706882277
0.000362897201908124
0.000358413558382951
0.000351009186957034
0.000341286112208026
0.00032982924563115
0.000317180888464274
0.000304172732596249
0.000291815496275296
0.000280290148819377
0.000269652191353786
0.000259938825250236
0.000251004408800908
0.000242030439768018
0.0002327167083553
0.000223059432897899
0.000213059929267374
0.000202720191957798
0.000192650498135245
0.00018426588001472
0.000177898632580063
0.000173857340973221
0.000172766426116025
0.000175226152841927
0.000179604307824558
0.000181629302638412
0.000181903394863029
0.000181834547623728
0.000188353717822107
0.000188426653941412
0.000188162747583892
0.000186137243104367
0.000181741197338806
0.000179332291666183
0.000180567013514437
0.000184824786069258
0.000191463304641661
0.000200164208162918
0.000210585537740559
0.00022128083231497
0.000231626778136627
0.000241621649893056
0.00025126445494193
0.000260559435095032
0.000269813361458429
0.000279861522488538
0.000290851364481432
0.000302743322819216
0.000315478799254346
0.00032887060541392
0.000341884209050057
0.000353668376647515
0.000363667603436709
0.000371282871452831
0.000375897834251283
0.0003770268567259
0.000376707434178856
0.00037670743564442
0.000376707435644396
0.000376707435644418
0.000376707435644417
0.000376707435641719
0.000376707435648665
0.000376707435643308
0.000376707435643924
0.000376707435644423
0.000376707435644414
0.000376707435644412
0.000376707435644394
0.000376707435642154
0.000376707435647586
0.000376707435644568
0.000376707435643353
0.000376707435644419
0.000376707435644365
0.000376707435644419
0.000376707435644419
0.000376707435644419
0.000376707435642112
0.000376707435647671
0.000376707435644493
0.000376707435643359
0.000376707435644412
0.000376707435644372
0.000376707435644419
0.000376707435644419
0.0003767074356427
0.000376707435646109
0.000376707435646102
0.000376707435642724
0.000376707435644397
0.00037670743564442
0.000376707435644397
0.000376707435644412
0.000376707435643338
0.000376707435644536
0.000376707435647639
0.000376707435642106
0.000376707435644424
0.000376707435644397
0.000376707435644428
0.000376707435644425
0.000376707435644403
0.000376707435643354
0.000376707435644564
0.000376707435647613
0.000376707435642127
0.000376707435644429
0.000376707435644419
0.000376707435644391
0.000376707435644397
0.000376707435643949
0.000376707435643269
0.000376707435648691
0.000376707435641746
0.000376707435644399
0.000376707435644424
0.000376707435644422
0.000376707435644418
0.000376707434178866
0.000377026856725922
0.000375897834251289
0.000371282871452793
0.000363667603436713
0.000353668376647459
0.000341884209050061
0.000328870605413921
0.000315478799254273
0.000302743322819193
0.000290851364481391
0.000279861522488509
0.000269813361458422
0.000260559435095047
0.000251264454946559
0.000241621649891209
0.0002316267781337
0.000221280832311526
0.000210585537747151
0.000200164208159878
0.000191463304636749
0.000184824786076715
0.000180567013511604
0.00017933229166487
0.000181741197338312
0.000186137243107202
0.000188162747582772
0.000188426653941397
0.000188353717822112
0.000195101112856628
0.000195178404539273
0.000194926566253364
0.00019290602993662
0.0001885020691499
0.000186156360589355
0.00018754790504242
0.000192035194793513
0.00019895775855235
0.000207987215276998
0.000218771775335003
0.000229833920053006
0.000240537516882162
0.000250881145075727
0.000260864174778608
0.000270491348783019
0.000280075908902534
0.000290469560067808
0.000301821355853233
0.000314089207180462
0.000327211225843742
0.00034099380721079
0.000354378718343914
0.000366495283375966
0.000376774807400246
0.000384604195391307
0.000389352831257882
0.000390523903433882
0.00039020222422819
0.000390202225713028
0.000390202225713029
0.000390202225713053
0.000390202225713029
0.000390202225710307
0.000390202225717381
0.000390202225711916
0.000390202225712535
0.000390202225713028
0.000390202225713053
0.000390202225713028
0.000390202225713029
0.000390202225710729
0.000390202225716292
0.000390202225713201
0.000390202225711914
0.000390202225713055
0.000390202225713028
0.000390202225713031
0.000390202225713052
0.000390202225713027
0.00039020222571068
0.000390202225716368
0.000390202225713103
0.000390202225711965
0.000390202225713053
0.000390202225713032
0.000390202225713028
0.000390202225713051
0.000390202225711298
0.000390202225714761
0.000390202225714788
0.000390202225711295
0.000390202225713028
0.000390202225713056
0.000390202225713001
0.000390202225713054
0.000390202225711965
0.000390202225713129
0.000390202225716341
0.000390202225710705
0.000390202225713054
0.000390202225713005
0.000390202225713053
0.000390202225713029
0.000390202225713025
0.000390202225711942
0.000390202225713228
0.00039020222571627
0.000390202225710705
0.000390202225713052
0.000390202225713054
0.000390202225713004
0.000390202225713049
0.000390202225712559
0.000390202225711866
0.00039020222571738
0.000390202225710333
0.000390202225713034
0.000390202225713026
0.000390202225713054
0.000390202225713055
0.000390202224228156
0.000390523903433896
0.000389352831257848
0.000384604195391321
0.000376774807400279
0.000366495283375963
0.000354378718343857
0.000340993807210831
0.00032721122584374
0.00031408920718047
0.000301821355853229
0.00029046956006786
0.000280075908902543
0.000270491348783006
0.000260864174783335
0.000250881145073854
0.000240537516879174
0.000229833920049499
0.00021877177534166
0.000207987215273882
0.000198957758547408
0.000192035194801096
0.000187547905039397
0.000186156360587933
0.00018850206914935
0.000192906029939377
0.000194926566252073
0.000195178404539162
0.000195101112856639
0.000202084303064912
0.000202166235485234
0.000201928529015789
0.000199919049436994
0.000195518308003077
0.000193249410436906
0.000194811847937875
0.000199542549620112
0.00020676261221027
0.000216133390177553
0.000227293104179806
0.000238733676384827
0.00024980643305223
0.000260510296596584
0.000270845043019814
0.000280815960230571
0.000290742642119458
0.000301492753342652
0.000313216730561581
0.000325869787548976
0.000339386540318535
0.000353566765834109
0.000367328721468909
0.000379782452731166
0.000390346125548034
0.000398392639068453
0.000403277204726552
0.000404491918509536
0.000404168604627594
0.000404168606129882
0.000404168606129916
0.000404168606129897
0.00040416860612989
0.000404168606127119
0.000404168606134333
0.000404168606128736
0.000404168606129394
0.000404168606129891
0.000404168606129925
0.000404168606129862
0.000404168606129911
0.000404168606127533
0.000404168606133233
0.000404168606130073
0.000404168606128759
0.000404168606129887
0.000404168606129915
0.000404168606129891
0.000404168606129896
0.000404168606129891
0.000404168606127498
0.000404168606133267
0.000404168606129991
0.000404168606128785
0.000404168606129917
0.000404168606129898
0.000404168606129893
0.000404168606129905
0.000404168606128113
0.000404168606131659
0.000404168606131685
0.000404168606128094
0.000404168606129924
0.000404168606129922
0.000404168606129874
0.000404168606129914
0.000404168606128789
0.00040416860612999
0.000404168606133274
0.00040416860612753
0.000404168606129889
0.000404168606129896
0.000404168606129891
0.000404168606129889
0.000404168606129914
0.000404168606128757
0.000404168606130094
0.000404168606133196
0.000404168606127509
0.000404168606129912
0.000404168606129915
0.000404168606129855
0.000404168606129916
0.000404168606129409
0.000404168606128718
0.00040416860613436
0.000404168606127098
0.000404168606129911
0.000404168606129893
0.000404168606129883
0.000404168606129918
0.000404168604627579
0.000404491918509592
0.00040327720472652
0.000398392639068415
0.000390346125548034
0.000379782452731163
0.000367328721468863
0.000353566765834099
0.000339386540318521
0.000325869787548935
0.000313216730561587
0.000301492753342643
0.000290742642119447
0.000280815960230558
0.000270845043024617
0.000260510296594666
0.000249806433049173
0.000238733676381259
0.000227293104186718
0.000216133390174485
0.000206762612205283
0.000199542549627951
0.000194811847934929
0.00019324941043558
0.000195518308002604
0.00019991904943992
0.000201928529014716
0.000202166235485275
0.000202084303064924
0.000209311077153942
0.000209397955304897
0.000209176640985807
0.000207184970439164
0.000202799842960745
0.00020062271196575
0.000202371249551876
0.000207360176266451
0.000214891911601697
0.000224617301207678
0.000236164426246846
0.000247995288515355
0.000259449016605655
0.000270524918150145
0.000281223221877127
0.00029154980848817
0.000301830474438615
0.000312948291684649
0.000325054826451709
0.000338102410364252
0.000352021943929064
0.000366606378611408
0.000380750739119719
0.000393546027415752
0.000404397362951538
0.000412663756683783
0.000417686394554267
0.000418946404008542
0.000418622152790175
0.000418622154307824
0.000418622154307822
0.00041862215430776
0.000418622154307815
0.000418622154304971
0.000418622154312299
0.000418622154306618
0.000418622154307291
0.000418622154307816
0.000418622154307785
0.000418622154307797
0.000418622154307819
0.000418622154305364
0.000418622154311185
0.000418622154307967
0.000418622154306683
0.00041862215430778
0.000418622154307823
0.000418622154307813
0.000418622154307753
0.000418622154307815
0.000418622154305351
0.000418622154311249
0.000418622154307923
0.000418622154306674
0.000418622154307788
0.000418622154307777
0.000418622154307816
0.000418622154307824
0.000418622154305989
0.000418622154309602
0.000418622154309603
0.000418622154305978
0.000418622154307806
0.000418622154307805
0.000418622154307758
0.000418622154307812
0.000418622154306674
0.000418622154307932
0.000418622154311249
0.000418622154305369
0.000418622154307787
0.000418622154307778
0.000418622154307801
0.000418622154307818
0.000418622154307798
0.00041862215430668
0.000418622154307983
0.000418622154311188
0.000418622154305336
0.000418622154307822
0.000418622154307821
0.000418622154307795
0.000418622154307788
0.000418622154307274
0.00041862215430661
0.000418622154312329
0.000418622154304943
0.000418622154307813
0.000418622154307822
0.000418622154307778
0.00041862215430782
0.000418622152790171
0.000418946404008574
0.000417686394554285
0.000412663756683766
0.00040439736295152
0.000393546027415739
0.000380750739119711
0.000366606378611456
0.000352021943929112
0.000338102410364184
0.000325054826451634
0.000312948291684631
0.000301830474438612
0.000291549808488155
0.000281223221882031
0.000270524918148236
0.000259449016602591
0.000247995288511762
0.000236164426253889
0.000224617301204437
0.000214891911596529
0.000207360176274421
0.000202371249548779
0.0002006227119644
0.000202799842960275
0.000207184970442103
0.000209176640984629
0.000209397955304881
0.000209311077153949
0.000216789445798718
0.000216881595917485
0.000216679146900432
0.000214712758591265
0.000210357009657286
0.000208288054547641
0.000210239123830263
0.000215502071229122
0.000223360416844943
0.000233454254053023
0.000245401385375642
0.000257634685604726
0.000269481501680184
0.000280941572249404
0.000292015629740738
0.000302710199139297
0.000313357095959833
0.000324854141961201
0.00033735374742735
0.000350805163627783
0.00036513534094771
0.00038013019331027
0.000394661884854084
0.000407802687913521
0.00041894481437832
0.000427433556011513
0.000432596275329572
0.000433903299241689
0.00043357889006712
0.000433578891597638
0.000433578891597658
0.000433578891597634
0.000433578891597667
0.000433578891594772
0.000433578891602267
0.000433578891596455
0.000433578891597116
0.000433578891597666
0.000433578891597632
0.000433578891597659
0.00043357889159764
0.000433578891595186
0.000433578891601111
0.000433578891597834
0.000433578891596499
0.000433578891597625
0.000433578891597659
0.000433578891597638
0.000433578891597637
0.000433578891597667
0.000433578891595161
0.000433578891601166
0.00043357889159775
0.000433578891596535
0.000433578891597639
0.000433578891597638
0.000433578891597668
0.000433578891597669
0.000433578891595817
0.00043357889159948
0.000433578891599476
0.000433578891595815
0.000433578891597643
0.000433578891597666
0.000433578891597639
0.000433578891597665
0.000433578891596512
0.000433578891597768
0.000433578891601159
0.000433578891595161
0.000433578891597664
0.000433578891597639
0.000433578891597658
0.000433578891597633
0.000433578891597629
0.000433578891596501
0.000433578891597836
0.000433578891601112
0.000433578891595186
0.000433578891597641
0.000433578891597665
0.000433578891597656
0.000433578891597643
0.000433578891597116
0.000433578891596455
0.000433578891602268
0.00043357889159477
0.00043357889159767
0.000433578891597659
0.000433578891597619
0.000433578891597665
0.000433578890067062
0.00043390329924173
0.000432596275329581
0.00042743355601152
0.000418944814378321
0.000407802687913522
0.000394661884854022
0.000380130193310257
0.000365135340947755
0.000350805163627844
0.00033735374742735
0.000324854141961198
0.000313357095959886
0.000302710199139294
0.000292015629745741
0.000280941572247441
0.000269481501677029
0.000257634685600965
0.000245401385382712
0.00023345425404973
0.000223360416839549
0.000215502071237143
0.000210239123827133
0.000208288054546164
0.000210357009656704
0.000214712758594257
0.000216679146899303
0.000216881595917538
0.000216789445798724
0.000224527645048955
0.000224625416146099
0.000224444535896292
0.000222511685681036
0.000218200568389041
0.000216257773055859
0.000218429124880393
0.00022398293998012
0.000232183643241151
0.000242660333947571
0.000255020409070497
0.000267668579795542
0.000279920907039801
0.000291777610304404
0.00030323998112471
0.000314315244367245
0.000325341013735577
0.000337229088043756
0.000350132401281722
0.000363996911985569
0.000378745369860432
0.000394156434310797
0.000409079885890128
0.000422569668192915
0.000434005275569552
0.000442718506345018
0.000448023162489036
0.000449378987046891
0.000449055288557005
0.000449055290097746
0.000449055290097772
0.000449055290097773
0.000449055290097776
0.00044905529009485
0.000449055290102453
0.000449055290096518
0.000449055290097223
0.000449055290097766
0.000449055290097773
0.000449055290097773
0.000449055290097746
0.000449055290095289
0.000449055290101255
0.000449055290097939
0.000449055290096593
0.000449055290097776
0.000449055290097772
0.000449055290097745
0.000449055290097775
0.000449055290097773
0.00044905529009522
0.000449055290101313
0.00044905529009786
0.000449055290096631
0.00044905529009777
0.000449055290097747
0.000449055290097773
0.000449055290097774
0.000449055290095888
0.000449055290099661
0.00044905529009963
0.000449055290095916
0.000449055290097745
0.000449055290097774
0.000449055290097743
0.000449055290097803
0.000449055290096603
0.000449055290097859
0.000449055290101344
0.000449055290095233
0.000449055290097774
0.000449055290097774
0.000449055290097769
0.000449055290097748
0.000449055290097774
0.000449055290096592
0.000449055290097937
0.000449055290101259
0.00044905529009529
0.000449055290097738
0.000449055290097779
0.000449055290097776
0.000449055290097769
0.000449055290097234
0.000449055290096517
0.000449055290102447
0.000449055290094826
0.000449055290097772
0.000449055290097804
0.000449055290097763
0.00044905529009774
0.000449055288556975
0.000449378987046914
0.000448023162489029
0.000442718506345018
0.000434005275569551
0.000422569668192914
0.000409079885890071
0.000394156434310802
0.000378745369860434
0.000363996911985553
0.00035013240128171
0.00033722908804371
0.000325341013735606
0.000314315244367232
0.00030323998112983
0.000291777610302411
0.000279920907036626
0.000267668579791807
0.000255020409077666
0.000242660333944221
0.000232183643235809
0.000223982939988261
0.000218429124877244
0.000216257773054466
0.000218200568388451
0.000222511685684077
0.000224444535895085
0.000224625416146075
0.000224527645048956
0.000232534139503576
0.00023263790500535
0.000232481546163002
0.000230591339186833
0.000226341723105951
0.000224544776326136
0.000226955582615528
0.000232818237580631
0.000241377904940543
0.000252252450559162
0.000265038752919915
0.000278114509776381
0.00029078507898745
0.000303051215112733
0.00031491482898826
0.000326383905383771
0.000337801594300761
0.000350092772586801
0.000363410539642521
0.000377697333685803
0.000392871436107034
0.000408704029913332
0.000424023104597852
0.00043786477168777
0.000449596054433046
0.000458535546085568
0.000463983817970598
0.000465390299563762
0.000465068277459377
0.000465068279007309
0.000465068279007335
0.000465068279007335
0.000465068279007309
0.000465068279004382
0.00046506827901208
0.000465068279006062
0.00046506827900681
0.000465068279007314
0.000465068279007337
0.000465068279007307
0.000465068279007336
0.000465068279004789
0.00046506827901086
0.000465068279007522
0.000465068279006129
0.000465068279007336
0.000465068279007307
0.000465068279007336
0.000465068279007336
0.000465068279007305
0.00046506827900477
0.000465068279010925
0.000465068279007425
0.000465068279006153
0.000465068279007335
0.000465068279007309
0.000465068279007337
0.000465068279007335
0.000465068279005382
0.000465068279009262
0.000465068279009201
0.000465068279005441
0.000465068279007304
0.000465068279007341
0.000465068279007306
0.000465068279007335
0.00046506827900615
0.000465068279007426
0.000465068279010947
0.000465068279004761
0.000465068279007305
0.000465068279007339
0.00046506827900731
0.000465068279007334
0.000465068279007311
0.000465068279006153
0.000465068279007525
0.000465068279010856
0.000465068279004795
0.000465068279007305
0.000465068279007337
0.000465068279007339
0.000465068279007303
0.000465068279006805
0.00046506827900603
0.000465068279012084
0.000465068279004384
0.000465068279007306
0.000465068279007365
0.000465068279007314
0.000465068279007314
0.000465068277459415
0.000465390299563762
0.000463983817970596
0.00045853554608557
0.000449596054433028
0.000437864771687754
0.000424023104597836
0.000408704029913265
0.000392871436107021
0.000377697333685798
0.000363410539642515
0.000350092772586726
0.000337801594300744
0.000326383905383702
0.00031491482899338
0.000303051215110736
0.00029078507898418
0.000278114509772458
0.000265038752927262
0.00025225245055577
0.000241377904935149
0.000232818237588966
0.000226955582612214
0.000224544776324598
0.000226341723105354
0.000230591339189905
0.000232481546161766
0.000232637905005313
0.000232534139503587
0.000240817625227441
0.000240927784737371
0.000240799169446573
0.000238961632054824
0.000234792141355067
0.000233162577292281
0.000235833540613619
0.000242024211874546
0.00025096036140273
0.000262248385737647
0.000275474547815514
0.000288990887051914
0.000302092736907376
0.000314781445920495
0.000327059609589505
0.000338936037373389
0.000350759108700271
0.000363465741221336
0.00037720880016404
0.000391926959525868
0.000407533746457007
0.000423792640833662
0.000439510560703194
0.000453706387542609
0.000465734982112782
0.000474902089914296
0.000480495455291232
0.000481954523438122
0.000481635248903094
0.000481635250454759
0.000481635250454761
0.000481635250454788
0.000481635250454761
0.000481635250451781
0.000481635250459579
0.00048163525045353
0.000481635250454237
0.00048163525045476
0.000481635250454787
0.000481635250454759
0.000481635250454791
0.000481635250452211
0.000481635250458352
0.000481635250454974
0.000481635250453562
0.000481635250454789
0.00048163525045476
0.000481635250454789
0.00048163525045479
0.000481635250454759
0.00048163525045218
0.000481635250458444
0.00048163525045485
0.000481635250453594
0.000481635250454788
0.000481635250454759
0.000481635250454789
0.00048163525045479
0.000481635250452819
0.000481635250456722
0.000481635250456691
0.000481635250452856
0.000481635250454756
0.000481635250454761
0.00048163525045479
0.000481635250454784
0.000481635250453567
0.000481635250454911
0.000481635250458438
0.000481635250452184
0.000481635250454757
0.00048163525045479
0.000481635250454759
0.000481635250454787
0.000481635250454761
0.000481635250453564
0.000481635250454973
0.00048163525045838
0.000481635250452213
0.000481635250454755
0.000481635250454789
0.000481635250454792
0.000481635250454757
0.000481635250454236
0.000481635250453472
0.000481635250459609
0.000481635250451782
0.000481635250454756
0.000481635250454788
0.000481635250454761
0.000481635250454787
0.000481635248903058
0.00048195452343813
0.000480495455291245
0.000474902089914342
0.000465734982112772
0.00045370638754261
0.000439510560703244
0.000423792640833644
0.000407533746457012
0.00039192695952586
0.000377208800164033
0.000363465741221393
0.000350759108700278
0.000338936037373392
0.000327059609594744
0.000314781445918434
0.000302092736904096
0.000288990887047942
0.000275474547822936
0.00026224838573428
0.000250960361397191
0.000242024211882892
0.00023583354061041
0.000233162577290841
0.000234792141354489
0.00023896163205796
0.000240799169445299
0.000240927784737345
0.000240817625227451
0.000249387032362537
0.000249504013553068
0.000249406655372512
0.000247632812700541
0.000243563975229311
0.000242125324904701
0.000245078796340612
0.000251617949436968
0.000260949066840336
0.000272666844321157
0.000286346850159395
0.000300317045099677
0.000313863521611102
0.00032698828622359
0.000339694690037422
0.000351992437116614
0.000364234780176885
0.000377369489317409
0.000391548751106098
0.000406707213907961
0.000422753345112852
0.000439442689944615
0.00045556195422685
0.000470113507109121
0.000482440423889706
0.000491836035479352
0.000497575743968504
0.000499089404377743
0.000498774063173359
0.000498774064725017
0.000498774064724955
0.000498774064724985
0.000498774064724989
0.000498774064721962
0.000498774064729855
0.000498774064723712
0.000498774064724446
0.000498774064724985
0.000498774064724989
0.000498774064724984
0.000498774064725018
0.000498774064722377
0.000498774064728614
0.000498774064725177
0.000498774064723778
0.000498774064724986
0.000498774064725016
0.000498774064724984
0.00049877406472499
0.000498774064724985
0.000498774064722377
0.000498774064728678
0.000498774064725079
0.000498774064723811
0.000498774064724985
0.000498774064724986
0.000498774064724986
0.000498774064724985
0.000498774064723052
0.000498774064726959
0.00049877406472693
0.000498774064723042
0.000498774064724989
0.000498774064724958
0.000498774064724984
0.000498774064725048
0.000498774064723746
0.000498774064725111
0.000498774064728709
0.000498774064722377
0.000498774064724988
0.000498774064724988
0.000498774064724984
0.000498774064724984
0.000498774064724984
0.000498774064723746
0.00049877406472518
0.000498774064728646
0.000498774064722411
0.000498774064724983
0.000498774064724983
0.00049877406472502
0.000498774064724986
0.000498774064724416
0.000498774064723709
0.000498774064729896
0.000498774064721896
0.000498774064724984
0.000498774064725018
0.000498774064724984
0.000498774064724988
0.000498774063173358
0.000499089404377732
0.000497575743968483
0.000491836035479369
0.000482440423889637
0.000470113507109113
0.000455561954226835
0.000439442689944596
0.000422753345112895
0.000406707213908002
0.000391548751106024
0.000377369489317374
0.000364234780176872
0.00035199243711655
0.000339694690042739
0.000326988286221603
0.000313863521607877
0.000300317045095762
0.000286346850166998
0.000272666844317656
0.000260949066834633
0.000251617949445495
0.000245078796337376
0.00024212532490316
0.00024356397522865
0.000247632812703737
0.000249406655371219
0.000249504013553067
0.000249387032362536
0.000258251527401458
0.000258375788044307
0.000258313515557518
0.00025661547523353
0.00025266988338058
0.000251447837949684
0.000254707943898329
0.000261617424469528
0.000271363022853936
0.000283527508209966
0.000297675695265726
0.000312113291611471
0.00032611804667633
0.000339692694491296
0.000352841418718813
0.000365574893467273
0.000378250834691321
0.000391826511479987
0.00040645293845052
0.000422060458131399
0.000438552151639691
0.000455675393324087
0.000472197689177409
0.000487105740676524
0.000499731289865212
0.000509355769525347
0.00051524281320023
0.000516813150972536
0.000516503053255778
0.000516503054803148
0.000516503054803115
0.000516503054803113
0.000516503054803114
0.000516503054800046
0.000516503054808061
0.000516503054801795
0.000516503054802588
0.000516503054803113
0.000516503054803115
0.000516503054803115
0.000516503054803177
0.000516503054800443
0.000516503054806842
0.000516503054803279
0.000516503054801896
0.000516503054803114
0.000516503054803146
0.000516503054803114
0.000516503054803117
0.000516503054803112
0.000516503054800509
0.000516503054806842
0.000516503054803212
0.000516503054801927
0.000516503054803114
0.000516503054803116
0.000516503054803112
0.000516503054803151
0.000516503054801134
0.000516503054805127
0.000516503054805057
0.00051650305480117
0.000516503054803113
0.000516503054803114
0.000516503054803116
0.000516503054803147
0.000516503054801895
0.000516503054803242
0.000516503054806878
0.000516503054800475
0.000516503054803114
0.000516503054803116
0.000516503054803144
0.000516503054803116
0.000516503054803114
0.00051650305480186
0.000516503054803318
0.000516503054806806
0.000516503054800509
0.000516503054803113
0.000516503054803114
0.000516503054803147
0.000516503054803114
0.000516503054802556
0.000516503054801832
0.00051650305480809
0.000516503054799977
0.000516503054803118
0.000516503054803185
0.000516503054803108
0.000516503054803114
0.00051650305325578
0.000516813150972552
0.000515242813200248
0.000509355769525366
0.000499731289865196
0.000487105740676521
0.000472197689177402
0.000455675393324031
0.000438552151639644
0.000422060458131395
0.000406452938450517
0.00039182651148004
0.000378250834691374
0.000365574893467322
0.000352841418724165
0.000339692694489124
0.000326118046672898
0.000312113291607375
0.000297675695273267
0.000283527508206536
0.00027136302284841
0.000261617424478237
0.000254707943894865
0.000251447837948035
0.000252669883379961
0.000256615475236726
0.000258313515556219
0.000258375788044302
0.000258251527401459
0.000267420515071945
0.000267552545217055
0.000267529527472959
0.000265920569902643
0.00026212305415678
0.000261145640891714
0.00026473841946589
0.000272041550840072
0.000282222234476436
0.000294851093934272
0.000309482154172184
0.000324400964024227
0.000338877952976855
0.000352916658005687
0.000366522178791086
0.000379706240872251
0.000392830554460567
0.000406860353956141
0.000421944935715389
0.000438010036058528
0.000454953000824925
0.000472512792673791
0.000489438898021895
0.000504703334417525
0.000517627045373262
0.000527480173384803
0.000533515254707169
0.000535144437685065
0.000534841028605596
0.000534841030143843
0.000534841030143878
0.00053484103014385
0.000534841030143879
0.00053484103014073
0.000534841030148867
0.000534841030142508
0.000534841030143331
0.000534841030143874
0.000534841030143847
0.000534841030143879
0.000534841030143874
0.000534841030141175
0.000534841030147639
0.000534841030144012
0.00053484103014261
0.000534841030143876
0.000534841030143878
0.000534841030143848
0.000534841030143883
0.000534841030143852
0.000534841030141215
0.000534841030147633
0.000534841030143955
0.000534841030142649
0.00053484103014388
0.000534841030143843
0.000534841030143875
0.00053484103014392
0.000534841030141834
0.000534841030145859
0.000534841030145855
0.000534841030141895
0.000534841030143843
0.000534841030143875
0.000534841030143845
0.000534841030143873
0.000534841030142644
0.000534841030143979
0.000534841030147636
0.000534841030141182
0.000534841030143883
0.000534841030143846
0.000534841030143908
0.000534841030143841
0.000534841030143877
0.000534841030142575
0.000534841030144083
0.000534841030147568
0.000534841030141216
0.000534841030143885
0.00053484103014385
0.000534841030143884
0.000534841030143843
0.000534841030143327
0.000534841030142514
0.00053484103014891
0.000534841030140691
0.000534841030143882
0.000534841030143907
0.000534841030143852
0.00053484103014388
0.000534841028605522
0.000535144437685075
0.00053351525470717
0.000527480173384812
0.000517627045373256
0.000504703334417521
0.000489438898021893
0.00047251279267377
0.000454953000824898
0.000438010036058571
0.000421944935715373
0.00040686035395613
0.000392830554460495
0.00037970624087215
0.000366522178796555
0.000352916658003675
0.00033887795297352
0.000324400964020214
0.00030948215417986
0.000294851093930764
0.00028222223447071
0.000272041550848782
0.000264738419462491
0.000261145640890216
0.000262123054156116
0.000265920569905816
0.00026752952747171
0.000267552545217106
0.000267420515071956
0.000276903639784283
0.00027704396409999
0.000277064738023005
0.000275559413758668
0.000271937229928016
0.000271235001872343
0.000275188549620434
0.000282910237487214
0.000293547769861917
0.000306659413953591
0.000321788394096079
0.000337202488567943
0.000352165966621939
0.00036668325002636
0.000380760444943665
0.000394410416132263
0.000407998334709948
0.000422495670139877
0.000438049396638503
0.000454580322300517
0.000471979684580327
0.000489977789177117
0.000507307466953503
0.00052292718752737
0.000536147721061506
0.000546228627743556
0.000552412124635152
0.000554102406908692
0.000553807278044576
0.000553807279568561
0.000553807279568629
0.000553807279568554
0.000553807279568592
0.000553807279565442
0.00055380727957363
0.00055380727956725
0.000553807279568065
0.000553807279568595
0.000553807279568594
0.000553807279568595
0.000553807279568593
0.000553807279565905
0.000553807279572354
0.000553807279568774
0.000553807279567321
0.000553807279568595
0.000553807279568633
0.000553807279568555
0.000553807279568625
0.000553807279568554
0.000553807279565896
0.000553807279572388
0.000553807279568697
0.000553807279567344
0.000553807279568634
0.000553807279568564
0.000553807279568594
0.000553807279568623
0.000553807279566536
0.000553807279570584
0.000553807279570645
0.000553807279566581
0.000553807279568596
0.000553807279568596
0.000553807279568567
0.000553807279568624
0.000553807279567358
0.000553807279568702
0.000553807279572392
0.000553807279565904
0.000553807279568625
0.000553807279568555
0.000553807279568592
0.000553807279568596
0.000553807279568596
0.000553807279567322
0.000553807279568811
0.000553807279572318
0.000553807279565931
0.000553807279568592
0.000553807279568551
0.00055380727956862
0.000553807279568558
0.000553807279568067
0.000553807279567245
0.000553807279573626
0.000553807279565443
0.000553807279568598
0.000553807279568587
0.000553807279568595
0.0005538072795686
0.00055380727804453
0.000554102406908691
0.000552412124635142
0.000546228627743553
0.00053614772106149
0.000522927187527362
0.000507307466953498
0.000489977789177108
0.000471979684580258
0.000454580322300443
0.000438049396638429
0.000422495670139857
0.000407998334709987
0.000394410416132242
0.000380760444949118
0.000366683250024157
0.000352165966618437
0.000337202488563835
0.000321788394103768
0.000306659413950084
0.000293547769856104
0.000282910237496003
0.000275188549617111
0.00027123500187081
0.000271937229927382
0.000275559413761965
0.000277064738021686
0.000277043964099967
0.000276903639784285
0.000286710786591086
0.000286859966875023
0.000286929466793323
0.00028554370152958
0.000282126732671559
0.000281732973007755
0.000286077602731074
0.000294244447419172
0.000305361823872003
0.000318975441949034
0.000334617742784956
0.000350541443065024
0.000366005960530792
0.000381016690501329
0.000395580843645126
0.000409712518620168
0.000423779743853147
0.000438758279378076
0.000454792110912681
0.000471796773076799
0.000489656996003039
0.000508094178865668
0.000525826061979374
0.000541798869531808
0.000555313922576331
0.000565621016584514
0.000571952944405308
0.000573706669981135
0.000573421571678056
0.000573421573182059
0.000573421573182099
0.000573421573182061
0.000573421573182024
0.000573421573178939
0.000573421573187094
0.000573421573180737
0.000573421573181549
0.000573421573182023
0.0005734215731821
0.000573421573182059
0.000573421573182097
0.000573421573179343
0.000573421573185844
0.000573421573182246
0.000573421573180813
0.00057342157318206
0.00057342157318206
0.000573421573182061
0.0005734215731821
0.000573421573182059
0.000573421573179342
0.000573421573185881
0.00057342157318221
0.000573421573180813
0.000573421573182058
0.000573421573182063
0.000573421573182063
0.000573421573182093
0.000573421573180009
0.000573421573184082
0.000573421573184112
0.000573421573180039
0.000573421573182102
0.000573421573182021
0.000573421573182063
0.000573421573182098
0.000573421573180809
0.000573421573182213
0.000573421573185879
0.00057342157317934
0.0005734215731821
0.000573421573182059
0.00057342157318202
0.0005734215731821
0.000573421573182061
0.000573421573180812
0.00057342157318225
0.000573421573185838
0.000573421573179389
0.000573421573182057
0.000573421573182059
0.000573421573182095
0.000573421573182063
0.00057342157318151
0.000573421573180738
0.000573421573187097
0.000573421573178938
0.000573421573182024
0.000573421573182059
0.000573421573182098
0.000573421573182059
0.000573421571678053
0.000573706669981143
0.000571952944405307
0.000565621016584518
0.000555313922576336
0.000541798869531805
0.000525826061979368
0.000508094178865652
0.000489656996003072
0.00047179677307684
0.000454792110912731
0.000438758279378071
0.000423779743853141
0.000409712518620166
0.000395580843650691
0.000381016690499251
0.000366005960527343
0.000350541443060792
0.000334617742792679
0.000318975441945456
0.000305361823866208
0.000294244447427998
0.000286077602727602
0.000281732973006107
0.00028212673267086
0.000285543701532869
0.000286929466791987
0.000286859966875014
0.000286710786591081
0.000296852081596269
0.000297010719472319
0.000297134308925168
0.000295885516702379
0.000292706490888161
0.00029265743313513
0.000297425843634351
0.000306066260555593
0.000317687785830868
0.000331823382382365
0.000347994757029603
0.000364442623742071
0.000380423019892749
0.00039594241056465
0.000411009217109516
0.000425638874184285
0.000440201587323416
0.000455675229291819
0.000472200063169638
0.000489685979916439
0.000508010775722829
0.000526886689571799
0.000545018155850527
0.000561340637735411
0.00057514683978059
0.000585677730205558
0.000592157700389086
0.000593977307032139
0.000593704161715033
0.000593704163192604
0.000593704163192643
0.000593704163192605
0.000593704163192603
0.000593704163189442
0.000593704163197672
0.000593704163191271
0.000593704163192073
0.000593704163192564
0.000593704163192644
0.000593704163192603
0.000593704163192643
0.000593704163189861
0.000593704163196451
0.000593704163192761
0.000593704163191345
0.000593704163192643
0.000593704163192567
0.000593704163192641
0.000593704163192605
0.000593704163192605
0.0005937041631899
0.00059370416319645
0.000593704163192757
0.000593704163191347
0.000593704163192569
0.000593704163192643
0.000593704163192603
0.000593704163192605
0.000593704163190585
0.000593704163194629
0.000593704163194653
0.000593704163190589
0.000593704163192643
0.000593704163192572
0.000593704163192605
0.000593704163192641
0.000593704163191346
0.000593704163192756
0.000593704163196453
0.00059370416318986
0.00059370416319264
0.000593704163192609
0.000593704163192596
0.000593704163192609
0.000593704163192608
0.000593704163191344
0.000593704163192797
0.000593704163196451
0.000593704163189862
0.000593704163192608
0.000593704163192639
0.000593704163192603
0.000593704163192645
0.000593704163192032
0.000593704163191271
0.000593704163197676
0.000593704163189441
0.000593704163192602
0.000593704163192607
0.000593704163192638
0.000593704163192605
0.000593704161715035
0.000593977307032147
0.000592157700389074
0.000585677730205554
0.000575146839780564
0.000561340637735433
0.000545018155850559
0.000526886689571779
0.000508010775722833
0.000489685979916444
0.00047220006316965
0.000455675229291814
0.000440201587323422
0.00042563887418421
0.000411009217114988
0.000395942410562568
0.000380423019889378
0.00036444262373801
0.000347994757037494
0.000331823382378832
0.000317687785824989
0.000306066260564497
0.000297425843630999
0.000292657433133559
0.0002927064908875
0.000295885516705696
0.000297134308923924
0.000297010719472294
0.000296852081596263
0.000307337891754007
0.000307506631566643
0.00030769013756436
0.000306597342806712
0.000303692067929195
0.000304027133174285
0.000309254591822159
0.000318398940680421
0.000330550311737009
0.000345228744619862
0.000361945295626434
0.000378932116325196
0.000395443511773321
0.000411487121073185
0.000427072691229686
0.000442217102983333
0.000457291975299411
0.000473274861842791
0.000490301495419281
0.000508275726375562
0.000527067960667805
0.000546381019545954
0.000564908055856323
0.000581575454779012
0.000595668255424694
0.000606419667197181
0.000613046842275612
0.000614934865532549
0.000614675782063775
0.000614675783507819
0.000614675783507822
0.000614675783507819
0.000614675783507856
0.000614675783504665
0.000614675783512918
0.000614675783506475
0.000614675783507268
0.000614675783507774
0.00061467578350786
0.00061467578350783
0.000614675783507864
0.000614675783505097
0.00061467578351165
0.000614675783508016
0.000614675783506557
0.000614675783507823
0.000614675783507827
0.00061467578350786
0.000614675783507817
0.000614675783507815
0.000614675783505131
0.000614675783511688
0.000614675783507935
0.000614675783506552
0.000614675783507821
0.000614675783507863
0.000614675783507815
0.000614675783507777
0.000614675783505842
0.00061467578350983
0.000614675783509873
0.0006146757835058
0.000614675783507858
0.000614675783507821
0.000614675783507773
0.000614675783507857
0.000614675783506597
0.000614675783507933
0.000614675783511682
0.0006146757835051
0.000614675783507858
0.000614675783507782
0.000614675783507849
0.000614675783507828
0.000614675783507829
0.000614675783506551
0.000614675783508026
0.000614675783511693
0.000614675783505097
0.000614675783507815
0.000614675783507819
0.000614675783507812
0.00061467578350786
0.000614675783507263
0.000614675783506476
0.00061467578351292
0.000614675783504626
0.000614675783507858
0.00061467578350781
0.000614675783507871
0.00061467578350782
0.000614675782063781
0.000614934865532553
0.000613046842275585
0.000606419667197227
0.000595668255424596
0.000581575454778996
0.000564908055856324
0.000546381019545936
0.000527067960667779
0.000508275726375544
0.000490301495419202
0.000473274861842778
0.000457291975299471
0.000442217102983398
0.000427072691235319
0.000411487121071115
0.000395443511769881
0.00037893211632102
0.000361945295634186
0.00034522874461625
0.000330550311731089
0.000318398940689183
0.000309254591818715
0.000304027133172645
0.000303692067928507
0.000306597342810029
0.000307690137563088
0.000307506631566712
0.000307337891753996
0.000318178823983865
0.000318358355906636
0.000318608105828292
0.000317692074889978
0.000315099691816399
0.000315861744272481
0.000321586283374127
0.000331267006787913
0.000343975401243325
0.000359218421937112
0.000376496597097524
0.000394037371714203
0.000411095159151005
0.000427678885458827
0.000443799747746107
0.000459476191515545
0.000475080394584593
0.00049158688339388
0.000509125973170236
0.000527595047962609
0.0005468566353928
0.000566603877822815
0.000585520932505236
0.000602527006269995
0.000616900553185909
0.000627868235256966
0.000634641279986559
0.000636600357400529
0.000636357646565045
0.000636357647967879
0.000636357647967843
0.000636357647967887
0.000636357647967839
0.000636357647964719
0.000636357647972947
0.000636357647966492
0.000636357647967312
0.000636357647967843
0.000636357647967882
0.000636357647967877
0.000636357647967831
0.000636357647965168
0.000636357647971645
0.000636357647968082
0.000636357647966569
0.000636357647967831
0.000636357647967874
0.000636357647967841
0.00063635764796788
0.000636357647967882
0.000636357647965137
0.000636357647971726
0.000636357647967972
0.000636357647966611
0.000636357647967833
0.000636357647967886
0.000636357647967884
0.000636357647967838
0.00063635764796584
0.000636357647969888
0.000636357647969881
0.000636357647965831
0.000636357647967882
0.000636357647967894
0.000636357647967838
0.000636357647967881
0.000636357647966609
0.000636357647967958
0.000636357647971728
0.000636357647965173
0.000636357647967844
0.00063635764796785
0.000636357647967883
0.000636357647967876
0.000636357647967827
0.000636357647966609
0.000636357647968044
0.000636357647971671
0.000636357647965141
0.000636357647967888
0.000636357647967835
0.000636357647967882
0.000636357647967837
0.000636357647967313
0.000636357647966534
0.00063635764797291
0.000636357647964679
0.000636357647967889
0.000636357647967879
0.000636357647967838
0.000636357647967868
0.000636357646565087
0.000636600357400532
0.000634641279986521
0.00062786823525695
0.000616900553185881
0.000602527006269997
0.000585520932505162
0.000566603877822789
0.000546856635392742
0.000527595047962504
0.000509125973170168
0.000491586883393877
0.000475080394584517
0.000459476191515474
0.000443799747751731
0.000427678885456833
0.000411095159147418
0.000394037371709942
0.000376496597105337
0.000359218421933532
0.000343975401237457
0.000331267006796825
0.00032158628337064
0.000315861744270733
0.000315099691815643
0.000317692074893232
0.000318608105826935
0.000318358355906613
0.000318178823983878
0.000329385723532744
0.000329576786904661
0.000329899648233602
0.000329183031176554
0.000326946286644035
0.000328181908923602
0.000334444536900751
0.000344696309132244
0.000357990479739223
0.000373820775746909
0.000391677362497359
0.000409787286550284
0.000427407119685846
0.000444547197185942
0.000461220300933466
0.000477446569121778
0.000493597784915035
0.000510642439023754
0.00052870445546806
0.000547674295470443
0.0005674060861206
0.000587583026425716
0.000606882849116134
0.000624219718446888
0.000638866724981488
0.000650045350704398
0.000656962378981946
0.000658995254508714
0.000658771445712468
0.000658771447065504
0.000658771447065491
0.000658771447065494
0.000658771447065458
0.000658771447062362
0.00065877144707059
0.000658771447064101
0.000658771447064945
0.000658771447065498
0.000658771447065494
0.000658771447065492
0.000658771447065459
0.000658771447062833
0.000658771447069278
0.00065877144706567
0.000658771447064228
0.000658771447065499
0.000658771447065501
0.000658771447065453
0.000658771447065541
0.000658771447065501
0.000658771447062739
0.000658771447069364
0.000658771447065573
0.000658771447064273
0.000658771447065456
0.000658771447065489
0.000658771447065551
0.0006587714470655
0.000658771447063417
0.000658771447067538
0.000658771447067534
0.000658771447063418
0.000658771447065507
0.000658771447065534
0.000658771447065496
0.000658771447065504
0.00065877144706423
0.000658771447065579
0.000658771447069362
0.00065877144706283
0.000658771447065452
0.000658771447065491
0.000658771447065501
0.000658771447065502
0.000658771447065459
0.000658771447064267
0.000658771447065657
0.000658771447069282
0.000658771447062785
0.000658771447065489
0.000658771447065501
0.000658771447065507
0.00065877144706545
0.000658771447064947
0.000658771447064182
0.000658771447070509
0.000658771447062353
0.000658771447065491
0.000658771447065499
0.000658771447065462
0.000658771447065546
0.000658771445712472
0.000658995254508764
0.000656962378981906
0.00065004535070436
0.000638866724981473
0.000624219718446797
0.000606882849116066
0.000587583026425722
0.000567406086120669
0.000547674295470567
0.000528704455468064
0.00051064243902363
0.000493597784914984
0.00047744656912179
0.000461220300938963
0.000444547197183915
0.000427407119682412
0.000409787286546113
0.000391677362505201
0.000373820775743412
0.000357990479733392
0.000344696309141094
0.000334444536897494
0.000328181908921977
0.000326946286643272
0.000329183031179787
0.00032989964823224
0.000329576786904647
0.000329385723532749
0.000340969671494934
0.000341173058403905
0.000341576481516105
0.000341083964898488
0.000339249505658022
0.00034100929525862
0.000347854223768822
0.000358714110304054
0.000372624485890987
0.000389065725413679
0.000407517843660713
0.000426212289016024
0.00044441006954502
0.000462123062129035
0.00047936577911391
0.000496160189266516
0.000512876619995372
0.000530474191380488
0.000549069369108331
0.000568545201933704
0.000588746857658703
0.000609347324503485
0.00062902079234141
0.000646678775831848
0.000661590377452629
0.000672973436551442
0.00068003195378535
0.000682141482422008
0.000681939341695947
0.000681939342989839
0.000681939342989834
0.000681939342989836
0.000681939342989834
0.000681939342986712
0.000681939342994894
0.00068193934298847
0.000681939342989311
0.000681939342989788
0.000681939342989836
0.000681939342989836
0.000681939342989836
0.000681939342987152
0.000681939342993618
0.000681939342990013
0.000681939342988605
0.000681939342989833
0.000681939342989839
0.000681939342989789
0.000681939342989882
0.000681939342989832
0.000681939342987108
0.000681939342993663
0.000681939342989924
0.000681939342988645
0.000681939342989793
0.000681939342989835
0.000681939342989877
0.00068193934298984
0.000681939342987813
0.00068193934299186
0.000681939342991855
0.000681939342987816
0.000681939342989832
0.000681939342989838
0.000681939342989835
0.000681939342989835
0.000681939342988646
0.000681939342989924
0.000681939342993662
0.000681939342987156
0.000681939342989832
0.000681939342989838
0.00068193934298979
0.000681939342989879
0.00068193934298979
0.000681939342988611
0.000681939342990007
0.000681939342993617
0.00068193934298715
0.000681939342989843
0.000681939342989835
0.000681939342989838
0.000681939342989825
0.000681939342989272
0.000681939342988514
0.000681939342994848
0.000681939342986714
0.000681939342989835
0.000681939342989834
0.000681939342989842
0.000681939342989877
0.000681939341695901
0.000682141482422098
0.000680031953785387
0.000672973436551448
0.000661590377452653
0.000646678775831926
0.000629020792341528
0.000609347324503525
0.000588746857658675
0.000568545201933564
0.000549069369108268
0.000530474191380604
0.000512876619995483
0.000496160189266502
0.000479365779119356
0.000462123062127089
0.000444410069541637
0.000426212289011836
0.000407517843668458
0.000389065725410147
0.00037262448588506
0.000358714110312712
0.000347854223765418
0.000341009295256986
0.000339249505657294
0.000341083964901754
0.000341576481514843
0.000341173058403897
0.000340969671494938
0.000352941981407757
0.000353158540537502
0.000353650604773341
0.000353409076285961
0.000352027766111642
0.000354366654719584
0.000361841542905872
0.000373349171688302
0.000387907965022801
0.000404984844046262
0.000424049937269283
0.000443344430227062
0.000462136292632059
0.000480439086206136
0.000498269211321998
0.000515650615914775
0.00053295099357644
0.000551116404375087
0.000570254687295207
0.000590240953436834
0.00061091081336259
0.000631926774498931
0.000651962703645549
0.000669930138824191
0.000685095737507768
0.000696675418967874
0.000703872259544357
0.000706061412182192
0.000705883961591238
0.000705883962815671
0.000705883962815672
0.000705883962815671
0.000705883962815671
0.000705883962812573
0.000705883962820643
0.000705883962814348
0.000705883962815127
0.000705883962815625
0.000705883962815675
0.000705883962815671
0.000705883962815671
0.000705883962813028
0.000705883962819364
0.000705883962815855
0.000705883962814442
0.000705883962815671
0.000705883962815674
0.000705883962815621
0.000705883962815676
0.000705883962815669
0.000705883962812983
0.000705883962819409
0.000705883962815763
0.000705883962814487
0.000705883962815622
0.000705883962815671
0.000705883962815671
0.000705883962815674
0.000705883962813713
0.000705883962817637
0.000705883962817627
0.000705883962813716
0.000705883962815671
0.000705883962815622
0.000705883962815628
0.000705883962815717
0.000705883962814438
0.000705883962815812
0.000705883962819409
0.000705883962812982
0.000705883962815676
0.000705883962815668
0.000705883962815629
0.000705883962815714
0.000705883962815628
0.000705883962814437
0.000705883962815856
0.00070588396281937
0.000705883962813019
0.000705883962815674
0.000705883962815672
0.000705883962815676
0.000705883962815671
0.00070588396281507
0.000705883962814365
0.000705883962820632
0.000705883962812525
0.000705883962815714
0.000705883962815682
0.000705883962815622
0.000705883962815674
0.000705883961591278
0.00070606141218212
0.000703872259544201
0.000696675418967802
0.000685095737507711
0.000669930138824176
0.000651962703645503
0.000631926774498877
0.000610910813362589
0.000590240953436919
0.000570254687295126
0.000551116404375022
0.000532950993576451
0.000515650615914784
0.00049826921132744
0.00048043908620418
0.000462136292628683
0.00044334443022287
0.000424049937276871
0.000404984844042822
0.000387907965017051
0.000373349171697014
0.000361841542902491
0.00035436665471793
0.000352027766110923
0.0003534090762892
0.000353650604772161
0.00035315854053757
0.000352941981407764
0.000365314194823293
0.000365544835583979
0.000366134298852116
0.000366173024703354
0.000365300286006591
0.000368277883347012
0.000376434100504255
0.000388631845680601
0.000403873168751087
0.000421611460689572
0.00044130728514461
0.000461217481604982
0.000480619775590573
0.000499529568625886
0.000517965319472165
0.000535953115354248
0.000553856710916476
0.000572605032035321
0.000592296013039944
0.000612796264024688
0.000633931198329947
0.000655352570454782
0.000675737511761765
0.000694000561176721
0.000709407656801875
0.000721174721967791
0.00072850598142371
0.000730777849937367
0.000730628388502552
0.000730628389646298
0.000730628389646294
0.000730628389646253
0.000730628389646295
0.000730628389643225
0.000730628389651167
0.000730628389645023
0.000730628389645727
0.000730628389646252
0.000730628389646295
0.000730628389646298
0.000730628389646246
0.000730628389643701
0.000730628389649885
0.000730628389646491
0.000730628389645067
0.000730628389646298
0.000730628389646252
0.000730628389646295
0.000730628389646295
0.000730628389646249
0.000730628389643654
0.000730628389649987
0.000730628389646346
0.000730628389645112
0.00073062838964625
0.000730628389646298
0.000730628389646298
0.000730628389646248
0.000730628389644364
0.000730628389648239
0.00073062838964823
0.000730628389644316
0.000730628389646292
0.000730628389646253
0.000730628389646245
0.000730628389646343
0.000730628389645023
0.000730628389646441
0.000730628389649986
0.000730628389643656
0.000730628389646242
0.000730628389646304
0.000730628389646245
0.000730628389646298
0.000730628389646292
0.000730628389645076
0.000730628389646437
0.000730628389649941
0.000730628389643653
0.000730628389646287
0.000730628389646305
0.000730628389646247
0.000730628389646298
0.000730628389645727
0.000730628389644976
0.000730628389651209
0.000730628389643184
0.000730628389646292
0.000730628389646301
0.00073062838964625
0.000730628389646247
0.000730628388502648
0.000730777849937366
0.000728505981423795
0.000721174721967872
0.000709407656801871
0.000694000561176655
0.000675737511761665
0.00065535257045476
0.00063393119832997
0.000612796264024685
0.000592296013039922
0.000572605032035315
0.000553856710916473
0.000535953115354229
0.000517965319477604
0.000499529568623878
0.000480619775587333
0.000461217481600915
0.000441307285152053
0.000421611460686053
0.000403873168745324
0.000388631845689206
0.000376434100500999
0.000368277883345351
0.000365300286005922
0.000366173024706572
0.000366134298850864
0.000365544835584043
0.000365314194823305
0.000378098075750015
0.000378343772714859
0.000379040124895139
0.000379390940911976
0.000379087122832262
0.000382768086923731
0.000391660994961035
0.000404594174063913
0.000420554161309612
0.000438980769362708
0.000459325381201372
0.000479867038647072
0.000499896308984209
0.000519430601135659
0.000538490616404455
0.000557104753828529
0.000575631385988805
0.000594977812870048
0.000615230667609488
0.000636247454971462
0.000657842706021171
0.000679657148568196
0.000700375166149578
0.000718917607297059
0.000734551615019589
0.000746495260131817
0.000753956221616903
0.000756314024202677
0.000756196150449613
0.00075619615150037
0.000756196151500372
0.00075619615150027
0.000756196151500371
0.000756196151497334
0.000756196151505125
0.000756196151499096
0.000756196151499833
0.000756196151500272
0.000756196151500371
0.000756196151500371
0.00075619615150027
0.000756196151497825
0.000756196151503898
0.000756196151500521
0.000756196151499142
0.000756196151500373
0.000756196151500271
0.000756196151500373
0.000756196151500368
0.000756196151500273
0.000756196151497771
0.000756196151503995
0.000756196151500421
0.000756196151499194
0.000756196151500274
0.00075619615150037
0.000756196151500371
0.000756196151500271
0.000756196151498464
0.000756196151502281
0.000756196151502233
0.000756196151498411
0.00075619615150037
0.000756196151500274
0.000756196151500363
0.000756196151500377
0.000756196151499092
0.000756196151500467
0.000756196151504001
0.00075619615149777
0.000756196151500319
0.000756196151500326
0.000756196151500317
0.000756196151500376
0.00075619615150032
0.000756196151499141
0.00075619615150052
0.000756196151503943
0.000756196151497733
0.00075619615150037
0.000756196151500367
0.000756196151500274
0.00075619615150037
0.000756196151499783
0.000756196151499044
0.000756196151505222
0.000756196151497279
0.000756196151500329
0.00075619615150037
0.000756196151500323
0.000756196151500323
0.000756196150449705
0.000756314024202677
0.000753956221616831
0.000746495260131665
0.000734551615019513
0.000718917607297035
0.000700375166149474
0.000679657148568118
0.000657842706021237
0.000636247454971439
0.000615230667609489
0.000594977812870048
0.000575631385988808
0.000557104753828535
0.000538490616409823
0.000519430601133866
0.000499896308980927
0.000479867038642884
0.00045932538120881
0.00043898076935941
0.000420554161303896
0.000404594174072277
0.000391660994957976
0.000382768086922201
0.000379087122831421
0.000379390940914991
0.000379040124893838
0.000378343772714839
0.000378098075750033
0.000391305603857898
0.00039156740152506
0.000392380921956719
0.000393078439443633
0.000393409214425882
0.000397863650237253
0.000407552907422329
0.000421269992981281
0.000437986933039327
0.000457129945429737
0.000478141685529921
0.000499330631536111
0.000520003595076309
0.000540180173681871
0.000559883510209634
0.000579144501379663
0.000598314544825864
0.000618274370109793
0.000639097784359481
0.000660632538693969
0.000682681548514025
0.000704874240112845
0.000725906671476303
0.000744709669304684
0.000760553721814941
0.000772661429156353
0.000780246483733431
0.000782693570511604
0.000782611206771481
0.0007826112077157
0.000782611207715652
0.000782611207715602
0.000782611207715647
0.000782611207712709
0.000782611207720322
0.000782611207714382
0.000782611207715193
0.000782611207715601
0.000782611207715652
0.00078261120771565
0.000782611207715602
0.000782611207713163
0.00078261120771915
0.000782611207715805
0.000782611207714486
0.00078261120771565
0.000782611207715601
0.000782611207715652
0.000782611207715652
0.000782611207715598
0.000782611207713112
0.000782611207719204
0.000782611207715808
0.000782611207714479
0.000782611207715597
0.000782611207715652
0.000782611207715653
0.000782611207715601
0.000782611207713775
0.000782611207717586
0.000782611207717476
0.000782611207713765
0.000782611207715652
0.000782611207715598
0.000782611207715659
0.000782611207715647
0.000782611207714488
0.000782611207715756
0.000782611207719209
0.000782611207713095
0.000782611207715662
0.000782611207715597
0.000782611207715649
0.000782611207715705
0.000782611207715598
0.000782611207714434
0.000782611207715858
0.000782611207719149
0.000782611207713112
0.000782611207715655
0.000782611207715696
0.000782611207715601
0.000782611207715655
0.000782611207715094
0.00078261120771438
0.000782611207720372
0.000782611207712659
0.000782611207715702
0.000782611207715646
0.00078261120771561
0.000782611207715643
0.000782611206771538
0.000782693570511682
0.000780246483733643
0.000772661429156381
0.000760553721815085
0.000744709669304664
0.00072590667147638
0.000704874240112848
0.000682681548513843
0.00066063253869397
0.000639097784359453
0.000618274370109861
0.000598314544825839
0.000579144501379664
0.000559883510214748
0.000540180173680165
0.000520003595073173
0.000499330631532184
0.000478141685537149
0.000457129945426506
0.000437986933033862
0.000421269992989435
0.000407552907419271
0.000397863650235674
0.000393409214425007
0.000393078439446613
0.000392380921955539
0.000391567401525047
0.000391305603857902
0.000404948966312871
0.00040522798422172
0.000406169803587524
0.000407251631061842
0.00040828842208454
0.000413592310740585
0.00042414219831947
0.000438695044968266
0.000456209521549667
0.000476098269815673
0.00049779574610578
0.000519647843071579
0.000540981362670106
0.000561818286923738
0.000582184415264653
0.000602113342321693
0.000621947735413577
0.00064253631822119
0.000663938408310227
0.000685991307605457
0.000708485530614018
0.000731038926852173
0.000752364123144019
0.00077140598376962
0.000787440717251766
0.000799698094013854
0.000807400654314621
0.0008099405132082
0.00080989793180282
0.000809897932625803
0.000809897932625745
0.000809897932625701
0.000809897932625745
0.00080989793262291
0.000809897932630274
0.00080989793262454
0.000809897932625276
0.00080989793262575
0.00080989793262575
0.000809897932625697
0.000809897932625748
0.00080989793262333
0.000809897932629167
0.000809897932625909
0.000809897932624587
0.000809897932625751
0.000809897932625748
0.00080989793262575
0.000809897932625698
0.00080989793262575
0.000809897932623272
0.000809897932629221
0.000809897932625857
0.000809897932624647
0.000809897932625748
0.000809897932625692
0.000809897932625753
0.000809897932625745
0.000809897932623915
0.000809897932627591
0.000809897932627591
0.000809897932623897
0.000809897932625753
0.000809897932625692
0.000809897932625753
0.00080989793262575
0.000809897932624643
0.000809897932625852
0.000809897932629228
0.00080989793262327
0.000809897932625745
0.0008098979326257
0.000809897932625745
0.000809897932625807
0.00080989793262575
0.000809897932624534
0.000809897932625963
0.000809897932629115
0.000809897932623332
0.000809897932625742
0.000809897932625751
0.000809897932625748
0.000809897932625744
0.000809897932625227
0.000809897932624535
0.00080989793263028
0.000809897932622906
0.000809897932625804
0.000809897932625742
0.000809897932625709
0.000809897932625739
0.000809897931802827
0.000809940513208122
0.000807400654314521
0.00079969809401382
0.000787440717251821
0.000771405983769504
0.000752364123143947
0.000731038926852066
0.000708485530614061
0.000685991307605627
0.000663938408310159
0.000642536318221192
0.000621947735413576
0.000602113342321725
0.00058218441526966
0.000561818286922047
0.000540981362667008
0.000519647843067641
0.000497795746112824
0.000476098269812571
0.000456209521544124
0.000438695044976109
0.000424142198316438
0.000413592310738955
0.000408288422083923
0.000407251631064882
0.0004061698035864
0.000405227984221701
0.000404948966312876
0.000419040548119939
0.000419337986343042
0.000420420153278181
0.000421927135286763
0.000423747576066502
0.00042998323691114
0.000441463010319832
0.000456907098543778
0.000475262141092013
0.000495927261627886
0.000518329328665663
0.000540860434428557
0.000562871489497769
0.000584387072077009
0.000605435870441184
0.000626054392801364
0.000646574644588674
0.000667807376119506
0.000689795601844878
0.000712365428231952
0.0007352941280611
0.00075818769907819
0.000779780743884386
0.000799036648051388
0.000815239970570002
0.000827630574478032
0.000835442981190784
0.000838079244099399
0.000838081095554387
0.000838081096240042
0.000838081096240039
0.000838081096239989
0.000838081096240045
0.000838081096237259
0.000838081096244413
0.000838081096238899
0.000838081096239496
0.000838081096240043
0.000838081096240039
0.000838081096239992
0.000838081096240043
0.000838081096237697
0.00083808109624332
0.000838081096240153
0.000838081096238949
0.000838081096240044
0.000838081096240049
0.000838081096239985
0.000838081096239995
0.000838081096240039
0.000838081096237639
0.000838081096243429
0.000838081096240046
0.000838081096239007
0.000838081096240043
0.000838081096239987
0.000838081096240043
0.000838081096240042
0.000838081096238246
0.000838081096241727
0.000838081096241847
0.000838081096238246
0.000838081096240046
0.000838081096239984
0.00083808109624004
0.00083808109624005
0.000838081096238897
0.000838081096240152
0.000838081096243374
0.000838081096237698
0.000838081096239982
0.000838081096239995
0.000838081096240036
0.00083808109624005
0.000838081096240046
0.000838081096238894
0.00083808109624027
0.000838081096243257
0.000838081096237704
0.000838081096240039
0.000838081096239988
0.000838081096240039
0.000838081096240048
0.000838081096239493
0.000838081096238905
0.000838081096244353
0.000838081096237315
0.000838081096240046
0.000838081096240039
0.000838081096239992
0.000838081096240046
0.00083808109555438
0.000838079244099486
0.000835442981190936
0.000827630574478116
0.000815239970569996
0.000799036648051397
0.000779780743884383
0.000758187699078205
0.000735294128061105
0.00071236542823203
0.000689795601844935
0.000667807376119339
0.000646574644588703
0.000626054392801351
0.000605435870445936
0.000584387072075368
0.000562871489494863
0.000540860434424729
0.000518329328672263
0.000495927261624869
0.000475262141086725
0.000456907098551454
0.000441463010317107
0.000429983236909659
0.00042374757606562
0.000421927135289459
0.00042042015327712
0.000419337986343068
0.000419040548119955
0.000433592920821274
0.000433910065863521
0.000435145618648097
0.000437122092956692
0.000439810523628575
0.000447067111630305
0.000459551378140438
0.000475946075894333
0.00049518732073094
0.000516660819773039
0.00053978655532377
0.000563012479299562
0.000585718132686569
0.000607930918591809
0.000629682664977809
0.000651013025929719
0.000672241222408858
0.000694133487531902
0.000716714556944073
0.000739798540933347
0.000763148570079691
0.000786358516415409
0.000808190921444271
0.000827632636147169
0.000843979477092181
0.000856484627758973
0.000864398048389299
0.000867134497671862
0.0008671858411115
0.000867185841642289
0.000867185841642421
0.000867185841642421
0.000867185841642368
0.000867185841639758
0.000867185841646577
0.00086718584164125
0.000867185841641914
0.000867185841642365
0.00086718584164242
0.000867185841642425
0.000867185841642363
0.000867185841640158
0.000867185841645531
0.000867185841642542
0.000867185841641402
0.000867185841642425
0.000867185841642363
0.000867185841642363
0.00086718584164237
0.000867185841642421
0.000867185841640155
0.000867185841645593
0.000867185841642424
0.000867185841641402
0.000867185841642426
0.000867185841642418
0.000867185841642368
0.000867185841642426
0.000867185841640589
0.000867185841643985
0.000867185841644119
0.000867185841640729
0.000867185841642361
0.000867185841642429
0.000867185841642364
0.000867185841642421
0.000867185841641345
0.000867185841642483
0.000867185841645587
0.000867185841640221
0.000867185841642306
0.000867185841642425
0.000867185841642366
0.000867185841642418
0.000867185841642418
0.000867185841641294
0.000867185841642604
0.00086718584164558
0.000867185841640113
0.000867185841642415
0.000867185841642421
0.000867185841642372
0.00086718584164242
0.000867185841641853
0.000867185841641348
0.000867185841646556
0.00086718584163976
0.000867185841642426
0.000867185841642418
0.000867185841642371
0.000867185841642428
0.000867185841111567
0.000867134497671783
0.000864398048389107
0.000856484627758829
0.000843979477092122
0.000827632636147189
0.000808190921444295
0.000786358516415358
0.000763148570079587
0.000739798540933309
0.000716714556944005
0.000694133487531941
0.000672241222408997
0.000651013025929746
0.000629682664982534
0.0006079309185904
0.000585718132683726
0.000563012479295907
0.000539786555330238
0.00051666081977038
0.000495187320725962
0.000475946075901613
0.000459551378137662
0.000447067111628767
0.00043981052362773
0.000437122092959322
0.000435145618647165
0.000433910065863561
0.000433592920821288
0.000448618829396191
0.000448957060529908
0.000450360104248157
0.000452854178798036
0.000456502179761873
0.00046487622092528
0.000478445345703842
0.000495854189223904
0.000516030051935913
0.00053834537421337
0.000562214052548246
0.000586150507002319
0.00060956786786362
0.00063249661021234
0.000654971972551343
0.000677037005008308
0.000698995814515975
0.000721562948999977
0.000744742714388237
0.000768336365594842
0.000792091926546716
0.000815590871537864
0.000837630247381275
0.00085722581395085
0.000873687853067353
0.000886286427961126
0.000894290747259457
0.000897131322545536
0.000897237658435735
0.000897237658792581
0.000897237658792573
0.000897237658792567
0.000897237658792507
0.000897237658790102
0.000897237658796475
0.000897237658791552
0.000897237658792101
0.000897237658792507
0.000897237658792567
0.000897237658792571
0.000897237658792449
0.000897237658790458
0.000897237658795502
0.000897237658792684
0.000897237658791569
0.000897237658792569
0.000897237658792448
0.000897237658792569
0.000897237658792512
0.000897237658792567
0.000897237658790396
0.00089723765879556
0.000897237658792571
0.000897237658791565
0.00089723765879257
0.000897237658792567
0.000897237658792508
0.00089723765879251
0.000897237658791001
0.000897237658794225
0.000897237658794156
0.000897237658790978
0.000897237658792512
0.000897237658792513
0.000897237658792508
0.000897237658792561
0.000897237658791578
0.000897237658792623
0.000897237658795561
0.000897237658790395
0.000897237658792515
0.000897237658792564
0.000897237658792507
0.000897237658792571
0.00089723765879256
0.000897237658791455
0.000897237658792744
0.000897237658795499
0.000897237658790406
0.000897237658792564
0.000897237658792567
0.000897237658792507
0.000897237658792511
0.000897237658792036
0.000897237658791574
0.000897237658796494
0.000897237658790045
0.00089723765879251
0.000897237658792567
0.000897237658792508
0.00089723765879257
0.000897237658435666
0.000897131322545616
0.000894290747259521
0.000886286427961194
0.000873687853067286
0.000857225813950786
0.000837630247381276
0.000815590871537945
0.000792091926546707
0.000768336365594831
0.000744742714388128
0.000721562948999832
0.000698995814515835
0.000677037005008234
0.000654971972555789
0.000632496610210996
0.000609567867861102
0.000586150506998887
0.000562214052554192
0.000538345374210631
0.000516030051931106
0.000495854189230734
0.000478445345701309
0.000464876220923744
0.000456502179761035
0.000452854178800647
0.000450360104247271
0.000448957060529899
0.00044861882939621
0.000464131177197458
0.000464491973265047
0.000466077762841663
0.000469141613967157
0.000473848580789804
0.000483444548446095
0.000498185091158609
0.00051667608638569
0.000537837946264354
0.000561030047541219
0.000585661109155032
0.000610323655187834
0.000634469837506924
0.000658133469998314
0.000681353494108079
0.000704176625405671
0.000726889303035432
0.000750146546038086
0.00077392989040224
0.000798026813681884
0.000822169200064115
0.000845925856960536
0.000868135556991592
0.000887848953812325
0.000904394328228215
0.000917062542063066
0.000925146243470605
0.000928095048817242
0.000928262354232528
0.000928262354394593
0.000928262354394602
0.000928262354394598
0.000928262354394655
0.000928262354392287
0.000928262354398242
0.00092826235439369
0.00092826235439417
0.000928262354394596
0.000928262354394598
0.000928262354394661
0.000928262354394535
0.000928262354392649
0.000928262354397395
0.000928262354394718
0.00092826235439369
0.000928262354394597
0.000928262354394599
0.000928262354394596
0.000928262354394596
0.0009282623543946
0.000928262354392593
0.000928262354397455
0.000928262354394659
0.000928262354393683
0.00092826235439465
0.000928262354394602
0.000928262354394597
0.000928262354394542
0.000928262354393135
0.000928262354396113
0.000928262354396127
0.000928262354393136
0.000928262354394596
0.000928262354394539
0.000928262354394593
0.000928262354394665
0.000928262354393681
0.000928262354394714
0.000928262354397395
0.000928262354392591
0.000928262354394599
0.000928262354394593
0.00092826235439461
0.000928262354394647
0.000928262354394602
0.000928262354393624
0.000928262354394839
0.00092826235439727
0.000928262354392653
0.000928262354394603
0.00092826235439465
0.000928262354394602
0.000928262354394533
0.000928262354394179
0.000928262354393681
0.000928262354398312
0.000928262354392281
0.000928262354394605
0.000928262354394593
0.000928262354394595
0.0009282623543946
0.000928262354232522
0.000928095048817175
0.000925146243470581
0.00091706254206309
0.000904394328228289
0.000887848953812332
0.000868135556991544
0.000845925856960483
0.000822169200064069
0.000798026813681956
0.000773929890402241
0.000750146546038122
0.000726889303035523
0.000704176625405666
0.00068135349411209
0.000658133469997117
0.000634469837504387
0.000610323655184285
0.000585661109160556
0.000561030047538747
0.000537837946259793
0.000516676086391968
0.000498185091156306
0.000483444548444742
0.000473848580788963
0.000469141613969468
0.000466077762840783
0.000464491973265039
0.000464131177197455
0.000480143008732598
0.000480527955453906
0.000482312985013344
0.000486003178528774
0.000491876941010471
0.000502807876068383
0.000518813060313408
0.000538459006455863
0.000560661403856565
0.000584766827612524
0.000610179845036173
0.000635583832823153
0.000660475909185645
0.00068489351493575
0.000708879610069612
0.000732484865685019
0.000755975256604292
0.000779937698011245
0.000804328411241324
0.000828920107075777
0.000853427423241332
0.000877406235067523
0.00089974497038842
0.000919535748280563
0.000936128735825187
0.000948839902083736
0.000956989939495345
0.000960051250910694
0.000960286017520532
0.000960286017465361
0.000960286017465363
0.000960286017465295
0.000960286017465427
0.00096028601746322
0.000960286017468763
0.000960286017464485
0.000960286017464917
0.000960286017465362
0.000960286017465359
0.000960286017465365
0.000960286017465362
0.000960286017463528
0.000960286017467946
0.000960286017465426
0.000960286017464475
0.000960286017465362
0.000960286017465424
0.000960286017465305
0.000960286017465361
0.000960286017465361
0.00096028601746353
0.000960286017467884
0.000960286017465487
0.000960286017464479
0.000960286017465424
0.000960286017465298
0.000960286017465361
0.000960286017465365
0.000960286017463977
0.000960286017466741
0.000960286017466683
0.000960286017464047
0.000960286017465361
0.000960286017465302
0.000960286017465357
0.000960286017465424
0.000960286017464481
0.000960286017465424
0.000960286017467939
0.000960286017463543
0.000960286017465358
0.000960286017465305
0.000960286017465354
0.000960286017465432
0.000960286017465298
0.000960286017464544
0.000960286017465486
0.000960286017467826
0.000960286017463593
0.000960286017465295
0.00096028601746542
0.000960286017465369
0.000960286017465293
0.000960286017464978
0.000960286017464488
0.000960286017468765
0.000960286017463223
0.000960286017465364
0.000960286017465349
0.000960286017465369
0.000960286017465301
0.000960286017520589
0.000960051250910699
0.000956989939495341
0.00094883990208361
0.000936128735825252
0.000919535748280502
0.000899744970388349
0.000877406235067514
0.000853427423241251
0.000828920107075891
0.000804328411241328
0.000779937698011066
0.00075597525660422
0.000732484865685153
0.00070887961007357
0.00068489351493478
0.000660475909183453
0.000635583832820092
0.000610179845041328
0.000584766827610392
0.000560661403852324
0.00053845900646168
0.000518813060311311
0.000502807876067189
0.000491876941009663
0.000486003178530802
0.000482312985012628
0.000480527955453977
0.000480143008732599
0.000496667490102774
0.000497078287921862
0.000499080386943908
0.000503458223829118
0.000510615712575801
0.000523003891049079
0.000540374109082669
0.000561252945955433
0.000584553793511784
0.000609610752023784
0.00063582539137921
0.000661985894177738
0.00068764084439256
0.000712831620806614
0.000737605542562012
0.000762017548622299
0.000786310090152788
0.000810992612322038
0.000835993256254925
0.000861068904138749
0.000885915761518681
0.000910076511561485
0.000932497934752274
0.000952320822896106
0.000968921499873596
0.000981645773079827
0.000989847432172342
0.000993025705527278
0.000993334980502703
0.000993334980205596
0.0009933349802056
0.000993334980205528
0.000993334980205534
0.000993334980203706
0.000993334980208599
0.000993334980204749
0.000993334980205141
0.000993334980205602
0.000993334980205529
0.000993334980205532
0.000993334980205596
0.0009933349802039
0.000993334980207885
0.000993334980205598
0.000993334980204745
0.000993334980205596
0.000993334980205604
0.000993334980205529
0.000993334980205532
0.000993334980205596
0.000993334980203902
0.000993334980207819
0.000993334980205662
0.000993334980204814
0.000993334980205534
0.000993334980205532
0.000993334980205591
0.000993334980205541
0.000993334980204347
0.000993334980206771
0.000993334980206714
0.000993334980204356
0.000993334980205598
0.00099333498020546
0.000993334980205598
0.000993334980205602
0.000993334980204747
0.000993334980205668
0.000993334980207816
0.000993334980203966
0.000993334980205529
0.00099333498020554
0.000993334980205583
0.000993334980205538
0.000993334980205532
0.00099333498020482
0.000993334980205653
0.000993334980207757
0.000993334980204034
0.000993334980205468
0.000993334980205598
0.000993334980205602
0.000993334980205464
0.000993334980205263
0.000993334980204759
0.000993334980208598
0.00099333498020364
0.000993334980205528
0.000993334980205594
0.000993334980205541
0.000993334980205528
0.000993334980502773
0.000993025705527276
0.000989847432172423
0.000981645773079899
0.000968921499873594
0.000952320822895884
0.000932497934752231
0.000910076511561502
0.000885915761518544
0.000861068904138753
0.000835993256254945
0.000810992612321995
0.000786310090152786
0.000762017548622233
0.000737605542565481
0.00071283162080581
0.000687640844390587
0.00066198589417497
0.000635825391383706
0.000609610752021818
0.000584553793508013
0.00056125294596077
0.000540374109080885
0.000523003891047838
0.000510615712574917
0.000503458223830908
0.000499080386943152
0.000497078287921831
0.000496667490102798
0.000513717886874931
0.000514156359388201
0.00051639479617385
0.00052152668471792
0.000530094648811637
0.000544072300186807
0.000562915655579925
0.000585110836481855
0.000609571645176103
0.000635620105278618
0.00066265608319595
0.000689587824587314
0.000716022478704608
0.000742005698035066
0.000767589528367307
0.000792833512801866
0.000817953235121404
0.000843370448555811
0.000868982210007351
0.000894528433489097
0.000919685621879771
0.000943983012516016
0.000966435267768109
0.000986239747893072
0.00100280361933401
0.00101550771658498
0.0010237444648996
0.00102704434424878
0.00102743577431565
0.00102743577374973
0.00102743577374973
0.00102743577374972
0.00102743577374966
0.00102743577374816
0.0010274357737523
0.00102743577374898
0.00102743577374939
0.00102743577374973
0.00102743577374966
0.00102743577374973
0.00102743577374972
0.0010274357737483
0.0010274357737517
0.0010274357737498
0.00102743577374898
0.00102743577374973
0.00102743577374973
0.00102743577374973
0.00102743577374965
0.0010274357737498
0.00102743577374823
0.00102743577375169
0.0010274357737498
0.00102743577374905
0.00102743577374972
0.00102743577374973
0.00102743577374972
0.00102743577374966
0.00102743577374871
0.00102743577375074
0.00102743577375067
0.00102743577374871
0.00102743577374972
0.00102743577374967
0.00102743577374972
0.00102743577374973
0.00102743577374905
0.0010274357737498
0.00102743577375162
0.00102743577374837
0.00102743577374966
0.00102743577374972
0.00102743577374973
0.00102743577374966
0.00102743577374973
0.00102743577374898
0.00102743577374986
0.00102743577375162
0.00102743577374838
0.00102743577374965
0.00102743577374974
0.00102743577374973
0.00102743577374966
0.00102743577374945
0.00102743577374905
0.0010274357737523
0.00102743577374803
0.00102743577374973
0.00102743577374973
0.00102743577374965
0.00102743577374973
0.00102743577431565
0.00102704434424879
0.00102374446489961
0.00101550771658511
0.00100280361933395
0.000986239747893084
0.000966435267768186
0.000943983012515998
0.000919685621879705
0.000894528433489171
0.000868982210007344
0.000843370448555814
0.000817953235121408
0.00079283351280186
0.000767589528370337
0.000742005698034416
0.000716022478702943
0.000689587824584716
0.000662656083199801
0.000635620105277086
0.000609571645172655
0.000585110836486086
0.00056291565557833
0.000544072300185668
0.000530094648810797
0.000521526684719568
0.000516394796173432
0.000514156359388265
0.000513717886874942
0.000531307539162532
0.000531775642171339
0.000534271235169274
0.000540229091569219
0.000550344871199072
0.000566054951473612
0.000586487842541662
0.000610088734562031
0.000635774855727405
0.000662856629553512
0.000690733665040281
0.000718450938834289
0.000745681914078759
0.000772476879282759
0.000798893003349139
0.000824994795529297
0.000850967320830928
0.000877133493261557
0.000903356024066028
0.000929356635997063
0.000954790767828738
0.000979173965237114
0.00100159920226842
0.00102132904865279
0.00103780664891727
0.00105045354907221
0.00105870687397955
0.00106213320031639
0.00106261507918875
0.0010626150783251
0.00106261507832503
0.0010626150783251
0.00106261507832503
0.00106261507832377
0.00106261507832721
0.00106261507832447
0.00106261507832482
0.0010626150783251
0.00106261507832504
0.0010626150783251
0.00106261507832503
0.00106261507832398
0.00106261507832664
0.00106261507832517
0.00106261507832447
0.0010626150783251
0.00106261507832503
0.00106261507832511
0.00106261507832503
0.00106261507832517
0.00106261507832384
0.00106261507832665
0.00106261507832517
0.00106261507832454
0.00106261507832511
0.00106261507832503
0.00106261507832509
0.00106261507832503
0.00106261507832427
0.00106261507832587
0.00106261507832587
0.00106261507832433
0.00106261507832503
0.00106261507832503
0.0010626150783251
0.00106261507832503
0.00106261507832461
0.00106261507832511
0.00106261507832665
0.0010626150783239
0.0010626150783251
0.00106261507832503
0.0010626150783251
0.00106261507832503
0.00106261507832511
0.00106261507832447
0.00106261507832517
0.00106261507832665
0.00106261507832398
0.00106261507832503
0.0010626150783251
0.00106261507832503
0.0010626150783251
0.00106261507832483
0.00106261507832453
0.0010626150783272
0.0010626150783237
0.00106261507832504
0.0010626150783251
0.00106261507832503
0.00106261507832511
0.00106261507918874
0.00106213320031639
0.00105870687397955
0.00105045354907222
0.00103780664891727
0.00102132904865272
0.0010015992022682
0.000979173965237165
0.000954790767828692
0.000929356635996985
0.000903356024065912
0.000877133493261538
0.000850967320830859
0.000824994795529215
0.000798893003351709
0.0007724768792823
0.000745681914077292
0.000718450938832111
0.00069073366504345
0.000662856629552285
0.000635774855724601
0.000610088734565748
0.000586487842540556
0.00056605495147259
0.000550344871198115
0.00054022909157031
0.000534271235168815
0.000531775642171379
0.000531307539162516
0.000549449833662842
0.000549949664895153
0.000552724902478104
0.000559586582041998
0.000571398940249314
0.000588995963761046
0.000611143710819965
0.000636246024606831
0.000663226909014253
0.000691385750033678
0.000720123510851656
0.000748640093037679
0.000776683724135365
0.00080430971961745
0.000831580799153468
0.000858566827846353
0.00088541836778466
0.000912347346108885
0.00093917858912331
0.000965614315552437
0.000991287441030014
0.00101569958314388
0.00103803343209537
0.00105762621473677
0.00107396267618337
0.00108651129498476
0.00109476052859398
0.00109831834906637
0.00109889966851892
0.00109889966732589
0.00109889966732582
0.00109889966732582
0.00109889966732582
0.0010988996673248
0.00109889966732749
0.00109889966732538
0.00109889966732567
0.00109889966732582
0.00109889966732582
0.00109889966732589
0.00109889966732575
0.00109889966732502
0.00109889966732705
0.00109889966732589
0.00109889966732539
0.00109889966732589
0.00109889966732582
0.00109889966732583
0.00109889966732582
0.00109889966732589
0.00109889966732488
0.00109889966732705
0.0010988996673259
0.00109889966732546
0.00109889966732581
0.00109889966732582
0.00109889966732582
0.00109889966732582
0.00109889966732523
0.0010988996673264
0.00109889966732648
0.0010988996673253
0.00109889966732575
0.00109889966732582
0.00109889966732589
0.00109889966732575
0.00109889966732553
0.00109889966732589
0.00109889966732698
0.00109889966732495
0.00109889966732589
0.00109889966732575
0.0010988996673259
0.00109889966732582
0.0010988996673259
0.00109889966732538
0.00109889966732589
0.00109889966732699
0.00109889966732501
0.00109889966732582
0.0010988996673259
0.00109889966732574
0.00109889966732589
0.00109889966732567
0.00109889966732539
0.00109889966732748
0.00109889966732481
0.00109889966732575
0.00109889966732589
0.00109889966732582
0.00109889966732582
0.00109889966851899
0.00109831834906644
0.00109476052859413
0.00108651129498461
0.00107396267618329
0.00105762621473676
0.00103803343209524
0.00101569958314403
0.000991287441030166
0.000965614315552421
0.000939178589123125
0.000912347346108861
0.000885418367784661
0.000858566827846275
0.000831580799155491
0.000804309719617372
0.000776683724134424
0.000748640093035825
0.00072012351085391
0.000691385750032797
0.000663226909011784
0.000636246024609497
0.0006111437108191
0.000588995963760188
0.000571398940248551
0.000559586582042891
0.000552724902477888
0.000549949664895241
0.000549449833662842
0.000568158172378345
0.000568691981931855
0.000571771151261654
0.000579620912525757
0.000593290930525318
0.000612941864996645
0.0006369393847238
0.000663645635896032
0.000691995111167698
0.000721276815866704
0.000750894858937076
0.000780223911014948
0.000809096173351608
0.000837572410142501
0.000865721353047331
0.000893618642499068
0.000921375993734726
0.000949081118206712
0.000976517118154043
0.00100336529919084
0.0010292344900405
0.00105361215489525
0.0010757831591997
0.00109516970731658
0.00111130429457353
0.00112370913384557
0.00113193126384875
0.00113562584146011
0.00113631634631363
0.00113631634475689
0.00113631634475681
0.00113631634475681
0.00113631634475689
0.00113631634475613
0.00113631634475794
0.00113631634475651
0.00113631634475674
0.0011363163447568
0.00113631634475689
0.00113631634475681
0.00113631634475681
0.00113631634475629
0.00113631634475764
0.00113631634475689
0.00113631634475658
0.00113631634475689
0.00113631634475681
0.00113631634475682
0.00113631634475688
0.00113631634475681
0.00113631634475629
0.00113631634475764
0.00113631634475681
0.00113631634475659
0.00113631634475689
0.0011363163447568
0.00113631634475681
0.00113631634475688
0.00113631634475644
0.00113631634475719
0.00113631634475726
0.00113631634475652
0.00113631634475673
0.00113631634475688
0.00113631634475689
0.00113631634475673
0.00113631634475667
0.00113631634475687
0.00113631634475757
0.00113631634475628
0.00113631634475689
0.00113631634475674
0.00113631634475688
0.0011363163447569
0.00113631634475681
0.00113631634475658
0.00113631634475688
0.00113631634475758
0.00113631634475627
0.00113631634475689
0.00113631634475689
0.00113631634475673
0.00113631634475689
0.00113631634475673
0.0011363163447566
0.00113631634475786
0.00113631634475621
0.00113631634475674
0.00113631634475689
0.00113631634475689
0.00113631634475673
0.00113631634631371
0.00113562584146004
0.00113193126384874
0.00112370913384549
0.00111130429457361
0.00109516970731658
0.00107578315919955
0.00105361215489518
0.00102923449004043
0.00100336529919075
0.000976517118154061
0.000949081118206828
0.000921375993734831
0.000893618642499119
0.000865721353048775
0.000837572410142752
0.000809096173351034
0.00078022391101355
0.000750894858938405
0.000721276815866251
0.000691995111166019
0.000663645635897831
0.00063693938472334
0.000612941864995839
0.000593290930524527
0.000579620912526274
0.000571771151261683
0.000568691981931897
0.000568158172378374
0.000587445937732032
0.000588016139290578
0.000591425464954069
0.000600354469195767
0.000616056510074174
0.000637941739632537
0.000663934270060243
0.00069235427461162
0.000722150842288327
0.000752603357852606
0.000783121063172439
0.00081327502614462
0.000842991451147166
0.000872337006036033
0.000901386931819441
0.000930223095764163
0.000958913633400724
0.000987407643427656
0.00101544234136961
0.00104267660720719
0.00106869350658686
0.00109296613800131
0.00111489514198233
0.0011339989647926
0.00114986457198674
0.00116207534091496
0.00117024480627937
0.00117408163010666
0.00117489187742162
0.00117489187546394
0.00117489187546386
0.00117489187546393
0.00117489187546394
0.00117489187546362
0.00117489187546433
0.00117489187546378
0.00117489187546385
0.00117489187546393
0.00117489187546394
0.00117489187546386
0.00117489187546393
0.0011748918754637
0.00117489187546416
0.00117489187546394
0.00117489187546386
0.00117489187546393
0.00117489187546386
0.00117489187546393
0.00117489187546394
0.00117489187546386
0.00117489187546378
0.00117489187546417
0.00117489187546386
0.00117489187546386
0.00117489187546394
0.00117489187546386
0.00117489187546394
0.00117489187546393
0.00117489187546377
0.00117489187546402
0.00117489187546409
0.00117489187546378
0.00117489187546384
0.00117489187546395
0.00117489187546393
0.00117489187546386
0.00117489187546386
0.00117489187546392
0.00117489187546417
0.0011748918754637
0.00117489187546394
0.00117489187546386
0.00117489187546393
0.00117489187546395
0.00117489187546386
0.00117489187546385
0.00117489187546393
0.00117489187546416
0.0011748918754637
0.00117489187546394
0.00117489187546393
0.00117489187546386
0.00117489187546393
0.00117489187546387
0.00117489187546386
0.00117489187546423
0.0011748918754637
0.00117489187546386
0.00117489187546394
0.00117489187546393
0.00117489187546385
0.00117489187742164
0.00117408163010665
0.00117024480627944
0.00116207534091488
0.00114986457198682
0.0011339989647926
0.00111489514198224
0.0010929661380013
0.00106869350658687
0.00104267660720719
0.00101544234136954
0.000987407643427539
0.000958913633400675
0.000930223095764235
0.000901386931820231
0.000872337006036595
0.000842991451147047
0.00081327502614362
0.00078312106317284
0.000752603357852745
0.000722150842287232
0.000692354274612101
0.000663934270060355
0.00063794173963199
0.000616056510073404
0.000600354469195782
0.000591425464954126
0.000588016139290558
0.000587445937732045
0.00060720288250365
0.00060720288250365
0.00060720288250365
0.000607202882503651
0.00060720288250365
0.00060720288250365
0.00060720288250365
0.000607202882503647
0.000607202882503651
0.000607202882503647
0.000607202882503648
0.000607202882503651
0.000607202882503647
0.000607202882503651
0.000607202882503645
0.000607202882503647
0.000607202882503646
0.000607202882503652
0.000607202882503645
0.000607202882503645
0.000607202882503648
0.000607202882503645
0.000607202882503652
0.000607202882503645
0.000607202882503646
0.000607202882503646
0.000607202882503646
0.000607202882503652
0.000607202882503648
0.000607202882503652
0.00060720288250365
0.000607202882503648
0.000607202882503653
0.000607202882503648
0.00060720288250365
0.000607202882503653
0.000607202882503648
0.000607202882503652
0.000607202882503647
0.000607202882503652
0.000607202882503653
0.000607202882503647
0.000607202882503654
0.000607202882503646
0.00060720288250365
0.000607202882503653
0.000607202882503649
0.00060720288250365
0.000607202882503649
0.000607202882503652
0.000607202882503652
0.000607202882503646
0.000607202882503653
0.000607202882503648
0.000607202882503652
0.000607202882503652
0.000607202882503652
0.000607202882503646
0.000607202882503649
0.000607202882503654
0.000607202882503654
0.000607202882503647
0.00060720288250365
0.000607202882503647
0.000607202882503654
0.000607202882503652
0.000607202882503652
0.000607202882503646
0.000607202882503652
0.000607202882503649
0.000607202882503652
0.000607202882503654
0.000607202882503643
0.000607202882503654
0.000607202882503652
0.000607202882503652
0.000607202882503654
0.000607202882503641
0.000607202882503652
0.000607202882503652
0.000607202882503654
0.000607202882503652
0.000607202882503643
0.000607202882503652
0.000607202882503652
0.000607202882503656
0.000607202882503649
0.000607202882503643
0.000607202882503652
0.000607202882503649
0.000607202882503656
0.000607202882503649
0.000607202882503643
0.000607202882503656
0.000607202882503647
0.000607202882503654
0.000607202882503656
0.000607202882503643
0.000607202882503649
0.000607202882503654
0.000607202882503654
0.000607202882503649
0.000607202882503641
0.000607202882503652
0.000607202882503654
0.000607202882503652
0.000607202882503652
0.000607202882503646
0.000607202882503657
0.000607202882503646
0.000607202882503646
0.000607202882503657
0.000607202882503646
0.000607202882503657
0.000607202882503646
0.000607202882503646
0.000607202882503652
0.000607202882503646
0.000607202882503661
0.000607202882503646
0.000585745316250896
0.000585745316250898
0.000585745316250899
0.000585745316250898
0.000585745316250899
0.000585745316250896
0.000585745316250899
0.000585745316250898
0.0005857453162509
0.000585745316250898
0.000585745316250898
0.000585745316250899
0.000585745316250898
0.000585745316250899
0.000585745316250898
0.000585745316250898
0.000585745316250899
0.000585745316250901
0.000585745316250898
0.000585745316250898
0.000585745316250899
0.000585745316250898
0.000585745316250901
0.000585745316250898
0.000585745316250898
0.000585745316250898
0.000585745316250897
0.000585745316250901
0.000585745316250894
0.0005857453162509
0.000585745316250899
0.000585745316250894
0.000585745316250901
0.000585745316250894
0.000585745316250899
0.000585745316250902
0.000585745316250892
0.000585745316250901
0.000585745316250893
0.0005857453162509
0.000585745316250901
0.000585745316250894
0.0005857453162509
0.000585745316250893
0.000585745316250901
0.0005857453162509
0.000585745316250894
0.0005857453162509
0.000585745316250892
0.000585745316250902
0.000585745316250901
0.000585745316250893
0.0005857453162509
0.000585745316250892
0.000585745316250902
0.0005857453162509
0.0005857453162509
0.000585745316250891
0.000585745316250898
0.000585745316250902
0.000585745316250902
0.000585745316250895
0.000585745316250891
0.0005857453162509
0.0005857453162509
0.000585745316250902
0.0005857453162509
0.000585745316250891
0.0005857453162509
0.000585745316250898
0.0005857453162509
0.000585745316250905
0.000585745316250884
0.000585745316250902
0.000585745316250902
0.0005857453162509
0.000585745316250902
0.000585745316250886
0.000585745316250898
0.000585745316250902
0.000585745316250902
0.0005857453162509
0.000585745316250888
0.000585745316250902
0.000585745316250902
0.000585745316250898
0.0005857453162509
0.000585745316250888
0.0005857453162509
0.000585745316250902
0.000585745316250902
0.000585745316250898
0.000585745316250888
0.000585745316250902
0.000585745316250898
0.000585745316250902
0.000585745316250902
0.000585745316250884
0.000585745316250902
0.000585745316250902
0.0005857453162509
0.000585745316250902
0.000585745316250886
0.000585745316250902
0.000585745316250898
0.000585745316250902
0.0005857453162509
0.000585745316250886
0.000585745316250911
0.000585745316250891
0.000585745316250891
0.000585745316250907
0.000585745316250891
0.000585745316250907
0.000585745316250886
0.000585745316250895
0.000585745316250902
0.000585745316250891
0.000585745316250907
0.000585745316250895
0.000565046025629854
0.000565046025629852
0.000565046025629852
0.000565046025629851
0.000565046025629854
0.000565046025629856
0.000565046025629854
0.000565046025629853
0.000565046025629855
0.000565046025629854
0.000565046025629851
0.000565046025629855
0.000565046025629854
0.000565046025629854
0.000565046025629854
0.000565046025629851
0.000565046025629854
0.000565046025629853
0.000565046025629853
0.000565046025629854
0.000565046025629851
0.000565046025629854
0.000565046025629854
0.000565046025629854
0.000565046025629853
0.000565046025629852
0.000565046025629853
0.000565046025629854
0.000565046025629851
0.000565046025629854
0.000565046025629853
0.000565046025629851
0.000565046025629854
0.000565046025629852
0.000565046025629852
0.000565046025629854
0.000565046025629851
0.000565046025629853
0.000565046025629852
0.000565046025629854
0.000565046025629853
0.000565046025629851
0.000565046025629855
0.00056504602562985
0.000565046025629853
0.000565046025629854
0.000565046025629851
0.000565046025629854
0.000565046025629851
0.000565046025629853
0.000565046025629855
0.000565046025629851
0.000565046025629852
0.000565046025629851
0.000565046025629855
0.000565046025629853
0.000565046025629853
0.000565046025629849
0.000565046025629853
0.000565046025629855
0.000565046025629853
0.000565046025629853
0.000565046025629851
0.000565046025629851
0.000565046025629853
0.000565046025629855
0.000565046025629853
0.000565046025629851
0.000565046025629853
0.000565046025629851
0.000565046025629855
0.000565046025629853
0.000565046025629849
0.000565046025629853
0.000565046025629855
0.000565046025629851
0.000565046025629858
0.000565046025629846
0.000565046025629855
0.000565046025629853
0.000565046025629853
0.000565046025629853
0.000565046025629846
0.000565046025629855
0.000565046025629855
0.000565046025629855
0.000565046025629853
0.000565046025629846
0.000565046025629853
0.000565046025629853
0.000565046025629855
0.000565046025629853
0.000565046025629851
0.000565046025629851
0.000565046025629855
0.000565046025629853
0.000565046025629853
0.000565046025629849
0.000565046025629853
0.000565046025629853
0.000565046025629855
0.000565046025629855
0.000565046025629846
0.000565046025629855
0.000565046025629853
0.000565046025629851
0.000565046025629855
0.000565046025629846
0.000565046025629867
0.000565046025629851
0.000565046025629851
0.000565046025629862
0.000565046025629851
0.000565046025629862
0.000565046025629846
0.000565046025629851
0.000565046025629867
0.000565046025629846
0.000565046025629866
0.000565046025629851
0.00054507821440845
0.00054507821440845
0.000545078214408448
0.00054507821440845
0.000545078214408448
0.000545078214408445
0.000545078214408448
0.000545078214408447
0.000545078214408448
0.000545078214408448
0.000545078214408449
0.000545078214408448
0.000545078214408448
0.000545078214408448
0.000545078214408447
0.00054507821440845
0.000545078214408447
0.000545078214408449
0.000545078214408447
0.000545078214408448
0.000545078214408449
0.000545078214408446
0.00054507821440845
0.000545078214408447
0.000545078214408448
0.00054507821440845
0.000545078214408446
0.00054507821440845
0.000545078214408446
0.000545078214408448
0.00054507821440845
0.000545078214408446
0.00054507821440845
0.000545078214408445
0.000545078214408449
0.000545078214408449
0.000545078214408445
0.000545078214408449
0.000545078214408447
0.00054507821440845
0.000545078214408449
0.000545078214408445
0.000545078214408449
0.000545078214408444
0.00054507821440845
0.00054507821440845
0.000545078214408447
0.000545078214408447
0.000545078214408447
0.000545078214408449
0.000545078214408447
0.000545078214408448
0.000545078214408449
0.000545078214408444
0.000545078214408451
0.000545078214408449
0.000545078214408449
0.000545078214408442
0.000545078214408447
0.000545078214408449
0.000545078214408451
0.000545078214408449
0.00054507821440844
0.000545078214408451
0.000545078214408449
0.000545078214408451
0.000545078214408447
0.000545078214408442
0.000545078214408451
0.000545078214408447
0.000545078214408447
0.000545078214408451
0.00054507821440844
0.000545078214408449
0.000545078214408451
0.000545078214408447
0.000545078214408455
0.000545078214408438
0.000545078214408447
0.000545078214408453
0.000545078214408447
0.000545078214408451
0.000545078214408436
0.000545078214408453
0.000545078214408447
0.000545078214408451
0.000545078214408449
0.000545078214408438
0.000545078214408453
0.000545078214408447
0.000545078214408451
0.000545078214408449
0.000545078214408442
0.000545078214408451
0.000545078214408447
0.000545078214408447
0.000545078214408451
0.000545078214408442
0.000545078214408447
0.000545078214408451
0.000545078214408447
0.000545078214408447
0.000545078214408447
0.000545078214408449
0.000545078214408449
0.000545078214408449
0.000545078214408453
0.000545078214408434
0.000545078214408462
0.000545078214408442
0.000545078214408442
0.000545078214408458
0.000545078214408438
0.000545078214408462
0.000545078214408438
0.000545078214408447
0.000545078214408453
0.000545078214408442
0.000545078214408462
0.000545078214408438
0.00052581603328965
0.00052581603328965
0.000525816033289652
0.000525816033289648
0.00052581603328965
0.00052581603328965
0.00052581603328965
0.000525816033289652
0.000525816033289651
0.000525816033289652
0.000525816033289649
0.00052581603328965
0.000525816033289652
0.00052581603328965
0.00052581603328965
0.00052581603328965
0.000525816033289649
0.000525816033289652
0.000525816033289649
0.00052581603328965
0.00052581603328965
0.000525816033289649
0.000525816033289652
0.000525816033289649
0.00052581603328965
0.00052581603328965
0.00052581603328965
0.000525816033289651
0.000525816033289648
0.000525816033289651
0.000525816033289651
0.000525816033289648
0.00052581603328965
0.000525816033289648
0.000525816033289652
0.000525816033289652
0.000525816033289647
0.00052581603328965
0.000525816033289648
0.000525816033289652
0.000525816033289651
0.000525816033289648
0.00052581603328965
0.000525816033289648
0.000525816033289652
0.000525816033289651
0.000525816033289648
0.00052581603328965
0.000525816033289648
0.000525816033289652
0.000525816033289651
0.000525816033289648
0.00052581603328965
0.000525816033289649
0.000525816033289651
0.000525816033289651
0.000525816033289651
0.000525816033289645
0.000525816033289651
0.000525816033289651
0.000525816033289649
0.000525816033289653
0.000525816033289643
0.000525816033289653
0.000525816033289651
0.000525816033289649
0.000525816033289653
0.000525816033289643
0.000525816033289653
0.000525816033289651
0.000525816033289649
0.000525816033289655
0.000525816033289641
0.000525816033289653
0.000525816033289651
0.000525816033289649
0.000525816033289655
0.000525816033289641
0.000525816033289653
0.000525816033289651
0.000525816033289649
0.000525816033289653
0.000525816033289643
0.000525816033289653
0.000525816033289651
0.000525816033289649
0.000525816033289653
0.000525816033289643
0.000525816033289653
0.000525816033289651
0.000525816033289649
0.000525816033289653
0.000525816033289643
0.000525816033289653
0.000525816033289651
0.000525816033289649
0.000525816033289653
0.000525816033289643
0.000525816033289653
0.000525816033289651
0.000525816033289649
0.000525816033289653
0.000525816033289643
0.000525816033289653
0.000525816033289651
0.000525816033289649
0.000525816033289653
0.000525816033289645
0.000525816033289658
0.000525816033289645
0.000525816033289645
0.000525816033289658
0.000525816033289645
0.000525816033289658
0.000525816033289645
0.000525816033289645
0.000525816033289658
0.000525816033289645
0.000525816033289658
0.000525816033289645
0.000507234546448347
0.000507234546448347
0.000507234546448348
0.000507234546448347
0.000507234546448347
0.00050723454644835
0.000507234546448348
0.000507234546448345
0.000507234546448346
0.000507234546448344
0.000507234546448347
0.000507234546448346
0.000507234546448345
0.000507234546448346
0.000507234546448347
0.000507234546448346
0.000507234546448347
0.00050723454644835
0.000507234546448347
0.000507234546448346
0.000507234546448347
0.000507234546448347
0.00050723454644835
0.000507234546448347
0.000507234546448347
0.000507234546448347
0.000507234546448347
0.000507234546448349
0.000507234546448348
0.000507234546448349
0.000507234546448349
0.000507234546448347
0.00050723454644835
0.000507234546448347
0.00050723454644835
0.00050723454644835
0.000507234546448346
0.000507234546448351
0.000507234546448346
0.000507234546448349
0.00050723454644835
0.000507234546448346
0.000507234546448351
0.000507234546448346
0.00050723454644835
0.000507234546448351
0.000507234546448346
0.00050723454644835
0.000507234546448347
0.00050723454644835
0.00050723454644835
0.000507234546448347
0.000507234546448348
0.000507234546448349
0.000507234546448349
0.000507234546448349
0.000507234546448349
0.000507234546448343
0.000507234546448349
0.000507234546448349
0.000507234546448349
0.000507234546448349
0.000507234546448343
0.000507234546448346
0.000507234546448351
0.000507234546448349
0.000507234546448349
0.000507234546448341
0.000507234546448349
0.000507234546448351
0.000507234546448349
0.000507234546448351
0.000507234546448339
0.000507234546448349
0.000507234546448351
0.000507234546448351
0.000507234546448346
0.000507234546448341
0.000507234546448351
0.000507234546448346
0.000507234546448351
0.000507234546448349
0.000507234546448343
0.000507234546448345
0.000507234546448351
0.000507234546448351
0.000507234546448349
0.000507234546448339
0.000507234546448351
0.000507234546448349
0.000507234546448351
0.000507234546448351
0.000507234546448339
0.000507234546448349
0.000507234546448351
0.000507234546448349
0.000507234546448349
0.000507234546448341
0.000507234546448351
0.000507234546448349
0.000507234546448349
0.000507234546448351
0.000507234546448339
0.000507234546448351
0.000507234546448349
0.000507234546448347
0.000507234546448351
0.000507234546448343
0.000507234546448355
0.000507234546448343
0.000507234546448343
0.000507234546448355
0.000507234546448339
0.000507234546448359
0.000507234546448343
0.000507234546448343
0.000507234546448355
0.000507234546448343
0.000507234546448351
0.000507234546448347
0.00048930969925185
0.00048930969925185
0.00048930969925185
0.000489309699251852
0.00048930969925185
0.00048930969925185
0.00048930969925185
0.000489309699251849
0.000489309699251853
0.000489309699251849
0.000489309699251849
0.000489309699251853
0.000489309699251849
0.000489309699251853
0.000489309699251849
0.000489309699251849
0.00048930969925185
0.000489309699251853
0.000489309699251849
0.000489309699251849
0.000489309699251849
0.000489309699251849
0.000489309699251854
0.000489309699251849
0.000489309699251849
0.000489309699251849
0.000489309699251849
0.000489309699251854
0.000489309699251846
0.000489309699251853
0.000489309699251853
0.000489309699251845
0.000489309699251854
0.000489309699251846
0.000489309699251853
0.000489309699251853
0.000489309699251845
0.000489309699251854
0.000489309699251845
0.000489309699251854
0.000489309699251853
0.000489309699251845
0.000489309699251854
0.000489309699251845
0.000489309699251854
0.000489309699251853
0.000489309699251845
0.000489309699251854
0.000489309699251845
0.000489309699251854
0.000489309699251853
0.000489309699251845
0.000489309699251854
0.000489309699251844
0.000489309699251855
0.000489309699251853
0.000489309699251853
0.000489309699251845
0.000489309699251851
0.000489309699251855
0.000489309699251853
0.000489309699251853
0.000489309699251845
0.000489309699251851
0.000489309699251855
0.000489309699251853
0.000489309699251853
0.000489309699251845
0.000489309699251851
0.000489309699251855
0.000489309699251853
0.000489309699251853
0.000489309699251843
0.000489309699251853
0.000489309699251855
0.000489309699251853
0.000489309699251853
0.000489309699251843
0.000489309699251853
0.000489309699251855
0.000489309699251853
0.000489309699251853
0.000489309699251843
0.000489309699251853
0.000489309699251855
0.000489309699251853
0.000489309699251853
0.000489309699251843
0.000489309699251853
0.000489309699251855
0.000489309699251853
0.000489309699251853
0.000489309699251843
0.000489309699251853
0.000489309699251855
0.000489309699251853
0.000489309699251853
0.000489309699251843
0.000489309699251853
0.000489309699251855
0.000489309699251853
0.000489309699251853
0.000489309699251843
0.000489309699251853
0.000489309699251855
0.000489309699251853
0.000489309699251853
0.000489309699251841
0.000489309699251861
0.000489309699251845
0.000489309699251845
0.000489309699251857
0.000489309699251841
0.000489309699251861
0.000489309699251845
0.000489309699251845
0.000489309699251857
0.000489309699251841
0.000489309699251861
0.000489309699251845
0.000472018287118654
0.000472018287118654
0.000472018287118652
0.000472018287118652
0.000472018287118652
0.000472018287118652
0.000472018287118652
0.000472018287118654
0.000472018287118652
0.000472018287118654
0.000472018287118653
0.000472018287118653
0.000472018287118654
0.000472018287118652
0.000472018287118654
0.000472018287118653
0.000472018287118654
0.000472018287118656
0.000472018287118653
0.000472018287118654
0.000472018287118653
0.000472018287118653
0.000472018287118656
0.000472018287118653
0.000472018287118653
0.000472018287118654
0.000472018287118654
0.000472018287118654
0.000472018287118653
0.000472018287118655
0.000472018287118655
0.000472018287118651
0.000472018287118655
0.000472018287118652
0.000472018287118655
0.000472018287118656
0.000472018287118652
0.000472018287118654
0.000472018287118651
0.000472018287118657
0.000472018287118655
0.000472018287118651
0.000472018287118655
0.000472018287118651
0.000472018287118656
0.000472018287118657
0.000472018287118649
0.000472018287118657
0.000472018287118652
0.000472018287118654
0.000472018287118656
0.000472018287118651
0.000472018287118656
0.000472018287118652
0.000472018287118655
0.000472018287118653
0.000472018287118655
0.000472018287118649
0.000472018287118653
0.000472018287118657
0.000472018287118655
0.000472018287118655
0.000472018287118645
0.000472018287118655
0.000472018287118657
0.000472018287118653
0.000472018287118653
0.000472018287118649
0.000472018287118657
0.000472018287118653
0.000472018287118655
0.000472018287118657
0.000472018287118645
0.000472018287118657
0.000472018287118653
0.000472018287118655
0.000472018287118659
0.000472018287118642
0.000472018287118657
0.000472018287118657
0.000472018287118653
0.000472018287118657
0.000472018287118644
0.000472018287118657
0.000472018287118657
0.000472018287118653
0.000472018287118657
0.000472018287118643
0.000472018287118657
0.000472018287118655
0.000472018287118659
0.000472018287118655
0.000472018287118644
0.000472018287118653
0.000472018287118659
0.000472018287118655
0.000472018287118655
0.000472018287118647
0.000472018287118649
0.000472018287118659
0.000472018287118657
0.000472018287118655
0.000472018287118645
0.000472018287118655
0.000472018287118657
0.000472018287118655
0.000472018287118655
0.000472018287118647
0.000472018287118655
0.000472018287118651
0.000472018287118647
0.000472018287118655
0.000472018287118647
0.000472018287118659
0.000472018287118647
0.000472018287118651
0.000472018287118659
0.000472018287118644
0.000472018287118662
0.000472018287118647
0.000455337925479449
0.000455337925479449
0.000455337925479451
0.000455337925479451
0.000455337925479451
0.000455337925479451
0.000455337925479451
0.000455337925479448
0.000455337925479454
0.000455337925479448
0.000455337925479448
0.000455337925479454
0.000455337925479448
0.000455337925479454
0.000455337925479448
0.000455337925479448
0.000455337925479449
0.00045533792547945
0.000455337925479448
0.000455337925479448
0.000455337925479448
0.000455337925479448
0.00045533792547945
0.000455337925479448
0.000455337925479448
0.000455337925479448
0.000455337925479448
0.000455337925479451
0.000455337925479451
0.00045533792547945
0.00045533792547945
0.000455337925479451
0.000455337925479451
0.000455337925479452
0.00045533792547945
0.00045533792547945
0.000455337925479451
0.000455337925479451
0.000455337925479451
0.000455337925479451
0.000455337925479448
0.000455337925479451
0.000455337925479451
0.000455337925479451
0.000455337925479451
0.000455337925479448
0.000455337925479451
0.000455337925479451
0.000455337925479451
0.000455337925479451
0.000455337925479448
0.000455337925479451
0.000455337925479451
0.00045533792547945
0.000455337925479452
0.000455337925479448
0.00045533792547945
0.000455337925479447
0.000455337925479448
0.000455337925479452
0.000455337925479448
0.00045533792547945
0.000455337925479447
0.000455337925479448
0.000455337925479452
0.000455337925479448
0.00045533792547945
0.000455337925479447
0.000455337925479448
0.000455337925479452
0.000455337925479448
0.00045533792547945
0.000455337925479445
0.00045533792547945
0.000455337925479452
0.000455337925479448
0.00045533792547945
0.000455337925479445
0.00045533792547945
0.000455337925479452
0.000455337925479448
0.00045533792547945
0.000455337925479445
0.00045533792547945
0.000455337925479452
0.000455337925479448
0.00045533792547945
0.000455337925479445
0.00045533792547945
0.000455337925479452
0.000455337925479448
0.00045533792547945
0.000455337925479445
0.00045533792547945
0.000455337925479452
0.000455337925479448
0.00045533792547945
0.000455337925479445
0.00045533792547945
0.000455337925479452
0.000455337925479448
0.00045533792547945
0.000455337925479445
0.00045533792547945
0.000455337925479452
0.000455337925479448
0.00045533792547945
0.000455337925479443
0.000455337925479459
0.000455337925479447
0.000455337925479447
0.000455337925479455
0.000455337925479443
0.000455337925479459
0.000455337925479447
0.000455337925479447
0.000455337925479455
0.000455337925479443
0.000455337925479459
0.000455337925479447
0.000439247020800153
0.000439247020800153
0.000439247020800153
0.000439247020800153
0.000439247020800153
0.000439247020800153
0.000439247020800153
0.000439247020800155
0.000439247020800149
0.000439247020800155
0.000439247020800155
0.000439247020800149
0.000439247020800155
0.000439247020800149
0.000439247020800155
0.000439247020800155
0.000439247020800155
0.000439247020800152
0.000439247020800155
0.000439247020800154
0.000439247020800155
0.000439247020800156
0.000439247020800152
0.000439247020800155
0.000439247020800155
0.000439247020800155
0.000439247020800155
0.000439247020800153
0.000439247020800146
0.000439247020800153
0.000439247020800153
0.000439247020800146
0.000439247020800151
0.000439247020800148
0.000439247020800152
0.000439247020800152
0.000439247020800146
0.000439247020800153
0.000439247020800147
0.00043924702080015
0.000439247020800156
0.000439247020800145
0.000439247020800154
0.000439247020800146
0.000439247020800153
0.000439247020800154
0.000439247020800146
0.000439247020800152
0.000439247020800148
0.000439247020800151
0.000439247020800156
0.000439247020800145
0.000439247020800153
0.000439247020800145
0.000439247020800152
0.000439247020800156
0.000439247020800152
0.000439247020800145
0.000439247020800152
0.000439247020800154
0.000439247020800154
0.000439247020800154
0.000439247020800145
0.000439247020800152
0.000439247020800154
0.000439247020800151
0.000439247020800154
0.000439247020800147
0.00043924702080015
0.000439247020800154
0.000439247020800154
0.000439247020800152
0.000439247020800147
0.00043924702080015
0.000439247020800154
0.000439247020800154
0.000439247020800154
0.000439247020800145
0.000439247020800152
0.000439247020800148
0.000439247020800158
0.000439247020800152
0.000439247020800143
0.000439247020800152
0.000439247020800154
0.000439247020800156
0.000439247020800152
0.000439247020800145
0.000439247020800154
0.000439247020800152
0.000439247020800152
0.000439247020800154
0.000439247020800145
0.000439247020800152
0.000439247020800154
0.000439247020800152
0.000439247020800155
0.000439247020800145
0.00043924702080015
0.000439247020800152
0.000439247020800156
0.000439247020800154
0.000439247020800143
0.000439247020800152
0.00043924702080015
0.000439247020800158
0.000439247020800148
0.000439247020800147
0.000439247020800162
0.000439247020800147
0.000439247020800147
0.000439247020800165
0.000439247020800143
0.000439247020800165
0.000439247020800147
0.000439247020800143
0.000439247020800165
0.000439247020800143
0.000439247020800165
0.000439247020800147
0.000423724742626044
0.000423724742626044
0.000423724742626046
0.000423724742626046
0.000423724742626046
0.000423724742626046
0.000423724742626046
0.000423724742626045
0.000423724742626049
0.000423724742626045
0.000423724742626043
0.000423724742626049
0.000423724742626045
0.000423724742626049
0.000423724742626046
0.000423724742626043
0.000423724742626046
0.000423724742626047
0.000423724742626045
0.000423724742626046
0.000423724742626044
0.000423724742626045
0.000423724742626048
0.000423724742626046
0.000423724742626045
0.000423724742626044
0.000423724742626045
0.000423724742626048
0.000423724742626045
0.000423724742626047
0.000423724742626046
0.000423724742626045
0.000423724742626048
0.000423724742626045
0.000423724742626047
0.000423724742626047
0.000423724742626044
0.000423724742626047
0.000423724742626045
0.000423724742626047
0.000423724742626048
0.000423724742626045
0.000423724742626047
0.000423724742626043
0.000423724742626049
0.000423724742626047
0.000423724742626044
0.000423724742626049
0.000423724742626043
0.000423724742626047
0.000423724742626048
0.000423724742626045
0.000423724742626047
0.000423724742626043
0.000423724742626047
0.000423724742626049
0.000423724742626047
0.000423724742626044
0.000423724742626047
0.000423724742626047
0.000423724742626047
0.000423724742626045
0.000423724742626046
0.000423724742626045
0.000423724742626049
0.000423724742626047
0.000423724742626047
0.000423724742626044
0.000423724742626047
0.000423724742626047
0.000423724742626049
0.000423724742626045
0.000423724742626042
0.000423724742626047
0.000423724742626049
0.000423724742626045
0.000423724742626049
0.000423724742626042
0.000423724742626045
0.000423724742626049
0.000423724742626049
0.000423724742626047
0.000423724742626043
0.000423724742626049
0.000423724742626045
0.000423724742626049
0.000423724742626049
0.000423724742626039
0.000423724742626049
0.000423724742626049
0.000423724742626047
0.000423724742626047
0.000423724742626043
0.000423724742626047
0.000423724742626049
0.000423724742626049
0.000423724742626045
0.000423724742626043
0.000423724742626047
0.000423724742626047
0.000423724742626047
0.000423724742626049
0.000423724742626043
0.000423724742626049
0.000423724742626049
0.000423724742626045
0.000423724742626047
0.000423724742626041
0.000423724742626055
0.000423724742626041
0.000423724742626048
0.000423724742626052
0.000423724742626044
0.000423724742626052
0.000423724742626044
0.000423724742626044
0.000423724742626049
0.000423724742626048
0.000423724742626052
0.000423724742626044
0.000408750996618301
0.000408750996618301
0.000408750996618301
0.000408750996618301
0.000408750996618301
0.000408750996618301
0.000408750996618301
0.000408750996618301
0.000408750996618302
0.000408750996618301
0.000408750996618301
0.000408750996618302
0.000408750996618301
0.000408750996618302
0.000408750996618301
0.000408750996618301
0.000408750996618301
0.000408750996618304
0.000408750996618301
0.000408750996618301
0.000408750996618301
0.000408750996618301
0.000408750996618305
0.000408750996618301
0.000408750996618301
0.000408750996618301
0.0004087509966183
0.000408750996618306
0.000408750996618299
0.000408750996618304
0.000408750996618304
0.000408750996618299
0.000408750996618306
0.000408750996618299
0.000408750996618304
0.000408750996618304
0.000408750996618299
0.000408750996618306
0.000408750996618298
0.000408750996618305
0.000408750996618304
0.000408750996618299
0.000408750996618305
0.000408750996618299
0.000408750996618305
0.000408750996618304
0.000408750996618299
0.000408750996618305
0.000408750996618299
0.000408750996618305
0.000408750996618305
0.000408750996618299
0.000408750996618304
0.000408750996618298
0.000408750996618306
0.000408750996618306
0.000408750996618303
0.000408750996618297
0.000408750996618303
0.000408750996618306
0.000408750996618306
0.000408750996618303
0.000408750996618297
0.000408750996618303
0.000408750996618306
0.000408750996618306
0.000408750996618303
0.000408750996618297
0.000408750996618303
0.000408750996618306
0.000408750996618306
0.000408750996618303
0.000408750996618296
0.000408750996618304
0.000408750996618306
0.000408750996618306
0.000408750996618303
0.000408750996618296
0.000408750996618304
0.000408750996618306
0.000408750996618304
0.000408750996618304
0.000408750996618296
0.000408750996618304
0.000408750996618306
0.000408750996618304
0.000408750996618304
0.000408750996618296
0.000408750996618304
0.000408750996618306
0.000408750996618304
0.000408750996618304
0.000408750996618296
0.000408750996618304
0.000408750996618306
0.000408750996618304
0.000408750996618304
0.000408750996618296
0.000408750996618304
0.000408750996618306
0.000408750996618304
0.000408750996618306
0.000408750996618292
0.000408750996618308
0.000408750996618304
0.000408750996618304
0.000408750996618308
0.000408750996618291
0.000408750996618308
0.000408750996618297
0.000408750996618297
0.000408750996618308
0.000408750996618291
0.000408750996618308
0.000408750996618297
0.000408750996618297
0.000408750996618308
0.000408750996618291
0.000408750996618308
0.000408750996618297
0.000394306398538053
0.000394306398538053
0.000394306398538051
0.000394306398538049
0.000394306398538051
0.000394306398538051
0.000394306398538051
0.000394306398538051
0.000394306398538052
0.000394306398538051
0.000394306398538053
0.000394306398538052
0.000394306398538051
0.000394306398538052
0.000394306398538051
0.000394306398538053
0.000394306398538051
0.000394306398538053
0.000394306398538051
0.000394306398538051
0.000394306398538053
0.000394306398538051
0.000394306398538053
0.000394306398538051
0.000394306398538051
0.000394306398538053
0.000394306398538051
0.000394306398538052
0.000394306398538052
0.000394306398538052
0.000394306398538052
0.000394306398538051
0.000394306398538053
0.000394306398538051
0.000394306398538053
0.000394306398538052
0.000394306398538051
0.000394306398538053
0.000394306398538051
0.000394306398538052
0.000394306398538053
0.000394306398538051
0.000394306398538054
0.000394306398538051
0.000394306398538053
0.000394306398538053
0.000394306398538051
0.000394306398538053
0.000394306398538051
0.000394306398538052
0.000394306398538053
0.000394306398538051
0.000394306398538052
0.000394306398538053
0.000394306398538051
0.000394306398538054
0.000394306398538051
0.000394306398538049
0.000394306398538051
0.000394306398538054
0.000394306398538054
0.000394306398538051
0.000394306398538048
0.000394306398538051
0.000394306398538054
0.000394306398538052
0.000394306398538051
0.000394306398538048
0.000394306398538054
0.000394306398538052
0.000394306398538052
0.000394306398538052
0.000394306398538048
0.000394306398538051
0.000394306398538054
0.000394306398538052
0.000394306398538054
0.000394306398538044
0.000394306398538054
0.000394306398538051
0.000394306398538054
0.000394306398538052
0.000394306398538048
0.000394306398538051
0.000394306398538052
0.000394306398538055
0.000394306398538051
0.000394306398538046
0.000394306398538051
0.000394306398538055
0.000394306398538051
0.000394306398538055
0.000394306398538043
0.000394306398538054
0.000394306398538054
0.000394306398538052
0.000394306398538055
0.000394306398538043
0.000394306398538052
0.000394306398538052
0.000394306398538054
0.000394306398538052
0.000394306398538044
0.000394306398538054
0.000394306398538052
0.000394306398538052
0.000394306398538054
0.000394306398538048
0.000394306398538056
0.000394306398538048
0.000394306398538054
0.000394306398538056
0.000394306398538048
0.000394306398538056
0.000394306398538051
0.000394306398538048
0.000394306398538059
0.000394306398538044
0.000394306398538062
0.000394306398538048
0.000380372249155043
0.000380372249155043
0.000380372249155046
0.000380372249155048
0.000380372249155045
0.000380372249155046
0.000380372249155045
0.000380372249155045
0.000380372249155044
0.000380372249155045
0.000380372249155043
0.000380372249155044
0.000380372249155045
0.000380372249155044
0.000380372249155045
0.000380372249155043
0.000380372249155046
0.000380372249155044
0.000380372249155045
0.000380372249155045
0.000380372249155043
0.000380372249155046
0.000380372249155044
0.000380372249155045
0.000380372249155045
0.000380372249155043
0.000380372249155045
0.000380372249155045
0.000380372249155043
0.000380372249155045
0.000380372249155043
0.000380372249155044
0.000380372249155046
0.000380372249155043
0.000380372249155044
0.000380372249155044
0.000380372249155044
0.000380372249155044
0.000380372249155043
0.000380372249155044
0.000380372249155046
0.000380372249155043
0.000380372249155045
0.000380372249155044
0.000380372249155044
0.000380372249155045
0.000380372249155043
0.000380372249155045
0.000380372249155043
0.000380372249155045
0.000380372249155044
0.000380372249155044
0.000380372249155045
0.000380372249155043
0.000380372249155046
0.000380372249155044
0.000380372249155044
0.000380372249155038
0.000380372249155044
0.000380372249155046
0.000380372249155044
0.000380372249155043
0.000380372249155041
0.000380372249155043
0.000380372249155046
0.000380372249155046
0.000380372249155043
0.00038037224915504
0.000380372249155044
0.000380372249155044
0.000380372249155044
0.000380372249155044
0.000380372249155038
0.000380372249155046
0.000380372249155044
0.000380372249155044
0.000380372249155044
0.000380372249155038
0.000380372249155044
0.000380372249155044
0.000380372249155046
0.000380372249155046
0.000380372249155037
0.000380372249155044
0.000380372249155044
0.000380372249155046
0.000380372249155044
0.00038037224915504
0.000380372249155044
0.000380372249155044
0.000380372249155044
0.000380372249155046
0.000380372249155037
0.000380372249155044
0.000380372249155046
0.000380372249155044
0.000380372249155044
0.000380372249155037
0.000380372249155046
0.000380372249155044
0.000380372249155044
0.000380372249155044
0.00038037224915504
0.000380372249155044
0.000380372249155046
0.000380372249155044
0.000380372249155044
0.000380372249155037
0.000380372249155052
0.00038037224915504
0.00038037224915504
0.000380372249155049
0.00038037224915504
0.000380372249155049
0.00038037224915504
0.000380372249155037
0.000380372249155052
0.000380372249155037
0.000380372249155049
0.000380372249155043
0.000366930510039154
0.000366930510039154
0.000366930510039152
0.000366930510039152
0.000366930510039152
0.000366930510039152
0.000366930510039152
0.000366930510039151
0.000366930510039157
0.000366930510039152
0.000366930510039153
0.000366930510039157
0.000366930510039152
0.000366930510039157
0.000366930510039152
0.000366930510039153
0.000366930510039152
0.000366930510039157
0.000366930510039152
0.000366930510039152
0.000366930510039153
0.000366930510039151
0.000366930510039158
0.000366930510039151
0.000366930510039152
0.000366930510039153
0.000366930510039151
0.000366930510039158
0.00036693051003915
0.000366930510039158
0.000366930510039157
0.00036693051003915
0.000366930510039158
0.00036693051003915
0.000366930510039158
0.000366930510039157
0.00036693051003915
0.000366930510039158
0.00036693051003915
0.000366930510039158
0.000366930510039157
0.00036693051003915
0.000366930510039157
0.00036693051003915
0.000366930510039158
0.000366930510039157
0.00036693051003915
0.000366930510039157
0.00036693051003915
0.000366930510039158
0.000366930510039157
0.00036693051003915
0.000366930510039157
0.00036693051003915
0.000366930510039158
0.000366930510039157
0.000366930510039157
0.000366930510039149
0.000366930510039157
0.000366930510039158
0.000366930510039157
0.000366930510039157
0.000366930510039149
0.000366930510039157
0.000366930510039158
0.000366930510039157
0.000366930510039157
0.000366930510039149
0.000366930510039157
0.000366930510039158
0.000366930510039157
0.000366930510039157
0.000366930510039149
0.000366930510039157
0.000366930510039158
0.000366930510039157
0.000366930510039157
0.000366930510039149
0.000366930510039157
0.000366930510039158
0.000366930510039157
0.000366930510039157
0.000366930510039149
0.000366930510039157
0.000366930510039158
0.000366930510039156
0.000366930510039158
0.000366930510039148
0.000366930510039158
0.000366930510039158
0.000366930510039156
0.000366930510039158
0.000366930510039148
0.000366930510039158
0.000366930510039158
0.000366930510039156
0.000366930510039158
0.000366930510039148
0.000366930510039158
0.000366930510039158
0.000366930510039156
0.000366930510039158
0.000366930510039148
0.000366930510039158
0.000366930510039158
0.000366930510039156
0.000366930510039158
0.000366930510039148
0.000366930510039164
0.000366930510039151
0.00036693051003915
0.000366930510039161
0.000366930510039148
0.000366930510039164
0.000366930510039151
0.000366930510039148
0.000366930510039164
0.000366930510039148
0.000366930510039164
0.000366930510039151
0.000353963780209203
0.000353963780209203
0.000353963780209203
0.000353963780209201
0.000353963780209203
0.000353963780209203
0.000353963780209203
0.000353963780209201
0.000353963780209202
0.000353963780209201
0.000353963780209201
0.000353963780209201
0.000353963780209201
0.000353963780209201
0.000353963780209201
0.000353963780209201
0.000353963780209201
0.000353963780209202
0.000353963780209201
0.000353963780209201
0.000353963780209201
0.000353963780209201
0.000353963780209202
0.000353963780209201
0.000353963780209201
0.000353963780209201
0.000353963780209201
0.000353963780209202
0.000353963780209202
0.000353963780209201
0.000353963780209203
0.000353963780209201
0.000353963780209203
0.000353963780209202
0.000353963780209202
0.000353963780209203
0.000353963780209201
0.000353963780209203
0.000353963780209201
0.000353963780209203
0.000353963780209202
0.000353963780209201
0.000353963780209202
0.000353963780209202
0.000353963780209203
0.000353963780209202
0.000353963780209201
0.000353963780209202
0.000353963780209201
0.000353963780209203
0.000353963780209202
0.000353963780209202
0.000353963780209202
0.000353963780209202
0.000353963780209202
0.000353963780209202
0.000353963780209202
0.000353963780209198
0.000353963780209202
0.000353963780209201
0.000353963780209202
0.000353963780209205
0.000353963780209196
0.000353963780209201
0.000353963780209203
0.000353963780209202
0.000353963780209202
0.000353963780209198
0.000353963780209201
0.000353963780209203
0.000353963780209202
0.000353963780209203
0.000353963780209193
0.000353963780209205
0.000353963780209202
0.000353963780209203
0.000353963780209201
0.000353963780209196
0.000353963780209203
0.000353963780209202
0.000353963780209202
0.000353963780209202
0.000353963780209198
0.000353963780209201
0.000353963780209202
0.000353963780209202
0.000353963780209206
0.000353963780209193
0.0003539637802092
0.000353963780209205
0.000353963780209202
0.000353963780209202
0.000353963780209196
0.000353963780209202
0.000353963780209202
0.000353963780209202
0.000353963780209205
0.000353963780209193
0.000353963780209205
0.000353963780209202
0.000353963780209202
0.000353963780209202
0.000353963780209196
0.000353963780209203
0.000353963780209202
0.000353963780209202
0.000353963780209202
0.000353963780209198
0.000353963780209204
0.000353963780209198
0.000353963780209198
0.000353963780209204
0.000353963780209195
0.000353963780209207
0.000353963780209201
0.000353963780209195
0.000353963780209204
0.000353963780209198
0.000353963780209204
0.000353963780209195
0.00034145527360657
0.000341455273606609
0.000341455273606534
0.000341455273606575
0.000341455273606611
0.000341455273606611
0.000341455273606573
0.000341455273606497
0.000341455273606573
0.000341455273606652
0.000341455273606652
0.000341455273606653
0.000341455273606577
0.000341455273606534
0.000341455273606575
0.000341455273606613
0.000341455273606652
0.000341455273606649
0.000341455273606611
0.000341455273606574
0.000341455273606534
0.000341455273606496
0.000341455273606574
0.000341455273606574
0.000341455273606574
0.000341455273606652
0.000341455273606652
0.000341455273606576
0.000341455273606496
0.000341455273606573
0.000341455273606649
0.000341455273606649
0.000341455273606576
0.000341455273606495
0.000341455273606573
0.000341455273606575
0.000341455273606571
0.000341455273606575
0.000341455273606571
0.000341455273606649
0.000341455273606612
0.00034145527360661
0.000341455273606611
0.00034145527360661
0.000341455273606649
0.000341455273606652
0.000341455273606647
0.000341455273606613
0.000341455273606532
0.000341455273606496
0.000341455273606574
0.00034145527360657
0.000341455273606496
0.00034145527360657
0.000341455273606652
0.000341455273606651
0.000341455273606575
0.000341455273606494
0.000341455273606572
0.000341455273606652
0.000341455273606651
0.000341455273606651
0.000341455273606571
0.000341455273606573
0.000341455273606575
0.000341455273606572
0.000341455273606575
0.000341455273606495
0.000341455273606494
0.000341455273606575
0.000341455273606573
0.000341455273606534
0.00034145527360657
0.000341455273606534
0.000341455273606497
0.000341455273606494
0.000341455273606576
0.000341455273606646
0.000341455273606611
0.000341455273606537
0.000341455273606495
0.000341455273606495
0.00034145527360657
0.000341455273606577
0.000341455273606573
0.000341455273606575
0.000341455273606494
0.000341455273606492
0.000341455273606575
0.000341455273606651
0.00034145527360665
0.000341455273606654
0.000341455273606645
0.000341455273606652
0.000341455273606652
0.000341455273606573
0.000341455273606575
0.000341455273606604
0.000341455273606534
0.000341455273606498
0.000341455273606533
0.000341455273606615
0.000341455273606567
0.000341455273606575
0.000341455273606611
0.000341455273606575
0.000341455273606538
0.000341455273606527
0.000341455273606619
0.000341455273606608
0.000341455273606533
0.000341455273606502
0.000341455273606494
0.000341455273606579
0.000341455273606571
0.000341455273606569
0.000341455273606582
0.00034145527360653
0.000341455273606546
0.000341455273606491
0.000329388797364525
0.000329388797364486
0.000329388797364562
0.000329388797364525
0.000329388797364486
0.000329388797364484
0.000329388797364525
0.000329388797364602
0.000329388797364523
0.000329388797364447
0.000329388797364447
0.000329388797364443
0.000329388797364522
0.000329388797364562
0.000329388797364524
0.000329388797364486
0.000329388797364447
0.00032938879736445
0.000329388797364488
0.000329388797364524
0.000329388797364567
0.000329388797364602
0.000329388797364526
0.000329388797364525
0.000329388797364525
0.000329388797364447
0.000329388797364447
0.000329388797364524
0.000329388797364597
0.000329388797364526
0.000329388797364449
0.000329388797364444
0.000329388797364524
0.000329388797364597
0.000329388797364525
0.000329388797364524
0.000329388797364521
0.000329388797364524
0.000329388797364521
0.000329388797364451
0.000329388797364485
0.000329388797364484
0.000329388797364486
0.000329388797364483
0.00032938879736445
0.000329388797364448
0.000329388797364444
0.000329388797364485
0.000329388797364562
0.000329388797364603
0.000329388797364526
0.000329388797364521
0.000329388797364603
0.000329388797364522
0.000329388797364448
0.00032938879736445
0.000329388797364522
0.000329388797364599
0.000329388797364524
0.000329388797364449
0.000329388797364448
0.000329388797364447
0.000329388797364522
0.000329388797364526
0.000329388797364525
0.000329388797364526
0.000329388797364522
0.000329388797364601
0.000329388797364603
0.000329388797364524
0.000329388797364527
0.000329388797364567
0.000329388797364519
0.000329388797364563
0.000329388797364603
0.000329388797364605
0.000329388797364527
0.000329388797364441
0.000329388797364489
0.000329388797364563
0.000329388797364603
0.000329388797364605
0.000329388797364518
0.000329388797364526
0.000329388797364526
0.000329388797364524
0.000329388797364605
0.000329388797364599
0.000329388797364524
0.000329388797364449
0.000329388797364448
0.000329388797364448
0.000329388797364443
0.000329388797364449
0.000329388797364447
0.000329388797364527
0.000329388797364526
0.000329388797364484
0.000329388797364563
0.000329388797364605
0.000329388797364567
0.000329388797364484
0.000329388797364519
0.000329388797364528
0.000329388797364488
0.000329388797364527
0.000329388797364563
0.000329388797364561
0.000329388797364491
0.000329388797364485
0.000329388797364561
0.000329388797364605
0.000329388797364599
0.000329388797364527
0.000329388797364522
0.000329388797364522
0.000329388797364527
0.000329388797364561
0.000329388797364561
0.000329388797364602
0.000317748730846203
0.000317748730846204
0.000317748730846204
0.000317748730846201
0.000317748730846201
0.000317748730846204
0.000317748730846201
0.000317748730846201
0.000317748730846202
0.000317748730846201
0.000317748730846201
0.000317748730846202
0.000317748730846201
0.000317748730846202
0.000317748730846199
0.000317748730846201
0.000317748730846199
0.000317748730846202
0.000317748730846199
0.000317748730846199
0.000317748730846201
0.000317748730846199
0.000317748730846202
0.000317748730846199
0.000317748730846199
0.0003177487308462
0.000317748730846199
0.000317748730846202
0.000317748730846202
0.000317748730846202
0.000317748730846201
0.000317748730846203
0.000317748730846202
0.000317748730846202
0.000317748730846202
0.000317748730846202
0.000317748730846202
0.000317748730846203
0.000317748730846202
0.000317748730846202
0.000317748730846202
0.000317748730846202
0.000317748730846203
0.000317748730846202
0.000317748730846202
0.000317748730846202
0.000317748730846202
0.000317748730846203
0.000317748730846202
0.000317748730846202
0.000317748730846202
0.000317748730846201
0.000317748730846203
0.000317748730846202
0.000317748730846202
0.000317748730846202
0.000317748730846201
0.000317748730846199
0.000317748730846202
0.000317748730846202
0.000317748730846202
0.000317748730846201
0.000317748730846199
0.000317748730846202
0.000317748730846202
0.000317748730846202
0.000317748730846202
0.000317748730846198
0.000317748730846201
0.000317748730846203
0.000317748730846202
0.000317748730846202
0.000317748730846198
0.000317748730846201
0.000317748730846203
0.000317748730846202
0.000317748730846202
0.000317748730846198
0.000317748730846201
0.000317748730846203
0.000317748730846202
0.000317748730846202
0.000317748730846198
0.000317748730846201
0.000317748730846203
0.000317748730846202
0.000317748730846202
0.000317748730846198
0.000317748730846201
0.000317748730846203
0.000317748730846202
0.000317748730846202
0.000317748730846198
0.000317748730846201
0.000317748730846203
0.000317748730846202
0.000317748730846202
0.000317748730846198
0.000317748730846199
0.000317748730846204
0.000317748730846202
0.000317748730846202
0.000317748730846198
0.000317748730846199
0.000317748730846204
0.000317748730846202
0.000317748730846202
0.000317748730846198
0.000317748730846205
0.000317748730846201
0.000317748730846198
0.000317748730846208
0.000317748730846198
0.000317748730846205
0.000317748730846201
0.000317748730846198
0.000317748730846208
0.000317748730846198
0.000317748730846205
0.000317748730846201
0.000306520005422846
0.000306520005422846
0.000306520005422848
0.000306520005422848
0.000306520005422848
0.000306520005422848
0.000306520005422848
0.000306520005422848
0.00030652000542285
0.000306520005422848
0.000306520005422848
0.000306520005422851
0.000306520005422848
0.00030652000542285
0.00030652000542285
0.000306520005422847
0.00030652000542285
0.000306520005422849
0.00030652000542285
0.00030652000542285
0.000306520005422847
0.00030652000542285
0.000306520005422849
0.00030652000542285
0.00030652000542285
0.000306520005422848
0.00030652000542285
0.000306520005422849
0.000306520005422846
0.000306520005422849
0.000306520005422849
0.000306520005422846
0.000306520005422849
0.000306520005422847
0.000306520005422848
0.000306520005422849
0.000306520005422846
0.000306520005422849
0.000306520005422846
0.00030652000542285
0.000306520005422849
0.000306520005422846
0.000306520005422849
0.000306520005422847
0.000306520005422849
0.000306520005422849
0.000306520005422846
0.000306520005422849
0.000306520005422846
0.000306520005422849
0.000306520005422849
0.000306520005422847
0.000306520005422848
0.000306520005422847
0.000306520005422847
0.00030652000542285
0.000306520005422849
0.000306520005422844
0.000306520005422849
0.00030652000542285
0.000306520005422849
0.000306520005422849
0.000306520005422845
0.000306520005422847
0.00030652000542285
0.000306520005422849
0.000306520005422847
0.000306520005422846
0.000306520005422847
0.000306520005422849
0.000306520005422851
0.000306520005422847
0.000306520005422844
0.000306520005422849
0.00030652000542285
0.000306520005422849
0.00030652000542285
0.000306520005422841
0.000306520005422851
0.000306520005422849
0.000306520005422849
0.000306520005422849
0.000306520005422844
0.000306520005422849
0.00030652000542285
0.000306520005422847
0.00030652000542285
0.000306520005422844
0.000306520005422849
0.00030652000542285
0.000306520005422849
0.00030652000542285
0.000306520005422842
0.00030652000542285
0.000306520005422847
0.000306520005422851
0.000306520005422847
0.000306520005422844
0.000306520005422849
0.00030652000542285
0.000306520005422849
0.000306520005422849
0.000306520005422843
0.000306520005422851
0.000306520005422849
0.000306520005422847
0.000306520005422847
0.000306520005422847
0.000306520005422848
0.000306520005422845
0.000306520005422847
0.00030652000542285
0.000306520005422842
0.000306520005422852
0.000306520005422843
0.000306520005422845
0.000306520005422855
0.00030652000542284
0.000306520005422852
0.000306520005422845
0.000295688084966401
0.000295688084966401
0.000295688084966399
0.000295688084966399
0.000295688084966399
0.000295688084966399
0.000295688084966399
0.000295688084966399
0.000295688084966399
0.000295688084966399
0.000295688084966399
0.000295688084966399
0.000295688084966399
0.000295688084966399
0.000295688084966399
0.000295688084966399
0.000295688084966399
0.0002956880849664
0.000295688084966399
0.000295688084966399
0.000295688084966399
0.000295688084966399
0.0002956880849664
0.000295688084966399
0.000295688084966399
0.000295688084966399
0.000295688084966399
0.0002956880849664
0.000295688084966397
0.0002956880849664
0.000295688084966399
0.000295688084966398
0.0002956880849664
0.000295688084966397
0.0002956880849664
0.000295688084966399
0.000295688084966399
0.0002956880849664
0.000295688084966397
0.0002956880849664
0.0002956880849664
0.000295688084966397
0.0002956880849664
0.000295688084966398
0.0002956880849664
0.0002956880849664
0.000295688084966397
0.0002956880849664
0.000295688084966397
0.0002956880849664
0.0002956880849664
0.000295688084966397
0.000295688084966399
0.000295688084966398
0.0002956880849664
0.000295688084966401
0.0002956880849664
0.000295688084966395
0.0002956880849664
0.000295688084966401
0.000295688084966399
0.0002956880849664
0.000295688084966397
0.000295688084966399
0.000295688084966401
0.0002956880849664
0.000295688084966399
0.000295688084966396
0.000295688084966401
0.0002956880849664
0.000295688084966399
0.0002956880849664
0.000295688084966395
0.000295688084966402
0.000295688084966399
0.000295688084966401
0.0002956880849664
0.000295688084966395
0.0002956880849664
0.0002956880849664
0.000295688084966399
0.000295688084966402
0.000295688084966394
0.000295688084966401
0.000295688084966401
0.0002956880849664
0.000295688084966401
0.000295688084966395
0.000295688084966399
0.000295688084966401
0.000295688084966399
0.000295688084966401
0.000295688084966395
0.0002956880849664
0.000295688084966401
0.000295688084966399
0.000295688084966399
0.000295688084966396
0.000295688084966402
0.000295688084966399
0.0002956880849664
0.000295688084966401
0.000295688084966395
0.0002956880849664
0.0002956880849664
0.000295688084966399
0.000295688084966402
0.000295688084966394
0.000295688084966405
0.000295688084966396
0.000295688084966396
0.000295688084966408
0.000295688084966396
0.000295688084966405
0.000295688084966396
0.000295688084966394
0.000295688084966405
0.000295688084966396
0.000295688084966408
0.000295688084966396
0.000285238947032256
0.000285238947032256
0.000285238947032254
0.000285238947032254
0.000285238947032254
0.000285238947032254
0.000285238947032254
0.000285238947032253
0.000285238947032254
0.000285238947032253
0.000285238947032253
0.000285238947032254
0.000285238947032217
0.000285238947032142
0.00028523894703218
0.000285238947032253
0.000285238947032253
0.000285238947032255
0.000285238947032253
0.000285238947032253
0.000285238947032217
0.000285238947032141
0.00028523894703218
0.000285238947032253
0.000285238947032253
0.000285238947032253
0.000285238947032254
0.000285238947032254
0.000285238947032253
0.000285238947032254
0.000285238947032254
0.000285238947032253
0.000285238947032254
0.000285238947032253
0.000285238947032254
0.000285238947032255
0.000285238947032251
0.000285238947032255
0.000285238947032253
0.000285238947032254
0.000285238947032255
0.000285238947032177
0.000285238947032179
0.000285238947032253
0.000285238947032255
0.000285238947032255
0.000285238947032251
0.000285238947032255
0.000285238947032252
0.000285238947032179
0.000285238947032179
0.000285238947032252
0.000285238947032255
0.000285238947032253
0.000285238947032253
0.000285238947032255
0.000285238947032254
0.000285238947032253
0.000285238947032253
0.000285238947032255
0.000285238947032179
0.000285238947032179
0.000285238947032252
0.000285238947032255
0.000285238947032254
0.000285238947032254
0.000285238947032253
0.000285238947032254
0.000285238947032253
0.000285238947032179
0.000285238947032104
0.00028523894703218
0.00028523894703225
0.000285238947032255
0.000285238947032254
0.000285238947032255
0.000285238947032254
0.000285238947032173
0.00028523894703218
0.000285238947032254
0.000285238947032257
0.000285238947032253
0.000285238947032251
0.000285238947032257
0.000285238947032254
0.000285238947032253
0.000285238947032257
0.000285238947032251
0.000285238947032255
0.000285238947032179
0.000285238947032103
0.00028523894703218
0.000285238947032251
0.000285238947032254
0.000285238947032255
0.000285238947032254
0.000285238947032254
0.000285238947032174
0.000285238947032179
0.000285238947032255
0.000285238947032254
0.000285238947032254
0.000285238947032253
0.000285238947032253
0.000285238947032254
0.000285238947032255
0.000285238947032254
0.000285238947032253
0.000285238947032258
0.000285238947032251
0.000285238947032255
0.000285238947032258
0.000285238947032251
0.00028523894703226
0.000285238947032253
0.000285238947032214
0.000285238947032221
0.000285238947032251
0.000285238947032258
0.000285238947032255
0.000275159064705743
0.000275159064705743
0.000275159064705743
0.000275159064705743
0.000275159064705743
0.000275159064705743
0.000275159064705743
0.000275159064705743
0.000275159064705746
0.000275159064705743
0.000275159064705743
0.000275159064705746
0.00027515906470578
0.000275159064705858
0.000275159064705814
0.000275159064705743
0.000275159064705741
0.000275159064705746
0.000275159064705741
0.000275159064705741
0.000275159064705779
0.000275159064705853
0.000275159064705822
0.000275159064705741
0.000275159064705741
0.000275159064705743
0.000275159064705741
0.000275159064705746
0.000275159064705745
0.000275159064705746
0.000275159064705746
0.000275159064705745
0.000275159064705746
0.000275159064705745
0.000275159064705746
0.000275159064705746
0.000275159064705745
0.000275159064705746
0.000275159064705745
0.000275159064705746
0.000275159064705746
0.00027515906470582
0.000275159064705822
0.000275159064705745
0.000275159064705746
0.000275159064705746
0.000275159064705744
0.000275159064705747
0.000275159064705745
0.000275159064705821
0.000275159064705822
0.000275159064705744
0.000275159064705747
0.000275159064705745
0.000275159064705746
0.000275159064705746
0.000275159064705745
0.00027515906470574
0.000275159064705746
0.000275159064705746
0.000275159064705822
0.000275159064705821
0.00027515906470574
0.000275159064705746
0.000275159064705746
0.000275159064705746
0.000275159064705745
0.00027515906470574
0.000275159064705746
0.000275159064705821
0.000275159064705898
0.000275159064705822
0.000275159064705739
0.000275159064705746
0.000275159064705746
0.000275159064705746
0.000275159064705746
0.000275159064705815
0.000275159064705822
0.000275159064705747
0.000275159064705746
0.000275159064705746
0.000275159064705739
0.000275159064705745
0.000275159064705747
0.000275159064705746
0.000275159064705746
0.000275159064705739
0.000275159064705745
0.000275159064705822
0.000275159064705898
0.000275159064705822
0.000275159064705739
0.000275159064705745
0.000275159064705747
0.000275159064705746
0.000275159064705746
0.000275159064705815
0.000275159064705822
0.000275159064705747
0.000275159064705746
0.000275159064705746
0.000275159064705739
0.000275159064705745
0.000275159064705747
0.000275159064705746
0.000275159064705746
0.000275159064705739
0.000275159064705747
0.000275159064705741
0.000275159064705739
0.00027515906470575
0.000275159064705739
0.000275159064705747
0.000275159064705741
0.000275159064705775
0.000275159064705788
0.000275159064705739
0.000275159064705747
0.000275159064705741
0.000265435389092248
0.000265435389092248
0.00026543538909225
0.00026543538909225
0.00026543538909225
0.00026543538909225
0.00026543538909225
0.00026543538909225
0.000265435389092248
0.00026543538909225
0.00026543538909225
0.000265435389092248
0.00026543538909225
0.000265435389092248
0.000265435389092252
0.00026543538909225
0.000265435389092252
0.000265435389092248
0.000265435389092252
0.000265435389092252
0.00026543538909225
0.000265435389092252
0.000265435389092249
0.000265435389092252
0.000265435389092252
0.00026543538909225
0.000265435389092252
0.000265435389092249
0.000265435389092246
0.000265435389092248
0.000265435389092248
0.000265435389092247
0.000265435389092249
0.000265435389092246
0.000265435389092248
0.000265435389092248
0.000265435389092246
0.000265435389092249
0.000265435389092246
0.000265435389092249
0.000265435389092249
0.000265435389092246
0.000265435389092249
0.000265435389092246
0.000265435389092249
0.000265435389092249
0.000265435389092246
0.000265435389092249
0.000265435389092246
0.000265435389092249
0.000265435389092249
0.000265435389092246
0.000265435389092249
0.000265435389092245
0.000265435389092249
0.000265435389092249
0.000265435389092247
0.000265435389092248
0.000265435389092247
0.000265435389092249
0.000265435389092249
0.000265435389092246
0.000265435389092249
0.000265435389092247
0.000265435389092249
0.000265435389092249
0.000265435389092246
0.000265435389092249
0.000265435389092247
0.000265435389092249
0.000265435389092249
0.000265435389092247
0.000265435389092247
0.000265435389092248
0.000265435389092249
0.000265435389092249
0.000265435389092247
0.000265435389092247
0.000265435389092248
0.000265435389092249
0.000265435389092249
0.000265435389092248
0.000265435389092245
0.000265435389092248
0.000265435389092249
0.000265435389092249
0.000265435389092248
0.000265435389092245
0.000265435389092248
0.000265435389092249
0.000265435389092249
0.000265435389092248
0.000265435389092245
0.000265435389092248
0.000265435389092249
0.000265435389092249
0.000265435389092248
0.000265435389092245
0.000265435389092248
0.000265435389092249
0.000265435389092249
0.000265435389092248
0.000265435389092245
0.000265435389092248
0.000265435389092249
0.000265435389092249
0.000265435389092249
0.000265435389092243
0.000265435389092256
0.000265435389092248
0.000265435389092248
0.000265435389092256
0.000265435389092243
0.000265435389092256
0.000265435389092248
0.000265435389092248
0.000265435389092256
0.000265435389092243
0.000265435389092254
0.00026543538909225
0.000256055332423655
0.000256055332423655
0.000256055332423655
0.000256055332423655
0.000256055332423655
0.000256055332423655
0.000256055332423655
0.000256055332423655
0.000256055332423655
0.000256055332423655
0.000256055332423654
0.000256055332423655
0.000256055332423654
0.000256055332423655
0.000256055332423655
0.000256055332423655
0.000256055332423654
0.000256055332423656
0.000256055332423654
0.000256055332423655
0.000256055332423654
0.000256055332423655
0.000256055332423656
0.000256055332423654
0.000256055332423655
0.000256055332423654
0.000256055332423655
0.000256055332423655
0.000256055332423654
0.000256055332423655
0.000256055332423655
0.000256055332423654
0.000256055332423655
0.000256055332423653
0.000256055332423656
0.000256055332423656
0.000256055332423653
0.000256055332423655
0.000256055332423653
0.000256055332423656
0.000256055332423656
0.000256055332423653
0.000256055332423656
0.000256055332423653
0.000256055332423656
0.000256055332423656
0.000256055332423653
0.000256055332423656
0.000256055332423653
0.000256055332423656
0.000256055332423656
0.000256055332423653
0.000256055332423656
0.000256055332423654
0.000256055332423655
0.000256055332423655
0.000256055332423654
0.000256055332423656
0.000256055332423655
0.000256055332423655
0.000256055332423655
0.000256055332423654
0.000256055332423655
0.000256055332423656
0.000256055332423655
0.000256055332423655
0.000256055332423654
0.000256055332423655
0.000256055332423656
0.000256055332423655
0.000256055332423655
0.000256055332423656
0.000256055332423653
0.000256055332423656
0.000256055332423655
0.000256055332423655
0.000256055332423656
0.000256055332423653
0.000256055332423656
0.000256055332423655
0.000256055332423655
0.000256055332423656
0.000256055332423653
0.000256055332423655
0.000256055332423656
0.000256055332423655
0.000256055332423656
0.000256055332423653
0.000256055332423655
0.000256055332423656
0.000256055332423655
0.000256055332423656
0.000256055332423653
0.000256055332423655
0.000256055332423656
0.000256055332423655
0.000256055332423656
0.000256055332423653
0.000256055332423655
0.000256055332423656
0.000256055332423655
0.000256055332423656
0.000256055332423653
0.000256055332423655
0.000256055332423656
0.000256055332423655
0.000256055332423655
0.000256055332423655
0.000256055332423654
0.000256055332423657
0.000256055332423655
0.000256055332423656
0.000256055332423655
0.000256055332423654
0.000256055332423657
0.000256055332423655
0.000256055332423656
0.000256055332423655
0.000256055332423654
0.000256055332423657
0.000247006751762553
0.000247006751762553
0.000247006751762551
0.000247006751762551
0.000247006751762551
0.000247006751762551
0.000247006751762551
0.00024700675176255
0.000247006751762553
0.00024700675176255
0.000247006751762551
0.000247006751762553
0.00024700675176255
0.000247006751762554
0.00024700675176255
0.00024700675176255
0.000247006751762551
0.000247006751762551
0.000247006751762551
0.00024700675176255
0.000247006751762551
0.000247006751762551
0.000247006751762552
0.000247006751762551
0.000247006751762551
0.00024700675176255
0.000247006751762551
0.000247006751762552
0.000247006751762549
0.000247006751762552
0.000247006751762551
0.000247006751762549
0.000247006751762552
0.00024700675176255
0.000247006751762551
0.000247006751762552
0.00024700675176255
0.000247006751762552
0.000247006751762548
0.000247006751762552
0.000247006751762552
0.000247006751762549
0.000247006751762551
0.00024700675176255
0.000247006751762551
0.000247006751762552
0.000247006751762549
0.000247006751762552
0.00024700675176255
0.000247006751762551
0.000247006751762552
0.000247006751762548
0.000247006751762552
0.000247006751762549
0.000247006751762552
0.000247006751762552
0.000247006751762549
0.000247006751762546
0.000247006751762552
0.000247006751762551
0.000247006751762551
0.000247006751762551
0.000247006751762546
0.00024700675176255
0.000247006751762551
0.000247006751762552
0.000247006751762551
0.000247006751762546
0.00024700675176255
0.000247006751762551
0.000247006751762552
0.000247006751762551
0.000247006751762546
0.000247006751762551
0.000247006751762551
0.000247006751762552
0.00024700675176255
0.000247006751762544
0.000247006751762552
0.000247006751762551
0.000247006751762551
0.000247006751762553
0.000247006751762544
0.000247006751762551
0.000247006751762551
0.000247006751762551
0.000247006751762551
0.000247006751762546
0.000247006751762551
0.000247006751762551
0.000247006751762554
0.000247006751762549
0.000247006751762545
0.000247006751762551
0.000247006751762552
0.000247006751762551
0.000247006751762551
0.000247006751762546
0.000247006751762551
0.000247006751762551
0.000247006751762552
0.000247006751762552
0.000247006751762542
0.000247006751762551
0.000247006751762551
0.000247006751762553
0.000247006751762551
0.000247006751762544
0.000247006751762556
0.000247006751762546
0.000247006751762544
0.000247006751762558
0.000247006751762542
0.000247006751762554
0.000247006751762546
0.000247006751762546
0.000247006751762556
0.000247006751762546
0.000247006751762554
0.000247006751762546
0.000238277933284348
0.000238277933284348
0.000238277933284348
0.000238277933284348
0.000238277933284348
0.000238277933284348
0.000238277933284348
0.000238277933284347
0.000238277933284348
0.000238277933284347
0.000238277933284347
0.000238277933284348
0.000238277933284348
0.000238277933284348
0.000238277933284347
0.000238277933284347
0.000238277933284348
0.000238277933284348
0.000238277933284348
0.000238277933284348
0.000238277933284347
0.000238277933284347
0.000238277933284349
0.000238277933284347
0.000238277933284348
0.000238277933284347
0.000238277933284347
0.000238277933284349
0.000238277933284347
0.000238277933284348
0.000238277933284348
0.000238277933284346
0.000238277933284349
0.000238277933284347
0.000238277933284348
0.000238277933284348
0.000238277933284346
0.000238277933284349
0.000238277933284346
0.000238277933284349
0.000238277933284348
0.000238277933284346
0.000238277933284349
0.000238277933284346
0.000238277933284349
0.000238277933284349
0.000238277933284346
0.000238277933284348
0.000238277933284346
0.000238277933284349
0.000238277933284349
0.000238277933284346
0.000238277933284348
0.000238277933284346
0.000238277933284349
0.000238277933284348
0.000238277933284348
0.000238277933284345
0.000238277933284347
0.000238277933284349
0.000238277933284348
0.000238277933284348
0.000238277933284345
0.000238277933284347
0.000238277933284349
0.000238277933284348
0.000238277933284348
0.000238277933284345
0.000238277933284347
0.000238277933284349
0.000238277933284348
0.000238277933284348
0.000238277933284345
0.000238277933284348
0.000238277933284349
0.000238277933284348
0.000238277933284348
0.000238277933284345
0.000238277933284348
0.000238277933284349
0.000238277933284348
0.000238277933284348
0.000238277933284345
0.000238277933284348
0.000238277933284349
0.000238277933284348
0.000238277933284348
0.000238277933284344
0.00023827793328435
0.000238277933284348
0.000238277933284348
0.000238277933284349
0.000238277933284343
0.00023827793328435
0.000238277933284348
0.000238277933284348
0.000238277933284349
0.000238277933284343
0.00023827793328435
0.000238277933284348
0.000238277933284348
0.000238277933284349
0.000238277933284343
0.00023827793328435
0.000238277933284348
0.000238277933284348
0.000238277933284348
0.000238277933284344
0.000238277933284351
0.000238277933284345
0.000238277933284345
0.000238277933284349
0.000238277933284344
0.000238277933284351
0.000238277933284345
0.000238277933284345
0.000238277933284349
0.000238277933284344
0.000238277933284351
0.000238277933284345
0.000229857577111203
0.000229857577111203
0.000229857577111203
0.000229857577111203
0.000229857577111203
0.000229857577111203
0.000229857577111203
0.000229857577111203
0.000229857577111204
0.000229857577111203
0.000229857577111203
0.000229857577111204
0.000229857577111203
0.000229857577111203
0.000229857577111203
0.000229857577111203
0.000229857577111203
0.000229857577111204
0.000229857577111203
0.000229857577111203
0.000229857577111203
0.000229857577111203
0.000229857577111204
0.000229857577111203
0.000229857577111203
0.000229857577111203
0.000229857577111203
0.000229857577111204
0.000229857577111202
0.000229857577111204
0.000229857577111204
0.000229857577111202
0.000229857577111204
0.000229857577111202
0.000229857577111204
0.000229857577111204
0.000229857577111202
0.000229857577111205
0.000229857577111202
0.000229857577111204
0.000229857577111205
0.000229857577111201
0.000229857577111204
0.000229857577111202
0.000229857577111204
0.000229857577111204
0.000229857577111202
0.000229857577111204
0.000229857577111202
0.000229857577111204
0.000229857577111204
0.000229857577111202
0.000229857577111204
0.000229857577111202
0.000229857577111204
0.000229857577111205
0.000229857577111203
0.000229857577111202
0.000229857577111204
0.000229857577111204
0.000229857577111204
0.000229857577111204
0.000229857577111201
0.000229857577111203
0.000229857577111205
0.000229857577111204
0.000229857577111205
0.0002298575771112
0.000229857577111202
0.000229857577111206
0.000229857577111202
0.000229857577111206
0.000229857577111201
0.000229857577111202
0.000229857577111206
0.000229857577111204
0.000229857577111204
0.000229857577111199
0.000229857577111205
0.000229857577111204
0.000229857577111206
0.000229857577111204
0.000229857577111199
0.000229857577111204
0.000229857577111204
0.000229857577111204
0.000229857577111205
0.0002298575771112
0.000229857577111205
0.000229857577111204
0.000229857577111204
0.000229857577111204
0.0002298575771112
0.000229857577111205
0.000229857577111204
0.000229857577111204
0.000229857577111204
0.000229857577111201
0.000229857577111201
0.000229857577111207
0.000229857577111205
0.000229857577111204
0.000229857577111198
0.000229857577111206
0.000229857577111204
0.000229857577111204
0.000229857577111204
0.000229857577111199
0.000229857577111212
0.000229857577111197
0.000229857577111203
0.000229857577111209
0.000229857577111197
0.000229857577111211
0.000229857577111203
0.000229857577111201
0.000229857577111209
0.000229857577111201
0.000229857577111209
0.000229857577111201
0.000221734782684899
0.000221734782684899
0.000221734782684901
0.000221734782684901
0.000221734782684901
0.000221734782684901
0.000221734782684902
0.000221734782684899
0.000221734782684899
0.000221734782684899
0.000221734782684899
0.000221734782684899
0.000221734782684899
0.000221734782684899
0.000221734782684899
0.000221734782684899
0.000221734782684899
0.000221734782684902
0.000221734782684899
0.000221734782684899
0.000221734782684899
0.000221734782684899
0.000221734782684902
0.000221734782684899
0.000221734782684899
0.000221734782684899
0.000221734782684899
0.000221734782684902
0.000221734782684901
0.000221734782684902
0.000221734782684902
0.0002217347826849
0.000221734782684902
0.0002217347826849
0.000221734782684902
0.000221734782684902
0.0002217347826849
0.000221734782684902
0.0002217347826849
0.000221734782684902
0.000221734782684902
0.000221734782684901
0.000221734782684902
0.0002217347826849
0.000221734782684902
0.000221734782684902
0.000221734782684901
0.000221734782684901
0.000221734782684901
0.000221734782684902
0.000221734782684902
0.0002217347826849
0.000221734782684902
0.000221734782684901
0.000221734782684902
0.000221734782684902
0.000221734782684902
0.0002217347826849
0.0002217347826849
0.000221734782684903
0.000221734782684902
0.000221734782684903
0.000221734782684898
0.000221734782684902
0.000221734782684902
0.000221734782684903
0.000221734782684901
0.000221734782684899
0.000221734782684902
0.000221734782684901
0.000221734782684903
0.000221734782684902
0.000221734782684898
0.000221734782684902
0.000221734782684902
0.000221734782684903
0.000221734782684902
0.000221734782684898
0.000221734782684902
0.000221734782684903
0.000221734782684902
0.000221734782684901
0.000221734782684898
0.000221734782684904
0.000221734782684902
0.000221734782684902
0.000221734782684903
0.000221734782684897
0.000221734782684904
0.000221734782684901
0.000221734782684903
0.000221734782684902
0.000221734782684899
0.000221734782684902
0.000221734782684902
0.000221734782684901
0.000221734782684903
0.000221734782684898
0.000221734782684902
0.000221734782684902
0.000221734782684904
0.000221734782684901
0.000221734782684899
0.000221734782684901
0.000221734782684902
0.000221734782684903
0.0002217347826849
0.000221734782684901
0.000221734782684902
0.000221734782684899
0.000221734782684899
0.000221734782684902
0.000221734782684899
0.000221734782684902
0.000221734782684898
0.000221734782684903
0.000221734782684901
0.000221734782684898
0.000221734782684902
0.000221734782684901
0.000213899034655496
0.000213899034655496
0.000213899034655498
0.000213899034655498
0.000213899034655498
0.000213899034655498
0.000213899034655498
0.0002138990346555
0.000213899034655498
0.0002138990346555
0.0002138990346555
0.000213899034655499
0.0002138990346555
0.000213899034655498
0.0002138990346555
0.0002138990346555
0.0002138990346555
0.000213899034655497
0.0002138990346555
0.0002138990346555
0.0002138990346555
0.0002138990346555
0.000213899034655497
0.0002138990346555
0.0002138990346555
0.0002138990346555
0.0002138990346555
0.000213899034655496
0.000213899034655498
0.000213899034655496
0.000213899034655496
0.000213899034655497
0.000213899034655497
0.000213899034655497
0.000213899034655496
0.000213899034655497
0.000213899034655496
0.000213899034655496
0.000213899034655497
0.000213899034655497
0.000213899034655497
0.000213899034655497
0.000213899034655496
0.000213899034655497
0.000213899034655497
0.000213899034655497
0.000213899034655497
0.000213899034655497
0.000213899034655496
0.000213899034655497
0.000213899034655497
0.000213899034655497
0.000213899034655496
0.000213899034655496
0.000213899034655496
0.000213899034655496
0.000213899034655497
0.000213899034655495
0.000213899034655496
0.000213899034655496
0.000213899034655496
0.000213899034655496
0.000213899034655495
0.000213899034655496
0.000213899034655496
0.000213899034655497
0.000213899034655496
0.000213899034655494
0.000213899034655496
0.000213899034655496
0.000213899034655498
0.000213899034655496
0.000213899034655492
0.000213899034655496
0.000213899034655497
0.000213899034655496
0.000213899034655497
0.000213899034655492
0.000213899034655496
0.000213899034655497
0.000213899034655497
0.000213899034655497
0.000213899034655492
0.000213899034655497
0.000213899034655496
0.000213899034655497
0.000213899034655496
0.000213899034655493
0.000213899034655497
0.000213899034655496
0.000213899034655497
0.000213899034655496
0.000213899034655493
0.000213899034655496
0.000213899034655497
0.000213899034655497
0.000213899034655496
0.000213899034655492
0.000213899034655497
0.000213899034655496
0.000213899034655496
0.000213899034655497
0.000213899034655493
0.000213899034655497
0.000213899034655495
0.000213899034655498
0.000213899034655496
0.000213899034655492
0.000213899034655505
0.000213899034655492
0.000213899034655496
0.000213899034655502
0.000213899034655496
0.000213899034655503
0.000213899034655494
0.000213899034655496
0.0002138990346555
0.000213899034655496
0.000213899034655502
0.000213899034655496
0.000206340189268201
0.000206340189268202
0.000206340189268199
0.000206340189268199
0.000206340189268199
0.000206340189268199
0.000206340189268199
0.000206340189268199
0.000206340189268197
0.000206340189268199
0.000206340189268197
0.000206340189268197
0.000206340189268199
0.000206340189268198
0.000206340189268199
0.000206340189268197
0.000206340189268199
0.000206340189268202
0.000206340189268199
0.000206340189268199
0.000206340189268197
0.000206340189268199
0.000206340189268202
0.000206340189268199
0.000206340189268199
0.000206340189268197
0.000206340189268199
0.000206340189268202
0.0002063401892682
0.000206340189268202
0.000206340189268202
0.0002063401892682
0.000206340189268202
0.0002063401892682
0.000206340189268202
0.000206340189268202
0.0002063401892682
0.000206340189268202
0.0002063401892682
0.000206340189268202
0.000206340189268202
0.0002063401892682
0.000206340189268202
0.0002063401892682
0.000206340189268202
0.000206340189268202
0.0002063401892682
0.000206340189268202
0.0002063401892682
0.000206340189268202
0.000206340189268202
0.0002063401892682
0.000206340189268202
0.000206340189268201
0.000206340189268202
0.000206340189268203
0.000206340189268201
0.0002063401892682
0.000206340189268202
0.000206340189268202
0.000206340189268202
0.000206340189268202
0.0002063401892682
0.000206340189268201
0.000206340189268203
0.000206340189268202
0.000206340189268201
0.0002063401892682
0.000206340189268202
0.000206340189268203
0.000206340189268202
0.000206340189268203
0.000206340189268198
0.000206340189268203
0.000206340189268202
0.000206340189268202
0.000206340189268202
0.000206340189268199
0.000206340189268202
0.000206340189268202
0.000206340189268204
0.000206340189268201
0.0002063401892682
0.000206340189268201
0.000206340189268202
0.000206340189268203
0.000206340189268202
0.000206340189268199
0.000206340189268203
0.000206340189268202
0.000206340189268201
0.000206340189268203
0.000206340189268199
0.000206340189268202
0.000206340189268203
0.000206340189268202
0.000206340189268203
0.000206340189268198
0.000206340189268203
0.000206340189268201
0.000206340189268202
0.000206340189268203
0.000206340189268199
0.000206340189268202
0.000206340189268201
0.000206340189268204
0.000206340189268202
0.0002063401892682
0.000206340189268202
0.0002063401892682
0.0002063401892682
0.000206340189268204
0.000206340189268196
0.000206340189268204
0.0002063401892682
0.0002063401892682
0.000206340189268202
0.0002063401892682
0.000206340189268202
0.0002063401892682
0.000199048461232199
0.000199048461232199
0.000199048461232199
0.000199048461232201
0.000199048461232199
0.000199048461232199
0.000199048461232199
0.000199048461232198
0.000199048461232199
0.000199048461232198
0.000199048461232198
0.000199048461232199
0.000199048461232198
0.000199048461232199
0.000199048461232198
0.000199048461232198
0.000199048461232199
0.000199048461232199
0.000199048461232199
0.000199048461232198
0.000199048461232198
0.000199048461232198
0.000199048461232199
0.000199048461232198
0.000199048461232198
0.000199048461232198
0.000199048461232198
0.0001990484612322
0.000199048461232195
0.000199048461232199
0.000199048461232199
0.000199048461232195
0.0001990484612322
0.000199048461232195
0.000199048461232199
0.000199048461232199
0.000199048461232195
0.0001990484612322
0.000199048461232195
0.000199048461232199
0.000199048461232199
0.000199048461232195
0.000199048461232199
0.000199048461232195
0.000199048461232199
0.000199048461232199
0.000199048461232195
0.000199048461232199
0.000199048461232195
0.000199048461232199
0.000199048461232199
0.000199048461232195
0.000199048461232199
0.000199048461232195
0.0001990484612322
0.0001990484612322
0.000199048461232198
0.000199048461232197
0.000199048461232198
0.0001990484612322
0.0001990484612322
0.000199048461232198
0.000199048461232197
0.000199048461232198
0.0001990484612322
0.0001990484612322
0.000199048461232198
0.000199048461232197
0.000199048461232198
0.0001990484612322
0.0001990484612322
0.000199048461232198
0.000199048461232196
0.000199048461232199
0.0001990484612322
0.0001990484612322
0.000199048461232198
0.000199048461232196
0.000199048461232199
0.0001990484612322
0.000199048461232199
0.000199048461232199
0.000199048461232196
0.000199048461232199
0.0001990484612322
0.000199048461232199
0.000199048461232199
0.000199048461232196
0.000199048461232199
0.0001990484612322
0.000199048461232199
0.000199048461232199
0.000199048461232196
0.000199048461232199
0.0001990484612322
0.000199048461232199
0.000199048461232199
0.000199048461232196
0.000199048461232199
0.0001990484612322
0.000199048461232199
0.000199048461232199
0.000199048461232196
0.000199048461232199
0.0001990484612322
0.000199048461232199
0.000199048461232201
0.000199048461232194
0.000199048461232205
0.000199048461232197
0.000199048461232197
0.000199048461232205
0.000199048461232194
0.000199048461232205
0.000199048461232197
0.000199048461232197
0.000199048461232205
0.000199048461232194
0.000199048461232205
0.000199048461232197
0.000192014411053203
0.000192014411053203
0.000192014411053201
0.000192014411053203
0.000192014411053201
0.000192014411053201
0.000192014411053201
0.000192014411053203
0.000192014411053203
0.000192014411053203
0.000192014411053203
0.000192014411053203
0.000192014411053203
0.000192014411053203
0.000192014411053203
0.000192014411053203
0.000192014411053203
0.000192014411053201
0.000192014411053203
0.000192014411053203
0.000192014411053203
0.000192014411053203
0.000192014411053202
0.000192014411053203
0.000192014411053203
0.000192014411053203
0.000192014411053203
0.000192014411053202
0.0001920144110532
0.000192014411053202
0.000192014411053201
0.0001920144110532
0.000192014411053202
0.0001920144110532
0.000192014411053202
0.000192014411053201
0.000192014411053199
0.000192014411053202
0.000192014411053199
0.000192014411053202
0.000192014411053202
0.000192014411053199
0.000192014411053202
0.000192014411053199
0.000192014411053202
0.000192014411053201
0.000192014411053199
0.000192014411053202
0.0001920144110532
0.000192014411053202
0.000192014411053202
0.0001920144110532
0.000192014411053201
0.0001920144110532
0.000192014411053202
0.000192014411053201
0.0001920144110532
0.000192014411053203
0.000192014411053201
0.000192014411053202
0.000192014411053202
0.0001920144110532
0.000192014411053203
0.0001920144110532
0.000192014411053202
0.000192014411053201
0.000192014411053201
0.000192014411053203
0.000192014411053201
0.000192014411053202
0.000192014411053201
0.000192014411053201
0.000192014411053202
0.000192014411053201
0.000192014411053202
0.000192014411053202
0.000192014411053201
0.000192014411053202
0.000192014411053202
0.000192014411053201
0.000192014411053202
0.000192014411053202
0.000192014411053201
0.000192014411053201
0.000192014411053202
0.000192014411053203
0.0001920144110532
0.000192014411053202
0.000192014411053202
0.000192014411053202
0.000192014411053201
0.000192014411053201
0.000192014411053203
0.0001920144110532
0.000192014411053203
0.0001920144110532
0.000192014411053202
0.000192014411053202
0.000192014411053201
0.000192014411053202
0.000192014411053202
0.000192014411053201
0.000192014411053203
0.000192014411053201
0.000192014411053202
0.0001920144110532
0.000192014411053202
0.000192014411053202
0.000192014411053203
0.000192014411053203
0.000192014411053202
0.000192014411053203
0.000192014411053202
0.000192014411053201
0.000192014411053205
0.000192014411053202
0.000192014411053203
0.000192014411053202
0.000192014411053203
0.000192014411053203
0.000185228932812744
0.000185228932812744
0.000185228932812747
0.000185228932812744
0.000185228932812747
0.000185228932812747
0.000185228932812747
0.000185228932812746
0.000185228932812749
0.000185228932812746
0.000185228932812746
0.000185228932812749
0.000185228932812746
0.000185228932812749
0.000185228932812746
0.000185228932812746
0.000185228932812747
0.000185228932812747
0.000185228932812746
0.000185228932812746
0.000185228932812747
0.000185228932812746
0.000185228932812747
0.000185228932812746
0.000185228932812746
0.000185228932812746
0.000185228932812746
0.000185228932812747
0.000185228932812748
0.000185228932812747
0.000185228932812747
0.000185228932812747
0.000185228932812747
0.000185228932812748
0.000185228932812747
0.000185228932812747
0.000185228932812748
0.000185228932812747
0.000185228932812748
0.000185228932812747
0.000185228932812748
0.000185228932812748
0.000185228932812747
0.000185228932812747
0.000185228932812747
0.000185228932812747
0.000185228932812748
0.000185228932812747
0.000185228932812748
0.000185228932812747
0.000185228932812747
0.000185228932812747
0.000185228932812747
0.000185228932812748
0.000185228932812748
0.000185228932812747
0.000185228932812747
0.000185228932812742
0.000185228932812747
0.000185228932812748
0.000185228932812748
0.000185228932812747
0.000185228932812742
0.000185228932812746
0.000185228932812748
0.000185228932812747
0.000185228932812747
0.000185228932812743
0.000185228932812747
0.000185228932812747
0.000185228932812747
0.000185228932812747
0.000185228932812743
0.000185228932812746
0.000185228932812748
0.000185228932812747
0.000185228932812747
0.000185228932812742
0.000185228932812748
0.000185228932812746
0.000185228932812748
0.000185228932812748
0.000185228932812741
0.000185228932812748
0.000185228932812746
0.000185228932812748
0.000185228932812746
0.000185228932812742
0.000185228932812747
0.000185228932812748
0.000185228932812747
0.000185228932812747
0.000185228932812742
0.000185228932812748
0.000185228932812747
0.000185228932812746
0.000185228932812748
0.000185228932812742
0.000185228932812747
0.000185228932812747
0.000185228932812748
0.000185228932812747
0.000185228932812742
0.000185228932812746
0.000185228932812748
0.000185228932812746
0.000185228932812748
0.000185228932812741
0.000185228932812753
0.000185228932812743
0.000185228932812743
0.000185228932812751
0.000185228932812741
0.000185228932812753
0.000185228932812743
0.000185228932812741
0.000185228932812753
0.000185228932812741
0.000185228932812753
0.000185228932812743
0.000178683242381708
0.000178683242381707
0.000178683242381708
0.000178683242381703
0.000178683242381708
0.000178683242381708
0.000178683242381708
0.000178683242381707
0.000178683242381706
0.000178683242381707
0.000178683242381707
0.000178683242381706
0.000178683242381707
0.000178683242381706
0.000178683242381707
0.000178683242381707
0.000178683242381707
0.000178683242381708
0.000178683242381707
0.000178683242381707
0.000178683242381707
0.000178683242381707
0.000178683242381708
0.000178683242381707
0.000178683242381708
0.000178683242381707
0.000178683242381707
0.000178683242381708
0.000178683242381705
0.000178683242381708
0.000178683242381708
0.000178683242381704
0.000178683242381708
0.000178683242381704
0.000178683242381708
0.000178683242381708
0.000178683242381704
0.000178683242381708
0.000178683242381704
0.000178683242381708
0.000178683242381708
0.000178683242381704
0.000178683242381708
0.000178683242381704
0.000178683242381709
0.000178683242381708
0.000178683242381704
0.000178683242381708
0.000178683242381704
0.000178683242381709
0.000178683242381708
0.000178683242381704
0.000178683242381708
0.000178683242381704
0.000178683242381709
0.000178683242381708
0.000178683242381708
0.000178683242381704
0.000178683242381707
0.000178683242381709
0.000178683242381708
0.000178683242381708
0.000178683242381703
0.000178683242381708
0.000178683242381709
0.000178683242381708
0.000178683242381708
0.000178683242381703
0.000178683242381708
0.000178683242381709
0.000178683242381708
0.000178683242381708
0.000178683242381703
0.000178683242381708
0.000178683242381709
0.000178683242381708
0.000178683242381708
0.000178683242381703
0.000178683242381708
0.000178683242381709
0.000178683242381708
0.000178683242381708
0.000178683242381703
0.000178683242381708
0.000178683242381709
0.000178683242381708
0.000178683242381708
0.000178683242381702
0.000178683242381709
0.000178683242381709
0.000178683242381707
0.000178683242381709
0.000178683242381702
0.000178683242381709
0.000178683242381709
0.000178683242381707
0.000178683242381709
0.000178683242381702
0.000178683242381709
0.000178683242381709
0.000178683242381707
0.000178683242381709
0.000178683242381702
0.000178683242381709
0.000178683242381709
0.000178683242381707
0.000178683242381709
0.000178683242381702
0.000178683242381707
0.000178683242381704
0.000178683242381704
0.000178683242381706
0.000178683242381702
0.000178683242381707
0.000178683242381704
0.000178683242381704
0.000178683242381706
0.000178683242381702
0.000178683242381707
0.000178683242381704
0.000172368866046744
0.000172368866046744
0.000172368866046746
0.000172368866046748
0.000172368866046746
0.000172368866046746
0.000172368866046746
0.000172368866046744
0.000172368866046748
0.000172368866046743
0.000172368866046746
0.000172368866046748
0.000172368866046744
0.000172368866046748
0.000172368866046744
0.000172368866046746
0.000172368866046744
0.000172368866046749
0.000172368866046743
0.000172368866046743
0.000172368866046746
0.000172368866046744
0.000172368866046749
0.000172368866046744
0.000172368866046743
0.000172368866046746
0.000172368866046743
0.000172368866046749
0.000172368866046745
0.000172368866046749
0.000172368866046748
0.000172368866046745
0.000172368866046749
0.000172368866046745
0.000172368866046749
0.000172368866046749
0.000172368866046744
0.000172368866046749
0.000172368866046745
0.000172368866046748
0.000172368866046749
0.000172368866046745
0.000172368866046749
0.000172368866046745
0.000172368866046748
0.00017236886604675
0.000172368866046745
0.000172368866046749
0.000172368866046745
0.000172368866046749
0.000172368866046749
0.000172368866046745
0.000172368866046749
0.000172368866046745
0.000172368866046749
0.000172368866046749
0.000172368866046749
0.000172368866046744
0.000172368866046749
0.000172368866046749
0.000172368866046749
0.000172368866046748
0.000172368866046745
0.000172368866046748
0.000172368866046749
0.00017236886604675
0.000172368866046748
0.000172368866046744
0.000172368866046749
0.000172368866046749
0.000172368866046748
0.00017236886604675
0.000172368866046743
0.000172368866046748
0.00017236886604675
0.000172368866046749
0.000172368866046749
0.000172368866046744
0.000172368866046748
0.000172368866046749
0.000172368866046749
0.000172368866046749
0.000172368866046743
0.000172368866046749
0.000172368866046749
0.000172368866046749
0.000172368866046748
0.000172368866046744
0.000172368866046749
0.000172368866046748
0.000172368866046749
0.00017236886604675
0.000172368866046743
0.000172368866046749
0.000172368866046749
0.000172368866046749
0.000172368866046748
0.000172368866046744
0.000172368866046748
0.000172368866046749
0.000172368866046749
0.000172368866046749
0.000172368866046744
0.000172368866046749
0.000172368866046748
0.000172368866046749
0.00017236886604675
0.000172368866046742
0.000172368866046752
0.000172368866046743
0.000172368866046746
0.000172368866046751
0.000172368866046743
0.000172368866046752
0.000172368866046744
0.000172368866046743
0.000172368866046752
0.000172368866046744
0.000172368866046751
0.000172368866046744
0.00016627762954305
0.00016627762954305
0.00016627762954305
0.00016627762954305
0.00016627762954305
0.00016627762954305
0.00016627762954305
0.00016627762954305
0.000166277629543048
0.00016627762954305
0.00016627762954305
0.000166277629543048
0.00016627762954305
0.000166277629543048
0.00016627762954305
0.00016627762954305
0.00016627762954305
0.000166277629543046
0.00016627762954305
0.00016627762954305
0.00016627762954305
0.00016627762954305
0.000166277629543046
0.00016627762954305
0.00016627762954305
0.00016627762954305
0.00016627762954305
0.000166277629543046
0.000166277629543049
0.000166277629543046
0.000166277629543046
0.000166277629543049
0.000166277629543046
0.00016627762954305
0.000166277629543046
0.000166277629543046
0.00016627762954305
0.000166277629543045
0.00016627762954305
0.000166277629543046
0.000166277629543046
0.000166277629543049
0.000166277629543046
0.000166277629543049
0.000166277629543046
0.000166277629543046
0.000166277629543049
0.000166277629543047
0.000166277629543049
0.000166277629543046
0.000166277629543046
0.000166277629543049
0.000166277629543046
0.00016627762954305
0.000166277629543046
0.000166277629543046
0.000166277629543046
0.000166277629543048
0.000166277629543046
0.000166277629543046
0.000166277629543047
0.000166277629543046
0.000166277629543049
0.000166277629543045
0.000166277629543046
0.000166277629543046
0.000166277629543047
0.000166277629543048
0.000166277629543045
0.000166277629543047
0.000166277629543045
0.000166277629543047
0.000166277629543047
0.000166277629543047
0.000166277629543045
0.000166277629543045
0.000166277629543047
0.000166277629543048
0.000166277629543046
0.000166277629543047
0.000166277629543047
0.000166277629543045
0.000166277629543048
0.000166277629543046
0.000166277629543046
0.000166277629543047
0.000166277629543046
0.000166277629543047
0.000166277629543047
0.000166277629543046
0.000166277629543046
0.000166277629543047
0.000166277629543048
0.000166277629543045
0.000166277629543047
0.000166277629543048
0.000166277629543045
0.000166277629543047
0.000166277629543047
0.000166277629543046
0.000166277629543045
0.000166277629543047
0.000166277629543047
0.000166277629543047
0.000166277629543047
0.000166277629543046
0.000166277629543046
0.000166277629543049
0.00016627762954305
0.000166277629543049
0.000166277629543049
0.00016627762954305
0.000166277629543047
0.000166277629543052
0.000166277629543049
0.000166277629543047
0.000166277629543052
0.000166277629543047
0.00016627762954305
0.000166277629543049
0.000160401647469903
0.000160401647469903
0.000160401647469899
0.000160401647469972
0.000160401647469974
0.000160401647469899
0.000160401647469974
0.00016040164747001
0.000160401647469975
0.000160401647469939
0.000160401647469899
0.000160401647469937
0.000160401647469939
0.000160401647469937
0.000160401647469939
0.000160401647469899
0.000160401647469974
0.000160401647469975
0.000160401647469901
0.000160401647469901
0.000160401647469899
0.000160401647469901
0.000160401647469904
0.000160401647469901
0.000160401647469901
0.000160401647469899
0.000160401647469974
0.000160401647469975
0.000160401647469901
0.000160401647469904
0.000160401647469904
0.000160401647469936
0.000160401647469939
0.000160401647469936
0.000160401647469939
0.000160401647469904
0.0001604016474699
0.000160401647469903
0.0001604016474699
0.000160401647469975
0.000160401647469975
0.0001604016474699
0.000160401647469903
0.0001604016474699
0.000160401647469904
0.000160401647469904
0.0001604016474699
0.000160401647469903
0.0001604016474699
0.000160401647469939
0.000160401647469939
0.0001604016474699
0.000160401647469904
0.0001604016474699
0.000160401647469975
0.000160401647469975
0.000160401647469904
0.000160401647469902
0.000160401647469904
0.000160401647469975
0.000160401647469974
0.000160401647469904
0.000160401647469901
0.000160401647469904
0.000160401647469975
0.000160401647469974
0.000160401647469904
0.000160401647469901
0.000160401647469905
0.000160401647469903
0.000160401647469904
0.000160401647469903
0.000160401647469901
0.000160401647469904
0.000160401647469974
0.000160401647469975
0.000160401647469904
0.000160401647469936
0.00016040164746994
0.000160401647469904
0.000160401647469903
0.000160401647469904
0.000160401647469901
0.000160401647469904
0.000160401647469904
0.000160401647469939
0.000160401647469941
0.000160401647469936
0.000160401647469943
0.000160401647469904
0.000160401647469903
0.000160401647469905
0.000160401647469969
0.000160401647469977
0.000160401647469903
0.000160401647469903
0.000160401647469904
0.000160401647469969
0.000160401647469975
0.000160401647469904
0.000160401647469903
0.000160401647469904
0.000160401647469902
0.000160401647469904
0.000160401647469904
0.000160401647469941
0.000160401647469938
0.000160401647469902
0.000160401647469905
0.000160401647469902
0.000160401647469971
0.000160401647470014
0.000160401647469937
0.000160401647469903
0.000160401647469902
0.000160401647469902
0.000160401647469903
0.000160401647469902
0.000160401647469903
0.000160401647469902
0.000154733313084894
0.000154733313084894
0.000154733313084898
0.000154733313084825
0.000154733313084823
0.0001547333130849
0.000154733313084823
0.000154733313084787
0.000154733313084825
0.000154733313084858
0.000154733313084898
0.000154733313084863
0.000154733313084858
0.000154733313084863
0.000154733313084858
0.000154733313084898
0.000154733313084823
0.000154733313084826
0.000154733313084896
0.000154733313084896
0.000154733313084898
0.000154733313084896
0.000154733313084897
0.000154733313084896
0.000154733313084896
0.000154733313084898
0.000154733313084823
0.000154733313084825
0.000154733313084895
0.000154733313084896
0.000154733313084896
0.00015473331308486
0.000154733313084861
0.00015473331308486
0.000154733313084861
0.000154733313084897
0.000154733313084895
0.000154733313084897
0.000154733313084895
0.000154733313084826
0.000154733313084825
0.000154733313084895
0.000154733313084897
0.000154733313084895
0.000154733313084897
0.000154733313084896
0.000154733313084895
0.000154733313084897
0.000154733313084895
0.000154733313084861
0.000154733313084861
0.000154733313084895
0.000154733313084896
0.000154733313084896
0.000154733313084825
0.000154733313084825
0.000154733313084896
0.000154733313084892
0.000154733313084896
0.000154733313084825
0.000154733313084825
0.000154733313084896
0.000154733313084893
0.000154733313084896
0.000154733313084827
0.000154733313084825
0.000154733313084896
0.000154733313084893
0.000154733313084896
0.000154733313084897
0.000154733313084896
0.000154733313084897
0.000154733313084892
0.000154733313084896
0.000154733313084827
0.000154733313084825
0.000154733313084896
0.000154733313084857
0.00015473331308486
0.000154733313084897
0.000154733313084896
0.000154733313084896
0.000154733313084892
0.000154733313084896
0.000154733313084897
0.000154733313084861
0.000154733313084859
0.000154733313084857
0.000154733313084857
0.000154733313084897
0.000154733313084896
0.000154733313084896
0.000154733313084823
0.000154733313084825
0.000154733313084897
0.000154733313084896
0.000154733313084897
0.000154733313084823
0.000154733313084825
0.000154733313084897
0.000154733313084896
0.000154733313084896
0.000154733313084891
0.000154733313084896
0.000154733313084898
0.000154733313084859
0.000154733313084861
0.000154733313084892
0.000154733313084901
0.000154733313084894
0.000154733313084825
0.000154733313084792
0.000154733313084856
0.000154733313084903
0.000154733313084892
0.000154733313084892
0.000154733313084903
0.000154733313084892
0.000154733313084901
0.000154733313084894
0.000149265288454503
0.000149265288454503
0.000149265288454501
0.000149265288454503
0.000149265288454501
0.000149265288454499
0.000149265288454501
0.000149265288454501
0.000149265288454499
0.000149265288454501
0.000149265288454501
0.000149265288454499
0.000149265288454501
0.000149265288454499
0.000149265288454501
0.000149265288454501
0.000149265288454501
0.000149265288454504
0.000149265288454501
0.000149265288454501
0.000149265288454501
0.000149265288454501
0.000149265288454504
0.000149265288454501
0.000149265288454501
0.000149265288454501
0.000149265288454501
0.000149265288454504
0.0001492652884545
0.000149265288454503
0.000149265288454503
0.000149265288454501
0.000149265288454503
0.0001492652884545
0.000149265288454503
0.000149265288454504
0.0001492652884545
0.000149265288454504
0.0001492652884545
0.000149265288454504
0.000149265288454503
0.0001492652884545
0.000149265288454504
0.0001492652884545
0.000149265288454503
0.000149265288454504
0.0001492652884545
0.000149265288454504
0.0001492652884545
0.000149265288454504
0.000149265288454503
0.0001492652884545
0.000149265288454503
0.0001492652884545
0.000149265288454504
0.000149265288454503
0.000149265288454503
0.0001492652884545
0.000149265288454503
0.000149265288454504
0.000149265288454503
0.000149265288454503
0.0001492652884545
0.000149265288454504
0.000149265288454503
0.000149265288454504
0.000149265288454503
0.000149265288454499
0.000149265288454503
0.000149265288454503
0.000149265288454504
0.000149265288454503
0.000149265288454499
0.000149265288454503
0.000149265288454504
0.000149265288454503
0.000149265288454503
0.000149265288454498
0.000149265288454505
0.000149265288454503
0.000149265288454503
0.000149265288454503
0.0001492652884545
0.000149265288454503
0.000149265288454504
0.000149265288454503
0.000149265288454504
0.000149265288454498
0.000149265288454504
0.000149265288454503
0.000149265288454505
0.000149265288454503
0.000149265288454498
0.000149265288454503
0.000149265288454505
0.000149265288454503
0.000149265288454503
0.000149265288454499
0.000149265288454504
0.000149265288454503
0.000149265288454503
0.000149265288454503
0.0001492652884545
0.000149265288454503
0.000149265288454503
0.000149265288454504
0.000149265288454503
0.000149265288454498
0.000149265288454502
0.0001492652884545
0.0001492652884545
0.000149265288454501
0.000149265288454498
0.000149265288454501
0.000149265288454501
0.0001492652884545
0.000149265288454501
0.000149265288454498
0.000149265288454502
0.0001492652884545
0.0001439904949572
0.0001439904949572
0.000143990494957198
0.000143990494957198
0.000143990494957198
0.000143990494957198
0.000143990494957198
0.0001439904949572
0.000143990494957198
0.0001439904949572
0.0001439904949572
0.000143990494957198
0.0001439904949572
0.000143990494957198
0.0001439904949572
0.0001439904949572
0.0001439904949572
0.000143990494957198
0.0001439904949572
0.0001439904949572
0.0001439904949572
0.0001439904949572
0.000143990494957198
0.0001439904949572
0.0001439904949572
0.0001439904949572
0.0001439904949572
0.000143990494957199
0.000143990494957202
0.000143990494957198
0.000143990494957199
0.000143990494957202
0.000143990494957198
0.000143990494957202
0.000143990494957198
0.000143990494957199
0.000143990494957201
0.000143990494957199
0.000143990494957201
0.000143990494957199
0.000143990494957198
0.000143990494957202
0.000143990494957199
0.000143990494957202
0.000143990494957198
0.000143990494957198
0.000143990494957202
0.000143990494957198
0.000143990494957202
0.000143990494957199
0.000143990494957198
0.000143990494957202
0.000143990494957199
0.000143990494957202
0.000143990494957198
0.000143990494957199
0.000143990494957198
0.000143990494957197
0.000143990494957198
0.000143990494957198
0.000143990494957199
0.000143990494957198
0.000143990494957197
0.000143990494957198
0.000143990494957199
0.000143990494957198
0.000143990494957198
0.000143990494957197
0.000143990494957198
0.000143990494957198
0.000143990494957198
0.000143990494957199
0.000143990494957195
0.000143990494957199
0.000143990494957199
0.000143990494957198
0.000143990494957198
0.000143990494957195
0.000143990494957199
0.000143990494957199
0.000143990494957198
0.000143990494957198
0.000143990494957197
0.000143990494957198
0.000143990494957198
0.000143990494957199
0.000143990494957199
0.000143990494957195
0.000143990494957198
0.000143990494957198
0.000143990494957198
0.000143990494957198
0.000143990494957197
0.000143990494957199
0.000143990494957198
0.000143990494957198
0.000143990494957199
0.000143990494957195
0.000143990494957198
0.000143990494957199
0.000143990494957198
0.000143990494957198
0.000143990494957195
0.000143990494957199
0.000143990494957199
0.000143990494957198
0.000143990494957198
0.000143990494957197
0.000143990494957202
0.000143990494957195
0.000143990494957198
0.000143990494957203
0.000143990494957195
0.000143990494957202
0.000143990494957197
0.000143990494957197
0.000143990494957202
0.000143990494957195
0.000143990494957202
0.000143990494957197
0.000138902104117204
0.000138902104117204
0.000138902104117205
0.000138902104117202
0.000138902104117205
0.000138902104117205
0.000138902104117205
0.000138902104117204
0.000138902104117205
0.000138902104117204
0.000138902104117204
0.000138902104117205
0.000138902104117204
0.000138902104117205
0.000138902104117204
0.000138902104117204
0.000138902104117204
0.000138902104117203
0.000138902104117204
0.000138902104117204
0.000138902104117204
0.000138902104117204
0.000138902104117203
0.000138902104117204
0.000138902104117204
0.000138902104117205
0.000138902104117204
0.000138902104117203
0.000138902104117202
0.000138902104117203
0.000138902104117202
0.000138902104117202
0.000138902104117203
0.000138902104117202
0.000138902104117203
0.000138902104117203
0.000138902104117202
0.000138902104117203
0.000138902104117202
0.000138902104117203
0.000138902104117207
0.000138902104117202
0.000138902104117203
0.000138902104117202
0.000138902104117203
0.000138902104117207
0.000138902104117202
0.000138902104117203
0.000138902104117201
0.000138902104117203
0.000138902104117207
0.000138902104117202
0.000138902104117203
0.000138902104117202
0.000138902104117203
0.000138902104117208
0.000138902104117202
0.000138902104117203
0.000138902104117202
0.000138902104117203
0.000138902104117207
0.000138902104117202
0.000138902104117204
0.000138902104117203
0.000138902104117202
0.000138902104117208
0.000138902104117202
0.000138902104117203
0.000138902104117203
0.000138902104117203
0.000138902104117208
0.000138902104117203
0.000138902104117203
0.000138902104117203
0.000138902104117203
0.000138902104117207
0.000138902104117203
0.000138902104117203
0.000138902104117203
0.000138902104117203
0.000138902104117206
0.000138902104117203
0.000138902104117203
0.000138902104117202
0.000138902104117203
0.000138902104117207
0.000138902104117203
0.000138902104117202
0.000138902104117203
0.000138902104117203
0.000138902104117208
0.000138902104117202
0.000138902104117203
0.000138902104117203
0.000138902104117203
0.000138902104117207
0.000138902104117203
0.000138902104117202
0.000138902104117204
0.000138902104117202
0.000138902104117208
0.000138902104117203
0.000138902104117203
0.000138902104117203
0.000138902104117203
0.000138902104117207
0.000138902104117203
0.000138902104117203
0.000138902104117204
0.000138902104117203
0.000138902104117203
0.000138902104117205
0.000138902104117201
0.000138902104117205
0.000138902104117202
0.000138902104117204
0.000138902104117204
0.000138902104117202
0.000138902104117205
0.000138902104117203
0.000133993528766696
0.000133993528766696
0.000133993528766696
0.0001339935287667
0.000133993528766696
0.000133993528766696
0.000133993528766696
0.000133993528766696
0.000133993528766696
0.000133993528766696
0.000133993528766696
0.000133993528766696
0.000133993528766696
0.000133993528766696
0.000133993528766696
0.000133993528766696
0.000133993528766696
0.000133993528766696
0.000133993528766696
0.000133993528766696
0.000133993528766696
0.000133993528766696
0.000133993528766697
0.000133993528766696
0.000133993528766696
0.000133993528766696
0.000133993528766696
0.000133993528766696
0.000133993528766696
0.000133993528766696
0.000133993528766696
0.000133993528766695
0.000133993528766697
0.000133993528766696
0.000133993528766696
0.000133993528766696
0.000133993528766696
0.000133993528766696
0.000133993528766695
0.000133993528766697
0.000133993528766697
0.000133993528766695
0.000133993528766696
0.000133993528766695
0.000133993528766697
0.000133993528766696
0.000133993528766696
0.000133993528766696
0.000133993528766696
0.000133993528766696
0.000133993528766697
0.000133993528766695
0.000133993528766696
0.000133993528766696
0.000133993528766701
0.000133993528766696
0.000133993528766701
0.000133993528766697
0.000133993528766701
0.000133993528766701
0.000133993528766696
0.000133993528766701
0.000133993528766697
0.0001339935287667
0.000133993528766701
0.000133993528766696
0.000133993528766701
0.000133993528766697
0.0001339935287667
0.000133993528766701
0.000133993528766696
0.000133993528766701
0.000133993528766696
0.000133993528766701
0.000133993528766701
0.000133993528766696
0.000133993528766701
0.000133993528766696
0.000133993528766702
0.000133993528766701
0.000133993528766696
0.000133993528766701
0.000133993528766696
0.000133993528766701
0.000133993528766701
0.000133993528766696
0.000133993528766701
0.000133993528766695
0.000133993528766702
0.000133993528766701
0.000133993528766697
0.0001339935287667
0.000133993528766697
0.000133993528766701
0.000133993528766701
0.000133993528766696
0.000133993528766701
0.000133993528766696
0.000133993528766701
0.000133993528766701
0.000133993528766696
0.000133993528766701
0.000133993528766695
0.000133993528766702
0.000133993528766701
0.000133993528766696
0.000133993528766701
0.000133993528766697
0.0001339935287667
0.000133993528766697
0.000133993528766697
0.0001339935287667
0.000133993528766696
0.000133993528766701
0.000133993528766697
0.000133993528766697
0.0001339935287667
0.000133993528766697
0.0001339935287667
0.000133993528766697
0.00012925841451765
0.00012925841451765
0.000129258414517652
0.000129258414517648
0.000129258414517652
0.000129258414517652
0.000129258414517652
0.000129258414517652
0.000129258414517652
0.000129258414517652
0.000129258414517652
0.000129258414517652
0.000129258414517652
0.000129258414517652
0.000129258414517652
0.000129258414517652
0.000129258414517652
0.000129258414517653
0.000129258414517652
0.000129258414517652
0.000129258414517652
0.000129258414517652
0.000129258414517653
0.000129258414517652
0.000129258414517652
0.000129258414517652
0.000129258414517652
0.000129258414517653
0.00012925841451765
0.000129258414517653
0.000129258414517653
0.00012925841451765
0.000129258414517653
0.000129258414517649
0.000129258414517653
0.000129258414517653
0.000129258414517649
0.000129258414517653
0.00012925841451765
0.000129258414517653
0.000129258414517648
0.000129258414517649
0.000129258414517653
0.000129258414517649
0.000129258414517653
0.000129258414517649
0.000129258414517649
0.000129258414517653
0.000129258414517649
0.000129258414517653
0.000129258414517648
0.00012925841451765
0.000129258414517652
0.00012925841451765
0.000129258414517649
0.000129258414517648
0.000129258414517648
0.000129258414517651
0.000129258414517648
0.000129258414517648
0.000129258414517648
0.000129258414517648
0.000129258414517651
0.000129258414517648
0.000129258414517648
0.000129258414517649
0.000129258414517648
0.000129258414517651
0.000129258414517649
0.000129258414517648
0.000129258414517649
0.000129258414517648
0.00012925841451765
0.000129258414517648
0.000129258414517649
0.000129258414517648
0.000129258414517649
0.00012925841451765
0.000129258414517649
0.000129258414517648
0.000129258414517648
0.000129258414517649
0.000129258414517651
0.000129258414517648
0.00012925841451765
0.000129258414517648
0.000129258414517648
0.000129258414517651
0.000129258414517649
0.000129258414517648
0.000129258414517649
0.000129258414517649
0.00012925841451765
0.000129258414517648
0.000129258414517648
0.000129258414517649
0.000129258414517648
0.000129258414517651
0.000129258414517649
0.000129258414517648
0.000129258414517648
0.000129258414517648
0.000129258414517651
0.000129258414517649
0.000129258414517647
0.000129258414517649
0.000129258414517649
0.00012925841451765
0.000129258414517654
0.000129258414517652
0.000129258414517649
0.000129258414517655
0.000129258414517651
0.000129258414517654
0.000129258414517651
0.000129258414517651
0.000129258414517655
0.00012925841451765
0.000129258414517653
0.000129258414517652
0.000124690631535895
0.000124690631535895
0.000124690631535898
0.000124690631535897
0.000124690631535898
0.0001246906315359
0.000124690631535898
0.000124690631535895
0.0001246906315359
0.000124690631535895
0.000124690631535895
0.0001246906315359
0.000124690631535895
0.0001246906315359
0.000124690631535895
0.000124690631535895
0.000124690631535895
0.000124690631535898
0.000124690631535895
0.000124690631535895
0.000124690631535895
0.000124690631535895
0.000124690631535898
0.000124690631535895
0.000124690631535895
0.000124690631535895
0.000124690631535895
0.000124690631535898
0.000124690631535897
0.000124690631535898
0.000124690631535898
0.000124690631535897
0.000124690631535898
0.000124690631535897
0.000124690631535898
0.000124690631535898
0.000124690631535897
0.000124690631535898
0.000124690631535897
0.000124690631535898
0.000124690631535898
0.000124690631535897
0.000124690631535898
0.000124690631535897
0.000124690631535898
0.000124690631535898
0.000124690631535897
0.000124690631535898
0.000124690631535897
0.000124690631535898
0.000124690631535898
0.000124690631535896
0.000124690631535899
0.000124690631535896
0.000124690631535898
0.000124690631535898
0.000124690631535897
0.000124690631535895
0.000124690631535898
0.000124690631535898
0.000124690631535898
0.000124690631535897
0.000124690631535894
0.000124690631535898
0.000124690631535898
0.000124690631535898
0.000124690631535898
0.000124690631535895
0.000124690631535897
0.000124690631535898
0.000124690631535899
0.000124690631535898
0.000124690631535893
0.000124690631535898
0.000124690631535898
0.000124690631535898
0.000124690631535898
0.000124690631535893
0.000124690631535898
0.000124690631535899
0.000124690631535898
0.000124690631535898
0.000124690631535894
0.000124690631535898
0.000124690631535898
0.000124690631535898
0.000124690631535898
0.000124690631535894
0.000124690631535898
0.000124690631535898
0.000124690631535898
0.000124690631535898
0.000124690631535893
0.000124690631535898
0.000124690631535898
0.000124690631535897
0.000124690631535898
0.000124690631535894
0.000124690631535898
0.000124690631535898
0.000124690631535898
0.000124690631535899
0.000124690631535893
0.000124690631535898
0.000124690631535899
0.000124690631535898
0.000124690631535897
0.000124690631535893
0.000124690631535898
0.000124690631535894
0.000124690631535893
0.000124690631535898
0.000124690631535893
0.000124690631535897
0.000124690631535894
0.000124690631535895
0.000124690631535898
0.000124690631535893
0.000124690631535897
0.000124690631535894
0.00012028426660516
0.00012028426660516
0.000120284266605157
0.000120284266605155
0.000120284266605157
0.000120284266605155
0.000120284266605157
0.000120284266605157
0.000120284266605153
0.000120284266605157
0.000120284266605157
0.000120284266605153
0.000120284266605157
0.000120284266605153
0.000120284266605157
0.000120284266605157
0.000120284266605158
0.000120284266605155
0.000120284266605157
0.000120284266605157
0.000120284266605157
0.000120284266605157
0.000120284266605155
0.000120284266605157
0.000120284266605157
0.000120284266605157
0.000120284266605157
0.000120284266605155
0.000120284266605155
0.000120284266605155
0.000120284266605155
0.000120284266605154
0.000120284266605156
0.000120284266605155
0.000120284266605155
0.000120284266605155
0.000120284266605155
0.000120284266605156
0.000120284266605154
0.000120284266605155
0.000120284266605156
0.000120284266605154
0.000120284266605156
0.000120284266605154
0.000120284266605156
0.000120284266605155
0.000120284266605155
0.000120284266605156
0.000120284266605154
0.000120284266605155
0.000120284266605156
0.000120284266605154
0.000120284266605156
0.000120284266605155
0.000120284266605155
0.000120284266605155
0.000120284266605155
0.000120284266605154
0.000120284266605155
0.000120284266605156
0.000120284266605155
0.000120284266605155
0.000120284266605154
0.000120284266605155
0.000120284266605156
0.000120284266605155
0.000120284266605155
0.000120284266605154
0.000120284266605155
0.000120284266605156
0.000120284266605156
0.000120284266605154
0.000120284266605154
0.000120284266605155
0.000120284266605155
0.000120284266605156
0.000120284266605156
0.000120284266605153
0.000120284266605155
0.000120284266605155
0.000120284266605155
0.000120284266605156
0.000120284266605154
0.000120284266605155
0.000120284266605155
0.000120284266605156
0.000120284266605155
0.000120284266605154
0.000120284266605155
0.000120284266605156
0.000120284266605155
0.000120284266605155
0.000120284266605154
0.000120284266605156
0.000120284266605156
0.000120284266605155
0.000120284266605155
0.000120284266605154
0.000120284266605156
0.000120284266605154
0.000120284266605156
0.000120284266605155
0.000120284266605153
0.000120284266605156
0.000120284266605155
0.000120284266605156
0.000120284266605155
0.000120284266605154
0.000120284266605157
0.000120284266605154
0.000120284266605154
0.000120284266605157
0.000120284266605153
0.000120284266605157
0.000120284266605155
0.000120284266605154
0.000120284266605158
0.000120284266605152
0.000120284266605157
0.000120284266605155
0.000116033615473048
0.000116033615473048
0.000116033615473046
0.000116033615473046
0.000116033615473046
0.000116033615473046
0.000116033615473046
0.000116033615473048
0.000116033615473048
0.000116033615473048
0.000116033615473046
0.000116033615473048
0.000116033615473048
0.000116033615473048
0.000116033615473048
0.000116033615473046
0.000116033615473048
0.000116033615473046
0.000116033615473048
0.000116033615473048
0.000116033615473046
0.000116033615473048
0.000116033615473046
0.000116033615473048
0.000116033615473048
0.000116033615473046
0.000116033615473048
0.000116033615473046
0.000116033615473048
0.000116033615473046
0.000116033615473046
0.000116033615473047
0.000116033615473046
0.000116033615473047
0.000116033615473046
0.000116033615473046
0.000116033615473048
0.000116033615473046
0.000116033615473047
0.000116033615473046
0.000116033615473046
0.000116033615473047
0.000116033615473046
0.000116033615473047
0.000116033615473046
0.000116033615473046
0.000116033615473047
0.000116033615473046
0.000116033615473047
0.000116033615473046
0.000116033615473046
0.000116033615473048
0.000116033615473046
0.000116033615473047
0.000116033615473051
0.000116033615473046
0.00011603361547305
0.000116033615473047
0.00011603361547305
0.000116033615473051
0.000116033615473046
0.00011603361547305
0.000116033615473047
0.00011603361547305
0.000116033615473051
0.000116033615473046
0.00011603361547305
0.000116033615473046
0.00011603361547305
0.000116033615473051
0.000116033615473046
0.00011603361547305
0.000116033615473046
0.000116033615473051
0.00011603361547305
0.000116033615473046
0.00011603361547305
0.000116033615473046
0.00011603361547305
0.00011603361547305
0.000116033615473046
0.000116033615473051
0.000116033615473046
0.00011603361547305
0.000116033615473051
0.000116033615473046
0.00011603361547305
0.000116033615473046
0.000116033615473051
0.000116033615473051
0.000116033615473046
0.000116033615473051
0.000116033615473046
0.000116033615473051
0.00011603361547305
0.000116033615473046
0.00011603361547305
0.000116033615473047
0.00011603361547305
0.000116033615473051
0.000116033615473046
0.000116033615473051
0.000116033615473046
0.000116033615473051
0.00011603361547305
0.000116033615473046
0.000116033615473051
0.000116033615473046
0.00011603361547305
0.000116033615473047
0.000116033615473046
0.00011603361547305
0.000116033615473046
0.00011603361547305
0.000116033615473047
0.000116033615473047
0.00011603361547305
0.000116033615473046
0.00011603361547305
0.000116033615473047
0.000111933175466399
0.000111933175466399
0.000111933175466401
0.000111933175466401
0.000111933175466401
0.000111933175466401
0.000111933175466401
0.000111933175466399
0.000111933175466399
0.000111933175466399
0.000111933175466401
0.000111933175466399
0.000111933175466399
0.000111933175466399
0.000111933175466399
0.000111933175466401
0.000111933175466399
0.000111933175466406
0.000111933175466399
0.000111933175466399
0.000111933175466401
0.000111933175466399
0.000111933175466406
0.000111933175466399
0.000111933175466399
0.000111933175466401
0.000111933175466399
0.000111933175466406
0.000111933175466398
0.000111933175466406
0.000111933175466406
0.000111933175466398
0.000111933175466406
0.000111933175466398
0.000111933175466406
0.000111933175466406
0.000111933175466398
0.000111933175466406
0.000111933175466398
0.000111933175466406
0.000111933175466402
0.000111933175466398
0.000111933175466406
0.000111933175466398
0.000111933175466406
0.000111933175466402
0.000111933175466398
0.000111933175466406
0.000111933175466398
0.000111933175466406
0.000111933175466401
0.000111933175466398
0.000111933175466406
0.000111933175466399
0.000111933175466401
0.000111933175466402
0.000111933175466401
0.0001119331754664
0.000111933175466401
0.000111933175466402
0.000111933175466402
0.000111933175466401
0.0001119331754664
0.000111933175466401
0.000111933175466402
0.000111933175466401
0.000111933175466401
0.0001119331754664
0.000111933175466402
0.000111933175466401
0.000111933175466401
0.000111933175466401
0.0001119331754664
0.000111933175466401
0.000111933175466402
0.000111933175466401
0.000111933175466401
0.0001119331754664
0.000111933175466401
0.000111933175466401
0.000111933175466402
0.000111933175466401
0.0001119331754664
0.000111933175466402
0.000111933175466401
0.000111933175466402
0.000111933175466401
0.0001119331754664
0.000111933175466401
0.000111933175466402
0.000111933175466401
0.000111933175466402
0.000111933175466399
0.000111933175466402
0.000111933175466401
0.000111933175466401
0.000111933175466401
0.0001119331754664
0.000111933175466401
0.000111933175466402
0.000111933175466401
0.000111933175466401
0.0001119331754664
0.000111933175466401
0.000111933175466402
0.0001119331754664
0.000111933175466402
0.0001119331754664
0.0001119331754664
0.0001119331754664
0.0001119331754664
0.000111933175466401
0.0001119331754664
0.0001119331754664
0.000111933175466401
0.0001119331754664
0.0001119331754664
0.000111933175466399
0.000111933175466401
0.0001119331754664
0.000107977638367347
0.000107977638367347
0.000107977638367349
0.000107977638367351
0.000107977638367349
0.000107977638367349
0.000107977638367349
0.000107977638367347
0.000107977638367349
0.000107977638367347
0.000107977638367347
0.000107977638367349
0.000107977638367347
0.000107977638367349
0.000107977638367347
0.000107977638367347
0.000107977638367347
0.000107977638367347
0.000107977638367347
0.000107977638367347
0.000107977638367347
0.000107977638367347
0.000107977638367347
0.000107977638367347
0.000107977638367347
0.000107977638367347
0.000107977638367347
0.000107977638367347
0.000107977638367349
0.000107977638367347
0.000107977638367347
0.000107977638367349
0.000107977638367347
0.000107977638367349
0.000107977638367347
0.000107977638367347
0.000107977638367349
0.000107977638367347
0.000107977638367349
0.000107977638367348
0.000107977638367352
0.000107977638367349
0.000107977638367347
0.000107977638367349
0.000107977638367347
0.000107977638367352
0.000107977638367349
0.000107977638367347
0.000107977638367349
0.000107977638367347
0.000107977638367351
0.000107977638367349
0.000107977638367347
0.000107977638367349
0.000107977638367348
0.000107977638367352
0.000107977638367347
0.000107977638367348
0.000107977638367347
0.000107977638367347
0.000107977638367352
0.000107977638367347
0.000107977638367348
0.000107977638367347
0.000107977638367347
0.000107977638367352
0.000107977638367347
0.000107977638367349
0.000107977638367347
0.000107977638367347
0.000107977638367352
0.000107977638367347
0.000107977638367348
0.000107977638367347
0.000107977638367348
0.000107977638367351
0.000107977638367348
0.000107977638367347
0.000107977638367348
0.000107977638367348
0.000107977638367352
0.000107977638367347
0.000107977638367348
0.000107977638367348
0.000107977638367347
0.000107977638367351
0.000107977638367348
0.000107977638367348
0.000107977638367347
0.000107977638367347
0.000107977638367352
0.000107977638367348
0.000107977638367347
0.000107977638367348
0.000107977638367347
0.000107977638367352
0.000107977638367347
0.000107977638367348
0.000107977638367347
0.000107977638367348
0.000107977638367351
0.000107977638367347
0.000107977638367348
0.000107977638367348
0.000107977638367347
0.000107977638367352
0.000107977638367348
0.000107977638367347
0.000107977638367353
0.000107977638367349
0.000107977638367348
0.000107977638367353
0.000107977638367347
0.000107977638367354
0.000107977638367348
0.000107977638367348
0.000107977638367353
0.000107977638367348
0.000107977638367353
0.000107977638367348
0.000104161883541456
0.000104161883541456
0.000104161883541454
0.000104161883541454
0.000104161883541454
0.000104161883541454
0.000104161883541454
0.000104161883541456
0.000104161883541454
0.000104161883541456
0.000104161883541456
0.000104161883541454
0.000104161883541456
0.000104161883541454
0.000104161883541456
0.000104161883541456
0.000104161883541456
0.000104161883541456
0.000104161883541456
0.000104161883541456
0.000104161883541456
0.000104161883541456
0.000104161883541456
0.000104161883541456
0.000104161883541456
0.000104161883541456
0.000104161883541456
0.000104161883541457
0.000104161883541453
0.000104161883541456
0.000104161883541456
0.000104161883541453
0.000104161883541457
0.000104161883541453
0.000104161883541456
0.000104161883541456
0.000104161883541453
0.000104161883541456
0.000104161883541453
0.000104161883541456
0.000104161883541456
0.000104161883541453
0.000104161883541456
0.000104161883541453
0.000104161883541456
0.000104161883541456
0.000104161883541453
0.000104161883541456
0.000104161883541453
0.000104161883541456
0.000104161883541456
0.000104161883541453
0.000104161883541456
0.000104161883541453
0.000104161883541457
0.000104161883541457
0.000104161883541456
0.000104161883541453
0.000104161883541456
0.000104161883541457
0.000104161883541457
0.000104161883541456
0.000104161883541453
0.000104161883541456
0.000104161883541457
0.000104161883541457
0.000104161883541456
0.000104161883541453
0.000104161883541456
0.000104161883541457
0.000104161883541457
0.000104161883541456
0.000104161883541452
0.000104161883541456
0.000104161883541457
0.000104161883541456
0.000104161883541456
0.000104161883541452
0.000104161883541456
0.000104161883541457
0.000104161883541456
0.000104161883541456
0.000104161883541452
0.000104161883541456
0.000104161883541457
0.000104161883541456
0.000104161883541456
0.000104161883541452
0.000104161883541456
0.000104161883541457
0.000104161883541456
0.000104161883541456
0.000104161883541452
0.000104161883541456
0.000104161883541457
0.000104161883541456
0.000104161883541456
0.000104161883541452
0.000104161883541456
0.000104161883541457
0.000104161883541456
0.000104161883541457
0.000104161883541452
0.000104161883541457
0.000104161883541456
0.000104161883541456
0.000104161883541457
0.000104161883541451
0.000104161883541458
0.000104161883541453
0.000104161883541453
0.000104161883541458
0.000104161883541451
0.000104161883541458
0.000104161883541453
0.000104161883541453
0.000104161883541458
0.000104161883541451
0.000104161883541458
0.000104161883541453
0.000100480971310195
0.000100480971310195
0.000100480971310195
0.000100480971310193
0.000100480971310191
0.000100480971310195
0.000100480971310191
0.000100480971310193
0.000100480971310197
0.000100480971310193
0.00010048097131019
0.000100480971310198
0.000100480971310193
0.000100480971310197
0.000100480971310193
0.00010048097131019
0.000100480971310193
0.000100480971310191
0.000100480971310193
0.000100480971310193
0.000100480971310191
0.000100480971310193
0.000100480971310191
0.000100480971310193
0.000100480971310193
0.00010048097131019
0.000100480971310193
0.000100480971310191
0.000100480971310197
0.000100480971310191
0.000100480971310191
0.000100480971310197
0.000100480971310191
0.000100480971310197
0.000100480971310191
0.000100480971310191
0.000100480971310197
0.000100480971310191
0.000100480971310197
0.000100480971310191
0.000100480971310191
0.000100480971310197
0.000100480971310191
0.000100480971310197
0.000100480971310191
0.000100480971310191
0.000100480971310197
0.000100480971310191
0.000100480971310197
0.000100480971310191
0.000100480971310191
0.000100480971310197
0.000100480971310191
0.000100480971310196
0.000100480971310193
0.000100480971310191
0.000100480971310193
0.000100480971310195
0.000100480971310193
0.000100480971310193
0.000100480971310191
0.000100480971310193
0.000100480971310194
0.000100480971310193
0.000100480971310193
0.000100480971310191
0.000100480971310193
0.000100480971310194
0.000100480971310193
0.000100480971310193
0.000100480971310192
0.000100480971310193
0.000100480971310193
0.000100480971310193
0.000100480971310193
0.000100480971310191
0.000100480971310193
0.000100480971310193
0.000100480971310193
0.000100480971310193
0.000100480971310191
0.000100480971310193
0.000100480971310194
0.000100480971310193
0.000100480971310193
0.000100480971310191
0.000100480971310193
0.000100480971310193
0.000100480971310193
0.000100480971310193
0.000100480971310191
0.000100480971310193
0.000100480971310194
0.000100480971310193
0.000100480971310193
0.000100480971310191
0.000100480971310193
0.000100480971310193
0.000100480971310193
0.000100480971310193
0.000100480971310191
0.000100480971310193
0.000100480971310194
0.000100480971310193
0.000100480971310193
0.000100480971310192
0.000100480971310193
0.000100480971310193
0.000100480971310193
0.000100480971310194
0.000100480971310194
0.000100480971310192
0.000100480971310193
0.000100480971310192
0.000100480971310194
0.000100480971310195
0.000100480971310191
0.000100480971310195
0.000100480971310192
0.000100480971310194
9.69301365544517e-05
9.69301365544517e-05
9.69301365544517e-05
9.69301365544539e-05
9.69301365544562e-05
9.69301365544517e-05
9.69301365544562e-05
9.69301365544538e-05
9.69301365544496e-05
9.69301365544538e-05
9.69301365544561e-05
9.69301365544496e-05
9.69301365544539e-05
9.69301365544496e-05
9.69301365544539e-05
9.6930136554456e-05
9.69301365544539e-05
9.69301365544565e-05
9.69301365544539e-05
9.69301365544538e-05
9.6930136554456e-05
9.69301365544539e-05
9.69301365544566e-05
9.69301365544538e-05
9.69301365544539e-05
9.69301365544561e-05
9.6930136554454e-05
9.69301365544564e-05
9.69301365544492e-05
9.69301365544564e-05
9.69301365544564e-05
9.6930136554449e-05
9.69301365544566e-05
9.6930136554449e-05
9.69301365544567e-05
9.69301365544562e-05
9.6930136554449e-05
9.69301365544566e-05
9.6930136554449e-05
9.69301365544564e-05
9.69301365544564e-05
9.6930136554449e-05
9.6930136554457e-05
9.69301365544486e-05
9.69301365544566e-05
9.69301365544566e-05
9.69301365544492e-05
9.69301365544562e-05
9.69301365544493e-05
9.69301365544562e-05
9.69301365544566e-05
9.6930136554449e-05
9.69301365544564e-05
9.69301365544493e-05
9.69301365544542e-05
9.69301365544564e-05
9.69301365544538e-05
9.69301365544512e-05
9.69301365544538e-05
9.69301365544545e-05
9.69301365544568e-05
9.69301365544538e-05
9.69301365544508e-05
9.69301365544538e-05
9.69301365544542e-05
9.69301365544568e-05
9.69301365544542e-05
9.69301365544504e-05
9.69301365544545e-05
9.69301365544545e-05
9.69301365544556e-05
9.69301365544545e-05
9.69301365544508e-05
9.69301365544538e-05
9.69301365544542e-05
9.69301365544568e-05
9.69301365544542e-05
9.69301365544504e-05
9.69301365544545e-05
9.69301365544538e-05
9.69301365544568e-05
9.69301365544538e-05
9.69301365544504e-05
9.69301365544542e-05
9.69301365544542e-05
9.69301365544575e-05
9.69301365544538e-05
9.693013655445e-05
9.69301365544545e-05
9.69301365544542e-05
9.69301365544568e-05
9.69301365544542e-05
9.69301365544504e-05
9.69301365544545e-05
9.69301365544542e-05
9.6930136554456e-05
9.69301365544545e-05
9.69301365544508e-05
9.69301365544538e-05
9.69301365544542e-05
9.69301365544568e-05
9.69301365544542e-05
9.69301365544504e-05
9.69301365544542e-05
9.69301365544545e-05
9.6930136554456e-05
9.69301365544545e-05
9.69301365544508e-05
9.69301365544553e-05
9.69301365544508e-05
9.693013655445e-05
9.69301365544561e-05
9.69301365544493e-05
9.69301365544561e-05
9.69301365544523e-05
9.693013655445e-05
9.69301365544553e-05
9.693013655445e-05
9.69301365544561e-05
9.69301365544508e-05
9.35047825466983e-05
9.35047825466984e-05
9.35047825466984e-05
9.35047825466983e-05
9.35047825466984e-05
9.35047825467006e-05
9.35047825466984e-05
9.35047825467005e-05
9.3504782546703e-05
9.35047825467005e-05
9.35047825466982e-05
9.35047825467029e-05
9.35047825467005e-05
9.35047825467028e-05
9.35047825467006e-05
9.35047825466982e-05
9.35047825467006e-05
9.35047825466964e-05
9.35047825467004e-05
9.35047825467005e-05
9.35047825466983e-05
9.35047825467004e-05
9.35047825466965e-05
9.35047825467005e-05
9.35047825467005e-05
9.35047825466983e-05
9.35047825467004e-05
9.35047825466964e-05
9.35047825467004e-05
9.35047825466964e-05
9.35047825466964e-05
9.35047825467001e-05
9.35047825466965e-05
9.35047825467003e-05
9.3504782546696e-05
9.35047825466969e-05
9.35047825466999e-05
9.35047825466965e-05
9.35047825467001e-05
9.35047825466966e-05
9.35047825466962e-05
9.35047825467004e-05
9.35047825466964e-05
9.35047825466999e-05
9.35047825466966e-05
9.35047825466964e-05
9.35047825467003e-05
9.35047825466964e-05
9.35047825467003e-05
9.35047825466964e-05
9.35047825466964e-05
9.35047825467003e-05
9.35047825466962e-05
9.35047825467003e-05
9.35047825466967e-05
9.3504782546696e-05
9.35047825466964e-05
9.35047825466979e-05
9.35047825466964e-05
9.35047825466964e-05
9.35047825466964e-05
9.35047825466964e-05
9.35047825466971e-05
9.35047825466964e-05
9.35047825466967e-05
9.35047825466964e-05
9.35047825466964e-05
9.35047825466975e-05
9.3504782546696e-05
9.3504782546696e-05
9.35047825466967e-05
9.35047825466971e-05
9.35047825466967e-05
9.35047825466964e-05
9.35047825466964e-05
9.35047825466967e-05
9.35047825466964e-05
9.35047825466971e-05
9.35047825466964e-05
9.35047825466967e-05
9.3504782546696e-05
9.35047825466964e-05
9.35047825466971e-05
9.35047825466971e-05
9.35047825466964e-05
9.35047825466964e-05
9.35047825466964e-05
9.35047825466967e-05
9.35047825466964e-05
9.35047825466967e-05
9.35047825466967e-05
9.3504782546696e-05
9.35047825466975e-05
9.35047825466964e-05
9.35047825466967e-05
9.3504782546696e-05
9.35047825466971e-05
9.35047825466967e-05
9.35047825466964e-05
9.35047825466964e-05
9.35047825466964e-05
9.35047825466964e-05
9.35047825466975e-05
9.35047825466964e-05
9.35047825466964e-05
9.3504782546696e-05
9.35047825466964e-05
9.35047825466975e-05
9.35047825466975e-05
9.35047825466982e-05
9.35047825466975e-05
9.35047825466967e-05
9.35047825466975e-05
9.35047825466975e-05
9.35047825466967e-05
9.3504782546699e-05
9.35047825466967e-05
9.35047825466982e-05
9.35047825466975e-05
9.35047825466975e-05
9.02004750009055e-05
9.02004750009055e-05
9.02004750009078e-05
9.02004750009055e-05
9.02004750009011e-05
9.02004750009056e-05
9.02004750009012e-05
9.0200475000901e-05
9.02004750009035e-05
9.0200475000901e-05
9.02004750009033e-05
9.02004750009034e-05
9.02004750009011e-05
9.02004750009034e-05
9.02004750009011e-05
9.02004750009032e-05
9.02004750009012e-05
9.02004750009036e-05
9.02004750009009e-05
9.02004750009011e-05
9.02004750009032e-05
9.02004750009012e-05
9.02004750009036e-05
9.0200475000901e-05
9.02004750009011e-05
9.02004750009034e-05
9.02004750009011e-05
9.02004750009035e-05
9.02004750009052e-05
9.02004750009035e-05
9.02004750009034e-05
9.02004750009052e-05
9.02004750009037e-05
9.02004750009052e-05
9.02004750009037e-05
9.02004750009035e-05
9.02004750009049e-05
9.02004750009035e-05
9.02004750009051e-05
9.02004750009037e-05
9.02004750009037e-05
9.02004750009049e-05
9.02004750009039e-05
9.02004750009051e-05
9.02004750009035e-05
9.02004750009037e-05
9.02004750009052e-05
9.02004750009034e-05
9.02004750009052e-05
9.02004750009035e-05
9.02004750009035e-05
9.02004750009054e-05
9.02004750009035e-05
9.02004750009052e-05
9.02004750009032e-05
9.02004750009039e-05
9.02004750009032e-05
9.02004750009028e-05
9.02004750009028e-05
9.02004750009043e-05
9.02004750009035e-05
9.02004750009032e-05
9.02004750009025e-05
9.02004750009035e-05
9.02004750009035e-05
9.02004750009039e-05
9.02004750009035e-05
9.02004750009025e-05
9.02004750009032e-05
9.02004750009043e-05
9.02004750009032e-05
9.02004750009039e-05
9.02004750009018e-05
9.02004750009035e-05
9.02004750009035e-05
9.02004750009035e-05
9.02004750009035e-05
9.02004750009021e-05
9.02004750009043e-05
9.02004750009032e-05
9.02004750009039e-05
9.02004750009035e-05
9.02004750009021e-05
9.02004750009032e-05
9.02004750009035e-05
9.02004750009043e-05
9.02004750009039e-05
9.02004750009018e-05
9.02004750009035e-05
9.02004750009035e-05
9.02004750009035e-05
9.02004750009039e-05
9.02004750009018e-05
9.02004750009043e-05
9.02004750009032e-05
9.02004750009035e-05
9.02004750009035e-05
9.02004750009025e-05
9.02004750009035e-05
9.02004750009035e-05
9.02004750009039e-05
9.02004750009032e-05
9.02004750009021e-05
9.02004750009043e-05
9.02004750009035e-05
9.02004750009036e-05
9.02004750009035e-05
9.02004750009025e-05
9.02004750009083e-05
9.02004750009025e-05
9.02004750009032e-05
9.0200475000909e-05
9.02004750009018e-05
9.0200475000909e-05
9.02004750009025e-05
9.02004750009032e-05
9.0200475000909e-05
9.02004750009011e-05
9.02004750009105e-05
9.02004750009025e-05
8.70129363311967e-05
8.70129363311967e-05
8.70129363311945e-05
8.70129363311966e-05
8.70129363312011e-05
8.70129363311945e-05
8.70129363312011e-05
8.70129363311988e-05
8.70129363311945e-05
8.70129363311989e-05
8.70129363311988e-05
8.70129363311946e-05
8.70129363311988e-05
8.70129363311945e-05
8.70129363311988e-05
8.70129363311989e-05
8.70129363311988e-05
8.7012936331199e-05
8.70129363311989e-05
8.70129363311989e-05
8.70129363311988e-05
8.70129363311988e-05
8.70129363311992e-05
8.70129363311988e-05
8.70129363311988e-05
8.70129363311988e-05
8.70129363311989e-05
8.70129363311991e-05
8.70129363311964e-05
8.70129363311989e-05
8.70129363311993e-05
8.70129363311964e-05
8.70129363311991e-05
8.70129363311964e-05
8.70129363311991e-05
8.70129363311989e-05
8.70129363311964e-05
8.70129363311993e-05
8.70129363311962e-05
8.70129363311993e-05
8.70129363311991e-05
8.70129363311964e-05
8.70129363311991e-05
8.70129363311962e-05
8.70129363311989e-05
8.70129363311994e-05
8.7012936331196e-05
8.70129363311995e-05
8.7012936331196e-05
8.70129363311995e-05
8.70129363311993e-05
8.70129363311962e-05
8.70129363311989e-05
8.70129363311965e-05
8.70129363311991e-05
8.70129363311991e-05
8.70129363311991e-05
8.70129363312003e-05
8.70129363311987e-05
8.70129363311991e-05
8.70129363311994e-05
8.70129363311991e-05
8.70129363311999e-05
8.70129363311994e-05
8.70129363311987e-05
8.70129363311994e-05
8.70129363311991e-05
8.70129363312003e-05
8.70129363311987e-05
8.70129363311994e-05
8.70129363311994e-05
8.70129363311984e-05
8.70129363312003e-05
8.70129363311991e-05
8.70129363311994e-05
8.70129363311991e-05
8.70129363311994e-05
8.70129363311996e-05
8.70129363311987e-05
8.70129363311998e-05
8.70129363311987e-05
8.70129363311994e-05
8.70129363312003e-05
8.70129363311991e-05
8.70129363311987e-05
8.70129363311994e-05
8.70129363311994e-05
8.70129363311996e-05
8.70129363311991e-05
8.70129363311987e-05
8.70129363311994e-05
8.70129363311994e-05
8.70129363311996e-05
8.70129363311991e-05
8.70129363311994e-05
8.70129363311994e-05
8.70129363311991e-05
8.70129363311996e-05
8.70129363311994e-05
8.70129363311994e-05
8.70129363311991e-05
8.70129363311994e-05
8.70129363311996e-05
8.70129363311994e-05
8.70129363311991e-05
8.70129363311987e-05
8.70129363311994e-05
8.70129363312003e-05
8.70129363311957e-05
8.70129363312003e-05
8.70129363312003e-05
8.70129363311957e-05
8.70129363311996e-05
8.70129363311964e-05
8.70129363312003e-05
8.70129363312003e-05
8.70129363311957e-05
8.70129363311996e-05
8.70129363311964e-05
8.70129363311996e-05
8.39380401145484e-05
8.39380401145484e-05
8.39380401145484e-05
8.39380401145462e-05
8.39380401145484e-05
8.39380401145484e-05
8.39380401145484e-05
8.39380401145484e-05
8.39380401145485e-05
8.39380401145484e-05
8.39380401145483e-05
8.39380401145485e-05
8.39380401145484e-05
8.39380401145485e-05
8.39380401145483e-05
8.39380401145485e-05
8.39380401145484e-05
8.39380401145507e-05
8.39380401145485e-05
8.39380401145484e-05
8.39380401145484e-05
8.39380401145483e-05
8.39380401145509e-05
8.39380401145484e-05
8.39380401145484e-05
8.39380401145484e-05
8.39380401145484e-05
8.39380401145508e-05
8.39380401145481e-05
8.39380401145507e-05
8.3938040114551e-05
8.39380401145481e-05
8.39380401145508e-05
8.39380401145481e-05
8.39380401145508e-05
8.39380401145507e-05
8.39380401145481e-05
8.3938040114551e-05
8.39380401145479e-05
8.3938040114551e-05
8.39380401145508e-05
8.39380401145481e-05
8.39380401145508e-05
8.39380401145479e-05
8.39380401145508e-05
8.3938040114551e-05
8.39380401145478e-05
8.39380401145512e-05
8.39380401145478e-05
8.39380401145512e-05
8.3938040114551e-05
8.3938040114548e-05
8.39380401145507e-05
8.39380401145483e-05
8.39380401145508e-05
8.39380401145508e-05
8.39380401145508e-05
8.39380401145432e-05
8.39380401145505e-05
8.39380401145508e-05
8.39380401145512e-05
8.39380401145508e-05
8.39380401145429e-05
8.39380401145512e-05
8.39380401145505e-05
8.39380401145512e-05
8.39380401145508e-05
8.39380401145432e-05
8.39380401145505e-05
8.39380401145512e-05
8.39380401145512e-05
8.39380401145502e-05
8.39380401145432e-05
8.39380401145508e-05
8.39380401145512e-05
8.39380401145508e-05
8.39380401145512e-05
8.39380401145425e-05
8.39380401145505e-05
8.39380401145515e-05
8.39380401145505e-05
8.39380401145512e-05
8.39380401145432e-05
8.39380401145508e-05
8.39380401145505e-05
8.39380401145512e-05
8.39380401145512e-05
8.39380401145425e-05
8.39380401145508e-05
8.39380401145508e-05
8.39380401145512e-05
8.39380401145508e-05
8.39380401145429e-05
8.39380401145505e-05
8.39380401145512e-05
8.39380401145512e-05
8.39380401145508e-05
8.39380401145425e-05
8.39380401145512e-05
8.39380401145512e-05
8.39380401145508e-05
8.39380401145512e-05
8.39380401145425e-05
8.39380401145512e-05
8.39380401145508e-05
8.39380401145505e-05
8.39380401145512e-05
8.39380401145432e-05
8.39380401145496e-05
8.39380401145432e-05
8.39380401145432e-05
8.39380401145496e-05
8.39380401145425e-05
8.39380401145503e-05
8.39380401145432e-05
8.39380401145432e-05
8.39380401145496e-05
8.39380401145425e-05
8.39380401145503e-05
8.39380401145425e-05
8.09718057489039e-05
8.09718057489039e-05
8.0971805748904e-05
8.09718057489061e-05
8.0971805748904e-05
8.0971805748904e-05
8.0971805748904e-05
8.09718057489016e-05
8.0971805748944e-05
8.09718057489372e-05
8.09718057489016e-05
8.09718057489441e-05
8.09718057489372e-05
8.09718057489041e-05
8.09718057489017e-05
8.09718057489016e-05
8.09718057489372e-05
8.09718057489375e-05
8.09718057489017e-05
8.09718057489016e-05
8.09718057489017e-05
8.09718057489015e-05
8.09718057489021e-05
8.09718057489017e-05
8.09718057489016e-05
8.09718057489017e-05
8.09718057489016e-05
8.09718057489021e-05
8.09718057489037e-05
8.09718057489019e-05
8.0971805748973e-05
8.09718057489746e-05
8.09718057489021e-05
8.09718057489037e-05
8.09718057489019e-05
8.09718057489019e-05
8.09718057489035e-05
8.09718057489021e-05
8.09718057489035e-05
8.09718057489019e-05
8.09718057489022e-05
8.09718057489035e-05
8.09718057489019e-05
8.09718057489034e-05
8.09718057489022e-05
8.09718057489019e-05
8.09718057489037e-05
8.09718057489019e-05
8.09718057489035e-05
8.09718057489019e-05
8.09718057489019e-05
8.09718057489037e-05
8.09718057489022e-05
8.09718057489032e-05
8.09718057489019e-05
8.09718057489022e-05
8.09718057489016e-05
8.09718057489057e-05
8.09718057489016e-05
8.09718057489022e-05
8.09718057489019e-05
8.09718057489019e-05
8.09718057489054e-05
8.09718057489016e-05
8.09718057489022e-05
8.09718057489019e-05
8.09718057489019e-05
8.09718057489054e-05
8.09718057489016e-05
8.09718057489022e-05
8.09718057489019e-05
8.09718057489019e-05
8.09718057489051e-05
8.09718057489019e-05
8.09718057489019e-05
8.09718057489022e-05
8.09718057489022e-05
8.09718057489048e-05
8.09718057489019e-05
8.09718057489019e-05
8.09718057489019e-05
8.09718057489026e-05
8.09718057489048e-05
8.09718057489022e-05
8.09718057489019e-05
8.09718057489019e-05
8.09718057489019e-05
8.09718057489048e-05
8.09718057489026e-05
8.09718057489019e-05
8.09718057489019e-05
8.09718057489019e-05
8.09718057489051e-05
8.09718057489022e-05
8.09718057489019e-05
8.09718057489019e-05
8.09718057489019e-05
8.09718057489051e-05
8.09718057489019e-05
8.09718057489019e-05
8.09718057489019e-05
8.09718057489019e-05
8.09718057489054e-05
8.09718057489019e-05
8.09718057489019e-05
8.09718057489026e-05
8.09718057489016e-05
8.09718057489048e-05
8.09718057489057e-05
8.09718057489048e-05
8.09718057489771e-05
8.09718057489806e-05
8.09718057489054e-05
8.09718057489045e-05
8.0971805748906e-05
8.09718057489054e-05
8.09718057489051e-05
8.09718057489048e-05
8.09718057489057e-05
8.09718057489054e-05
7.81103933009986e-05
7.81103933009986e-05
7.81103933010008e-05
7.81103933010007e-05
7.81103933010008e-05
7.81103933010008e-05
7.81103933010008e-05
7.81103933010007e-05
7.81103933009631e-05
7.81103933009653e-05
7.81103933010007e-05
7.81103933009631e-05
7.81103933009653e-05
7.81103933010032e-05
7.81103933010006e-05
7.81103933010007e-05
7.81103933009653e-05
7.81103933009632e-05
7.81103933010008e-05
7.81103933010007e-05
7.81103933010007e-05
7.81103933010007e-05
7.81103933009988e-05
7.81103933010007e-05
7.81103933010007e-05
7.81103933010007e-05
7.81103933010007e-05
7.81103933009991e-05
7.81103933009959e-05
7.81103933009986e-05
7.81103933009278e-05
7.81103933009249e-05
7.81103933009989e-05
7.81103933009961e-05
7.81103933009988e-05
7.81103933009988e-05
7.81103933009961e-05
7.81103933009989e-05
7.81103933009958e-05
7.81103933009989e-05
7.81103933009988e-05
7.81103933009959e-05
7.81103933009988e-05
7.81103933009961e-05
7.81103933009988e-05
7.81103933009989e-05
7.81103933009961e-05
7.81103933009988e-05
7.81103933009961e-05
7.81103933009988e-05
7.81103933009988e-05
7.81103933009959e-05
7.81103933009989e-05
7.81103933009958e-05
7.81103933009991e-05
7.81103933009991e-05
7.81103933009984e-05
7.81103933010001e-05
7.81103933009984e-05
7.81103933009988e-05
7.81103933009991e-05
7.81103933009984e-05
7.81103933010004e-05
7.81103933009984e-05
7.81103933009991e-05
7.81103933009988e-05
7.81103933009984e-05
7.81103933010004e-05
7.81103933009984e-05
7.81103933009991e-05
7.81103933009988e-05
7.81103933009988e-05
7.81103933010001e-05
7.81103933009988e-05
7.81103933009988e-05
7.81103933009991e-05
7.81103933009988e-05
7.81103933009994e-05
7.81103933009988e-05
7.81103933009991e-05
7.81103933009988e-05
7.81103933009988e-05
7.81103933009994e-05
7.81103933009991e-05
7.81103933009988e-05
7.81103933009988e-05
7.81103933009994e-05
7.81103933009994e-05
7.81103933009988e-05
7.81103933009988e-05
7.81103933009991e-05
7.81103933009988e-05
7.81103933009997e-05
7.81103933009991e-05
7.81103933009988e-05
7.81103933009988e-05
7.81103933009988e-05
7.81103933010001e-05
7.81103933009988e-05
7.81103933009988e-05
7.81103933009988e-05
7.81103933009988e-05
7.81103933009997e-05
7.81103933009988e-05
7.81103933009991e-05
7.81103933009988e-05
7.81103933009988e-05
7.81103933009994e-05
7.81103933010025e-05
7.81103933010001e-05
7.8110393300929e-05
7.8110393300927e-05
7.81103933009988e-05
7.81103933010025e-05
7.81103933010001e-05
7.81103933010001e-05
7.81103933010019e-05
7.81103933009994e-05
7.81103933010025e-05
7.81103933009994e-05
7.53500985335998e-05
7.53500985335998e-05
7.53500985335975e-05
7.53500985335998e-05
7.53500985335975e-05
7.53500985335975e-05
7.53500985335976e-05
7.53500985335997e-05
7.53500985335998e-05
7.53500985335997e-05
7.53500985335997e-05
7.53500985335998e-05
7.53500985335996e-05
7.53500985336e-05
7.53500985335996e-05
7.53500985335998e-05
7.53500985335996e-05
7.53500985336022e-05
7.53500985335996e-05
7.53500985335997e-05
7.53500985335996e-05
7.53500985335997e-05
7.53500985336023e-05
7.53500985335996e-05
7.53500985335997e-05
7.53500985335995e-05
7.53500985335997e-05
7.53500985336024e-05
7.53500985336015e-05
7.53500985336021e-05
7.5350098533602e-05
7.5350098533602e-05
7.5350098533602e-05
7.53500985336017e-05
7.5350098533602e-05
7.53500985336024e-05
7.53500985336014e-05
7.53500985336023e-05
7.53500985336014e-05
7.53500985336024e-05
7.53500985336021e-05
7.53500985336015e-05
7.53500985336024e-05
7.53500985336014e-05
7.53500985336023e-05
7.53500985336023e-05
7.53500985336016e-05
7.53500985336021e-05
7.53500985336017e-05
7.53500985336021e-05
7.53500985336021e-05
7.53500985336014e-05
7.53500985336026e-05
7.53500985336013e-05
7.53500985336021e-05
7.53500985336027e-05
7.53500985336018e-05
7.53500985335968e-05
7.53500985336018e-05
7.53500985336024e-05
7.53500985336024e-05
7.53500985336016e-05
7.53500985335971e-05
7.53500985336024e-05
7.53500985336019e-05
7.53500985336021e-05
7.53500985336021e-05
7.53500985335968e-05
7.53500985336022e-05
7.53500985336019e-05
7.53500985336024e-05
7.53500985336024e-05
7.53500985335965e-05
7.53500985336018e-05
7.53500985336024e-05
7.53500985336021e-05
7.53500985336021e-05
7.53500985335962e-05
7.53500985336024e-05
7.53500985336024e-05
7.53500985336024e-05
7.53500985336018e-05
7.53500985335962e-05
7.53500985336024e-05
7.53500985336024e-05
7.53500985336024e-05
7.53500985336021e-05
7.53500985335962e-05
7.53500985336021e-05
7.53500985336024e-05
7.53500985336024e-05
7.53500985336021e-05
7.53500985335965e-05
7.53500985336022e-05
7.53500985336019e-05
7.53500985336024e-05
7.53500985336027e-05
7.53500985335962e-05
7.53500985336018e-05
7.53500985336024e-05
7.53500985336021e-05
7.53500985336021e-05
7.53500985335962e-05
7.53500985336021e-05
7.53500985336027e-05
7.53500985336024e-05
7.53500985336019e-05
7.53500985335962e-05
7.53500985336014e-05
7.53500985335962e-05
7.53500985335974e-05
7.53500985336014e-05
7.53500985335962e-05
7.53500985336008e-05
7.53500985335968e-05
7.53500985335968e-05
7.53500985336008e-05
7.53500985335962e-05
7.53500985336014e-05
7.53500985335968e-05
7.26873481118995e-05
7.26873481118995e-05
7.26873481118995e-05
7.26873481118972e-05
7.26873481118995e-05
7.26873481118995e-05
7.26873481118995e-05
7.26873481119016e-05
7.26873481118996e-05
7.26873481119017e-05
7.26873481119016e-05
7.26873481118996e-05
7.26873481119016e-05
7.26873481118996e-05
7.26873481119017e-05
7.26873481119016e-05
7.26873481119017e-05
7.26873481118974e-05
7.26873481119017e-05
7.26873481119017e-05
7.26873481119016e-05
7.26873481119017e-05
7.26873481118975e-05
7.26873481119017e-05
7.26873481119017e-05
7.26873481119016e-05
7.26873481119016e-05
7.26873481118976e-05
7.26873481118992e-05
7.26873481118974e-05
7.26873481118974e-05
7.26873481118991e-05
7.26873481118976e-05
7.26873481118992e-05
7.26873481118974e-05
7.26873481118974e-05
7.26873481118991e-05
7.26873481118976e-05
7.26873481118991e-05
7.26873481118976e-05
7.26873481118974e-05
7.26873481118991e-05
7.26873481118976e-05
7.26873481118991e-05
7.26873481118976e-05
7.26873481118974e-05
7.26873481118991e-05
7.26873481118976e-05
7.26873481118991e-05
7.26873481118976e-05
7.26873481118974e-05
7.26873481118991e-05
7.26873481118976e-05
7.26873481118989e-05
7.26873481118977e-05
7.26873481118974e-05
7.26873481118974e-05
7.26873481118988e-05
7.26873481118971e-05
7.26873481118977e-05
7.26873481118974e-05
7.26873481118974e-05
7.26873481118988e-05
7.26873481118971e-05
7.26873481118977e-05
7.26873481118974e-05
7.26873481118974e-05
7.26873481118988e-05
7.26873481118971e-05
7.26873481118977e-05
7.26873481118974e-05
7.26873481118974e-05
7.26873481118985e-05
7.26873481118974e-05
7.26873481118977e-05
7.26873481118974e-05
7.26873481118974e-05
7.26873481118985e-05
7.26873481118974e-05
7.26873481118977e-05
7.26873481118974e-05
7.26873481118974e-05
7.26873481118985e-05
7.26873481118974e-05
7.26873481118977e-05
7.26873481118974e-05
7.26873481118974e-05
7.26873481118985e-05
7.26873481118974e-05
7.26873481118977e-05
7.26873481118974e-05
7.26873481118974e-05
7.26873481118985e-05
7.26873481118974e-05
7.26873481118977e-05
7.26873481118974e-05
7.26873481118974e-05
7.26873481118985e-05
7.26873481118974e-05
7.26873481118977e-05
7.26873481118974e-05
7.26873481118974e-05
7.26873481118985e-05
7.26873481118974e-05
7.26873481118977e-05
7.26873481118974e-05
7.26873481118974e-05
7.26873481118982e-05
7.26873481119011e-05
7.26873481118988e-05
7.26873481118988e-05
7.26873481119005e-05
7.26873481118982e-05
7.26873481119011e-05
7.26873481118988e-05
7.26873481118988e-05
7.26873481119005e-05
7.26873481118982e-05
7.26873481119011e-05
7.26873481118988e-05
7.01186949766486e-05
7.01186949767263e-05
7.01186949768018e-05
7.01186949767218e-05
7.01186949767241e-05
7.01186949767241e-05
7.01186949767241e-05
7.01186949767973e-05
7.01186949767996e-05
7.01186949767973e-05
7.01186949767585e-05
7.01186949766808e-05
7.0118694976683e-05
7.01186949766853e-05
7.01186949767218e-05
7.01186949767973e-05
7.01186949767607e-05
7.01186949767221e-05
7.01186949767606e-05
7.01186949767972e-05
7.01186949767973e-05
7.01186949767607e-05
7.01186949767653e-05
7.01186949767974e-05
7.01186949767217e-05
7.01186949767219e-05
7.01186949767973e-05
7.01186949767653e-05
7.01186949767627e-05
7.01186949768019e-05
7.01186949767653e-05
7.01186949767238e-05
7.01186949767653e-05
7.01186949767238e-05
7.01186949767219e-05
7.01186949767221e-05
7.01186949766827e-05
7.01186949767653e-05
7.01186949768014e-05
7.01186949768019e-05
7.01186949767656e-05
7.01186949766847e-05
7.01186949766855e-05
7.01186949767627e-05
7.0118694976722e-05
7.0118694976722e-05
7.01186949768014e-05
7.01186949767221e-05
7.01186949766827e-05
7.01186949766852e-05
7.0118694976649e-05
7.01186949767237e-05
7.01186949767222e-05
7.01186949767237e-05
7.01186949768022e-05
7.0118694976765e-05
7.0118694976765e-05
7.01186949767212e-05
7.01186949766857e-05
7.01186949767653e-05
7.0118694976722e-05
7.01186949766487e-05
7.01186949767212e-05
7.01186949768019e-05
7.01186949768019e-05
7.01186949768019e-05
7.0118694976722e-05
7.01186949767209e-05
7.0118694976722e-05
7.01186949766857e-05
7.01186949767656e-05
7.01186949767653e-05
7.0118694976684e-05
7.0118694976722e-05
7.0118694976722e-05
7.01186949767223e-05
7.01186949767653e-05
7.01186949767206e-05
7.01186949767226e-05
7.0118694976765e-05
7.01186949767226e-05
7.01186949767215e-05
7.01186949768014e-05
7.01186949767653e-05
7.01186949767659e-05
7.01186949767215e-05
7.01186949767223e-05
7.01186949768008e-05
7.01186949768019e-05
7.01186949768019e-05
7.01186949768017e-05
7.01186949768022e-05
7.01186949768008e-05
7.0118694976802e-05
7.01186949768019e-05
7.01186949768025e-05
7.01186949768017e-05
7.01186949767645e-05
7.01186949767653e-05
7.01186949767217e-05
7.01186949767226e-05
7.01186949768017e-05
7.01186949767645e-05
7.01186949767653e-05
7.01186949767215e-05
7.01186949766496e-05
7.01186949766851e-05
7.01186949767206e-05
7.01186949767623e-05
7.01186949768017e-05
7.01186949768e-05
7.01186949768033e-05
7.01186949768011e-05
7.01186949768022e-05
7.01186949768011e-05
7.01186949768017e-05
7.01186949767251e-05
7.01186949767206e-05
7.01186949767256e-05
7.01186949766457e-05
6.76408138824014e-05
6.76408138823237e-05
6.76408138822527e-05
6.76408138823303e-05
6.76408138823304e-05
6.76408138823304e-05
6.76408138823304e-05
6.76408138822525e-05
6.76408138822505e-05
6.76408138822526e-05
6.76408138822914e-05
6.76408138823694e-05
6.76408138823669e-05
6.76408138823648e-05
6.76408138823281e-05
6.76408138822526e-05
6.76408138822892e-05
6.76408138823284e-05
6.76408138822892e-05
6.76408138822527e-05
6.76408138822525e-05
6.76408138822892e-05
6.76408138822851e-05
6.76408138822526e-05
6.7640813882328e-05
6.7640813882328e-05
6.76408138822527e-05
6.76408138822851e-05
6.7640813882291e-05
6.76408138822483e-05
6.7640813882285e-05
6.76408138823301e-05
6.76408138822851e-05
6.764081388233e-05
6.76408138823284e-05
6.76408138823284e-05
6.76408138823709e-05
6.76408138822851e-05
6.76408138822521e-05
6.76408138822488e-05
6.76408138822914e-05
6.7640813882369e-05
6.7640813882365e-05
6.76408138822911e-05
6.76408138823284e-05
6.76408138823349e-05
6.76408138822524e-05
6.76408138823284e-05
6.76408138823708e-05
6.76408138823651e-05
6.76408138824084e-05
6.76408138823298e-05
6.76408138823283e-05
6.76408138823304e-05
6.7640813882255e-05
6.76408138822919e-05
6.76408138822911e-05
6.76408138823322e-05
6.76408138823713e-05
6.76408138822916e-05
6.76408138823352e-05
6.76408138824079e-05
6.76408138823322e-05
6.76408138822547e-05
6.76408138822553e-05
6.7640813882255e-05
6.76408138823349e-05
6.76408138823319e-05
6.76408138823344e-05
6.76408138823721e-05
6.76408138822916e-05
6.76408138822914e-05
6.76408138823686e-05
6.76408138823352e-05
6.76408138823347e-05
6.76408138823352e-05
6.76408138822916e-05
6.76408138823317e-05
6.76408138823352e-05
6.76408138822919e-05
6.76408138823341e-05
6.76408138823355e-05
6.76408138822517e-05
6.76408138822914e-05
6.76408138822919e-05
6.76408138823352e-05
6.76408138823352e-05
6.76408138822515e-05
6.7640813882255e-05
6.7640813882255e-05
6.76408138822553e-05
6.7640813882255e-05
6.76408138822517e-05
6.76408138822553e-05
6.7640813882255e-05
6.7640813882255e-05
6.7640813882255e-05
6.76408138822881e-05
6.76408138822922e-05
6.76408138823347e-05
6.76408138823355e-05
6.7640813882255e-05
6.76408138822878e-05
6.76408138822916e-05
6.76408138823352e-05
6.76408138824079e-05
6.76408138823721e-05
6.76408138823314e-05
6.76408138822952e-05
6.7640813882252e-05
6.7640813882252e-05
6.76408138822541e-05
6.76408138822509e-05
6.76408138822536e-05
6.76408138822525e-05
6.76408138822515e-05
6.76408138823318e-05
6.76408138823314e-05
6.76408138823318e-05
6.76408138824074e-05
6.52504970917489e-05
6.52504970917489e-05
6.52504970917445e-05
6.52504970917489e-05
6.52504970917445e-05
6.52504970917445e-05
6.52504970917445e-05
6.52504970917488e-05
6.5250497091749e-05
6.52504970917489e-05
6.52504970917488e-05
6.5250497091749e-05
6.52504970917489e-05
6.5250497091749e-05
6.52504970917487e-05
6.52504970917489e-05
6.52504970917489e-05
6.5250497091749e-05
6.52504970917489e-05
6.52504970917489e-05
6.52504970917487e-05
6.52504970917489e-05
6.52504970917491e-05
6.52504970917489e-05
6.52504970917489e-05
6.52504970917489e-05
6.52504970917489e-05
6.52504970917492e-05
6.52504970917463e-05
6.52504970917489e-05
6.5250497091749e-05
6.52504970917464e-05
6.52504970917492e-05
6.52504970917464e-05
6.5250497091749e-05
6.5250497091749e-05
6.52504970917464e-05
6.5250497091749e-05
6.52504970917462e-05
6.52504970917494e-05
6.52504970917424e-05
6.52504970917462e-05
6.52504970917491e-05
6.52504970917464e-05
6.52504970917492e-05
6.52504970917424e-05
6.52504970917464e-05
6.5250497091749e-05
6.52504970917464e-05
6.5250497091749e-05
6.52504970917425e-05
6.52504970917463e-05
6.5250497091749e-05
6.52504970917464e-05
6.52504970917421e-05
6.52504970917429e-05
6.52504970917419e-05
6.52504970917441e-05
6.52504970917421e-05
6.52504970917424e-05
6.52504970917427e-05
6.52504970917421e-05
6.52504970917441e-05
6.52504970917421e-05
6.52504970917427e-05
6.52504970917424e-05
6.52504970917424e-05
6.52504970917438e-05
6.52504970917421e-05
6.52504970917427e-05
6.52504970917424e-05
6.52504970917424e-05
6.52504970917438e-05
6.52504970917424e-05
6.52504970917424e-05
6.52504970917424e-05
6.52504970917424e-05
6.52504970917433e-05
6.52504970917427e-05
6.52504970917429e-05
6.52504970917424e-05
6.52504970917424e-05
6.52504970917433e-05
6.52504970917424e-05
6.52504970917421e-05
6.52504970917427e-05
6.52504970917429e-05
6.52504970917433e-05
6.52504970917424e-05
6.52504970917427e-05
6.52504970917424e-05
6.52504970917424e-05
6.52504970917436e-05
6.52504970917427e-05
6.52504970917424e-05
6.52504970917424e-05
6.52504970917424e-05
6.52504970917438e-05
6.52504970917424e-05
6.52504970917424e-05
6.52504970917427e-05
6.52504970917424e-05
6.52504970917431e-05
6.52504970917429e-05
6.52504970917424e-05
6.52504970917424e-05
6.52504970917424e-05
6.52504970917438e-05
6.52504970917476e-05
6.52504970917433e-05
6.52504970917438e-05
6.52504970917486e-05
6.52504970917428e-05
6.52504970917476e-05
6.52504970917444e-05
6.52504970917438e-05
6.52504970917476e-05
6.52504970917433e-05
6.52504970917476e-05
6.52504970917438e-05
6.29446502245501e-05
6.29446502245501e-05
6.29446502245501e-05
6.29446502245501e-05
6.29446502245501e-05
6.29446502245501e-05
6.29446502245501e-05
6.294465022455e-05
6.29446502245502e-05
6.29446502245501e-05
6.29446502245501e-05
6.29446502245501e-05
6.294465022455e-05
6.29446502245501e-05
6.29446502245501e-05
6.294465022455e-05
6.29446502245501e-05
6.29446502245503e-05
6.294465022455e-05
6.29446502245501e-05
6.29446502245501e-05
6.29446502245501e-05
6.29446502245503e-05
6.294465022455e-05
6.29446502245501e-05
6.29446502245501e-05
6.294465022455e-05
6.29446502245503e-05
6.29446502245497e-05
6.29446502245504e-05
6.29446502245503e-05
6.29446502245497e-05
6.29446502245505e-05
6.29446502245497e-05
6.29446502245503e-05
6.29446502245503e-05
6.29446502245497e-05
6.29446502245504e-05
6.29446502245499e-05
6.29446502245503e-05
6.29446502245504e-05
6.29446502245497e-05
6.29446502245503e-05
6.29446502245499e-05
6.29446502245503e-05
6.29446502245504e-05
6.29446502245497e-05
6.29446502245502e-05
6.29446502245496e-05
6.29446502245505e-05
6.29446502245504e-05
6.29446502245497e-05
6.29446502245502e-05
6.29446502245499e-05
6.29446502245502e-05
6.29446502245503e-05
6.29446502245502e-05
6.29446502245493e-05
6.29446502245505e-05
6.29446502245503e-05
6.29446502245502e-05
6.29446502245502e-05
6.29446502245495e-05
6.294465022455e-05
6.29446502245505e-05
6.29446502245505e-05
6.294465022455e-05
6.29446502245495e-05
6.29446502245502e-05
6.29446502245503e-05
6.29446502245503e-05
6.29446502245503e-05
6.29446502245493e-05
6.29446502245503e-05
6.29446502245505e-05
6.29446502245503e-05
6.29446502245503e-05
6.29446502245495e-05
6.29446502245502e-05
6.29446502245502e-05
6.29446502245503e-05
6.29446502245505e-05
6.29446502245492e-05
6.29446502245502e-05
6.29446502245503e-05
6.29446502245503e-05
6.29446502245503e-05
6.29446502245495e-05
6.29446502245503e-05
6.29446502245503e-05
6.29446502245503e-05
6.29446502245505e-05
6.29446502245492e-05
6.29446502245502e-05
6.29446502245502e-05
6.29446502245503e-05
6.29446502245505e-05
6.29446502245487e-05
6.29446502245507e-05
6.29446502245502e-05
6.29446502245505e-05
6.29446502245502e-05
6.29446502245487e-05
6.29446502245507e-05
6.29446502245503e-05
6.29446502245503e-05
6.29446502245507e-05
6.2944650224549e-05
6.2944650224551e-05
6.29446502245495e-05
6.29446502245495e-05
6.2944650224551e-05
6.29446502245495e-05
6.2944650224551e-05
6.29446502245495e-05
6.2944650224549e-05
6.29446502245515e-05
6.29446502245495e-05
6.2944650224551e-05
6.29446502245495e-05
6.0720288250351e-05
6.0720288250351e-05
6.07202882503533e-05
6.07202882503488e-05
6.07202882503532e-05
6.07202882503533e-05
6.07202882503533e-05
6.0720288250351e-05
6.07202882503511e-05
6.0720288250351e-05
6.0720288250351e-05
6.07202882503511e-05
6.0720288250351e-05
6.07202882503511e-05
6.0720288250351e-05
6.07202882503509e-05
6.07202882503509e-05
6.07202882503512e-05
6.0720288250351e-05
6.07202882503509e-05
6.0720288250351e-05
6.0720288250351e-05
6.07202882503512e-05
6.0720288250351e-05
6.07202882503509e-05
6.07202882503511e-05
6.07202882503509e-05
6.07202882503513e-05
6.07202882503507e-05
6.07202882503513e-05
6.07202882503511e-05
6.07202882503508e-05
6.07202882503512e-05
6.07202882503507e-05
6.07202882503512e-05
6.07202882503513e-05
6.07202882503508e-05
6.07202882503512e-05
6.07202882503507e-05
6.07202882503512e-05
6.07202882503513e-05
6.07202882503507e-05
6.07202882503513e-05
6.07202882503507e-05
6.07202882503512e-05
6.07202882503513e-05
6.07202882503506e-05
6.07202882503514e-05
6.07202882503508e-05
6.07202882503511e-05
6.07202882503514e-05
6.07202882503507e-05
6.07202882503512e-05
6.07202882503507e-05
6.07202882503512e-05
6.07202882503514e-05
6.07202882503507e-05
6.07202882503529e-05
6.07202882503512e-05
6.07202882503514e-05
6.07202882503512e-05
6.07202882503509e-05
6.07202882503527e-05
6.07202882503512e-05
6.07202882503509e-05
6.07202882503514e-05
6.07202882503512e-05
6.07202882503524e-05
6.07202882503512e-05
6.07202882503512e-05
6.07202882503514e-05
6.07202882503512e-05
6.07202882503524e-05
6.07202882503514e-05
6.07202882503512e-05
6.07202882503512e-05
6.07202882503512e-05
6.07202882503524e-05
6.07202882503512e-05
6.07202882503512e-05
6.07202882503517e-05
6.07202882503509e-05
6.07202882503522e-05
6.07202882503514e-05
6.07202882503514e-05
6.07202882503512e-05
6.07202882503509e-05
6.07202882503527e-05
6.07202882503512e-05
6.07202882503512e-05
6.07202882503517e-05
6.07202882503509e-05
6.07202882503524e-05
6.07202882503509e-05
6.07202882503519e-05
6.07202882503509e-05
6.07202882503514e-05
6.07202882503524e-05
6.07202882503512e-05
6.07202882503509e-05
6.07202882503514e-05
6.07202882503514e-05
6.07202882503522e-05
6.07202882503514e-05
6.07202882503509e-05
6.07202882503514e-05
6.07202882503509e-05
6.07202882503527e-05
6.07202882503519e-05
6.07202882503527e-05
6.07202882503527e-05
6.07202882503524e-05
6.07202882503522e-05
6.07202882503514e-05
6.07202882503532e-05
6.07202882503527e-05
6.07202882503524e-05
6.07202882503522e-05
6.07202882503519e-05
6.07202882503532e-05
)
;

boundaryField
{
    bottomWall
    {
        type            calculated;
        value           uniform 0;
    }
    topWall
    {
        type            calculated;
        value           uniform 0;
    }
    inlet_half0
    {
        type            cyclic;
    }
    inlet_half1
    {
        type            cyclic;
    }
    outlet_half0
    {
        type            cyclic;
    }
    outlet_half1
    {
        type            cyclic;
    }
    sideRight_half0
    {
        type            empty;
    }
    sideRight_half1
    {
        type            empty;
    }
    sideLeft_half0
    {
        type            empty;
    }
    sideLeft_half1
    {
        type            empty;
    }
}


// ************************************************************************* //
