/*--------------------------------*- C++ -*----------------------------------*\
  =========                 |
  \\      /  F ield         | OpenFOAM: The Open Source CFD Toolbox
   \\    /   O peration     | Website:  https://openfoam.org
    \\  /    A nd           | Version:  7
     \\/     M anipulation  |
\*---------------------------------------------------------------------------*/
FoamFile
{
    version     2.0;
    format      ascii;
    class       vectorField;
    location    "constant/polyMesh";
    object      points;
}
// * * * * * * * * * * * * * * * * * * * * * * * * * * * * * * * * * * * * * //

//xyz
9271
(
(0 0 0)
(0 5.160728531e-06 0.0005913609159)
(0 -5.160728531e-06 0.0005913609159)
(0 1.230182776e-05 0.001409649837)
(0 -1.230182776e-05 0.001409649837)
(0 2.195293205e-05 0.00251555685)
(0 -2.195293205e-05 0.00251555685)
(0.003177746615 0 0)
(-0.003203260253 0 0)
(0.003177746615 5.156802952e-06 0.0005909110891)
(0.003177746615 -5.156802952e-06 0.0005909110891)
(-0.003203503446 5.000298893e-06 0.0005729775002)
(-0.003203503446 -5.000298893e-06 0.0005729775002)
(0.003177746615 1.228282565e-05 0.001407472411)
(0.003177746615 -1.228282565e-05 0.001407472411)
(-0.003203841393 1.193963424e-05 0.00136814657)
(-0.003203841393 -1.193963424e-05 0.00136814657)
(0 3.458875342e-05 0.003963478563)
(0 -3.458875342e-05 0.003963478563)
(-0.003204299681 2.135205986e-05 0.002446703716)
(-0.003204299681 -2.135205986e-05 0.002446703716)
(0.003177746615 2.190405092e-05 0.002509955627)
(0.003177746615 -2.190405092e-05 0.002509955627)
(-0.003204903039 3.373110171e-05 0.003865201411)
(-0.003204903039 -3.373110171e-05 0.003865201411)
(0.003177746615 3.449192876e-05 0.003952383556)
(0.003177746615 -3.449192876e-05 0.003952383556)
(0 5.046209102e-05 0.005782382891)
(0 -5.046209102e-05 0.005782382891)
(-0.003205665554 4.936881072e-05 0.005657105377)
(-0.003205665554 -4.936881072e-05 0.005657105377)
(0.003177746615 5.029759747e-05 0.005763533798)
(0.003177746615 -5.029759747e-05 0.005763533798)
(0.006667352479 0 0)
(0.006667352479 5.152492122e-06 0.0005904171169)
(0.006667352479 -5.152492122e-06 0.0005904171169)
(-0.006781632359 0 0)
(-0.006782749876 4.825530207e-06 0.0005529509924)
(-0.006782749876 -4.825530207e-06 0.0005529509924)
(0.006667352479 1.22619587e-05 0.001405081295)
(0.006667352479 -1.22619587e-05 0.001405081295)
(-0.006784301744 1.154499878e-05 0.001322925825)
(-0.006784301744 -1.154499878e-05 0.001322925825)
(0.006667352479 2.185037268e-05 0.002503804709)
(0.006667352479 -2.185037268e-05 0.002503804709)
(-0.006786406554 2.069721836e-05 0.002371666313)
(-0.006786406554 -2.069721836e-05 0.002371666313)
(0.006667352479 3.438560187e-05 0.003940199701)
(0.006667352479 -3.438560187e-05 0.003940199701)
(-0.006789176229 3.279616582e-05 0.00375806837)
(-0.006789176229 -3.279616582e-05 0.00375806837)
(0 6.939800821e-05 0.007952224081)
(0 -6.939800821e-05 0.007952224081)
(-0.00320658185 6.814867386e-05 0.007809064544)
(-0.00320658185 -6.814867386e-05 0.007809064544)
(0.003177746615 6.91475549e-05 0.007923524974)
(0.003177746615 -6.91475549e-05 0.007923524974)
(-0.006792675923 4.817669048e-05 0.005520501928)
(-0.006792675923 -4.817669048e-05 0.005520501928)
(0.006667352479 5.011696078e-05 0.005742834883)
(0.006667352479 -5.011696078e-05 0.005742834883)
(-0.006796880389 6.678615341e-05 0.007652935164)
(-0.006796880389 -6.678615341e-05 0.007652935164)
(0.006667352479 6.887252247e-05 0.00789200938)
(0.006667352479 -6.887252247e-05 0.00789200938)
(0 9.064303677e-05 0.01038666322)
(0 -9.064303677e-05 0.01038666322)
(0.01049402035 0 0)
(0.01049402035 5.147764908e-06 0.0005898754318)
(0.01049402035 -5.147764908e-06 0.0005898754318)
(0.01049402035 1.223907621e-05 0.001402459222)
(0.01049402035 -1.223907621e-05 0.001402459222)
(-0.003207618696 8.937723709e-05 0.01024161695)
(-0.003207618696 -8.937723709e-05 0.01024161695)
(-0.01076781449 0 0)
(-0.01077049933 4.655542046e-06 0.0005334722786)
(-0.01077049933 -4.655542046e-06 0.0005334722786)
(0.01049402035 2.179150963e-05 0.002497059672)
(0.01049402035 -2.179150963e-05 0.002497059672)
(0.003177746615 9.029395456e-05 0.01034666237)
(0.003177746615 -9.029395456e-05 0.01034666237)
(-0.01077423042 1.11635939e-05 0.001279221155)
(-0.01077423042 -1.11635939e-05 0.001279221155)
(-0.01077929694 2.007012956e-05 0.002299809053)
(-0.01077929694 -2.007012956e-05 0.002299809053)
(0.01049402035 3.426900483e-05 0.003926839004)
(0.01049402035 -3.426900483e-05 0.003926839004)
(-0.01078597236 3.191313974e-05 0.003656883603)
(-0.01078597236 -3.191313974e-05 0.003656883603)
(0.01049402035 4.991887634e-05 0.005720136654)
(0.01049402035 -4.991887634e-05 0.005720136654)
(-0.01079442163 4.707500191e-05 0.005394260923)
(-0.01079442163 -4.707500191e-05 0.005394260923)
(-0.006801635842 8.799694197e-05 0.01008345079)
(-0.006801635842 -8.799694197e-05 0.01008345079)
(0.006667352479 8.991061395e-05 0.01030273588)
(0.006667352479 -8.991061395e-05 0.01030273588)
(0 0.0001128987129 0.01293691111)
(0 -0.0001128987129 0.01293691111)
(0.01049402035 6.857092459e-05 0.007857449685)
(0.01049402035 -6.857092459e-05 0.007857449685)
(-0.01080459288 6.557205432e-05 0.007513813189)
(-0.01080459288 -6.557205432e-05 0.007513813189)
(-0.003208713973 0.0001117834609 0.01280911589)
(-0.003208713973 -0.0001117834609 0.01280911589)
(0.003177746615 0.0001124478886 0.01288525176)
(0.003177746615 -0.0001124478886 0.01288525176)
(-0.006806657597 0.0001105684064 0.01266988443)
(-0.006806657597 -0.0001105684064 0.01266988443)
(0.006667352479 0.000111952821 0.01282852263)
(0.006667352479 -0.000111952821 0.01282852263)
(0.01049402035 8.949024637e-05 0.01025456653)
(0.01049402035 -8.949024637e-05 0.01025456653)
(0.01468382046 0 0)
(0.01468382046 5.142589104e-06 0.0005892823435)
(0.01468382046 -5.142589104e-06 0.0005892823435)
(-0.01081612232 8.68458098e-05 0.009951544112)
(-0.01081612232 -8.68458098e-05 0.009951544112)
(0.01468382046 1.221402228e-05 0.001399588325)
(0.01468382046 -1.221402228e-05 0.001399588325)
(0.01468382046 2.172706076e-05 0.002489674564)
(0.01468382046 -2.172706076e-05 0.002489674564)
(-0.01519439261 0 0)
(0.01468382046 3.414134331e-05 0.003912210442)
(0.01468382046 -3.414134331e-05 0.003912210442)
(-0.01519926836 4.508698803e-06 0.0005166457096)
(-0.01519926836 -4.508698803e-06 0.0005166457096)
(-0.01520605219 1.083939618e-05 0.001242071776)
(-0.01520605219 -1.083939618e-05 0.001242071776)
(-0.01521527879 1.954972286e-05 0.002240176352)
(-0.01521527879 -1.954972286e-05 0.002240176352)
(0 0.0001345991962 0.0154235402)
(0 -0.0001345991962 0.0154235402)
(-0.01522745824 3.120727444e-05 0.003575999452)
(-0.01522745824 -3.120727444e-05 0.003575999452)
(-0.003209789331 0.0001337678281 0.01532827484)
(-0.003209789331 -0.0001337678281 0.01532827484)
(0.003177746615 0.0001340549726 0.01536117834)
(0.003177746615 -0.0001340549726 0.01536117834)
(0.01468382046 4.970199464e-05 0.005695284473)
(0.01468382046 -4.970199464e-05 0.005695284473)
(-0.01524291069 4.624807188e-05 0.005299504127)
(-0.01524291069 -4.624807188e-05 0.005299504127)
(0.01049402035 0.0001114099347 0.01276631403)
(0.01049402035 -0.0001114099347 0.01276631403)
(-0.01082832447 0.000109684168 0.01256856075)
(-0.01082832447 -0.000109684168 0.01256856075)
(0.01468382046 6.824070653e-05 0.007819610444)
(0.01468382046 -6.824070653e-05 0.007819610444)
(-0.006811586788 0.0001328645053 0.01522476431)
(-0.006811586788 -0.0001328645053 0.01522476431)
(0.006667352479 0.0001334573396 0.01529269639)
(0.006667352479 -0.0001334573396 0.01529269639)
(-0.01526156473 6.476247892e-05 0.007421045036)
(-0.01526156473 -6.476247892e-05 0.007421045036)
(0 0.0001543276829 0.01768420086)
(0 -0.0001543276829 0.01768420086)
(0.01468382046 8.902998793e-05 0.01020182614)
(0.01468382046 -8.902998793e-05 0.01020182614)
(0.003177746615 0.0001537087131 0.01761327395)
(0.003177746615 -0.0001537087131 0.01761327395)
(-0.003210771004 0.0001538287175 0.01762702508)
(-0.003210771004 -0.0001538287175 0.01762702508)
(-0.01528277539 8.626216703e-05 0.009884665275)
(-0.01528277539 -8.626216703e-05 0.009884665275)
(0.01049402035 0.0001328019812 0.01521759975)
(0.01049402035 -0.0001328019812 0.01521759975)
(-0.01084032386 0.0001324055204 0.01517216984)
(-0.01084032386 -0.0001324055204 0.01517216984)
(0.006667352479 0.0001530289986 0.01753538638)
(0.006667352479 -0.0001530289986 0.01753538638)
(-0.006816085862 0.0001532907828 0.01756538387)
(-0.006816085862 -0.0001532907828 0.01756538387)
(0.01926344926 0 0)
(0.01926344926 5.136931731e-06 0.0005886340728)
(0.01926344926 -5.136931731e-06 0.0005886340728)
(0.01926344926 1.218663728e-05 0.001396450315)
(0.01926344926 -1.218663728e-05 0.001396450315)
(0.01468382046 0.0001108155311 0.01269820212)
(0.01468382046 -0.0001108155311 0.01269820212)
(0.01926344926 2.165661543e-05 0.002481602328)
(0.01926344926 -2.165661543e-05 0.002481602328)
(0 0.0001711540582 0.01961231249)
(0 -0.0001711540582 0.01961231249)
(0.01926344926 3.400180386e-05 0.003896220805)
(0.01926344926 -3.400180386e-05 0.003896220805)
(0.003177746615 0.0001704856891 0.01953572498)
(0.003177746615 -0.0001704856891 0.01953572498)
(-0.01530529321 0.0001095570604 0.01255399566)
(-0.01530529321 -0.0001095570604 0.01255399566)
(-0.003211608738 0.0001709480065 0.0195887013)
(-0.003211608738 -0.0001709480065 0.0195887013)
(0.01926344926 4.946493377e-05 0.005668119988)
(0.01926344926 -4.946493377e-05 0.005668119988)
(-0.02009295249 0 0)
(-0.02010047716 4.393319413e-06 0.0005034245411)
(-0.02010047716 -4.393319413e-06 0.0005034245411)
(-0.02011096221 1.059248944e-05 0.001213779067)
(-0.02011096221 -1.059248944e-05 0.001213779067)
(-0.02012524989 1.917240911e-05 0.002196940479)
(-0.02012524989 -1.917240911e-05 0.002196940479)
(0.01049402035 0.0001522836302 0.01744997562)
(0.01049402035 -0.0001522836302 0.01744997562)
(-0.02014415363 3.07370603e-05 0.003522118248)
(-0.02014415363 -3.07370603e-05 0.003522118248)
(0.006667352479 0.0001697517273 0.01945162128)
(0.006667352479 -0.0001697517273 0.01945162128)
(-0.01085128821 0.0001533085915 0.01756742455)
(-0.01085128821 -0.0001533085915 0.01756742455)
(-0.006819925309 0.0001707324498 0.01956400095)
(-0.006819925309 -0.0001707324498 0.01956400095)
(0.01926344926 6.787976422e-05 0.007778250552)
(0.01926344926 -6.787976422e-05 0.007778250552)
(-0.02016820568 4.578323558e-05 0.005246239162)
(-0.02016820568 -4.578323558e-05 0.005246239162)
(0.01468382046 0.0001320844324 0.01513537681)
(0.01468382046 -0.0001320844324 0.01513537681)
(0 0.0001847412342 0.02116924865)
(0 -0.0001847412342 0.02116924865)
(0.003177746615 0.0001840511077 0.02109016798)
(0.003177746615 -0.0001840511077 0.02109016798)
(-0.00321228341 0.0001847400801 0.02116911639)
(-0.00321228341 -0.0001847400801 0.02116911639)
(-0.0201973388 6.448078996e-05 0.007388766679)
(-0.0201973388 -6.448078996e-05 0.007388766679)
(-0.01532749362 0.0001329045549 0.01522935354)
(-0.01532749362 -0.0001329045549 0.01522935354)
(0.01926344926 8.852690599e-05 0.01014417866)
(0.01926344926 -8.852690599e-05 0.01014417866)
(0.01049402035 0.0001689468718 0.01935939398)
(0.01049402035 -0.0001689468718 0.01935939398)
(0.006667352479 0.0001832932532 0.02100332645)
(0.006667352479 -0.0001832932532 0.02100332645)
(-0.006823017942 0.0001847503774 0.02117029635)
(-0.006823017942 -0.0001847503774 0.02117029635)
(0 0.0001952362573 0.02237185917)
(0 -0.0001952362573 0.02237185917)
(-0.01086064677 0.0001711691093 0.01961403717)
(-0.01086064677 -0.0001711691093 0.01961403717)
(0.003177746615 0.0001945507018 0.02229330229)
(0.003177746615 -0.0001945507018 0.02229330229)
(-0.02023058783 8.641188981e-05 0.009901821806)
(-0.02023058783 -8.641188981e-05 0.009901821806)
(-0.003212802332 0.0001953486739 0.02238474084)
(-0.003212802332 -0.0001953486739 0.02238474084)
(0.01468382046 0.00015146753 0.0173564598)
(0.01468382046 -0.00015146753 0.0173564598)
(0.01926344926 0.0001101658229 0.01262375293)
(0.01926344926 -0.0001101658229 0.01262375293)
(0.006667352479 0.0001937978669 0.02220703596)
(0.006667352479 -0.0001937978669 0.02220703596)
(0 0.000203068159 0.02326930622)
(0 -0.000203068159 0.02326930622)
(0.01049402035 0.0001824621973 0.02090809688)
(0.01049402035 -0.0001824621973 0.02090809688)
(0.003177746615 0.000202410054 0.02319389485)
(0.003177746615 -0.000202410054 0.02319389485)
(-0.00682539654 0.0001954844534 0.02240029964)
(-0.00682539654 -0.0001954844534 0.02240029964)
(-0.01534780994 0.0001544761605 0.01770121471)
(-0.01534780994 -0.0001544761605 0.01770121471)
(-0.00321318704 0.0002032248448 0.02328726063)
(-0.00321318704 -0.0002032248448 0.02328726063)
(-0.01086818019 0.0001854877957 0.02125479611)
(-0.01086818019 -0.0001854877957 0.02125479611)
(-0.02026601566 0.000110399764 0.01265055993)
(-0.02026601566 -0.000110399764 0.01265055993)
(0 0.000208763646 0.02392194438)
(0 -0.000208763646 0.02392194438)
(0.006667352479 0.0002016873635 0.02311108273)
(0.006667352479 -0.0002016873635 0.02311108273)
(0.003177746615 0.0002081516319 0.02385181451)
(0.003177746615 -0.0002081516319 0.02385181451)
(-0.00321346546 0.0002089221495 0.02394010708)
(-0.00321346546 -0.0002089221495 0.02394010708)
(0.01468382046 0.0001680656396 0.01925841476)
(0.01468382046 -0.0001680656396 0.01925841476)
(0.02425991962 0 0)
(0.02425991962 5.13075942e-06 0.000587926796)
(0.02425991962 -5.13075942e-06 0.000587926796)
(-0.006827161165 0.0002034098218 0.02330845689)
(-0.006827161165 -0.0002034098218 0.02330845689)
(0.02425991962 1.215675966e-05 0.001393026679)
(0.02425991962 -1.215675966e-05 0.001393026679)
(0.02425991962 2.15797581e-05 0.00247279535)
(0.02425991962 -2.15797581e-05 0.00247279535)
(0 0.0002128281386 0.02438768911)
(0 -0.0002128281386 0.02438768911)
(0.01926344926 0.0001313001212 0.01504550365)
(0.01926344926 -0.0001313001212 0.01504550365)
(0.01049402035 0.0001929723155 0.02211243714)
(0.01049402035 -0.0001929723155 0.02211243714)
(0.003177746615 0.0002122766995 0.02432450044)
(0.003177746615 -0.0002122766995 0.02432450044)
(0.02425991962 3.384956341e-05 0.003878775778)
(0.02425991962 -3.384956341e-05 0.003878775778)
(-0.003213663049 0.000212967306 0.02440363611)
(-0.003213663049 -0.000212967306 0.02440363611)
(0.006667352479 0.0002074795556 0.0237748022)
(0.006667352479 -0.0002074795556 0.0237748022)
(0 0.0002156898297 0.02471560642)
(0 -0.0002156898297 0.02471560642)
(0.003177746615 0.0002152097917 0.02466059952)
(0.003177746615 -0.0002152097917 0.02466059952)
(0.02425991962 4.920629542e-05 0.005638482969)
(0.02425991962 -4.920629542e-05 0.005638482969)
(-0.006828437809 0.0002091095194 0.02396157755)
(-0.006828437809 -0.0002091095194 0.02396157755)
(-0.00321380125 0.0002158021166 0.02472847323)
(-0.00321380125 -0.0002158021166 0.02472847323)
(0 0.0002176855778 0.02494429651)
(0 -0.0002176855778 0.02494429651)
(-0.0108739668 0.000196400667 0.02250528731)
(-0.0108739668 -0.000196400667 0.02250528731)
(-0.01536515516 0.0001729206915 0.01981474861)
(-0.01536515516 -0.0001729206915 0.01981474861)
(0.003177746615 0.0002172847222 0.02489836301)
(0.003177746615 -0.0002172847222 0.02489836301)
(0 0.0002190681948 0.02510272872)
(0 -0.0002190681948 0.02510272872)
(0.006667352479 0.0002116711429 0.02425511053)
(0.006667352479 -0.0002116711429 0.02425511053)
(-0.003213897121 0.0002177708404 0.02495406664)
(-0.003213897121 -0.0002177708404 0.02495406664)
(0 0.0002200216408 0.02521198282)
(0 -0.0002200216408 0.02521198282)
(0.003177746615 0.0002187518318 0.02506647711)
(0.003177746615 -0.0002187518318 0.02506647711)
(0 0.0002206770444 0.02528708463)
(0 -0.0002206770444 0.02528708463)
(0.01049402035 0.0002008948682 0.02302027176)
(0.01049402035 -0.0002008948682 0.02302027176)
(-0.003213963623 0.0002191296513 0.02510977094)
(-0.003213963623 -0.0002191296513 0.02510977094)
(0 0.0002211265875 0.02533859716)
(0 -0.0002211265875 0.02533859716)
(-0.006829343967 0.0002131336913 0.02442270197)
(-0.006829343967 -0.0002131336913 0.02442270197)
(0 0.0002214344678 0.02537387675)
(0 -0.0002214344678 0.02537387675)
(0.003177746615 0.0002197930888 0.02518579335)
(0.003177746615 -0.0002197930888 0.02518579335)
(0 0.0002216451103 0.02539801399)
(0 -0.0002216451103 0.02539801399)
(-0.003214009091 0.0002200635819 0.02521678878)
(-0.003214009091 -0.0002200635819 0.02521678878)
(-4.566816539e-19 0.0002218560032 0.02542217992)
(-4.566816539e-19 -0.0002218560032 0.02542217992)
(-1.121791916e-18 0.0002221631471 0.02545737513)
(-1.121791916e-18 -0.0002221631471 0.02545737513)
(0.02425991962 6.748596865e-05 0.007733126048)
(0.02425991962 -6.748596865e-05 0.007733126048)
(0.01468382046 0.0001815522782 0.02080383049)
(0.01468382046 -0.0001815522782 0.02080383049)
(0.003177746615 0.0002205380102 0.02527115289)
(0.003177746615 -0.0002205380102 0.02527115289)
(0.006667352479 0.0002146826435 0.02460019432)
(0.006667352479 -0.0002146826435 0.02460019432)
(-0.0254929957 0 0)
(-0.003214040093 0.000220703688 0.02529013768)
(-0.003214040093 -0.000220703688 0.02529013768)
(-0.02030104976 0.0001346218385 0.01542613474)
(-0.02030104976 -0.0001346218385 0.01542613474)
(-0.02550337496 4.317617283e-06 0.0004947499362)
(-0.02550337496 -4.317617283e-06 0.0004947499362)
(-2.077434467e-18 0.0002226044572 0.02550794426)
(-2.077434467e-18 -0.0002226044572 0.02550794426)
(0.003177746615 0.0002210774636 0.02533296812)
(0.003177746615 -0.0002210774636 0.02533296812)
(-0.003214061552 0.0002211415961 0.02534031698)
(-0.003214061552 -0.0002211415961 0.02534031698)
(-0.02551786334 1.044279184e-05 0.00119662542)
(-0.02551786334 -1.044279184e-05 0.00119662542)
(0.003177746615 0.0002214745663 0.02537847158)
(0.003177746615 -0.0002214745663 0.02537847158)
(-0.003214076089 0.0002214408148 0.02537460404)
(-0.003214076089 -0.0002214408148 0.02537460404)
(-3.424150676e-18 0.0002232263627 0.02557920757)
(-3.424150676e-18 -0.0002232263627 0.02557920757)
(-0.003214086089 0.0002216451103 0.02539801399)
(-0.003214086089 -0.0002216451103 0.02539801399)
(0.003177746615 0.0002217728528 0.02541265183)
(0.003177746615 -0.0002217728528 0.02541265183)
(-0.02553764976 1.897449609e-05 0.002174261893)
(-0.02553764976 -1.897449609e-05 0.002174261893)
(0.003177746615 0.0002220685925 0.02544654024)
(0.003177746615 -0.0002220685925 0.02544654024)
(-0.006829978376 0.0002159391307 0.0247441735)
(-0.006829978376 -0.0002159391307 0.0247441735)
(-5.271018559e-18 0.0002240792353 0.02567693709)
(-5.271018559e-18 -0.0002240792353 0.02567693709)
(0.003177746615 0.0002224566467 0.02549100685)
(0.003177746615 -0.0002224566467 0.02549100685)
(0.006667352479 0.0002168445273 0.02484792167)
(0.006667352479 -0.0002168445273 0.02484792167)
(0.003177746615 0.0002229742898 0.02555032287)
(0.003177746615 -0.0002229742898 0.02555032287)
(-0.02556389917 3.056120111e-05 0.00350196678)
(-0.02556389917 -3.056120111e-05 0.00350196678)
(-7.711442399e-18 0.0002252062086 0.02580607543)
(-7.711442399e-18 -0.0002252062086 0.02580607543)
(-0.01087825387 0.0002044107991 0.02342315753)
(-0.01087825387 -0.0002044107991 0.02342315753)
(0.003177746615 0.0002236673268 0.02562973705)
(0.003177746615 -0.0002236673268 0.02562973705)
(0.01926344926 0.000150575498 0.01725424305)
(0.01926344926 -0.000150575498 0.01725424305)
(-0.006830418702 0.0002178782614 0.02496637586)
(-0.006830418702 -0.0002178782614 0.02496637586)
(0.006667352479 0.0002184044214 0.02502666782)
(0.006667352479 -0.0002184044214 0.02502666782)
(0.01049402035 0.0002067425633 0.02369035125)
(0.01049402035 -0.0002067425633 0.02369035125)
(0.003177746614 0.0002245943835 0.02573596723)
(0.003177746614 -0.0002245943835 0.02573596723)
(-1.078262054e-17 0.0002266244604 0.02596859099)
(-1.078262054e-17 -0.0002266244604 0.02596859099)
(0.006667352479 0.000219542107 0.02515703368)
(0.006667352479 -0.000219542107 0.02515703368)
(-0.006830723301 0.0002192109746 0.02511908967)
(-0.006830723301 -0.0002192109746 0.02511908967)
(0.003177746613 0.0002257958092 0.02587363697)
(0.003177746613 -0.0002257958092 0.02587363697)
(0.006667352479 0.0002203853315 0.02525365763)
(0.006667352479 -0.0002203853315 0.02525365763)
(-0.02559740723 4.576880283e-05 0.005244585333)
(-0.02559740723 -4.576880283e-05 0.005244585333)
(-0.006830932134 0.0002201234975 0.02522365443)
(-0.006830932134 -0.0002201234975 0.02522365443)
(-1.441877615e-17 0.0002283036154 0.0261610031)
(-1.441877615e-17 -0.0002283036154 0.0261610031)
(0.006667352479 0.0002210235188 0.02532678666)
(0.006667352479 -0.0002210235188 0.02532678666)
(-0.006831074915 0.0002207468158 0.02529507964)
(-0.006831074915 -0.0002207468158 0.02529507964)
(0.003177746612 0.0002272897124 0.02604482132)
(0.003177746612 -0.0002272897124 0.02604482132)
(0.006667352479 0.0002215186 0.02538351734)
(0.006667352479 -0.0002215186 0.02538351734)
(-0.006831173122 0.0002211719519 0.02534379541)
(-0.006831173122 -0.0002211719519 0.02534379541)
(0.02425991962 8.797803312e-05 0.01008128405)
(0.02425991962 -8.797803312e-05 0.01008128405)
(-0.006831239957 0.0002214616603 0.0253769927)
(-0.006831239957 -0.0002214616603 0.0253769927)
(0.006667352479 0.0002219131317 0.02542872621)
(0.006667352479 -0.0002219131317 0.02542872621)
(-0.006831285745 0.0002216589859 0.02539960398)
(-0.006831285745 -0.0002216589859 0.02539960398)
(0.006667352479 0.000222302045 0.02547329125)
(0.006667352479 -0.000222302045 0.02547329125)
(0.01049402035 0.0002110070955 0.02417901823)
(0.01049402035 -0.0002110070955 0.02417901823)
(0.006667352479 0.0002227789498 0.02552793913)
(0.006667352479 -0.0002227789498 0.02552793913)
(-1.441606754e-17 0.0002304084277 0.0264021907)
(-1.441606754e-17 -0.0002304084277 0.0264021907)
(-0.01088134998 0.0002101355465 0.02407914862)
(-0.01088134998 -0.0002101355465 0.02407914862)
(0.003177746611 0.0002290467698 0.02624616016)
(0.003177746611 -0.0002290467698 0.02624616016)
(-0.01537910519 0.0001876701875 0.02150487345)
(-0.01537910519 -0.0001876701875 0.02150487345)
(0.006667352479 0.0002233804171 0.02559686046)
(0.006667352479 -0.0002233804171 0.02559686046)
(0.01468382046 0.0001920684233 0.02200886136)
(0.01468382046 -0.0001920684233 0.02200886136)
(0.006667352479 0.0002241515665 0.02568522542)
(0.006667352479 -0.0002241515665 0.02568522542)
(0.006667352477 0.0002251600876 0.02580079049)
(0.006667352477 -0.0002251600876 0.02580079049)
(0.01049402035 0.0002141045779 0.02453395457)
(0.01049402035 -0.0002141045779 0.02453395457)
(0.00317774661 0.0002312322458 0.0264965909)
(0.00317774661 -0.0002312322458 0.0264965909)
(-0.02563815099 6.485275187e-05 0.007431389292)
(-0.02563815099 -6.485275187e-05 0.007431389292)
(-1.441237364e-17 0.0002332788819 0.02673111217)
(-1.441237364e-17 -0.0002332788819 0.02673111217)
(0.006667352475 0.0002264432723 0.0259478289)
(0.006667352475 -0.0002264432723 0.0259478289)
(-0.01088354419 0.0002141527059 0.02453946949)
(-0.01088354419 -0.0002141527059 0.02453946949)
(0.01049402035 0.0002163618138 0.02479260818)
(0.01049402035 -0.0002163618138 0.02479260818)
(0.006667352473 0.0002280202512 0.02612853278)
(0.006667352473 -0.0002280202512 0.02612853278)
(0.003177746609 0.0002341872053 0.02683519573)
(0.003177746609 -0.0002341872053 0.02683519573)
(0.01049402035 0.0002180234545 0.02498301335)
(0.01049402035 -0.0002180234545 0.02498301335)
(-0.01088507856 0.0002169371925 0.02485854005)
(-0.01088507856 -0.0002169371925 0.02485854005)
(-0.02033316809 0.0001570980379 0.0180016521)
(-0.02033316809 -0.0001570980379 0.0180016521)
(0.01926344926 0.0001671024154 0.01914804021)
(0.01926344926 -0.0001671024154 0.01914804021)
(0.006667352471 0.0002298628561 0.02633967439)
(0.006667352471 -0.0002298628561 0.02633967439)
(-1.440733597e-17 0.00023719357 0.027179691)
(-1.440733597e-17 -0.00023719357 0.027179691)
(0.01468382046 0.0002000271689 0.02292084326)
(0.01468382046 -0.0002000271689 0.02292084326)
(0.01049402035 0.0002192668828 0.02512549611)
(0.01049402035 -0.0002192668828 0.02512549611)
(0.02425991962 0.0001094569777 0.01254252731)
(0.02425991962 -0.0001094569777 0.01254252731)
(0.01049402035 0.0002202179054 0.02523447251)
(0.01049402035 -0.0002202179054 0.02523447251)
(-0.01088614226 0.0002188517128 0.02507792234)
(-0.01088614226 -0.0002188517128 0.02507792234)
(0.01049402035 0.0002209643634 0.02532000812)
(0.01049402035 -0.0002209643634 0.02532000812)
(0.006667352469 0.0002321369121 0.02660025539)
(0.006667352469 -0.0002321369121 0.02660025539)
(0.01049402035 0.0002215668869 0.02538905048)
(0.01049402035 -0.0002215668869 0.02538905048)
(-0.01088687661 0.0002201612343 0.02522797864)
(-0.01088687661 -0.0002201612343 0.02522797864)
(0.003177746608 0.0002381911971 0.02729400774)
(0.003177746608 -0.0002381911971 0.02729400774)
(-0.01538980212 0.0001988572677 0.02278678587)
(-0.01538980212 -0.0001988572677 0.02278678587)
(0.01049402035 0.0002220669603 0.02544635321)
(0.01049402035 -0.0002220669603 0.02544635321)
(-0.0256848486 8.74655109e-05 0.01002255482)
(-0.0256848486 -8.74655109e-05 0.01002255482)
(-0.01088737996 0.0002210540202 0.02533028178)
(-0.01088737996 -0.0002210540202 0.02533028178)
(0.01049402035 0.0002225580467 0.02550262615)
(0.01049402035 -0.0002225580467 0.02550262615)
(-0.01088772405 0.000221661497 0.02539989172)
(-0.01088772405 -0.000221661497 0.02539989172)
(0.01049402035 0.0002231323842 0.0255684387)
(0.01049402035 -0.0002231323842 0.0255684387)
(-0.01088796008 0.0002220743873 0.02544720426)
(-0.01088796008 -0.0002220743873 0.02544720426)
(-0.01088812081 0.0002223548714 0.02547934456)
(-0.01088812081 -0.0002223548714 0.02547934456)
(0.01049402035 0.0002238257725 0.02564789313)
(0.01049402035 -0.0002238257725 0.02564789313)
(-0.01088823072 0.0002225453777 0.02550117442)
(-0.01088823072 -0.0002225453777 0.02550117442)
(0.006667352466 0.0002351846702 0.02694949389)
(0.006667352466 -0.0002351846702 0.02694949389)
(-1.440046544e-17 0.0002425325268 0.02779147486)
(-1.440046544e-17 -0.0002425325268 0.02779147486)
(0.01468382046 0.000205935634 0.02359788631)
(0.01468382046 -0.000205935634 0.02359788631)
(0.01049402035 0.000224682579 0.02574607343)
(0.01049402035 -0.000224682579 0.02574607343)
(0.01049402035 0.0002257804331 0.02587187505)
(0.01049402035 -0.0002257804331 0.02587187505)
(0.01049402034 0.000227153274 0.02602918704)
(0.01049402034 -0.000227153274 0.02602918704)
(0.003177746606 0.0002436252273 0.02791668593)
(0.003177746606 -0.0002436252273 0.02791668593)
(0.01468382046 0.0002102800331 0.02409570514)
(0.01468382046 -0.0002102800331 0.02409570514)
(0.006667352464 0.0002392867298 0.02741954335)
(0.006667352464 -0.0002392867298 0.02741954335)
(0.01049402034 0.000228821353 0.02622032995)
(0.01049402034 -0.000228821353 0.02622032995)
(0.01926344926 0.0001805576982 0.0206898629)
(0.01926344926 -0.0001805576982 0.0206898629)
(-0.01539771093 0.0002070186847 0.02372199162)
(-0.01539771093 -0.0002070186847 0.02372199162)
(-0.003356626717 0.0002452151879 0.02809887737)
(-0.003356626717 -0.0002452151879 0.02809887737)
(0.01049402034 0.0002307577685 0.0264422212)
(0.01049402034 -0.0002307577685 0.0264422212)
(0.02425991962 0.0001304444214 0.01494745016)
(0.02425991962 -0.0001304444214 0.01494745016)
(0.01468382046 0.0002134716567 0.02446142898)
(0.01468382046 -0.0002134716567 0.02446142898)
(-0.003356712178 0.0002473148499 0.0283394748)
(-0.003356712178 -0.0002473148499 0.0283394748)
(-1.439109487e-17 0.0002498142296 0.02862587535)
(-1.439109487e-17 -0.0002498142296 0.02862587535)
(-0.02036059759 0.0001763297382 0.02020538668)
(-0.02036059759 -0.0001763297382 0.02020538668)
(0.01049402034 0.0002331289603 0.02671393287)
(0.01049402034 -0.0002331289603 0.02671393287)
(0.01468382046 0.0002158332932 0.02473204571)
(0.01468382046 -0.0002158332932 0.02473204571)
(-0.025734814 0.0001124326665 0.01288350748)
(-0.025734814 -0.0001124326665 0.01288350748)
(0.006667352461 0.0002448251637 0.02805418502)
(0.006667352461 -0.0002448251637 0.02805418502)
(-0.01540340961 0.0002128132968 0.02438598841)
(-0.01540340961 -0.0002128132968 0.02438598841)
(-0.00335682849 0.0002501730507 0.02866699217)
(-0.00335682849 -0.0002501730507 0.02866699217)
(0.01468382046 0.0002176063358 0.02493521627)
(0.01468382046 -0.0002176063358 0.02493521627)
(0.003177746605 0.0002510087451 0.02876275327)
(0.003177746605 -0.0002510087451 0.02876275327)
(0.01049402033 0.0002362784806 0.02707483214)
(0.01049402033 -0.0002362784806 0.02707483214)
(0.01468382046 0.0002189655411 0.02509096578)
(0.01468382046 -0.0002189655411 0.02509096578)
(0.01926344926 0.0001910804309 0.02189564864)
(0.01926344926 -0.0001910804309 0.02189564864)
(0.01468382046 0.0002200345914 0.02521346681)
(0.01468382046 -0.0002200345914 0.02521346681)
(-0.01540743961 0.0002168529868 0.02484889103)
(-0.01540743961 -0.0002168529868 0.02484889103)
(0.01468382046 0.0002208995945 0.02531258634)
(0.01468382046 -0.0002208995945 0.02531258634)
(-0.003356986969 0.0002540677504 0.02911328055)
(-0.003356986969 -0.0002540677504 0.02911328055)
(0.01468382046 0.000221619756 0.02539510867)
(0.01468382046 -0.000221619756 0.02539510867)
(0.01468382046 0.0002222353864 0.02546565293)
(0.01468382046 -0.0002222353864 0.02546565293)
(0.01468382046 0.0002228383418 0.02553474478)
(0.01468382046 -0.0002228383418 0.02553474478)
(0.01049402033 0.0002404880803 0.02755720449)
(0.01049402033 -0.0002404880803 0.02755720449)
(-0.01541025236 0.0002196357455 0.02516776359)
(-0.01541025236 -0.0002196357455 0.02516776359)
(0.01468382046 0.0002235193579 0.0256127815)
(0.01468382046 -0.0002235193579 0.0256127815)
(0.01468382046 0.0002243133899 0.02570376855)
(0.01468382046 -0.0002243133899 0.02570376855)
(0.006667352457 0.0002523204886 0.02891306418)
(0.006667352457 -0.0002523204886 0.02891306418)
(0.01468382046 0.000225263982 0.02581269562)
(0.01468382046 -0.000225263982 0.02581269562)
(-0.01541219889 0.0002215380771 0.0253857492)
(-0.01541219889 -0.0002215380771 0.0253857492)
(0.02970017538 0 0)
(0.02425991962 0.0001496022725 0.01714272246)
(0.02425991962 -0.0001496022725 0.01714272246)
(0.02970017538 5.124038885e-06 0.000587156699)
(0.02970017538 -5.124038885e-06 0.000587156699)
(0.02970017538 1.212422833e-05 0.001389298958)
(0.02970017538 -1.212422833e-05 0.001389298958)
(-1.437831382e-17 0.0002597461466 0.02976396031)
(-1.437831382e-17 -0.0002597461466 0.02976396031)
(0.02970017538 2.149607432e-05 0.002463206139)
(0.02970017538 -2.149607432e-05 0.002463206139)
(0.01468382046 0.0002264596465 0.02594970519)
(0.01468382046 -0.0002264596465 0.02594970519)
(-0.01541354005 0.000222832406 0.0255340646)
(-0.01541354005 -0.000222832406 0.0255340646)
(0.01926344926 0.0001990787368 0.02281216372)
(0.01926344926 -0.0001990787368 0.02281216372)
(-0.003357203028 0.0002593777266 0.02972174356)
(-0.003357203028 -0.0002593777266 0.02972174356)
(-0.01541445829 0.0002237106016 0.02563469585)
(-0.01541445829 -0.0002237106016 0.02563469585)
(0.02970017538 3.3683801e-05 0.003859781287)
(0.02970017538 -3.3683801e-05 0.003859781287)
(0.01468382045 0.0002279306515 0.02611826567)
(0.01468382045 -0.0002279306515 0.02611826567)
(-0.02038263487 0.000191670375 0.02196324954)
(-0.02038263487 -0.000191670375 0.02196324954)
(-0.0154150854 0.00022430555 0.02570287018)
(-0.0154150854 -0.00022430555 0.02570287018)
(-0.01541551473 0.0002247083307 0.02574902429)
(-0.01541551473 -0.0002247083307 0.02574902429)
(-0.01541580695 0.0002249809711 0.02578026578)
(-0.01541580695 -0.0002249809711 0.02578026578)
(-0.01541600648 0.0002251655524 0.02580141669)
(-0.01541600648 -0.0002251655524 0.02580141669)
(0.003177746603 0.0002610501689 0.02991338646)
(0.003177746603 -0.0002610501689 0.02991338646)
(0.01049402032 0.0002461410023 0.02820496519)
(0.01049402032 -0.0002461410023 0.02820496519)
(0.01468382045 0.0002296984754 0.02632083823)
(0.01468382045 -0.0002296984754 0.02632083823)
(0.02970017538 4.892468487e-05 0.005606213596)
(0.02970017538 -4.892468487e-05 0.005606213596)
(-0.02578439289 0.0001378288431 0.01579362107)
(-0.02578439289 -0.0001378288431 0.01579362107)
(0.01468382045 0.0002317376038 0.02655449919)
(0.01468382045 -0.0002317376038 0.02655449919)
(0.01926344926 0.0002050536262 0.02349681822)
(0.01926344926 -0.0002050536262 0.02349681822)
(0.01468382044 0.0002342151492 0.02683839778)
(0.01468382044 -0.0002342151492 0.02683839778)
(0.02970017538 6.705719624e-05 0.007683993596)
(0.02970017538 -6.705719624e-05 0.007683993596)
(-0.003357497691 0.0002666195328 0.03055157235)
(-0.003357497691 -0.0002666195328 0.03055157235)
(0.01926344926 0.0002094853232 0.02400464041)
(0.01926344926 -0.0002094853232 0.02400464041)
(0.006667352453 0.0002624821659 0.03007747707)
(0.006667352453 -0.0002624821659 0.03007747707)
(0.02425991962 0.0001660515177 0.01902761926)
(0.02425991962 -0.0001660515177 0.01902761926)
(0.01049402032 0.0002537589337 0.02907789366)
(0.01049402032 -0.0002537589337 0.02907789366)
(0.01468382044 0.0002374760882 0.02721206438)
(0.01468382044 -0.0002374760882 0.02721206438)
(-0.02039949926 0.0002032498598 0.02329012707)
(-0.02039949926 -0.0002032498598 0.02329012707)
(0.01926344926 0.0002127798471 0.02438215545)
(0.01926344926 -0.0002127798471 0.02438215545)
(0.01926344926 0.0002152555978 0.02466584838)
(0.01926344926 -0.0002152555978 0.02466584838)
(-1.436087975e-17 0.0002732938413 0.03131637235)
(-1.436087975e-17 -0.0002732938413 0.03131637235)
(0.02970017538 8.738040948e-05 0.01001280317)
(0.02970017538 -8.738040948e-05 0.01001280317)
(0.01468382043 0.0002418034331 0.02770792899)
(0.01468382043 -0.0002418034331 0.02770792899)
(-0.03142066299 0 0)
(-0.03143377348 4.288910194e-06 0.0004914604295)
(-0.03143377348 -4.288910194e-06 0.0004914604295)
(0.01926344926 0.0002171504073 0.02488297204)
(0.01926344926 -0.0002171504073 0.02488297204)
(-0.03145211214 1.0408187e-05 0.001192660098)
(-0.03145211214 -1.0408187e-05 0.001192660098)
(-0.03147722009 1.898888621e-05 0.002175910838)
(-0.03147722009 -1.898888621e-05 0.002175910838)
(0.01926344926 0.0002186361619 0.02505322266)
(0.01926344926 -0.0002186361619 0.02505322266)
(0.0031777466 0.0002747159563 0.03147933059)
(0.0031777466 -0.0002747159563 0.03147933059)
(-0.02041193754 0.0002116455203 0.02425217447)
(-0.02041193754 -0.0002116455203 0.02425217447)
(-0.03151063204 3.073347525e-05 0.003521707442)
(-0.03151063204 -3.073347525e-05 0.003521707442)
(0.01926344926 0.0002198342215 0.02519050669)
(0.01926344926 -0.0002198342215 0.02519050669)
(-0.02582993733 0.0001614935321 0.01850532585)
(-0.02582993733 -0.0001614935321 0.01850532585)
(0.01926344926 0.0002208287993 0.02530447401)
(0.01926344926 -0.0002208287993 0.02530447401)
(0.02425991962 0.0001794725907 0.0205655219)
(0.02425991962 -0.0001794725907 0.0205655219)
(-0.003357899641 0.0002764979645 0.03168352851)
(-0.003357899641 -0.0002764979645 0.03168352851)
(0.01926344926 0.0002216775441 0.02540173054)
(0.01926344926 -0.0002216775441 0.02540173054)
(0.01468382042 0.0002475817076 0.02837005367)
(0.01468382042 -0.0002475817076 0.02837005367)
(0.01926344926 0.0002224194833 0.02548674834)
(0.01926344926 -0.0002224194833 0.02548674834)
(-0.03155344281 4.628667488e-05 0.005303927593)
(-0.03155344281 -4.628667488e-05 0.005303927593)
(0.01926344926 0.0002231447162 0.02556985181)
(0.01926344926 -0.0002231447162 0.02556985181)
(0.01049402031 0.00026405248 0.03025741724)
(0.01049402031 -0.00026405248 0.03025741724)
(0.01926344926 0.0002239423365 0.02566125004)
(0.01926344926 -0.0002239423365 0.02566125004)
(0.01926344926 0.0002248463764 0.02576484275)
(0.01926344926 -0.0002248463764 0.02576484275)
(0.02970017538 0.0001086851729 0.01245408725)
(0.02970017538 -0.0001086851729 0.01245408725)
(-0.02042087608 0.0002175663373 0.0249306329)
(-0.02042087608 -0.0002175663373 0.0249306329)
(0.01926344926 0.0002258994801 0.02588551649)
(0.01926344926 -0.0002258994801 0.02588551649)
(0.006667352448 0.0002762776355 0.03165828131)
(0.006667352448 -0.0002762776355 0.03165828131)
(0.01926344925 0.0002272020554 0.02603477683)
(0.01926344925 -0.0002272020554 0.02603477683)
(-0.03160572578 6.59965606e-05 0.007562456791)
(-0.03160572578 -6.59965606e-05 0.007562456791)
(0.01926344925 0.000228780358 0.02621563239)
(0.01926344925 -0.000228780358 0.02621563239)
(-0.00895317838 0.0002734121106 0.03132992467)
(-0.00895317838 -0.0002734121106 0.03132992467)
(-0.0204271811 0.0002216660328 0.02540041147)
(-0.0204271811 -0.0002216660328 0.02540041147)
(0.02425991962 0.0001900025106 0.0217721312)
(0.02425991962 -0.0001900025106 0.0217721312)
(0.01926344924 0.0002306572074 0.02643069803)
(0.01926344924 -0.0002306572074 0.02643069803)
(0.01468382041 0.0002553338803 0.02925836467)
(0.01468382041 -0.0002553338803 0.02925836467)
(-0.008953365752 0.0002755032361 0.03156954392)
(-0.008953365752 -0.0002755032361 0.03156954392)
(-0.02043157145 0.0002244716837 0.02572190722)
(-0.02043157145 -0.0002244716837 0.02572190722)
(0.01926344924 0.0002328086051 0.0266772238)
(0.01926344924 -0.0002328086051 0.0266772238)
(-0.02043460319 0.0002263778929 0.02594033716)
(-0.02043460319 -0.0002263778929 0.02594033716)
(-0.008953619907 0.0002783410954 0.0318947304)
(-0.008953619907 -0.0002783410954 0.0318947304)
(-0.02043668758 0.0002276674805 0.02608810926)
(-0.02043668758 -0.0002276674805 0.02608810926)
(0.01926344923 0.0002354023996 0.0269744432)
(0.01926344923 -0.0002354023996 0.0269744432)
(0.02970017538 0.0001295127184 0.01484068758)
(0.02970017538 -0.0001295127184 0.01484068758)
(-0.02586884622 0.0001817565898 0.02082724227)
(-0.02586884622 -0.0001817565898 0.02082724227)
(-0.02043811242 0.0002285378788 0.02618784703)
(-0.02043811242 -0.0002285378788 0.02618784703)
(0.02425991962 0.0001980439777 0.02269359206)
(0.02425991962 -0.0001980439777 0.02269359206)
(-0.02043908414 0.000229124717 0.02625509202)
(-0.02043908414 -0.000229124717 0.02625509202)
(-0.03166593485 8.958546194e-05 0.01026547715)
(-0.03166593485 -8.958546194e-05 0.01026547715)
(-0.02043974818 0.000229520266 0.02630041746)
(-0.02043974818 -0.000229520266 0.02630041746)
(-0.02044019971 0.000229786941 0.02633097538)
(-0.02044019971 -0.000229786941 0.02633097538)
(-0.0204405076 0.0002299668263 0.02635158819)
(-0.0204405076 -0.0002299668263 0.02635158819)
(-0.003358448027 0.0002899750436 0.03322784881)
(-0.003358448027 -0.0002899750436 0.03322784881)
(-1.433709629e-17 0.0002917755289 0.03343416399)
(-1.433709629e-17 -0.0002917755289 0.03343416399)
(0.01926344922 0.000238785124 0.02736206503)
(0.01926344922 -0.000238785124 0.02736206503)
(0.0104940203 0.0002779901578 0.03185451693)
(0.0104940203 -0.0002779901578 0.03185451693)
(-0.008953965659 0.0002822026021 0.03233721523)
(-0.008953965659 -0.0002822026021 0.03233721523)
(0.02425991962 0.0002040913372 0.02338655083)
(0.02425991962 -0.0002040913372 0.02338655083)
(0.003177746598 0.0002933251119 0.03361172861)
(0.003177746598 -0.0002933251119 0.03361172861)
(0.01468382041 0.0002657718092 0.03045443285)
(0.01468382041 -0.0002657718092 0.03045443285)
(0.01926344921 0.0002432411694 0.02787267725)
(0.01926344921 -0.0002432411694 0.02787267725)
(0.02425991962 0.0002086182782 0.02390528688)
(0.02425991962 -0.0002086182782 0.02390528688)
(-0.008954436751 0.0002874644485 0.0329401631)
(-0.008954436751 -0.0002874644485 0.0329401631)
(0.02970017538 0.0001485426053 0.01702129662)
(0.02970017538 -0.0001485426053 0.01702129662)
(0.02425991962 0.0002120250684 0.02429566637)
(0.02425991962 -0.0002120250684 0.02429566637)
(-0.03173065689 0.000115868306 0.01327719277)
(-0.03173065689 -0.000115868306 0.01327719277)
(-0.02590006964 0.0001978813016 0.02267495123)
(-0.02590006964 -0.0001978813016 0.02267495123)
(0.01926344921 0.0002491564595 0.02855050236)
(0.01926344921 -0.0002491564595 0.02855050236)
(0.006667352442 0.0002950267686 0.03380671916)
(0.006667352442 -0.0002950267686 0.03380671916)
(0.02425991962 0.00021462532 0.0245936257)
(0.02425991962 -0.00021462532 0.0245936257)
(0.02425991962 0.0002166529798 0.0248259725)
(0.02425991962 -0.0002166529798 0.0248259725)
(0.02425991962 0.0002182768024 0.02501204414)
(0.02425991962 -0.0002182768024 0.02501204414)
(-0.008955079169 0.0002946399968 0.0337623995)
(-0.008955079169 -0.0002946399968 0.0337623995)
(0.02425991962 0.0002196156137 0.02516545672)
(0.02425991962 -0.0002196156137 0.02516545672)
(0.02425991962 0.0002207515602 0.0252956233)
(0.02425991962 -0.0002207515602 0.0252956233)
(0.02425991962 0.0002217405922 0.02540895514)
(0.02425991962 -0.0002217405922 0.02540895514)
(0.0192634492 0.0002570553636 0.02945562711)
(0.0192634492 -0.0002570553636 0.02945562711)
(0.02970017538 0.0001649072796 0.01889650256)
(0.02970017538 -0.0001649072796 0.01889650256)
(0.02425991962 0.0002226203368 0.02550976388)
(0.02425991962 -0.0002226203368 0.02550976388)
(0.01468382039 0.0002798651901 0.03206937435)
(0.01468382039 -0.0002798651901 0.03206937435)
(0.02425991962 0.000223478977 0.0256081543)
(0.02425991962 -0.000223478977 0.0256081543)
(0.02425991962 0.000224403815 0.02571413024)
(0.02425991962 -0.000224403815 0.02571413024)
(-0.02592391033 0.0002099957789 0.02406313283)
(-0.02592391033 -0.0002099957789 0.02406313283)
(0.02425991962 0.0002254278757 0.02583147597)
(0.02425991962 -0.0002254278757 0.02583147597)
(-0.003359196314 0.0003083644208 0.03533506272)
(-0.003359196314 -0.0003083644208 0.03533506272)
(0.02425991962 0.0002265928218 0.02596496557)
(0.02425991962 -0.0002265928218 0.02596496557)
(0.01049402029 0.0002968927888 0.0340205439)
(0.01049402029 -0.0002968927888 0.0340205439)
(0.03561062432 0 0)
(0.03561062432 5.116737505e-06 0.0005863200436)
(0.03561062432 -5.116737505e-06 0.0005863200436)
(0.03561062432 1.208888536e-05 0.001385249055)
(0.03561062432 -1.208888536e-05 0.001385249055)
(0.02425991961 0.000228012039 0.02612759176)
(0.02425991961 -0.000228012039 0.02612759176)
(0.03561062432 2.140515788e-05 0.002452788146)
(0.03561062432 -2.140515788e-05 0.002452788146)
(-0.03179512119 0.0001427900964 0.01636212439)
(-0.03179512119 -0.0001427900964 0.01636212439)
(0.02425991961 0.0002297074055 0.02632186151)
(0.02425991961 -0.0002297074055 0.02632186151)
(0.03561062432 3.3503712e-05 0.003839145131)
(0.03561062432 -3.3503712e-05 0.003839145131)
(0.0242599196 0.0002317032039 0.02655055736)
(0.0242599196 -0.0002317032039 0.02655055736)
(-0.008955955643 0.0003044296091 0.03488417796)
(-0.008955955643 -0.0003044296091 0.03488417796)
(0.03561062432 4.861873515e-05 0.00557115523)
(0.03561062432 -4.861873515e-05 0.00557115523)
(0.02970017538 0.0001782911042 0.02043013695)
(0.02970017538 -0.0001782911042 0.02043013695)
(-0.02594144504 0.0002187261139 0.02506353013)
(-0.02594144504 -0.0002187261139 0.02506353013)
(0.02425991959 0.0002339770899 0.02681111889)
(0.02425991959 -0.0002339770899 0.02681111889)
(0.01926344918 0.0002676511088 0.03066977926)
(0.01926344918 -0.0002676511088 0.03066977926)
(-1.430464656e-17 0.0003169916186 0.03632364167)
(-1.430464656e-17 -0.0003169916186 0.03632364167)
(0.02425991958 0.0002366977145 0.02712287158)
(0.02425991958 -0.0002366977145 0.02712287158)
(0.03561062432 6.659136566e-05 0.0076306147)
(0.03561062432 -6.659136566e-05 0.0076306147)
(-0.02595400824 0.0002248416287 0.02576429872)
(-0.02595400824 -0.0002248416287 0.02576429872)
(0.003177746594 0.0003186786587 0.03651695732)
(0.003177746594 -0.0003186786587 0.03651695732)
(0.02425991957 0.0002402133094 0.02752571886)
(0.02425991957 -0.0002402133094 0.02752571886)
(0.02970017538 0.0001888288496 0.02163764298)
(0.02970017538 -0.0001888288496 0.02163764298)
(-0.02596284411 0.0002290470994 0.02624619793)
(-0.02596284411 -0.0002290470994 0.02624619793)
(0.03561062432 8.673113412e-05 0.009938403581)
(0.03561062432 -8.673113412e-05 0.009938403581)
(0.02425991956 0.0002448097697 0.02805242104)
(0.02425991956 -0.0002448097697 0.02805242104)
(-0.02596898005 0.0002319058596 0.0265737794)
(-0.02596898005 -0.0002319058596 0.0265737794)
(-0.03185447189 0.000167976187 0.01924816452)
(-0.03185447189 -0.000167976187 0.01924816452)
(0.01468382038 0.0002989358854 0.03425465957)
(0.01468382038 -0.0002989358854 0.03425465957)
(0.02970017538 0.0001969173115 0.02256448891)
(0.02970017538 -0.0001969173115 0.02256448891)
(-0.02597320661 0.0002338357633 0.02679492446)
(-0.02597320661 -0.0002338357633 0.02679492446)
(0.006667352435 0.0003205312625 0.03672924468)
(0.006667352435 -0.0003205312625 0.03672924468)
(-0.02597610558 0.0002351335659 0.02694363791)
(-0.02597610558 -0.0002351335659 0.02694363791)
(-0.02597808335 0.0002360046306 0.02704345204)
(-0.02597808335 -0.0002360046306 0.02704345204)
(-0.008957151819 0.0003177894339 0.03641506225)
(-0.008957151819 -0.0003177894339 0.03641506225)
(-0.02597942978 0.0002365888902 0.02711040156)
(-0.02597942978 -0.0002365888902 0.02711040156)
(-0.02598034819 0.0002369808283 0.02715531322)
(-0.02598034819 -0.0002369808283 0.02715531322)
(-0.02598097183 0.0002372439124 0.02718545967)
(-0.02598097183 -0.0002372439124 0.02718545967)
(0.01926344917 0.0002819146798 0.03230422261)
(0.01926344917 -0.0002819146798 0.03230422261)
(0.02425991955 0.0002508745465 0.02874737563)
(0.02425991955 -0.0002508745465 0.02874737563)
(-0.02598139647 0.0002374206623 0.0272057132)
(-0.02598139647 -0.0002374206623 0.0272057132)
(0.03561062432 0.0001078466623 0.01235800345)
(0.03561062432 -0.0001078466623 0.01235800345)
(0.02970017538 0.000203043578 0.02326648952)
(0.02970017538 -0.000203043578 0.02326648952)
(-0.03789728566 0 0)
(-0.03791263399 4.312481381e-06 0.0004941614201)
(-0.03791263399 -4.312481381e-06 0.0004941614201)
(-0.03793415405 1.05018098e-05 0.001203388209)
(-0.03793415405 -1.05018098e-05 0.001203388209)
(-0.03796370269 1.924023447e-05 0.002204712495)
(-0.03796370269 -1.924023447e-05 0.002204712495)
(0.02970017538 0.0002076742224 0.02379710881)
(0.02970017538 -0.0002076742224 0.02379710881)
(-0.03800316225 3.129510973e-05 0.003586064379)
(-0.03800316225 -3.129510973e-05 0.003586064379)
(0.02970017538 0.0002112032503 0.02420149535)
(0.02970017538 -0.0002112032503 0.02420149535)
(0.02425991954 0.0002589335376 0.02967084454)
(0.02425991954 -0.0002589335376 0.02967084454)
(-0.00336021754 0.0003334607343 0.03821081541)
(-0.00336021754 -0.0003334607343 0.03821081541)
(0.01049402028 0.0003225628097 0.03696203694)
(0.01049402028 -0.0003225628097 0.03696203694)
(-0.03805393539 4.740122457e-05 0.005431642336)
(-0.03805393539 -4.740122457e-05 0.005431642336)
(0.02970017538 0.0002139390612 0.02451498823)
(0.02970017538 -0.0002139390612 0.02451498823)
(0.03561062432 0.0001285004898 0.01472469767)
(0.03561062432 -0.0001285004898 0.01472469767)
(-0.03190519501 0.0001895568728 0.02172106617)
(-0.03190519501 -0.0001895568728 0.02172106617)
(0.02970017538 0.000216111371 0.02476391027)
(0.02970017538 -0.000216111371 0.02476391027)
(0.02970017538 0.0002178855246 0.02496720814)
(0.02970017538 -0.0002178855246 0.02496720814)
(-0.03811624641 6.800756083e-05 0.007792894593)
(-0.03811624641 -6.800756083e-05 0.007792894593)
(0.02970017538 0.0002193775893 0.02513818182)
(0.02970017538 -0.0002193775893 0.02513818182)
(0.02970017538 0.0002206674609 0.02528598646)
(0.02970017538 -0.0002206674609 0.02528598646)
(0.02970017538 0.0002218092402 0.02541682142)
(0.02970017538 -0.0002218092402 0.02541682142)
(0.02970017538 0.0002228390301 0.02553482365)
(0.02970017538 -0.0002228390301 0.02553482365)
(0.02970017538 0.0002238429268 0.02564985882)
(0.02970017538 -0.0002238429268 0.02564985882)
(0.02425991953 0.0002697014638 0.03090472667)
(0.02425991953 -0.0002697014638 0.03090472667)
(0.02970017538 0.0002249062819 0.02577170724)
(0.02970017538 -0.0002249062819 0.02577170724)
(0.02970017538 0.0002260610236 0.02590402754)
(0.02970017538 -0.0002260610236 0.02590402754)
(0.03561062432 0.0001473913526 0.01688937613)
(0.03561062432 -0.0001473913526 0.01688937613)
(0.02970017538 0.0002273477459 0.02605147131)
(0.02970017538 -0.0002273477459 0.02605147131)
(0.01926344915 0.0003011690763 0.0345105579)
(0.01926344915 -0.0003011690763 0.0345105579)
(-0.008958784695 0.000336025555 0.03850471475)
(-0.008958784695 -0.000336025555 0.03850471475)
(0.02970017537 0.0002288939652 0.02622865049)
(0.02970017537 -0.0002288939652 0.02622865049)
(-0.03818838469 9.290612656e-05 0.01064598763)
(-0.03818838469 -9.290612656e-05 0.01064598763)
(0.02970017536 0.0002307167931 0.02643752588)
(0.02970017536 -0.0002307167931 0.02643752588)
(-0.03194584696 0.0002066918918 0.02368454487)
(-0.03194584696 -0.0002066918918 0.02368454487)
(0.02970017535 0.0002328421056 0.02668106257)
(0.02970017535 -0.0002328421056 0.02668106257)
(0.01468382037 0.0003247871409 0.03721692005)
(0.01468382037 -0.0003247871409 0.03721692005)
(0.02970017534 0.0002352493593 0.02695690652)
(0.02970017534 -0.0002352493593 0.02695690652)
(0.03561062432 0.0001636641467 0.01875405364)
(0.03561062432 -0.0001636641467 0.01875405364)
(-1.426036438e-17 0.0003514024826 0.04026673613)
(-1.426036438e-17 -0.0003514024826 0.04026673613)
(0.02970017533 0.0002381080789 0.02728448334)
(0.02970017533 -0.0002381080789 0.02728448334)
(0.00317774659 0.000353237309 0.0404769864)
(0.00317774659 -0.000353237309 0.0404769864)
(0.02425991951 0.0002841507157 0.03256044694)
(0.02425991951 -0.0002841507157 0.03256044694)
(0.02970017532 0.0002417683458 0.02770390838)
(0.02970017532 -0.0002417683458 0.02770390838)
(-0.03197681038 0.0002195086617 0.02515320123)
(-0.03197681038 -0.0002195086617 0.02515320123)
(-0.03826632761 0.0001208865449 0.013852226)
(-0.03826632761 -0.0001208865449 0.013852226)
(-0.01802881774 0.0003191375643 0.03656954269)
(-0.01802881774 -0.0003191375643 0.03656954269)
(0.03561062432 0.0001770075035 0.02028305089)
(0.03561062432 -0.0001770075035 0.02028305089)
(-0.01802910949 0.0003212149275 0.03680758493)
(-0.01802910949 -0.0003212149275 0.03680758493)
(0.02970017531 0.0002465176926 0.02824812962)
(0.02970017531 -0.0002465176926 0.02824812962)
(0.006667352426 0.0003552522025 0.04070787033)
(0.006667352426 -0.0003552522025 0.04070787033)
(-0.01802950305 0.0003240199616 0.03712901)
(-0.01802950305 -0.0003240199616 0.03712901)
(-0.03199951337 0.0002286916179 0.02620546379)
(-0.03199951337 -0.0002286916179 0.02620546379)
(0.0297001753 0.0002527452337 0.02896173515)
(0.0297001753 -0.0002527452337 0.02896173515)
(0.03561062432 0.0001875537509 0.02149153113)
(0.03561062432 -0.0001875537509 0.02149153113)
(-0.01803003708 0.0003278278933 0.03756535576)
(-0.01803003708 -0.0003278278933 0.03756535576)
(-0.0320157253 0.0002350823614 0.02693777046)
(-0.0320157253 -0.0002350823614 0.02693777046)
(-0.0383442814 0.0001497336031 0.01715777146)
(-0.0383442814 -0.0001497336031 0.01715777146)
(0.04201658615 0 0)
(0.04201658615 5.108824001e-06 0.0005854132459)
(0.04201658615 -5.108824001e-06 0.0005854132459)
(0.04201658615 1.205057935e-05 0.001380859621)
(0.04201658615 -1.205057935e-05 0.001380859621)
(0.03561062432 0.0001956932692 0.02242422755)
(0.03561062432 -0.0001956932692 0.02242422755)
(0.04201658615 2.130661929e-05 0.002441496743)
(0.04201658615 -2.130661929e-05 0.002441496743)
(0.02970017528 0.0002609785307 0.02990517754)
(0.02970017528 -0.0002609785307 0.02990517754)
(0.01926344913 0.000327218429 0.03749551807)
(0.01926344913 -0.000327218429 0.03749551807)
(-0.03202708996 0.0002394474903 0.02743796468)
(-0.03202708996 -0.0002394474903 0.02743796468)
(0.04201658615 3.330852491e-05 0.003816778907)
(0.04201658615 -3.330852491e-05 0.003816778907)
(-0.01803076398 0.0003330120528 0.03815940159)
(-0.01803076398 -0.0003330120528 0.03815940159)
(-0.003361611551 0.000367717173 0.04213621448)
(-0.003361611551 -0.000367717173 0.04213621448)
(0.01049402027 0.000357461715 0.04096105539)
(0.01049402027 -0.000357461715 0.04096105539)
(-0.008961014186 0.000360923049 0.04135768497)
(-0.008961014186 -0.000360923049 0.04135768497)
(0.04201658615 4.828713558e-05 0.005533157684)
(0.04201658615 -4.828713558e-05 0.005533157684)
(-0.03203495761 0.0002423949812 0.02777571369)
(-0.03203495761 -0.0002423949812 0.02777571369)
(0.02425991949 0.0003036055341 0.03478974832)
(0.02425991949 -0.0003036055341 0.03478974832)
(0.03561062432 0.0002019052625 0.02313605148)
(0.03561062432 -0.0002019052625 0.02313605148)
(-0.03204036155 0.0002443719736 0.02800225458)
(-0.03204036155 -0.0002443719736 0.02800225458)
(-0.03204405832 0.0002456933078 0.02815366448)
(-0.03204405832 -0.0002456933078 0.02815366448)
(0.04201658615 6.608648137e-05 0.00757276069)
(0.04201658615 -6.608648137e-05 0.00757276069)
(-0.0320465745 0.0002465750579 0.02825470304)
(-0.0320465745 -0.0002465750579 0.02825470304)
(0.03561062432 0.0002066485733 0.02367958106)
(0.03561062432 -0.0002066485733 0.02367958106)
(-0.03204828389 0.0002471632966 0.02832210851)
(-0.03204828389 -0.0002471632966 0.02832210851)
(-0.03204944757 0.0002475559214 0.02836709885)
(-0.03204944757 -0.0002475559214 0.02836709885)
(-0.03205023643 0.0002478182365 0.0283971572)
(-0.03205023643 -0.0002478182365 0.0283971572)
(-0.03205077272 0.0002479937082 0.02841726425)
(-0.03205077272 -0.0002479937082 0.02841726425)
(-0.01803175508 0.000340080655 0.03896938318)
(-0.01803175508 -0.000340080655 0.03896938318)
(0.03561062432 0.0002103104038 0.02409918528)
(0.03561062432 -0.0002103104038 0.02409918528)
(0.02970017526 0.0002719339309 0.03116054206)
(0.02970017526 -0.0002719339309 0.03116054206)
(0.04201658615 8.602742562e-05 0.009857766574)
(0.04201658615 -8.602742562e-05 0.009857766574)
(0.03561062432 0.00021319349 0.02442955423)
(0.03561062432 -0.00021319349 0.02442955423)
(0.03561062432 0.0002155229517 0.0246964841)
(0.03561062432 -0.0002155229517 0.0246964841)
(-0.03841622611 0.000176819885 0.02026155194)
(-0.03841622611 -0.000176819885 0.02026155194)
(0.03561062432 0.0002174604293 0.02491849704)
(0.03561062432 -0.0002174604293 0.02491849704)
(0.03561062432 0.0002191189927 0.02510854959)
(0.03561062432 -0.0002191189927 0.02510854959)
(0.03561062432 0.0002205760929 0.02527551673)
(0.03561062432 -0.0002205760929 0.02527551673)
(0.03561062432 0.0002218838214 0.02542536757)
(0.03561062432 -0.0002218838214 0.02542536757)
(0.04201658615 0.0001069378537 0.01225386429)
(0.04201658615 -0.0001069378537 0.01225386429)
(0.01468382035 0.0003598808996 0.04123826649)
(0.01468382035 -0.0003598808996 0.04123826649)
(0.03561062432 0.0002230766247 0.02556204929)
(0.03561062432 -0.0002230766247 0.02556204929)
(0.03561062432 0.0002242383322 0.02569516779)
(0.03561062432 -0.0002242383322 0.02569516779)
(-0.01803310767 0.0003497269121 0.04007473476)
(-0.01803310767 -0.0003497269121 0.04007473476)
(0.03561062432 0.0002254521762 0.02583426054)
(0.03561062432 -0.0002254521762 0.02583426054)
(0.03561062432 0.0002267488936 0.02598284964)
(0.03561062432 -0.0002267488936 0.02598284964)
(0.03561062432 0.000228167917 0.02614545361)
(0.03561062432 -0.000228167917 0.02614545361)
(0.02970017524 0.0002865853559 0.03283942907)
(0.02970017524 -0.0002865853559 0.03283942907)
(0.03561062431 0.0002298521149 0.02633844357)
(0.03561062431 -0.0002298521149 0.02633844357)
(0.0356106243 0.0002318134206 0.02656318694)
(0.0356106243 -0.0002318134206 0.02656318694)
(0.04201658615 0.0001274033993 0.01459898354)
(0.04201658615 -0.0001274033993 0.01459898354)
(0.03561062429 0.0002340794409 0.02682284715)
(0.03561062429 -0.0002340794409 0.02682284715)
(0.03561062428 0.000236631589 0.02711529436)
(0.03561062428 -0.000236631589 0.02711529436)
(-0.03847773865 0.0002000439192 0.02292276266)
(-0.03847773865 -0.0002000439192 0.02292276266)
(0.02425991946 0.000329871015 0.03779947432)
(0.02425991946 -0.000329871015 0.03779947432)
(-0.0449378067 0 0)
(-0.04495454496 4.390564676e-06 0.0005031088794)
(-0.04495454496 -4.390564676e-06 0.0005031088794)
(0.03561062427 0.0002396403391 0.02746006297)
(0.03561062427 -0.0002396403391 0.02746006297)
(-0.04497807824 1.072960971e-05 0.001229491493)
(-0.04497807824 -1.072960971e-05 0.001229491493)
(-0.04501049726 1.974056077e-05 0.002262044211)
(-0.04501049726 -1.974056077e-05 0.002262044211)
(-0.04505396267 3.226779004e-05 0.003697522503)
(-0.04505396267 -3.226779004e-05 0.003697522503)
(0.04201658615 0.0001461435826 0.01674639586)
(0.04201658615 -0.0001461435826 0.01674639586)
(0.03561062426 0.0002434577817 0.02789749857)
(0.03561062426 -0.0002434577817 0.02789749857)
(-0.01803495462 0.0003628975024 0.04158393492)
(-0.01803495462 -0.0003628975024 0.04158393492)
(-0.04511015576 4.914896168e-05 0.005631913172)
(-0.04511015576 -4.914896168e-05 0.005631913172)
(0.03561062424 0.0002483732288 0.02846075301)
(0.03561062424 -0.0002483732288 0.02846075301)
(-1.419991967e-17 0.0003983729558 0.04564901925)
(-1.419991967e-17 -0.0003983729558 0.04564901925)
(0.0192634491 0.0003625251708 0.04154126995)
(0.0192634491 -0.0003625251708 0.04154126995)
(-0.04517949508 7.094381287e-05 0.00812935575)
(-0.04517949508 -7.094381287e-05 0.00812935575)
(-0.03852696962 0.0002184464946 0.02503148893)
(-0.03852696962 -0.0002184464946 0.02503148893)
(0.04201658615 0.0001623167935 0.01859966226)
(0.04201658615 -0.0001623167935 0.01859966226)
(0.02970017521 0.0003062583975 0.03509373636)
(0.02970017521 -0.0003062583975 0.03509373636)
(0.003177746584 0.0004003645177 0.04587722963)
(0.003177746584 -0.0004003645177 0.04587722963)
(0.03561062423 0.0002547776016 0.02919462145)
(0.03561062423 -0.0002547776016 0.02919462145)
(-0.008964059014 0.0003949232111 0.04525371766)
(-0.008964059014 -0.0003949232111 0.04525371766)
(0.04201658615 0.00017561629 0.0201236336)
(0.04201658615 -0.00017561629 0.0201236336)
(0.006667352414 0.0004025515284 0.04612783623)
(0.006667352414 -0.0004025515284 0.04612783623)
(-0.04526024056 9.751466991e-05 0.01117407439)
(-0.04526024056 -9.751466991e-05 0.01117407439)
(0.03561062421 0.0002632002695 0.03015976359)
(0.03561062421 -0.0002632002695 0.03015976359)
(-0.03856436719 0.0002321555901 0.02660239569)
(-0.03856436719 -0.0002321555901 0.02660239569)
(0.04201658615 0.000186171752 0.02133316975)
(0.04201658615 -0.000186171752 0.02133316975)
(-0.01803747754 0.0003808863129 0.04364524843)
(-0.01803747754 -0.0003808863129 0.04364524843)
(0.03561062419 0.0002743593468 0.03143846719)
(0.03561062419 -0.0002743593468 0.03143846719)
(-0.03859169466 0.0002419249551 0.02772185403)
(-0.03859169466 -0.0002419249551 0.02772185403)
(0.04201658615 0.0001943666072 0.02227220715)
(0.04201658615 -0.0001943666072 0.02227220715)
(0.01049402025 0.000404949783 0.046402649)
(0.01049402025 -0.000404949783 0.046402649)
(-0.003363514941 0.0004144897594 0.04749582201)
(-0.003363514941 -0.0004144897594 0.04749582201)
(-0.04534797205 0.0001276102883 0.01462269067)
(-0.04534797205 -0.0001276102883 0.01462269067)
(0.04201658615 0.0002006715144 0.02299467795)
(0.04201658615 -0.0002006715144 0.02299467795)
(-0.03861113734 0.0002486821301 0.02849614959)
(-0.03861113734 -0.0002486821301 0.02849614959)
(0.04201658615 0.0002055369371 0.02355220016)
(0.04201658615 -0.0002055369371 0.02355220016)
(-0.03862471707 0.0002532678384 0.02902161972)
(-0.03862471707 -0.0002532678384 0.02902161972)
(0.02970017518 0.0003327592031 0.03813042789)
(0.02970017518 -0.0003327592031 0.03813042789)
(0.04201658615 0.0002093427039 0.02398829785)
(0.04201658615 -0.0002093427039 0.02398829785)
(0.02425991943 0.0003654101257 0.04187185303)
(0.02425991943 -0.0003654101257 0.04187185303)
(-0.03863408556 0.0002563442652 0.02937414331)
(-0.03863408556 -0.0002563442652 0.02937414331)
(0.04201658615 0.0002123854125 0.02433695772)
(0.04201658615 -0.0002123854125 0.02433695772)
(0.03561062416 0.0002892304183 0.0331425232)
(0.03561062416 -0.0002892304183 0.0331425232)
(-0.03864049964 0.0002583947049 0.02960910043)
(-0.03864049964 -0.0002583947049 0.02960910043)
(0.04201658615 0.0002148852012 0.02462340513)
(0.04201658615 -0.0002148852012 0.02462340513)
(-0.03864487461 0.0002597567982 0.02976518086)
(-0.03864487461 -0.0002597567982 0.02976518086)
(0.04201658615 0.0002169996954 0.02486570216)
(0.04201658615 -0.0002169996954 0.02486570216)
(-0.03864784435 0.000260660484 0.02986873299)
(-0.03864784435 -0.000260660484 0.02986873299)
(-0.03864985691 0.0002612600523 0.02993743672)
(-0.03864985691 -0.0002612600523 0.02993743672)
(-0.03865122405 0.0002616581737 0.02998305692)
(-0.03865122405 -0.0002616581737 0.02998305692)
(0.04201658615 0.0002188387163 0.02507643309)
(0.04201658615 -0.0002188387163 0.02507643309)
(-0.03865214895 0.0002619228734 0.03001338849)
(-0.03865214895 -0.0002619228734 0.03001338849)
(0.04894165501 0 0)
(0.04894165501 5.100269226e-06 0.0005844329657)
(0.04894165501 -5.100269226e-06 0.0005844329657)
(-0.04543610938 0.0001588214548 0.01819913612)
(-0.04543610938 -0.0001588214548 0.01819913612)
(-0.03865277662 0.0002620991387 0.0300335865)
(-0.03865277662 -0.0002620991387 0.0300335865)
(0.01468382032 0.0004075756204 0.04670354016)
(0.01468382032 -0.0004075756204 0.04670354016)
(0.04894165501 1.200916922e-05 0.001376114489)
(0.04894165501 -1.200916922e-05 0.001376114489)
(0.04894165501 2.120009564e-05 0.002429290341)
(0.04894165501 -2.120009564e-05 0.002429290341)
(0.04201658615 0.0002204770649 0.02526416925)
(0.04201658615 -0.0002204770649 0.02526416925)
(0.04894165501 3.309752084e-05 0.003792600235)
(0.04894165501 -3.309752084e-05 0.003792600235)
(0.04201658615 0.0002219646552 0.02543463021)
(0.04201658615 -0.0002219646552 0.02543463021)
(0.04201658615 0.0002233341385 0.02559155745)
(0.04201658615 -0.0002233341385 0.02559155745)
(0.04894165501 4.792866486e-05 0.005492081007)
(0.04894165501 -4.792866486e-05 0.005492081007)
(0.04201658615 0.0002246668872 0.02574427533)
(0.04201658615 -0.0002246668872 0.02574427533)
(0.04201658615 0.0002260438366 0.0259020581)
(0.04201658615 -0.0002260438366 0.0259020581)
(0.04201658615 0.0002274944324 0.02606827992)
(0.04201658615 -0.0002274944324 0.02606827992)
(0.04894165501 6.554068378e-05 0.007510218481)
(0.04894165501 -6.554068378e-05 0.007510218481)
(0.04201658615 0.0002290568486 0.02624731508)
(0.04201658615 -0.0002290568486 0.02624731508)
(0.04201658614 0.0002308905928 0.02645744135)
(0.04201658614 -0.0002308905928 0.02645744135)
(0.04201658613 0.0002330019857 0.02669938302)
(0.04201658613 -0.0002330019857 0.02669938302)
(-0.01804092488 0.000405463014 0.04646145944)
(-0.01804092488 -0.000405463014 0.04646145944)
(0.04894165501 8.526669211e-05 0.009770595148)
(0.04894165501 -8.526669211e-05 0.009770595148)
(0.04201658611 0.0002354205104 0.02697651849)
(0.04201658611 -0.0002354205104 0.02697651849)
(0.0420165861 0.0002381297004 0.02728696092)
(0.0420165861 -0.0002381297004 0.02728696092)
(0.03561062413 0.000309140544 0.03542399763)
(0.03561062413 -0.000309140544 0.03542399763)
(0.04201658609 0.000241301059 0.02765036262)
(0.04201658609 -0.000241301059 0.02765036262)
(-0.04551766619 0.0001882247434 0.02156841926)
(-0.04551766619 -0.0001882247434 0.02156841926)
(0.04894165501 0.0001059553997 0.01214128622)
(0.04894165501 -0.0001059553997 0.01214128622)
(0.04201658607 0.0002452888545 0.02810731872)
(0.04201658607 -0.0002452888545 0.02810731872)
(0.01926344907 0.0004104457718 0.04703242694)
(0.01926344907 -0.0004104457718 0.04703242694)
(0.04201658605 0.0002503843272 0.02869120206)
(0.04201658605 -0.0002503843272 0.02869120206)
(0.04894165501 0.000126217406 0.01446308217)
(0.04894165501 -0.000126217406 0.01446308217)
(0.04201658604 0.0002569803566 0.02944703217)
(0.04201658604 -0.0002569803566 0.02944703217)
(-0.00896821857 0.0004413674872 0.05057570456)
(-0.00896821857 -0.0004413674872 0.05057570456)
(0.02970017514 0.0003685513216 0.04223179843)
(0.02970017514 -0.0003685513216 0.04223179843)
(0.04894165501 0.0001447946997 0.01659182918)
(0.04894165501 -0.0001447946997 0.01659182918)
(-0.04558742949 0.0002134506321 0.0244590198)
(-0.04558742949 -0.0002134506321 0.0244590198)
(0.04201658601 0.0002656082717 0.03043569331)
(0.04201658601 -0.0002656082717 0.03043569331)
(0.04894165501 0.0001608602576 0.01843275977)
(0.04894165501 -0.0001608602576 0.01843275977)
(0.03561062409 0.0003358970129 0.03848998529)
(0.03561062409 -0.0003358970129 0.03848998529)
(-0.05254913881 0 0)
(-0.05256614778 4.52157055e-06 0.0005181206657)
(-0.05256614778 -4.52157055e-06 0.0005181206657)
(-0.0525901372 1.108846531e-05 0.001270612271)
(-0.0525901372 -1.108846531e-05 0.001270612271)
(0.04201658599 0.0002769881017 0.03173969267)
(0.04201658599 -0.0002769881017 0.03173969267)
(-0.05262330803 2.048579418e-05 0.002347439501)
(-0.05262330803 -2.048579418e-05 0.002347439501)
(-0.05266798242 3.364803658e-05 0.003855683091)
(-0.05266798242 -3.364803658e-05 0.003855683091)
(0.04894165501 0.0001741123394 0.01995129794)
(0.04894165501 -0.0001741123394 0.01995129794)
(-0.04564318133 0.0002334035208 0.02674539437)
(-0.04564318133 -0.0002334035208 0.02674539437)
(-1.411738433e-17 0.0004625096434 0.0529983557)
(-1.411738433e-17 -0.0004625096434 0.0529983557)
(-0.05272604588 5.153001104e-05 0.005904754405)
(-0.05272604588 -5.153001104e-05 0.005904754405)
(0.02425991939 0.0004135771668 0.04739124925)
(0.02425991939 -0.0004135771668 0.04739124925)
(0.04894165501 0.0001846777628 0.02116197555)
(0.04894165501 -0.0001846777628 0.02116197555)
(0.003177746577 0.0004646648753 0.05324532081)
(0.003177746577 -0.0004646648753 0.05324532081)
(-0.01804563672 0.0004390497496 0.05031011814)
(-0.01804563672 -0.0004390497496 0.05031011814)
(-0.05279812738 7.481386e-05 0.008572819226)
(-0.05279812738 -7.481386e-05 0.008572819226)
(0.04894165501 0.0001929324392 0.02210786776)
(0.04894165501 -0.0001929324392 0.02210786776)
(0.04201658596 0.0002920972342 0.03347102776)
(0.04201658596 -0.0002920972342 0.03347102776)
(-0.04568541059 0.0002482132737 0.02844242397)
(-0.04568541059 -0.0002482132737 0.02844242397)
(0.0066673524 0.0004670316183 0.0535165227)
(0.0066673524 -0.0004670316183 0.0535165227)
(0.04894165501 0.0001993377894 0.02284184821)
(0.04894165501 -0.0001993377894 0.02284184821)
(-0.05288260615 0.0001034343191 0.011852399)
(-0.05288260615 -0.0001034343191 0.011852399)
(0.04894165501 0.0002043352194 0.02341449696)
(0.04894165501 -0.0002043352194 0.02341449696)
(0.04894165501 0.0002082965865 0.02386842467)
(0.04894165501 -0.0002082965865 0.02386842467)
(-0.04571615469 0.000258715207 0.02964582633)
(-0.04571615469 -0.000258715207 0.02964582633)
(0.04894165501 0.0002115118525 0.02423685766)
(0.04894165501 -0.0002115118525 0.02423685766)
(0.04894165501 0.0002141957707 0.02454440422)
(0.04894165501 -0.0002141957707 0.02454440422)
(0.01049402023 0.0004696269658 0.05381392006)
(0.01049402023 -0.0004696269658 0.05381392006)
(0.04894165501 0.0002165016258 0.02480862905)
(0.04894165501 -0.0002165016258 0.02480862905)
(-0.003366114778 0.0004783744457 0.05481628197)
(-0.003366114778 -0.0004783744457 0.05481628197)
(-0.04573794068 0.0002659380458 0.03047348168)
(-0.04573794068 -0.0002659380458 0.03047348168)
(0.04894165501 0.0002185357276 0.02504171402)
(0.04894165501 -0.0002185357276 0.02504171402)
(-0.03210356431 0.0003900498894 0.04469529029)
(-0.03210356431 -0.0003900498894 0.04469529029)
(0.04894165501 0.0002203700123 0.02525190223)
(0.04894165501 -0.0002203700123 0.02525190223)
(0.04894165501 0.0002220520393 0.02544464344)
(0.04894165501 -0.0002220520393 0.02544464344)
(0.04201658592 0.0003122643203 0.03578194694)
(0.04201658592 -0.0003122643203 0.03578194694)
(-0.05297495216 0.0001360837163 0.01559364935)
(-0.05297495216 -0.0001360837163 0.01559364935)
(-0.03210393681 0.0003921060295 0.04493090062)
(-0.03210393681 -0.0003921060295 0.04493090062)
(0.04894165501 0.0002236125199 0.0256234568)
(0.04894165501 -0.0002236125199 0.0256234568)
(-0.04575309591 0.0002708103262 0.03103178971)
(-0.04575309591 -0.0002708103262 0.03103178971)
(0.04894165501 0.0002251301701 0.02579736229)
(0.04894165501 -0.0002251301701 0.02579736229)
(0.04894165501 0.0002266834421 0.02597534963)
(0.04894165501 -0.0002266834421 0.02597534963)
(-0.03210443496 0.0003948604435 0.0452465252)
(-0.03210443496 -0.0003948604435 0.0452465252)
(0.04894165501 0.000228300386 0.02616063304)
(0.04894165501 -0.000228300386 0.02616063304)
(-0.04576351087 0.0002740590405 0.0314040555)
(-0.04576351087 -0.0002740590405 0.0314040555)
(0.03561062404 0.0003719640064 0.04262285338)
(0.03561062404 -0.0003719640064 0.04262285338)
(0.04894165501 0.0002300178147 0.02635743089)
(0.04894165501 -0.0002300178147 0.02635743089)
(-0.04577061566 0.0002762112158 0.03165067036)
(-0.04577061566 -0.0002762112158 0.03165067036)
(0.048941655 0.0002320132237 0.02658608211)
(0.048941655 -0.0002320132237 0.02658608211)
(-0.04577544602 0.0002776324698 0.03181352994)
(-0.04577544602 -0.0002776324698 0.03181352994)
(-0.04577871469 0.000278570052 0.03192096622)
(-0.04577871469 -0.000278570052 0.03192096622)
(0.04894165499 0.0002342868663 0.02684661574)
(0.04894165499 -0.0002342868663 0.02684661574)
(-0.03210510816 0.0003985857578 0.04567340393)
(-0.03210510816 -0.0003985857578 0.04567340393)
(-0.04578092353 0.0002791887292 0.03199185961)
(-0.04578092353 -0.0002791887292 0.03199185961)
(-0.04578242051 0.0002795974143 0.03203869028)
(-0.04578242051 -0.0002795974143 0.03203869028)
(-0.04578343079 0.0002798678058 0.03206967407)
(-0.04578343079 -0.0002798678058 0.03206967407)
(-0.04578411507 0.0002800470288 0.03209021099)
(-0.04578411507 -0.0002800470288 0.03209021099)
(0.04894165497 0.0002368702534 0.02714264258)
(0.04894165497 -0.0002368702534 0.02714264258)
(0.01468382029 0.0004724685991 0.05413953899)
(0.01468382029 -0.0004724685991 0.05413953899)
(0.04894165496 0.0002397492112 0.02747253847)
(0.04894165496 -0.0002397492112 0.02747253847)
(0.02970017509 0.0004169866915 0.04778194209)
(0.02970017509 -0.0004169866915 0.04778194209)
(-0.03210602306 0.0004036501183 0.04625372218)
(-0.03210602306 -0.0004036501183 0.04625372218)
(0.04894165494 0.0002430963553 0.0278560832)
(0.04894165494 -0.0002430963553 0.0278560832)
(0.05640698061 0 0)
(0.05640698061 5.091047053e-06 0.0005833762094)
(0.05640698061 -5.091047053e-06 0.0005833762094)
(0.05640698061 1.196452848e-05 0.001370999168)
(0.05640698061 -1.196452848e-05 0.001370999168)
(0.05640698061 2.108526158e-05 0.002416131661)
(0.05640698061 -2.108526158e-05 0.002416131661)
(0.05640698061 3.287005537e-05 0.003766535274)
(0.05640698061 -3.287005537e-05 0.003766535274)
(-0.05306817291 0.0001701228541 0.01949414821)
(-0.05306817291 -0.0001701228541 0.01949414821)
(0.04894165492 0.0002472683082 0.02833414165)
(0.04894165492 -0.0002472683082 0.02833414165)
(0.05640698061 4.754222817e-05 0.005447799749)
(0.05640698061 -4.754222817e-05 0.005447799749)
(0.0489416549 0.0002525583948 0.02894032554)
(0.0489416549 -0.0002525583948 0.02894032554)
(0.05640698061 6.495230599e-05 0.007442797064)
(0.05640698061 -6.495230599e-05 0.007442797064)
(-0.03210727018 0.0004105538053 0.04704480634)
(-0.03210727018 -0.0004105538053 0.04704480634)
(0.05640698061 8.444661025e-05 0.009676623075)
(0.05640698061 -8.444661025e-05 0.009676623075)
(0.04201658587 0.0003392978866 0.03887968681)
(0.04201658587 -0.0003392978866 0.03887968681)
(0.04894165488 0.0002593616119 0.02971989699)
(0.04894165488 -0.0002593616119 0.02971989699)
(0.05640698061 0.0001048963 0.01201992541)
(0.05640698061 -0.0001048963 0.01201992541)
(0.04894165485 0.0002682114063 0.03073398299)
(0.04894165485 -0.0002682114063 0.03073398299)
(0.01926344903 0.0004755746245 0.05449545425)
(0.01926344903 -0.0004755746245 0.05449545425)
(-0.03210897296 0.0004199790089 0.0481248277)
(-0.03210897296 -0.0004199790089 0.0481248277)
(-0.05315467593 0.0002022852423 0.02317959286)
(-0.05315467593 -0.0002022852423 0.02317959286)
(0.05640698061 0.0001249388879 0.0143165785)
(0.05640698061 -0.0001249388879 0.0143165785)
(-0.01805207902 0.0004849645107 0.05557142863)
(-0.01805207902 -0.0004849645107 0.05557142863)
(0.04894165482 0.0002798298777 0.03206532794)
(0.04894165482 -0.0002798298777 0.03206532794)
(-0.008973903106 0.0005048342293 0.05784827287)
(-0.008973903106 -0.0005048342293 0.05784827287)
(0.05640698061 0.0001433405841 0.01642520403)
(0.05640698061 -0.0001433405841 0.01642520403)
(-0.03211130006 0.0004328578111 0.04960059226)
(-0.03211130006 -0.0004328578111 0.04960059226)
(0.05640698061 0.0001592900906 0.01825283645)
(0.05640698061 -0.0001592900906 0.01825283645)
(-0.05322870741 0.0002298934126 0.02634317582)
(-0.05322870741 -0.0002298934126 0.02634317582)
(0.04894165479 0.0002951963625 0.03382615269)
(0.04894165479 -0.0002951963625 0.03382615269)
(0.05640698061 0.0001724910587 0.01976551757)
(0.05640698061 -0.0001724910587 0.01976551757)
(0.03561062398 0.0004206908964 0.04820640193)
(0.03561062398 -0.0004206908964 0.04820640193)
(0.02425991933 0.000478963363 0.05488376521)
(0.02425991933 -0.000478963363 0.05488376521)
(0.04201658582 0.0003756627996 0.0430466931)
(0.04201658582 -0.0003756627996 0.0430466931)
(0.05640698061 0.0001830672207 0.0209774257)
(0.05640698061 -0.0001830672207 0.0209774257)
(0.05640698061 0.000191386385 0.02193070751)
(0.05640698061 -0.000191386385 0.02193070751)
(-0.05328777744 0.0002516960411 0.02884150959)
(-0.05328777744 -0.0002516960411 0.02884150959)
(-0.06072855266 0 0)
(-0.06074451076 4.701429615e-06 0.0005387304731)
(-0.06074451076 -4.701429615e-06 0.0005387304731)
(-0.06076710025 1.156937456e-05 0.001325719013)
(-0.06076710025 -1.156937456e-05 0.001325719013)
(-0.03211448228 0.000450465303 0.05161821099)
(-0.03211448228 -0.000450465303 0.05161821099)
(0.05640698061 0.0001979000144 0.02267709551)
(0.05640698061 -0.0001979000144 0.02267709551)
(-0.06079846819 2.146143851e-05 0.002459237268)
(-0.06079846819 -2.146143851e-05 0.002459237268)
(0.04894165474 0.0003156412318 0.03616890267)
(0.04894165474 -0.0003156412318 0.03616890267)
(-0.06084093094 3.541607764e-05 0.004058280529)
(-0.06084093094 -3.541607764e-05 0.004058280529)
(0.05640698061 0.0002030397502 0.02326605089)
(0.05640698061 -0.0002030397502 0.02326605089)
(0.05640698061 0.0002071688566 0.02373919962)
(0.05640698061 -0.0002071688566 0.02373919962)
(-0.06089644875 5.452096239e-05 0.006247483483)
(-0.06089644875 -5.452096239e-05 0.006247483483)
(0.05640698061 0.000210570142 0.02412894833)
(0.05640698061 -0.000210570142 0.02412894833)
(0.05640698061 0.0002134525544 0.02445924007)
(0.05640698061 -0.0002134525544 0.02445924007)
(-0.05333238273 0.0002678261699 0.03068983927)
(-0.05333238273 -0.0002678261699 0.03068983927)
(0.05640698061 0.0002159646996 0.0247471034)
(0.05640698061 -0.0002159646996 0.0247471034)
(-0.06096583236 7.959424674e-05 0.00912059729)
(-0.06096583236 -7.959424674e-05 0.00912059729)
(0.05640698061 0.0002182091014 0.02500428637)
(0.05640698061 -0.0002182091014 0.02500428637)
(0.05640698061 0.0002202546079 0.0252386782)
(0.05640698061 -0.0002202546079 0.0252386782)
(0.05640698061 0.0002221462407 0.02545543785)
(0.05640698061 -0.0002221462407 0.02545543785)
(0.05640698061 0.0002239126191 0.02565784477)
(0.05640698061 -0.0002239126191 0.02565784477)
(0.05640698061 0.0002256295958 0.02585459081)
(0.05640698061 -0.0002256295958 0.02585459081)
(0.05640698061 0.0002273729463 0.02605435898)
(0.05640698061 -0.0002273729463 0.02605435898)
(0.05640698061 0.0002291692156 0.02626019107)
(0.05640698061 -0.0002291692156 0.02626019107)
(-0.05336472714 0.0002792139693 0.03199475183)
(-0.05336472714 -0.0002792139693 0.03199475183)
(0.05640698061 0.0002310537503 0.02647613734)
(0.05640698061 -0.0002310537503 0.02647613734)
(-0.06104772154 0.0001106470211 0.01267889279)
(-0.06104772154 -0.0001106470211 0.01267889279)
(0.0564069806 0.0002332234363 0.02672475874)
(0.0564069806 -0.0002332234363 0.02672475874)
(0.05640698058 0.0002356719863 0.02700533478)
(0.05640698058 -0.0002356719863 0.02700533478)
(0.05640698056 0.0002384330976 0.02732172679)
(0.05640698056 -0.0002384330976 0.02732172679)
(-0.05338754779 0.000287005872 0.03288761545)
(-0.05338754779 -0.000287005872 0.03288761545)
(0.04894165469 0.00034297435 0.03930096779)
(0.04894165469 -0.00034297435 0.03930096779)
(0.02970017503 0.0004826530884 0.05530656587)
(0.02970017503 -0.0004826530884 0.05530656587)
(0.05640698055 0.0002414950675 0.02767259379)
(0.05640698055 -0.0002414950675 0.02767259379)
(0.05640698053 0.000245031711 0.02807785299)
(0.05640698053 -0.000245031711 0.02807785299)
(-0.05340335287 0.0002922329949 0.0334865844)
(-0.05340335287 -0.0002922329949 0.0334865844)
(-1.4004631e-17 0.000550128181 0.06303844565)
(-1.4004631e-17 -0.000550128181 0.06303844565)
(-0.03211883569 0.0004745474202 0.05437774829)
(-0.03211883569 -0.0004745474202 0.05437774829)
(0.05640698051 0.0002494021883 0.02857866009)
(0.05640698051 -0.0002494021883 0.02857866009)
(-0.05341416779 0.0002956985043 0.03388369244)
(-0.05341416779 -0.0002956985043 0.03388369244)
(0.003177746569 0.0005524520453 0.06330473412)
(0.003177746569 -0.0005524520453 0.06330473412)
(-0.06113782473 0.000146300221 0.01676434483)
(-0.06113782473 -0.000146300221 0.01676434483)
(-0.0534215157 0.0002979812298 0.03414526688)
(-0.0534215157 -0.0002979812298 0.03414526688)
(-0.05342649348 0.0002994802394 0.03431703637)
(-0.05342649348 -0.0002994802394 0.03431703637)
(0.05640698049 0.0002549020716 0.02920888429)
(0.05640698049 -0.0002549020716 0.02920888429)
(-0.05342984989 0.0003004637072 0.03442973061)
(-0.05342984989 -0.0003004637072 0.03442973061)
(-0.05343211054 0.0003011092284 0.03450370002)
(-0.05343211054 -0.0003011092284 0.03450370002)
(-0.05343363879 0.0003015334755 0.03455231392)
(-0.05343363879 -0.0003015334755 0.03455231392)
(-0.05343466719 0.0003018127957 0.03458432084)
(-0.05343466719 -0.0003018127957 0.03458432084)
(-0.05343536224 0.0003019970778 0.03460543748)
(-0.05343536224 -0.0003019970778 0.03460543748)
(0.05640698046 0.0002619286399 0.03001404927)
(0.05640698046 -0.0002619286399 0.03001404927)
(0.006667352382 0.0005550039701 0.06359715573)
(0.006667352382 -0.0005550039701 0.06359715573)
(0.04201658574 0.0004247056498 0.0486664471)
(0.04201658574 -0.0004247056498 0.0486664471)
(0.05640698043 0.0002710176235 0.03105554363)
(0.05640698043 -0.0002710176235 0.03105554363)
(0.06443047711 0 0)
(0.06443047711 5.081135352e-06 0.000582240441)
(0.06443047711 -5.081135352e-06 0.000582240441)
(0.06443047711 1.191655003e-05 0.001365501382)
(0.06443047711 -1.191655003e-05 0.001365501382)
(0.06443047711 2.096184155e-05 0.002401989127)
(0.06443047711 -2.096184155e-05 0.002401989127)
(0.06443047711 3.262558265e-05 0.003738521475)
(0.06443047711 -3.262558265e-05 0.003738521475)
(0.06443047711 4.71268982e-05 0.005400207648)
(0.06443047711 -4.71268982e-05 0.005400207648)
(-0.06122925041 0.0001836471052 0.02104387388)
(-0.06122925041 -0.0001836471052 0.02104387388)
(0.0104940202 0.000557802386 0.06391782244)
(0.0104940202 -0.000557802386 0.06391782244)
(0.06443047711 6.431993609e-05 0.007370334652)
(0.06443047711 -6.431993609e-05 0.007370334652)
(-0.003369667616 0.0005656741854 0.0648198413)
(-0.003369667616 -0.0005656741854 0.0648198413)
(0.0564069804 0.0002828933538 0.03241636754)
(0.0564069804 -0.0002828933538 0.03241636754)
(0.06443047711 8.356521214e-05 0.009575624854)
(0.06443047711 -8.356521214e-05 0.009575624854)
(-0.01806089085 0.0005477573582 0.06276677626)
(-0.01806089085 -0.0005477573582 0.06276677626)
(0.04894165462 0.0003796613245 0.04350487867)
(0.04894165462 -0.0003796613245 0.04350487867)
(0.06443047711 0.000103758013 0.01188949064)
(0.06443047711 -0.000103758013 0.01188949064)
(0.01468382025 0.0005608663581 0.06426891886)
(0.01468382025 -0.0005608663581 0.06426891886)
(0.06443047711 0.0001235647769 0.01415912098)
(0.06443047711 -0.0001235647769 0.01415912098)
(0.05640698035 0.0002985372681 0.03420898256)
(0.05640698035 -0.0002985372681 0.03420898256)
(0.0356106239 0.0004866617113 0.05576590855)
(0.0356106239 -0.0004866617113 0.05576590855)
(-0.06131434096 0.0002190277573 0.02509809504)
(-0.06131434096 -0.0002190277573 0.02509809504)
(-0.03212479356 0.0005074968114 0.05815337456)
(-0.03212479356 -0.0005074968114 0.05815337456)
(0.06443047711 0.0001417777465 0.01624612058)
(0.06443047711 -0.0001417777465 0.01624612058)
(0.06443047711 0.0001576025246 0.01805946054)
(0.06443047711 -0.0001576025246 0.01805946054)
(0.0564069803 0.0003192815918 0.03658604661)
(0.0564069803 -0.0003192815918 0.03658604661)
(0.06443047711 0.0001707485574 0.0195658467)
(0.06443047711 -0.0001707485574 0.0195658467)
(0.01926344898 0.0005642154091 0.0646526821)
(0.01926344898 -0.0005642154091 0.0646526821)
(0.06443047711 0.0001813362608 0.02077907734)
(0.06443047711 -0.0001813362608 0.02077907734)
(-0.06138720281 0.0002494135544 0.02857996251)
(-0.06138720281 -0.0002494135544 0.02857996251)
(0.06443047711 0.0001897247348 0.02174030125)
(0.06443047711 -0.0001897247348 0.02174030125)
(0.06443047711 0.0001963547392 0.02250002451)
(0.06443047711 -0.0001963547392 0.02250002451)
(-0.008981675583 0.0005916054713 0.06779127234)
(-0.008981675583 -0.0005916054713 0.06779127234)
(0.06443047711 0.0002016474208 0.02310650574)
(0.06443047711 -0.0002016474208 0.02310650574)
(0.06443047711 0.0002059568081 0.02360031262)
(0.06443047711 -0.0002059568081 0.02360031262)
(0.06443047711 0.0002095580213 0.02401297078)
(0.06443047711 -0.0002095580213 0.02401297078)
(0.06443047711 0.000212653769 0.02436770833)
(0.06443047711 -0.000212653769 0.02436770833)
(-0.06144524342 0.0002733763174 0.03132582318)
(-0.06144524342 -0.0002733763174 0.03132582318)
(0.06443047711 0.0002153876282 0.02468097757)
(0.06443047711 -0.0002153876282 0.02468097757)
(0.05640698024 0.0003469376314 0.03975511485)
(0.05640698024 -0.0003469376314 0.03975511485)
(0.06443047711 0.0002178580538 0.0249640603)
(0.06443047711 -0.0002178580538 0.0249640603)
(0.06443047711 0.0002201305749 0.02522446543)
(0.06443047711 -0.0002201305749 0.02522446543)
(0.06443047711 0.0002222474854 0.02546703934)
(0.06443047711 -0.0002222474854 0.02546703934)
(0.06443047711 0.0002242351563 0.02569480387)
(0.06443047711 -0.0002242351563 0.02569480387)
(0.04894165454 0.0004290457387 0.04916377203)
(0.04894165454 -0.0004290457387 0.04916377203)
(0.06443047711 0.0002261663628 0.02591609822)
(0.06443047711 -0.0002261663628 0.02591609822)
(0.02425991927 0.0005678692936 0.06507137579)
(0.02425991927 -0.0005678692936 0.06507137579)
(-0.0694622134 0 0)
(-0.0694758318 4.920387299e-06 0.0005638205386)
(-0.0694758318 -4.920387299e-06 0.0005638205386)
(-0.06949519141 1.214965502e-05 0.001392212568)
(-0.06949519141 -1.214965502e-05 0.001392212568)
(0.06443047711 0.0002281140036 0.02613927574)
(0.06443047711 -0.0002281140036 0.02613927574)
(-0.06952220483 2.262829538e-05 0.002592945822)
(-0.06952220483 -2.262829538e-05 0.002592945822)
(0.06443047711 0.0002301030064 0.02636719289)
(0.06443047711 -0.0002301030064 0.02636719289)
(-0.06955898625 3.751265237e-05 0.004298524196)
(-0.06955898625 -3.751265237e-05 0.004298524196)
(0.06443047711 0.0002321671411 0.0266037193)
(0.06443047711 -0.0002321671411 0.0266037193)
(0.06443047709 0.0002345241346 0.026873804)
(0.06443047709 -0.0002345241346 0.026873804)
(-0.06960739717 5.803977801e-05 0.006650699815)
(-0.06960739717 -5.803977801e-05 0.006650699815)
(0.06443047708 0.0002371606696 0.02717592099)
(0.06443047708 -0.0002371606696 0.02717592099)
(-0.0614889288 0.0002910534667 0.03335142386)
(-0.0614889288 -0.0002910534667 0.03335142386)
(0.06443047706 0.0002401127932 0.02751420084)
(0.06443047706 -0.0002401127932 0.02751420084)
(0.06443047704 0.0002433714589 0.02788760694)
(0.06443047704 -0.0002433714589 0.02788760694)
(0.04201658565 0.0004910064041 0.05626376104)
(0.04201658565 -0.0004910064041 0.05626376104)
(-0.06966834806 8.517923729e-05 0.009760573817)
(-0.06966834806 -8.517923729e-05 0.009760573817)
(0.06443047702 0.0002471117702 0.02831620417)
(0.06443047702 -0.0002471117702 0.02831620417)
(0.06443047699 0.0002516956153 0.02884146079)
(0.06443047699 -0.0002516956153 0.02884146079)
(-0.0615204705 0.0003034841916 0.03477584385)
(-0.0615204705 -0.0003034841916 0.03477584385)
(0.06443047697 0.0002574209815 0.02949752277)
(0.06443047697 -0.0002574209815 0.02949752277)
(-0.03213295038 0.0005525953624 0.06332115663)
(-0.03213295038 -0.0005525953624 0.06332115663)
(-0.06974083773 0.000119024841 0.01363889586)
(-0.06974083773 -0.000119024841 0.01363889586)
(-0.06154262094 0.0003119502356 0.0357459564)
(-0.06154262094 -0.0003119502356 0.0357459564)
(0.06443047694 0.0002646876006 0.03033019486)
(0.06443047694 -0.0002646876006 0.03033019486)
(-0.06155788821 0.0003176009491 0.03639346403)
(-0.06155788821 -0.0003176009491 0.03639346403)
(0.05640698016 0.0003839717929 0.04399880942)
(0.05640698016 -0.0003839717929 0.04399880942)
(0.0644304769 0.0002740336573 0.03140114687)
(0.0644304769 -0.0002740336573 0.03140114687)
(-0.06156828554 0.0003213276345 0.03682049987)
(-0.06156828554 -0.0003213276345 0.03682049987)
(-0.06157531804 0.000323769348 0.03710029253)
(-0.06157531804 -0.000323769348 0.03710029253)
(0.02970017495 0.0005718477153 0.06552725776)
(0.02970017495 -0.0005718477153 0.06552725776)
(-0.06158006353 0.0003253642695 0.03728305244)
(-0.06158006353 -0.0003253642695 0.03728305244)
(-0.06158325016 0.0003264052018 0.03740233146)
(-0.06158325016 -0.0003264052018 0.03740233146)
(-0.06158538822 0.0003270849543 0.03748022339)
(-0.06158538822 -0.0003270849543 0.03748022339)
(-0.06158682977 0.0003275294835 0.03753116138)
(-0.06158682977 -0.0003275294835 0.03753116138)
(-0.06982116264 0.0001581132422 0.01811798299)
(-0.06982116264 -0.0001581132422 0.01811798299)
(-0.06158779645 0.0003278207545 0.03756453774)
(-0.06158779645 -0.0003278207545 0.03756453774)
(-0.06158844826 0.0003280120357 0.03758645638)
(-0.06158844826 -0.0003280120357 0.03758645638)
(0.06443047686 0.0002861858813 0.03279365382)
(0.06443047686 -0.0002861858813 0.03279365382)
(0.07302597558 0 0)
(0.07302597558 5.070517038e-06 0.0005810237027)
(0.07302597558 -5.070517038e-06 0.0005810237027)
(0.07302597558 1.186515115e-05 0.001359611654)
(0.07302597558 -1.186515115e-05 0.001359611654)
(0.07302597558 2.082962281e-05 0.002386838359)
(0.07302597558 -2.082962281e-05 0.002386838359)
(0.07302597558 3.236368127e-05 0.003708510549)
(0.07302597558 -3.236368127e-05 0.003708510549)
(0.06443047682 0.0003021279682 0.03462043603)
(0.06443047682 -0.0003021279682 0.03462043603)
(0.07302597558 4.6681959e-05 0.005349222667)
(0.07302597558 -4.6681959e-05 0.005349222667)
(0.07302597558 6.364248401e-05 0.007292706332)
(0.07302597558 -6.364248401e-05 0.007292706332)
(-0.06990311383 0.0001992332672 0.02282987114)
(-0.06990311383 -0.0001992332672 0.02282987114)
(0.07302597558 8.262097839e-05 0.009467426384)
(0.07302597558 -8.262097839e-05 0.009467426384)
(0.07302597558 0.0001025385765 0.01174975707)
(0.07302597558 -0.0001025385765 0.01174975707)
(0.06443047676 0.0003231941359 0.03703437975)
(0.06443047676 -0.0003231941359 0.03703437975)
(0.07302597558 0.0001220927044 0.01399043818)
(0.07302597558 -0.0001220927044 0.01399043818)
(0.07302597558 0.0001401034929 0.01605427012)
(0.07302597558 -0.0001401034929 0.01605427012)
(-0.01807294999 0.0006336767412 0.07261216238)
(-0.01807294999 -0.0006336767412 0.07261216238)
(0.04894165444 0.0004957031691 0.056801957)
(0.04894165444 -0.0004957031691 0.056801957)
(0.0356106238 0.000576169986 0.06602254092)
(0.0356106238 -0.000576169986 0.06602254092)
(-0.06997962708 0.0002382803226 0.02730422051)
(-0.06997962708 -0.0002382803226 0.02730422051)
(0.07302597558 0.0001557946505 0.0178522987)
(0.07302597558 -0.0001557946505 0.0178522987)
(0.05640698007 0.000433724418 0.04969989558)
(0.05640698007 -0.000433724418 0.04969989558)
(0.07302597558 0.0001688818316 0.01935194111)
(0.07302597558 -0.0001688818316 0.01935194111)
(0.07302597558 0.0001794818992 0.02056658855)
(0.07302597558 -0.0001794818992 0.02056658855)
(0.06443047669 0.0003511972413 0.0402432178)
(0.06443047669 -0.0003511972413 0.0402432178)
(0.07302597558 0.000187944624 0.02153632076)
(0.07302597558 -0.000187944624 0.02153632076)
(0.07302597558 0.0001946993 0.02231032996)
(0.07302597558 -0.0001946993 0.02231032996)
(0.07302597558 0.0002001558309 0.02293558648)
(0.07302597558 -0.0002001558309 0.02293558648)
(-0.07004518172 0.0002718299479 0.03114862679)
(-0.07004518172 -0.0002718299479 0.03114862679)
(0.07302597558 0.0002046583516 0.02345152424)
(0.07302597558 -0.0002046583516 0.02345152424)
(-1.385049543e-17 0.0006699040945 0.07676340589)
(-1.385049543e-17 -0.0006699040945 0.07676340589)
(0.07302597558 0.0002084737456 0.0238887251)
(0.07302597558 -0.0002084737456 0.0238887251)
(0.07302597558 0.0002117980376 0.02426965122)
(0.07302597558 -0.0002117980376 0.02426965122)
(0.07302597558 0.000214769417 0.02461013757)
(0.07302597558 -0.000214769417 0.02461013757)
(-0.05248746433 0.0004927493728 0.05646348547)
(-0.05248746433 -0.0004927493728 0.05646348547)
(0.003177746557 0.0006723984255 0.07704922791)
(0.003177746557 -0.0006723984255 0.07704922791)
(0.07302597558 0.0002174819798 0.02492096649)
(0.07302597558 -0.0002174819798 0.02492096649)
(0.07302597558 0.0002199976995 0.02520923942)
(0.07302597558 -0.0002199976995 0.02520923942)
(-0.05248786838 0.0004947749322 0.05669559158)
(-0.05248786838 -0.0004947749322 0.05669559158)
(0.07302597558 0.0002223559479 0.02547946792)
(0.07302597558 -0.0002223559479 0.02547946792)
(-0.03214412267 0.0006143496109 0.07039749261)
(-0.03214412267 -0.0006143496109 0.07039749261)
(0.07302597558 0.0002245806875 0.02573439782)
(0.07302597558 -0.0002245806875 0.02573439782)
(-0.05248840189 0.0004974565086 0.0570028698)
(-0.05248840189 -0.0004974565086 0.0570028698)
(0.07302597558 0.0002267413965 0.02598199054)
(0.07302597558 -0.0002267413965 0.02598199054)
(0.07302597558 0.0002289078915 0.02623024628)
(0.07302597558 -0.0002289078915 0.02623024628)
(0.006667352358 0.0006751375463 0.07736310006)
(0.006667352358 -0.0006751375463 0.07736310006)
(0.07302597558 0.0002311033679 0.02648182296)
(0.07302597558 -0.0002311033679 0.02648182296)
(0.07302597558 0.0002333599066 0.02674039668)
(0.07302597558 -0.0002333599066 0.02674039668)
(-0.0524891185 0.0005010629814 0.05741613066)
(-0.0524891185 -0.0005010629814 0.05741613066)
(0.07302597556 0.0002359175608 0.02703347483)
(0.07302597556 -0.0002359175608 0.02703347483)
(0.07302597554 0.0002387554824 0.02735866844)
(0.07302597554 -0.0002387554824 0.02735866844)
(-0.07009731066 0.0002982549813 0.03417663569)
(-0.07009731066 -0.0002982549813 0.03417663569)
(0.07302597552 0.0002419122358 0.02772039654)
(0.07302597552 -0.0002419122358 0.02772039654)
(-0.05249009008 0.0005059550346 0.05797670443)
(-0.05249009008 -0.0005059550346 0.05797670443)
(0.07302597549 0.0002453816197 0.02811794857)
(0.07302597549 -0.0002453816197 0.02811794857)
(0.0644304766 0.0003886045483 0.04452967062)
(0.0644304766 -0.0003886045483 0.04452967062)
(0.01049402016 0.0006781412395 0.07770728921)
(0.01049402016 -0.0006781412395 0.07770728921)
(0.07302597547 0.0002493401187 0.02857154762)
(0.07302597547 -0.0002493401187 0.02857154762)
(-0.003374525989 0.0006850496391 0.0784989134)
(-0.003374525989 -0.0006850496391 0.0784989134)
(0.07302597544 0.0002541525426 0.02912299678)
(0.07302597544 -0.0002541525426 0.02912299678)
(0.04201658554 0.0005808546218 0.06655934702)
(0.04201658554 -0.0005808546218 0.06655934702)
(-0.07872400167 0 0)
(-0.07873416982 5.166113022e-06 0.0005919779174)
(-0.07873416982 -5.166113022e-06 0.0005919779174)
(-0.0787486981 1.280032063e-05 0.001466771462)
(-0.0787486981 -1.280032063e-05 0.001466771462)
(-0.05249141396 0.0005126215295 0.05874060908)
(-0.05249141396 -0.0005126215295 0.05874060908)
(-0.07876908351 2.39355507e-05 0.002742742444)
(-0.07876908351 -2.39355507e-05 0.002742742444)
(0.07302597541 0.0002601194666 0.02980673854)
(0.07302597541 -0.0002601194666 0.02980673854)
(-0.07879702752 3.985947754e-05 0.004567443725)
(-0.07879702752 -3.985947754e-05 0.004567443725)
(-0.070136412 0.0003176981794 0.03640460552)
(-0.070136412 -0.0003176981794 0.03640460552)
(-0.07883408474 6.197538214e-05 0.007101675379)
(-0.07883408474 -6.197538214e-05 0.007101675379)
(0.07302597538 0.0002676432501 0.03066887873)
(0.07302597538 -0.0002676432501 0.03066887873)
(0.0146838202 0.0006814299687 0.07808414025)
(0.0146838202 -0.0006814299687 0.07808414025)
(-0.05249322281 0.0005217287972 0.0597841986)
(-0.05249322281 -0.0005217287972 0.0597841986)
(-0.07888112736 9.142107151e-05 0.01047581718)
(-0.07888112736 -9.142107151e-05 0.01047581718)
(0.07302597534 0.0002772647066 0.03177138846)
(0.07302597534 -0.0002772647066 0.03177138846)
(-0.07016451428 0.0003313220854 0.03796575051)
(-0.07016451428 -0.0003313220854 0.03796575051)
(0.0730259753 0.000289713136 0.03319783717)
(0.0730259753 -0.000289713136 0.03319783717)
(-0.07893754934 0.0001283819063 0.01471110934)
(-0.07893754934 -0.0001283819063 0.01471110934)
(-0.07018415083 0.00034056156 0.03902448944)
(-0.07018415083 -0.00034056156 0.03902448944)
(0.05640697995 0.0005007663505 0.05738214012)
(0.05640697995 -0.0005007663505 0.05738214012)
(-0.05249569806 0.0005341879177 0.06121187239)
(-0.05249569806 -0.0005341879177 0.06121187239)
(-0.07019761479 0.0003466999114 0.03972787484)
(-0.07019761479 -0.0003466999114 0.03972787484)
(0.01926344891 0.0006850246888 0.07849605438)
(0.01926344891 -0.0006850246888 0.07849605438)
(-0.07020673581 0.0003507284776 0.04018950281)
(-0.07020673581 -0.0003507284776 0.04018950281)
(0.07302597524 0.0003059746523 0.03506122237)
(0.07302597524 -0.0003059746523 0.03506122237)
(-0.07021287423 0.0003533548249 0.04049045239)
(-0.07021287423 -0.0003533548249 0.04049045239)
(-0.07021699902 0.00035506174 0.04068604549)
(-0.07021699902 -0.00035506174 0.04068604549)
(-0.07021975553 0.0003561701994 0.04081306236)
(-0.07021975553 -0.0003561701994 0.04081306236)
(-0.07022159664 0.0003568904766 0.04089559795)
(-0.07022159664 -0.0003568904766 0.04089559795)
(-0.07022283471 0.0003573592258 0.04094931129)
(-0.07022283471 -0.0003573592258 0.04094931129)
(-0.07022366136 0.0003576649152 0.04098433983)
(-0.07022366136 -0.0003576649152 0.04098433983)
(-0.0702242174 0.0003578647441 0.04100723795)
(-0.0702242174 -0.0003578647441 0.04100723795)
(-0.07900054847 0.0001713001555 0.01962905358)
(-0.07900054847 -0.0001713001555 0.01962905358)
(0.06443047649 0.000438752915 0.05027610426)
(0.06443047649 -0.000438752915 0.05027610426)
(-0.00899230999 0.0007103173993 0.08139431194)
(-0.00899230999 -0.0007103173993 0.08139431194)
(0.07302597518 0.0003273856086 0.03751467496)
(0.07302597518 -0.0003273856086 0.03751467496)
(-0.0524990883 0.0005512469379 0.06316664248)
(-0.0524990883 -0.0005512469379 0.06316664248)
(0.08220234279 0 0)
(0.08220234279 5.059181157e-06 0.0005797247394)
(0.08220234279 -5.059181157e-06 0.0005797247394)
(0.08220234279 1.181027883e-05 0.001353323909)
(0.08220234279 -1.181027883e-05 0.001353323909)
(0.08220234279 2.068846895e-05 0.002370663729)
(0.08220234279 -2.068846895e-05 0.002370663729)
(0.08220234279 3.208408104e-05 0.003676471537)
(0.08220234279 -3.208408104e-05 0.003676471537)
(0.08220234279 4.62069516e-05 0.005294792209)
(0.08220234279 -4.62069516e-05 0.005294792209)
(0.08220234279 6.29192509e-05 0.007209832026)
(0.08220234279 -6.29192509e-05 0.007209832026)
(0.02425991918 0.0006889466033 0.07894546127)
(0.02425991918 -0.0006889466033 0.07894546127)
(0.08220234279 8.161293498e-05 0.00935191605)
(0.08220234279 -8.161293498e-05 0.00935191605)
(-0.07906519996 0.0002166254282 0.0248228154)
(-0.07906519996 -0.0002166254282 0.0248228154)
(0.08220234279 0.0001012367327 0.01160058054)
(0.08220234279 -0.0001012367327 0.01160058054)
(0.0489416543 0.0005859188771 0.0671396532)
(0.0489416543 -0.0005859188771 0.0671396532)
(0.08220234279 0.0001205211518 0.01381035609)
(0.08220234279 -0.0001205211518 0.01381035609)
(0.0730259751 0.0003557605223 0.04076611801)
(0.0730259751 -0.0003557605223 0.04076611801)
(0.08220234279 0.0001383160961 0.01584945474)
(0.08220234279 -0.0001383160961 0.01584945474)
(0.08220234279 0.0001538646035 0.01763113722)
(0.08220234279 -0.0001538646035 0.01763113722)
(-0.05250373464 0.0005746176424 0.06584465997)
(-0.05250373464 -0.0005746176424 0.06584465997)
(0.08220234279 0.0001668889558 0.01912358016)
(0.08220234279 -0.0001668889558 0.01912358016)
(-0.07912576335 0.0002597581088 0.02976533104)
(-0.07912576335 -0.0002597581088 0.02976533104)
(0.08220234279 0.0001775022232 0.02033974015)
(0.08220234279 -0.0001775022232 0.02033974015)
(0.02970017484 0.0006932168614 0.07943478438)
(0.02970017484 -0.0006932168614 0.07943478438)
(0.08220234279 0.0001860442166 0.02131855564)
(0.08220234279 -0.0001860442166 0.02131855564)
(0.08220234279 0.0001929319891 0.02210781619)
(0.08220234279 -0.0001929319891 0.02210781619)
(0.08220234279 0.0001985634421 0.02275311679)
(0.08220234279 -0.0001985634421 0.02275311679)
(0.08220234279 0.0002032721477 0.02329268101)
(0.08220234279 -0.0002032721477 0.02329268101)
(0.08220234279 0.0002073161965 0.0237560831)
(0.08220234279 -0.0002073161965 0.0237560831)
(0.08220234279 0.0002108844773 0.02416496758)
(0.08220234279 -0.0002108844773 0.02416496758)
(0.08220234279 0.000214109428 0.02453451033)
(0.08220234279 -0.000214109428 0.02453451033)
(0.073025975 0.0003935675769 0.04509837736)
(0.073025975 -0.0003935675769 0.04509837736)
(0.08220234279 0.0002170804914 0.02487496047)
(0.08220234279 -0.0002170804914 0.02487496047)
(0.08220234279 0.0002198558447 0.02519298446)
(0.08220234279 -0.0002198558447 0.02519298446)
(0.08220234279 0.0002224717402 0.02549273639)
(0.08220234279 -0.0002224717402 0.02549273639)
(0.08220234279 0.000224949569 0.02577666745)
(0.08220234279 -0.000224949569 0.02577666745)
(-0.07917768383 0.0002968332307 0.03401371921)
(-0.07917768383 -0.0002968332307 0.03401371921)
(0.08220234279 0.0002273552898 0.02605233576)
(0.08220234279 -0.0002273552898 0.02605233576)
(-0.03215943355 0.0006989563808 0.08009246816)
(-0.03215943355 -0.0006989563808 0.08009246816)
(0.08220234279 0.000229755429 0.02632736446)
(0.08220234279 -0.000229755429 0.02632736446)
(0.08220234279 0.000232171332 0.02660419953)
(0.08220234279 -0.000232171332 0.02660419953)
(0.08220234279 0.000234633277 0.02688631048)
(0.08220234279 -0.000234633277 0.02688631048)
(0.08220234277 0.0002374051524 0.02720393594)
(0.08220234277 -0.0002374051524 0.02720393594)
(0.06443047635 0.0005062080982 0.05800570264)
(0.06443047635 -0.0005062080982 0.05800570264)
(0.08220234274 0.0002404580699 0.02755376564)
(0.08220234274 -0.0002404580699 0.02755376564)
(0.08220234272 0.0002438332815 0.02794052658)
(0.08220234272 -0.0002438332815 0.02794052658)
(0.08220234269 0.0002475276238 0.02836385627)
(0.08220234269 -0.0002475276238 0.02836385627)
(0.08220234267 0.0002517190551 0.02884414672)
(0.08220234267 -0.0002517190551 0.02884414672)
(-0.05251010558 0.0006066502418 0.0695152323)
(-0.05251010558 -0.0006066502418 0.0695152323)
(0.08220234264 0.0002567755049 0.02942355848)
(0.08220234264 -0.0002567755049 0.02942355848)
(0.03561062368 0.0006978561915 0.07996639895)
(0.03561062368 -0.0006978561915 0.07996639895)
(0.0822023426 0.0002630003106 0.03013685057)
(0.0822023426 -0.0002630003106 0.03013685057)
(-0.07921889484 0.0003260022403 0.03735615665)
(-0.07921889484 -0.0003260022403 0.03735615665)
(0.08220234257 0.0002707986371 0.03103045028)
(0.08220234257 -0.0002707986371 0.03103045028)
(-0.01808946431 0.0007513196169 0.0860927007)
(-0.01808946431 -0.0007513196169 0.0860927007)
(0.05640697979 0.0005913782185 0.06776523175)
(0.05640697979 -0.0005913782185 0.06776523175)
(0.08220234252 0.0002807141047 0.03216665032)
(0.08220234252 -0.0002807141047 0.03216665032)
(-0.08847476221 0 0)
(-0.08848072821 5.423241551e-06 0.0006214419285)
(-0.08848072821 -5.423241551e-06 0.0006214419285)
(-0.08848930861 1.348483858e-05 0.00154520945)
(-0.08848930861 -1.348483858e-05 0.00154520945)
(-0.08850142865 2.531821927e-05 0.002901180569)
(-0.08850142865 -2.531821927e-05 0.002901180569)
(-0.08851818039 4.235456087e-05 0.004853351955)
(-0.08851818039 -4.235456087e-05 0.004853351955)
(-0.07924969504 0.0003474138886 0.03980968852)
(-0.07924969504 -0.0003474138886 0.03980968852)
(0.08220234247 0.0002934787563 0.03362933452)
(0.08220234247 -0.0002934787563 0.03362933452)
(-0.08854059376 6.617964898e-05 0.007583436641)
(-0.08854059376 -6.617964898e-05 0.007583436641)
(0.07302597487 0.0004441398979 0.05089339136)
(0.07302597487 -0.0004441398979 0.05089339136)
(-0.08856932112 9.811704896e-05 0.01124310019)
(-0.08856932112 -9.811704896e-05 0.01124310019)
(-0.07927172118 0.0003623680661 0.04152326754)
(-0.07927172118 -0.0003623680661 0.04152326754)
(0.08220234241 0.0003100812886 0.03553179628)
(0.08220234241 -0.0003100812886 0.03553179628)
(-0.08860411232 0.0001384547889 0.01586534736)
(-0.08860411232 -0.0001384547889 0.01586534736)
(-0.07928702996 0.0003724701232 0.04268084862)
(-0.07928702996 -0.0003724701232 0.04268084862)
(-0.07929746678 0.0003791525442 0.04344657822)
(-0.07929746678 -0.0003791525442 0.04344657822)
(0.08220234234 0.0003318603338 0.03802742767)
(0.08220234234 -0.0003318603338 0.03802742767)
(-0.0793044953 0.00038351809 0.04394682022)
(-0.0793044953 -0.00038351809 0.04394682022)
(-0.07930919882 0.0003863506545 0.04427139996)
(-0.07930919882 -0.0003863506545 0.04427139996)
(0.04201658539 0.000702884468 0.08054258237)
(0.04201658539 -0.000702884468 0.08054258237)
(-0.07931234576 0.0003881827375 0.04448133588)
(-0.07931234576 -0.0003881827375 0.04448133588)
(-0.07931443649 0.0003893667248 0.0446170074)
(-0.07931443649 -0.0003893667248 0.0446170074)
(-0.07931582506 0.000390132368 0.04470474141)
(-0.07931582506 -0.000390132368 0.04470474141)
(-0.07931675693 0.0003906282586 0.04476156485)
(-0.07931675693 -0.0003906282586 0.04476156485)
(-0.07931737557 0.0003909501247 0.04479844704)
(-0.07931737557 -0.0003909501247 0.04479844704)
(-0.07931779077 0.0003911595572 0.04482244564)
(-0.07931779077 -0.0003911595572 0.04482244564)
(-0.08864329432 0.0001855343454 0.02126013019)
(-0.08864329432 -0.0001855343454 0.02126013019)
(-0.0525188453 0.0006505746731 0.07454847358)
(-0.0525188453 -0.0006505746731 0.07454847358)
(0.09196259682 0 0)
(0.09196259682 5.04712398e-06 0.0005783431238)
(0.09196259682 -5.04712398e-06 0.0005783431238)
(0.09196259682 1.175191501e-05 0.001346636078)
(0.09196259682 -1.175191501e-05 0.001346636078)
(0.09196259682 2.053833355e-05 0.002353459917)
(0.09196259682 -2.053833355e-05 0.002353459917)
(0.08220234225 0.000360632182 0.04132435491)
(0.08220234225 -0.000360632182 0.04132435491)
(0.09196259682 3.178669002e-05 0.003642393901)
(0.09196259682 -3.178669002e-05 0.003642393901)
(0.09196259682 4.570171975e-05 0.005236898373)
(0.09196259682 -4.570171975e-05 0.005236898373)
(0.09196259682 6.214999889e-05 0.007121684477)
(0.09196259682 -6.214999889e-05 0.007121684477)
(0.09196259682 8.054075036e-05 0.009229055863)
(0.09196259682 -8.054075036e-05 0.009229055863)
(0.09196259682 9.985205328e-05 0.011441912)
(0.09196259682 -9.985205328e-05 0.011441912)
(-0.08868376556 0.0002354356107 0.02697824881)
(-0.08868376556 -0.0002354356107 0.02697824881)
(0.09196259682 0.0001188496022 0.01361881549)
(0.09196259682 -0.0001188496022 0.01361881549)
(0.09196259682 0.0001364149684 0.01563160708)
(0.09196259682 -0.0001364149684 0.01563160708)
(0.09196259682 0.0001518117488 0.01739590336)
(0.09196259682 -0.0001518117488 0.01739590336)
(0.07302597472 0.0005120377927 0.05867371947)
(0.07302597472 -0.0005120377927 0.05867371947)
(0.09196259682 0.0001647692744 0.01888068873)
(0.09196259682 -0.0001647692744 0.01888068873)
(0.06443047617 0.0005972457463 0.06843758385)
(0.06443047617 -0.0005972457463 0.06843758385)
(0.08220234214 0.0003988659982 0.04570551631)
(0.08220234214 -0.0003988659982 0.04570551631)
(0.09196259682 0.0001753965815 0.02009845751)
(0.09196259682 -0.0001753965815 0.02009845751)
(0.09196259682 0.0001840228873 0.02108693424)
(0.09196259682 -0.0001840228873 0.02108693424)
(-0.08872181711 0.0002830173957 0.03243058133)
(-0.08872181711 -0.0002830173957 0.03243058133)
(0.09196259682 0.0001910522252 0.02189241658)
(0.09196259682 -0.0001910522252 0.02189241658)
(0.09196259682 0.0001968697305 0.02255903666)
(0.09196259682 -0.0001968697305 0.02255903666)
(0.04894165413 0.0007083202109 0.08116545681)
(0.04894165413 -0.0007083202109 0.08116545681)
(0.09196259682 0.0002017977404 0.02312373067)
(0.09196259682 -0.0002017977404 0.02312373067)
(0.09196259682 0.0002060849932 0.02361500118)
(0.09196259682 -0.0002060849932 0.02361500118)
(0.09196259682 0.0002099127877 0.02405362298)
(0.09196259682 -0.0002099127877 0.02405362298)
(0.09196259682 0.0002134074444 0.02445407098)
(0.09196259682 -0.0002134074444 0.02445407098)
(0.09196259682 0.0002166534564 0.02482602711)
(0.09196259682 -0.0002166534564 0.02482602711)
(0.09196259682 0.0002197049637 0.02517569521)
(0.09196259682 -0.0002197049637 0.02517569521)
(0.09196259682 0.0002225949002 0.02550684913)
(0.09196259682 -0.0002225949002 0.02550684913)
(0.09196259682 0.0002253419223 0.02582162668)
(0.09196259682 -0.0002253419223 0.02582162668)
(-1.363960122e-17 0.0008337861065 0.09554242441)
(-1.363960122e-17 -0.0008337861065 0.09554242441)
(0.09196259682 0.0002280082449 0.02612715699)
(0.09196259682 -0.0002280082449 0.02612715699)
(0.09196259682 0.0002306568947 0.02643066221)
(0.09196259682 -0.0002306568947 0.02643066221)
(0.09196259682 0.0002333072501 0.02673436285)
(0.09196259682 -0.0002333072501 0.02673436285)
(0.09196259682 0.0002359876713 0.02704150869)
(0.09196259682 -0.0002359876713 0.02704150869)
(0.003177746543 0.0008364480616 0.09584745426)
(0.003177746543 -0.0008364480616 0.09584745426)
(0.0919625968 0.0002389873984 0.02738524338)
(0.0919625968 -0.0002389873984 0.02738524338)
(0.09196259677 0.0002422689921 0.02776127676)
(0.09196259677 -0.0002422689921 0.02776127676)
(0.09196259674 0.0002458765623 0.02817466337)
(0.09196259674 -0.0002458765623 0.02817466337)
(-0.08875445951 0.0003239320491 0.03711893623)
(-0.08875445951 -0.0003239320491 0.03711893623)
(0.09196259671 0.0002498101768 0.02862541094)
(0.09196259671 -0.0002498101768 0.02862541094)
(0.006667352327 0.0008393712569 0.09618241927)
(0.006667352327 -0.0008393712569 0.09618241927)
(0.09196259668 0.0002542493617 0.02913409115)
(0.09196259668 -0.0002542493617 0.02913409115)
(0.09196259665 0.0002595653647 0.02974324475)
(0.09196259665 -0.0002595653647 0.02974324475)
(0.09196259661 0.000266064461 0.03048796743)
(0.09196259661 -0.000266064461 0.03048796743)
(-0.05253084043 0.0007108348561 0.08145360661)
(-0.05253084043 -0.0007108348561 0.08145360661)
(0.082202342 0.0004498909237 0.05155239364)
(0.082202342 -0.0004498909237 0.05155239364)
(0.01049402011 0.0008425768046 0.09654973864)
(0.01049402011 -0.0008425768046 0.09654973864)
(0.09196259657 0.0002741547996 0.0314150284)
(0.09196259657 -0.0002741547996 0.0314150284)
(-0.003381175586 0.0008484323391 0.09722071644)
(-0.003381175586 -0.0008484323391 0.09722071644)
(0.09196259652 0.0002843829859 0.03258706247)
(0.09196259652 -0.0002843829859 0.03258706247)
(-0.08878031593 0.0003560881469 0.04080366007)
(-0.08878031593 -0.0003560881469 0.04080366007)
(0.01468382013 0.0008460865431 0.09695191485)
(0.01468382013 -0.0008460865431 0.09695191485)
(0.09196259647 0.0002974839809 0.03408828779)
(0.09196259647 -0.0002974839809 0.03408828779)
(-0.09866211437 0 0)
(-0.09866363357 5.674244002e-06 0.0006502039605)
(-0.09866363357 -5.674244002e-06 0.0006502039605)
(-0.09866585261 1.416105968e-05 0.001622696713)
(-0.09866585261 -1.416105968e-05 0.001622696713)
(-0.09866902223 2.670026197e-05 0.003059546976)
(-0.09866902223 -2.670026197e-05 0.003059546976)
(0.0919625964 0.0003144492277 0.03603231253)
(0.0919625964 -0.0003144492277 0.03603231253)
(-0.0321804306 0.0008149523848 0.09338429367)
(-0.0321804306 -0.0008149523848 0.09338429367)
(-0.09867347713 4.487646995e-05 0.005142334113)
(-0.09867347713 -4.487646995e-05 0.005142334113)
(-0.08879956495 0.0003796407234 0.04350251802)
(-0.08879956495 -0.0003796407234 0.04350251802)
(-0.0986795325 7.047248973e-05 0.008075347468)
(-0.0986795325 -7.047248973e-05 0.008075347468)
(0.01926344882 0.0008499228359 0.09739151046)
(0.01926344882 -0.0008499228359 0.09739151046)
(0.05640697959 0.0007141800212 0.08183692456)
(0.05640697959 -0.0007141800212 0.08183692456)
(-0.09868742529 0.0001050146815 0.0120334906)
(-0.09868742529 -0.0001050146815 0.0120334906)
(0.09196259632 0.000336619783 0.03857280654)
(0.09196259632 -0.000336619783 0.03857280654)
(-0.08881325185 0.0003960398549 0.04538167236)
(-0.08881325185 -0.0003960398549 0.04538167236)
(-0.09869714976 0.0001489065667 0.01706300247)
(-0.09869714976 -0.0001489065667 0.01706300247)
(-0.08882270976 0.0004070773018 0.0466464385)
(-0.08882270976 -0.0004070773018 0.0466464385)
(-0.0090068732 0.0008728733058 0.1000213738)
(-0.0090068732 -0.0008728733058 0.1000213738)
(0.07302597451 0.0006035315753 0.06915786851)
(0.07302597451 -0.0006035315753 0.06915786851)
(-0.08882911611 0.0004143485304 0.04747963878)
(-0.08882911611 -0.0004143485304 0.04747963878)
(0.02425991907 0.0008541083111 0.09787111842)
(0.02425991907 -0.0008541083111 0.09787111842)
(-0.08883339956 0.0004190779038 0.04802157129)
(-0.08883339956 -0.0004190779038 0.04802157129)
(0.09196259622 0.0003658138224 0.0419181121)
(0.09196259622 -0.0003658138224 0.0419181121)
(-0.08883624674 0.0004221325048 0.0483715939)
(-0.08883624674 -0.0004221325048 0.0483715939)
(-0.08883814462 0.0004240989302 0.04859692392)
(-0.08883814462 -0.0004240989302 0.04859692392)
(-0.08883939511 0.0004253636844 0.0487418504)
(-0.08883939511 -0.0004253636844 0.0487418504)
(-0.09870826098 0.0002003868774 0.02296206178)
(-0.09870826098 -0.0002003868774 0.02296206178)
(-0.08884021888 0.000426177634 0.04883511978)
(-0.08884021888 -0.000426177634 0.04883511978)
(-0.08884077222 0.0004267022819 0.04889523848)
(-0.08884077222 -0.0004267022819 0.04889523848)
(0.08220234182 0.0005182614478 0.0593868797)
(0.08220234182 -0.0005182614478 0.0593868797)
(-0.08884113609 0.0004270411881 0.04893407328)
(-0.08884113609 -0.0004270411881 0.04893407328)
(-0.08884138021 0.0004272606674 0.04895922312)
(-0.08884138021 -0.0004272606674 0.04895922312)
(0.1023030572 0 0)
(0.1023030572 5.034350055e-06 0.0005768793769)
(0.1023030572 -5.034350055e-06 0.0005768793769)
(0.1023030572 1.169008171e-05 0.001339550683)
(0.1023030572 -1.169008171e-05 0.001339550683)
(0.1023030572 2.037927324e-05 0.00233523341)
(0.1023030572 -2.037927324e-05 0.00233523341)
(0.1023030572 3.147162035e-05 0.003606290492)
(0.1023030572 -3.147162035e-05 0.003606290492)
(0.1023030572 4.516645397e-05 0.00517556299)
(0.1023030572 -4.516645397e-05 0.00517556299)
(0.1023030572 6.133501806e-05 0.007028296924)
(0.1023030572 -6.133501806e-05 0.007028296924)
(0.1023030572 7.940482885e-05 0.009098892149)
(0.1023030572 -7.940482885e-05 0.009098892149)
(0.0297001747 0.0008586655394 0.09839332505)
(0.0297001747 -0.0008586655394 0.09839332505)
(0.1023030572 9.838506048e-05 0.01127381127)
(0.1023030572 -9.838506048e-05 0.01127381127)
(-0.09871986019 0.0002551420737 0.02923638581)
(-0.09871986019 -0.0002551420737 0.02923638581)
(0.09196259609 0.000404501555 0.04635128715)
(0.09196259609 -0.000404501555 0.04635128715)
(0.1023030572 0.000117078686 0.01341588859)
(0.1023030572 -0.000117078686 0.01341588859)
(0.1023030572 0.0001344008265 0.01540080928)
(0.1023030572 -0.0001344008265 0.01540080928)
(0.1023030572 0.0001496368604 0.01714668584)
(0.1023030572 -0.0001496368604 0.01714668584)
(0.1023030572 0.0001625235869 0.01862335843)
(0.1023030572 -0.0001625235869 0.01862335843)
(0.1023030572 0.0001731657683 0.01984283163)
(0.1023030572 -0.0001731657683 0.01984283163)
(0.1023030572 0.0001818813984 0.02084154392)
(0.1023030572 -0.0001818813984 0.02084154392)
(0.1023030572 0.0001890607172 0.02166421237)
(0.1023030572 -0.0001890607172 0.02166421237)
(0.1023030572 0.0001950753348 0.02235341928)
(0.1023030572 -0.0001950753348 0.02235341928)
(0.06443047594 0.0007204779606 0.08255859693)
(0.06443047594 -0.0007204779606 0.08255859693)
(-0.09873083085 0.0003074502329 0.03523030716)
(-0.09873083085 -0.0003074502329 0.03523030716)
(0.1023030572 0.0002002356858 0.02294473694)
(0.1023030572 -0.0002002356858 0.02294473694)
(0.1023030572 0.0002047806 0.02346553252)
(0.1023030572 -0.0002047806 0.02346553252)
(-0.05254731307 0.0007935533438 0.09093220645)
(-0.05254731307 -0.0007935533438 0.09093220645)
(0.1023030572 0.0002088833352 0.0239356594)
(0.1023030572 -0.0002088833352 0.0239356594)
(0.1023030572 0.0002126637308 0.02436884984)
(0.1023030572 -0.0002126637308 0.02436884984)
(0.03561062351 0.0008636166421 0.09896066522)
(0.03561062351 -0.0008636166421 0.09896066522)
(0.1023030572 0.0002162010361 0.02477418487)
(0.1023030572 -0.0002162010361 0.02477418487)
(0.1023030572 0.0002195451134 0.02515737818)
(0.1023030572 -0.0002195451134 0.02515737818)
(0.1023030572 0.0002227253815 0.02552180081)
(0.1023030572 -0.0002227253815 0.02552180081)
(0.1023030572 0.0002257575993 0.02586925855)
(0.1023030572 -0.0002257575993 0.02586925855)
(0.1023030572 0.0002287000154 0.02620642604)
(0.1023030572 -0.0002287000154 0.02620642604)
(0.1023030572 0.0002316119489 0.02654010057)
(0.1023030572 -0.0002316119489 0.02654010057)
(0.09196259593 0.0004560078838 0.05225332784)
(0.09196259593 -0.0004560078838 0.05225332784)
(0.1023030572 0.0002345106938 0.02687226384)
(0.1023030572 -0.0002345106938 0.02687226384)
(0.1023030572 0.0002374225786 0.02720593279)
(0.1023030572 -0.0002374225786 0.02720593279)
(0.1023030572 0.0002406637025 0.02757732879)
(0.1023030572 -0.0002406637025 0.02757732879)
(0.1023030572 0.0002441875659 0.02798112355)
(0.1023030572 -0.0002441875659 0.02798112355)
(-0.01811210011 0.0009125440914 0.1045671956)
(-0.01811210011 -0.0009125440914 0.1045671956)
(0.1023030571 0.0002480413076 0.02842271861)
(0.1023030571 -0.0002480413076 0.02842271861)
(0.1023030571 0.0002522284181 0.02890251394)
(0.1023030571 -0.0002522284181 0.02890251394)
(0.1023030571 0.0002569300846 0.02944127156)
(0.1023030571 -0.0002569300846 0.02944127156)
(0.102303057 0.0002625210699 0.03008193503)
(0.102303057 -0.0002625210699 0.03008193503)
(-0.09874025067 0.0003524445214 0.04038614195)
(-0.09874025067 -0.0003524445214 0.04038614195)
(0.102303057 0.0002693107624 0.03085995672)
(0.102303057 -0.0002693107624 0.03085995672)
(-0.07926243204 0.0006276487787 0.07192142629)
(-0.07926243204 -0.0006276487787 0.07192142629)
(0.1023030569 0.0002777104719 0.03182246809)
(0.1023030569 -0.0002777104719 0.03182246809)
(-0.07926282895 0.0006296343282 0.07214894773)
(-0.07926282895 -0.0006296343282 0.07214894773)
(-0.07926334411 0.0006322209153 0.07244534125)
(-0.07926334411 -0.0006322209153 0.07244534125)
(0.1023030569 0.0002882699668 0.03303246636)
(0.1023030569 -0.0002882699668 0.03303246636)
(-0.07926403031 0.0006356725141 0.0728408553)
(-0.07926403031 -0.0006356725141 0.0728408553)
(0.08220234159 0.0006102421896 0.06992682874)
(0.08220234159 -0.0006102421896 0.06992682874)
(0.1023030568 0.0003017272993 0.03457452392)
(0.1023030568 -0.0003017272993 0.03457452392)
(-0.07926495758 0.0006403400653 0.07337570369)
(-0.07926495758 -0.0006403400653 0.07337570369)
(0.04201658519 0.0008689828292 0.09957556936)
(0.04201658519 -0.0008689828292 0.09957556936)
(-0.09874768599 0.0003877717054 0.04443423627)
(-0.09874768599 -0.0003877717054 0.04443423627)
(-0.07926622043 0.0006466975298 0.07410419697)
(-0.07926622043 -0.0006466975298 0.07410419697)
(0.1023030567 0.0003190768226 0.03656258239)
(0.1023030567 -0.0003190768226 0.03656258239)
(-0.07926794759 0.0006553905466 0.07510031803)
(-0.07926794759 -0.0006553905466 0.07510031803)
(-0.109218345 5.900679722e-06 0.0006761509241)
(-0.109218345 -5.900679722e-06 0.0006761509241)
(-0.1092209307 0 0)
(-0.1092146196 1.478405627e-05 0.001694085051)
(-0.1092146196 -1.478405627e-05 0.001694085051)
(-0.1092093078 2.799932142e-05 0.003208404445)
(-0.1092093078 -2.799932142e-05 0.003208404445)
(-0.1092019243 4.729115019e-05 0.005419029062)
(-0.1092019243 -4.729115019e-05 0.005419029062)
(-0.1091919532 7.465065684e-05 0.008554117997)
(-0.1091919532 -7.465065684e-05 0.008554117997)
(-0.09875318976 0.0004135929835 0.04739306167)
(-0.09875318976 -0.0004135929835 0.04739306167)
(0.1023030566 0.0003416621617 0.0391506059)
(0.1023030566 -0.0003416621617 0.0391506059)
(0.09196259574 0.0005248811104 0.06014541791)
(0.09196259574 -0.0005248811104 0.06014541791)
(-0.1091790516 0.0001118219596 0.01281352741)
(-0.1091790516 -0.0001118219596 0.01281352741)
(-0.07927031527 0.0006673027898 0.0764653259)
(-0.07927031527 -0.0006673027898 0.0764653259)
(-0.09875706031 0.0004315192981 0.04944721386)
(-0.09875706031 -0.0004315192981 0.04944721386)
(-0.1091632979 0.0001593375706 0.01825827712)
(-0.1091632979 -0.0001593375706 0.01825827712)
(0.1023030565 0.0003713034898 0.04254716567)
(0.1023030565 -0.0003713034898 0.04254716567)
(0.07302597425 0.0007272248855 0.08333171795)
(0.07302597425 -0.0007272248855 0.08333171795)
(-0.0987597144 0.000443542039 0.05082488351)
(-0.0987597144 -0.000443542039 0.05082488351)
(-0.07927356541 0.0006836470075 0.07833818773)
(-0.07927356541 -0.0006836470075 0.07833818773)
(-0.09876149287 0.0004514309493 0.0517288631)
(-0.09876149287 -0.0004514309493 0.0517288631)
(0.0489416539 0.0008747838652 0.1002403022)
(0.0489416539 -0.0008747838652 0.1002403022)
(-0.09876266389 0.00045654014 0.05231431836)
(-0.09876266389 -0.00045654014 0.05231431836)
(-0.1091454167 0.0002153365118 0.02467512021)
(-0.1091454167 -0.0002153365118 0.02467512021)
(-0.09876343182 0.000459825219 0.05269075113)
(-0.09876343182 -0.000459825219 0.05269075113)
(-0.09876394672 0.0004619301699 0.05293195461)
(-0.09876394672 -0.0004619301699 0.05293195461)
(-0.09876427706 0.0004632775608 0.05308635031)
(-0.09876427706 -0.0004632775608 0.05308635031)
(-0.09876448864 0.0004641404858 0.05318523172)
(-0.09876448864 -0.0004641404858 0.05318523172)
(-0.09876463559 0.0004646939759 0.05324865541)
(-0.09876463559 -0.0004646939759 0.05324865541)
(-0.0987647284 0.0004650497534 0.05328942348)
(-0.0987647284 -0.0004650497534 0.05328942348)
(-0.09876479197 0.0004652790264 0.05331569555)
(-0.09876479197 -0.0004652790264 0.05331569555)
(0.1023030564 0.0004104721221 0.04703544638)
(0.1023030564 -0.0004104721221 0.04703544638)
(0.1132125739 0 0)
(0.1132125739 5.020873154e-06 0.0005753350771)
(0.1132125739 -5.020873154e-06 0.0005753350771)
(0.1132125739 1.16248456e-05 0.001332075365)
(0.1132125739 -1.16248456e-05 0.001332075365)
(0.1132125739 2.021145951e-05 0.002316003862)
(0.1132125739 -2.021145951e-05 0.002316003862)
(0.1132125739 3.113921175e-05 0.00356820024)
(0.1132125739 -3.113921175e-05 0.00356820024)
(-0.07927803079 0.0007060903936 0.08090994506)
(-0.07927803079 -0.0007060903936 0.08090994506)
(0.1132125739 4.460173144e-05 0.005110852198)
(0.1132125739 -4.460173144e-05 0.005110852198)
(0.1132125739 6.04751872e-05 0.006929770066)
(0.1132125739 -6.04751872e-05 0.006929770066)
(0.1132125739 7.820639529e-05 0.008961565265)
(0.1132125739 -7.820639529e-05 0.008961565265)
(-0.1091268365 0.000275097589 0.03152306138)
(-0.1091268365 -0.000275097589 0.03152306138)
(0.1132125739 9.683733611e-05 0.01109645962)
(0.1132125739 -9.683733611e-05 0.01109645962)
(0.1132125739 0.0001152103128 0.01320179422)
(0.1132125739 -0.0001152103128 0.01320179422)
(0.1132125739 0.0001322758424 0.01515731022)
(0.1132125739 -0.0001322758424 0.01515731022)
(0.1132125739 0.0001473422835 0.01688375337)
(0.1132125739 -0.0001473422835 0.01688375337)
(0.1132125739 0.0001601543146 0.01835186672)
(0.1132125739 -0.0001601543146 0.01835186672)
(0.1132125739 0.0001708121889 0.01957313814)
(0.1132125739 -0.0001708121889 0.01957313814)
(0.1132125739 0.0001796220591 0.02058264928)
(0.1132125739 -0.0001796220591 0.02058264928)
(0.1023030562 0.0004624884717 0.05299592966)
(0.1023030562 -0.0004624884717 0.05299592966)
(0.1132125739 0.0001869596125 0.02142344962)
(0.1132125739 -0.0001869596125 0.02142344962)
(0.1132125739 0.0001931821899 0.02213648637)
(0.1132125739 -0.0001931821899 0.02213648637)
(0.1132125739 0.0001985876682 0.02275589283)
(0.1132125739 -0.0001985876682 0.02275589283)
(-0.1091093091 0.0003322905671 0.03807672752)
(-0.1091093091 -0.0003322905671 0.03807672752)
(0.1132125739 0.0002034044235 0.02330783831)
(0.1132125739 -0.0002034044235 0.02330783831)
(0.05640697933 0.0008810374669 0.100956894)
(0.05640697933 -0.0008810374669 0.100956894)
(0.1132125739 0.0002077972298 0.02381120406)
(0.1132125739 -0.0002077972298 0.02381120406)
(0.1132125739 0.0002118790891 0.02427893881)
(0.1132125739 -0.0002118790891 0.02427893881)
(-0.07928416973 0.0007369277208 0.08444355275)
(-0.07928416973 -0.0007369277208 0.08444355275)
(0.1132125739 0.0002157237181 0.02471948965)
(0.1132125739 -0.0002157237181 0.02471948965)
(0.1132125739 0.0002193764663 0.02513805313)
(0.1132125739 -0.0002193764663 0.02513805313)
(0.09196259548 0.0006173797963 0.07074471746)
(0.09196259548 -0.0006173797963 0.07074471746)
(0.1132125739 0.0002228630435 0.02553757532)
(0.1132125739 -0.0002228630435 0.02553757532)
(0.1132125739 0.0002261961518 0.0259195117)
(0.1132125739 -0.0002261961518 0.0259195117)
(-0.03220925153 0.0009741264084 0.1116238302)
(-0.03220925153 -0.0009741264084 0.1116238302)
(0.1132125739 0.0002294298554 0.02629005742)
(0.1132125739 -0.0002294298554 0.02629005742)
(0.1132125739 0.0002326195616 0.02665556155)
(0.1132125739 -0.0002326195616 0.02665556155)
(0.1132125739 0.0002357803655 0.0270177538)
(0.1132125739 -0.0002357803655 0.0270177538)
(0.1132125739 0.0002389364518 0.02737940547)
(0.1132125739 -0.0002389364518 0.02737940547)
(-0.05256995058 0.0009071801806 0.1039525523)
(-0.05256995058 -0.0009071801806 0.1039525523)
(0.1132125739 0.0002424322569 0.02777998505)
(0.1132125739 -0.0002424322569 0.02777998505)
(0.1132125739 0.0002462117228 0.02821306896)
(0.1132125739 -0.0002462117228 0.02821306896)
(0.1132125738 0.0002503251831 0.02868442482)
(0.1132125738 -0.0002503251831 0.02868442482)
(0.1132125738 0.00025477974 0.02919486648)
(0.1132125738 -0.00025477974 0.02919486648)
(0.1132125738 0.000259758333 0.02976535673)
(0.1132125738 -0.000259758333 0.02976535673)
(0.1132125737 0.0002656394336 0.03043926411)
(0.1132125737 -0.0002656394336 0.03043926411)
(0.1132125737 0.0002727357143 0.03125241734)
(0.1132125737 -0.0002727357143 0.03125241734)
(-0.1090942611 0.0003815024472 0.04371585043)
(-0.1090942611 -0.0003815024472 0.04371585043)
(0.0822023413 0.0007344277557 0.08415708512)
(0.0822023413 -0.0007344277557 0.08415708512)
(0.1132125736 0.00028146182 0.03225233001)
(0.1132125736 -0.00028146182 0.03225233001)
(0.1132125736 0.000292370856 0.03350238172)
(0.1132125736 -0.000292370856 0.03350238172)
(0.1132125735 0.000306204136 0.0350875186)
(0.1132125735 -0.000306204136 0.0350875186)
(0.102303056 0.0005318942843 0.06094904803)
(0.102303056 -0.0005318942843 0.06094904803)
(0.1132125734 0.0003239590834 0.03712203405)
(0.1132125734 -0.0003239590834 0.03712203405)
(-0.1090823586 0.0004201037605 0.04813912282)
(-0.1090823586 -0.0004201037605 0.04813912282)
(-0.07929261411 0.0007793210257 0.08930134433)
(-0.07929261411 -0.0007793210257 0.08930134433)
(0.1132125733 0.0003469820325 0.03976020272)
(0.1132125733 -0.0003469820325 0.03976020272)
(-0.1200687633 6.084636313e-06 0.0006972302615)
(-0.1200687633 -6.084636313e-06 0.0006972302615)
(-0.1200603378 1.530942204e-05 0.001754286005)
(-0.1200603378 -1.530942204e-05 0.001754286005)
(-0.1200745422 0 0)
(-0.1200481966 2.913231222e-05 0.003338232331)
(-0.1200481966 -2.913231222e-05 0.003338232331)
(-0.1200310896 4.946014836e-05 0.005667571635)
(-0.1200310896 -4.946014836e-05 0.005667571635)
(-0.1200076726 7.849870592e-05 0.008995060746)
(-0.1200076726 -7.849870592e-05 0.008995060746)
(0.06443047564 0.0008877586407 0.1017270643)
(0.06443047564 -0.0008877586407 0.1017270643)
(-0.1090735399 0.000448261337 0.05136566151)
(-0.1090735399 -0.000448261337 0.05136566151)
(-0.1199769449 0.0001182207605 0.01354675735)
(-0.1199769449 -0.0001182207605 0.01354675735)
(0.1132125732 0.0003770952645 0.04321083732)
(0.1132125732 -0.0003770952645 0.04321083732)
(-1.335069437e-17 0.001058290302 0.1212680571)
(-1.335069437e-17 -0.001058290302 0.1212680571)
(-0.1199389014 0.0001693004963 0.01939991533)
(-0.1199389014 -0.0001693004963 0.01939991533)
(-0.1090672838 0.0004677543533 0.05359933993)
(-0.1090672838 -0.0004677543533 0.05359933993)
(0.003177746523 0.001061110359 0.1215912036)
(0.003177746523 -0.001061110359 0.1215912036)
(0.006667352286 0.001064207171 0.1219460632)
(0.006667352286 -0.001064207171 0.1219460632)
(-0.1090629995 0.000480782905 0.05509226408)
(-0.1090629995 -0.000480782905 0.05509226408)
(-0.1090601162 0.0004892985449 0.05606805975)
(-0.1090601162 -0.0004892985449 0.05606805975)
(-0.1198952147 0.0002297854934 0.02633080951)
(-0.1198952147 -0.0002297854934 0.02633080951)
(0.01049402005 0.001067603106 0.1223351988)
(0.01049402005 -0.001067603106 0.1223351988)
(0.113212573 0.0004167712615 0.04775725626)
(0.113212573 -0.0004167712615 0.04775725626)
(-0.109058191 0.0004947903232 0.05669735523)
(-0.109058191 -0.0004947903232 0.05669735523)
(-0.003390287928 0.00107231861 0.122875542)
(-0.003390287928 -0.00107231861 0.122875542)
(-0.109056916 0.0004983055651 0.05710016205)
(-0.109056916 -0.0004983055651 0.05710016205)
(-0.1090560886 0.0005005474429 0.05735705579)
(-0.1090560886 -0.0005005474429 0.05735705579)
(-0.1090555361 0.0005019755266 0.05752069798)
(-0.1090555361 -0.0005019755266 0.05752069798)
(-0.1090551669 0.0005028855798 0.05762497974)
(-0.1090551669 -0.0005028855798 0.05762497974)
(-0.1090549324 0.0005034663349 0.05769152769)
(-0.1090549324 -0.0005034663349 0.05769152769)
(-0.1090547733 0.0005038377154 0.05773408368)
(-0.1090547733 -0.0005038377154 0.05773408368)
(-0.1090546708 0.0005040757999 0.05776136546)
(-0.1090546708 -0.0005040757999 0.05776136546)
(0.01468382004 0.001071321299 0.1227612614)
(0.01468382004 -0.001071321299 0.1227612614)
(-0.07930423612 0.0008376323202 0.09598315686)
(-0.07930423612 -0.0008376323202 0.09598315686)
(-0.1198494344 0.0002945449835 0.03375151206)
(-0.1198494344 -0.0002945449835 0.03375151206)
(0.124671884 0 0)
(0.124671884 5.006717075e-06 0.0005737129511)
(0.124671884 -5.006717075e-06 0.0005737129511)
(0.124671884 1.155632187e-05 0.001324223323)
(0.124671884 -1.155632187e-05 0.001324223323)
(0.124671884 2.003518869e-05 0.002295805226)
(0.124671884 -2.003518869e-05 0.002295805226)
(0.124671884 3.079005118e-05 0.003528190401)
(0.124671884 -3.079005118e-05 0.003528190401)
(0.0192634487 0.00107538544 0.1232269659)
(0.0192634487 -0.00107538544 0.1232269659)
(0.124671884 4.40085493e-05 0.005042880257)
(0.124671884 -4.40085493e-05 0.005042880257)
(0.124671884 5.957202451e-05 0.006826277873)
(0.124671884 -5.957202451e-05 0.006826277873)
(0.1023030557 0.000624941704 0.07161122625)
(0.1023030557 -0.000624941704 0.07161122625)
(0.124671884 7.694756576e-05 0.008817317689)
(0.124671884 -7.694756576e-05 0.008817317689)
(0.124671884 9.5211613e-05 0.01091017021)
(0.124671884 -9.5211613e-05 0.01091017021)
(0.09196259515 0.0007420889403 0.08503496993)
(0.09196259515 -0.0007420889403 0.08503496993)
(0.1132125728 0.0004693256993 0.05377939834)
(0.1132125728 -0.0004693256993 0.05377939834)
(0.124671884 0.0001132477814 0.0129769104)
(0.124671884 -0.0001132477814 0.0129769104)
(0.124671884 0.0001300437681 0.01490153984)
(0.124671884 -0.0001300437681 0.01490153984)
(0.124671884 0.0001449320697 0.01660757022)
(0.124671884 -0.0001449320697 0.01660757022)
(-0.009026840945 0.00109573712 0.1255590375)
(-0.009026840945 -0.00109573712 0.1255590375)
(0.07302597391 0.0008949589729 0.1025521406)
(0.07302597391 -0.0008949589729 0.1025521406)
(0.124671884 0.0001576656411 0.01806669298)
(0.124671884 -0.0001576656411 0.01806669298)
(0.02425991892 0.001079819503 0.1237350592)
(0.02425991892 -0.001079819503 0.1237350592)
(0.124671884 0.000168339999 0.01928985325)
(0.124671884 -0.000168339999 0.01928985325)
(0.124671884 0.0001772488587 0.02031070745)
(0.124671884 -0.0001772488587 0.02031070745)
(0.124671884 0.0001847526211 0.02117055346)
(0.124671884 -0.0001847526211 0.02117055346)
(0.124671884 0.0001911936386 0.02190862095)
(0.124671884 -0.0001911936386 0.02190862095)
(-0.1198060451 0.0003566290629 0.0408656429)
(-0.1198060451 -0.0003566290629 0.0408656429)
(0.124671884 0.0001968565975 0.02255753177)
(0.124671884 -0.0001968565975 0.02255753177)
(0.124671884 0.0002019588934 0.02314219697)
(0.124671884 -0.0002019588934 0.02314219697)
(0.124671884 0.0002066563894 0.02368047669)
(0.124671884 -0.0002066563894 0.02368047669)
(0.124671884 0.0002110549048 0.02418449664)
(0.124671884 -0.0002110549048 0.02418449664)
(0.124671884 0.0002152223453 0.02466203802)
(0.124671884 -0.0002152223453 0.02466203802)
(0.124671884 0.00021919932 0.02511775418)
(0.124671884 -0.00021919932 0.02511775418)
(0.124671884 0.0002230076431 0.02555414479)
(0.124671884 -0.0002230076431 0.02555414479)
(0.124671884 0.0002266568056 0.02597229739)
(0.124671884 -0.0002266568056 0.02597229739)
(0.124671884 0.0002301964763 0.02637790347)
(0.124671884 -0.0002301964763 0.02637790347)
(0.124671884 0.0002336779537 0.02677684128)
(0.124671884 -0.0002336779537 0.02677684128)
(0.124671884 0.0002371140231 0.02717057583)
(0.124671884 -0.0002371140231 0.02717057583)
(0.124671884 0.0002405266178 0.02756162045)
(0.124671884 -0.0002405266178 0.02756162045)
(0.124671884 0.0002442899389 0.02799285433)
(0.124671884 -0.0002442899389 0.02799285433)
(0.02970017452 0.001084647399 0.1242882813)
(0.02970017452 -0.001084647399 0.1242882813)
(0.1246718839 0.0002483378886 0.02845670342)
(0.1246718839 -0.0002483378886 0.02845670342)
(0.1246718839 0.0002527241564 0.02895931992)
(0.1246718839 -0.0002527241564 0.02895931992)
(0.1246718839 0.0002574596377 0.02950195235)
(0.1246718839 -0.0002574596377 0.02950195235)
(0.1246718838 0.0002627291131 0.03010577441)
(0.1246718838 -0.0002627291131 0.03010577441)
(0.1246718838 0.0002689149496 0.03081460107)
(0.1246718838 -0.0002689149496 0.03081460107)
(0.1246718837 0.0002763332692 0.0316646563)
(0.1246718837 -0.0002763332692 0.0316646563)
(-0.1197687658 0.0004100654457 0.04698884587)
(-0.1197687658 -0.0004100654457 0.04698884587)
(0.1246718837 0.0002854022201 0.03270385514)
(0.1246718837 -0.0002854022201 0.03270385514)
(0.1132125726 0.0005392934073 0.06179690355)
(0.1132125726 -0.0005392934073 0.06179690355)
(0.1246718836 0.0002966784127 0.03399597883)
(0.1246718836 -0.0002966784127 0.03399597883)
(0.1246718835 0.0003109065864 0.03562636604)
(0.1246718835 -0.0003109065864 0.03562636604)
(0.03561062329 0.001089892563 0.1248893175)
(0.03561062329 -0.001089892563 0.1248893175)
(0.1246718834 0.0003290873894 0.03770967971)
(0.1246718834 -0.0003290873894 0.03770967971)
(-0.1197393585 0.0004519407906 0.05178728512)
(-0.1197393585 -0.0004519407906 0.05178728512)
(0.1246718833 0.0003525700024 0.04040052064)
(0.1246718833 -0.0003525700024 0.04040052064)
(-0.1311178661 1.569608682e-05 0.0017985934)
(-0.1311178661 -1.569608682e-05 0.0017985934)
(-0.1311290605 6.209962753e-06 0.0007115912491)
(-0.1311290605 -6.209962753e-06 0.0007115912491)
(-0.1311366655 0 0)
(-0.1311015723 3.002016381e-05 0.003439970047)
(-0.1311015723 -3.002016381e-05 0.003439970047)
(-0.01814316394 0.001133762342 0.1299162964)
(-0.01814316394 -0.001133762342 0.1299162964)
(-0.1310783561 5.124753665e-05 0.005872386046)
(-0.1310783561 -5.124753665e-05 0.005872386046)
(-0.1310462061 8.179812449e-05 0.009373136667)
(-0.1310462061 -8.179812449e-05 0.009373136667)
(-0.07932024126 0.0009178869142 0.1051794224)
(-0.07932024126 -0.0009178869142 0.1051794224)
(-0.1310035248 0.000123877839 0.01419499434)
(-0.1310035248 -0.000123877839 0.01419499434)
(-0.1197176743 0.0004824266431 0.05528061781)
(-0.1197176743 -0.0004824266431 0.05528061781)
(0.08220234092 0.0009026458909 0.1034329742)
(0.08220234092 -0.0009026458909 0.1034329742)
(0.1246718832 0.0003831789202 0.04390795521)
(0.1246718832 -0.0003831789202 0.04390795521)
(0.04201658493 0.001095577464 0.1255407426)
(0.04201658493 -0.001095577464 0.1255407426)
(-0.1309501015 0.000178312513 0.02043259016)
(-0.1309501015 -0.000178312513 0.02043259016)
(-0.05260108798 0.001063404413 0.1218540762)
(-0.05260108798 -0.001063404413 0.1218540762)
(-0.1197024166 0.0005034732014 0.05769231451)
(-0.1197024166 -0.0005034732014 0.05769231451)
(-0.1196920407 0.0005174926217 0.05929878096)
(-0.1196920407 -0.0005174926217 0.05929878096)
(0.1023030554 0.0007502055504 0.08596504132)
(0.1023030554 -0.0007502055504 0.08596504132)
(0.124671883 0.0004233878508 0.0485154423)
(0.124671883 -0.0004233878508 0.0485154423)
(-0.1308881928 0.00024307181 0.02785327059)
(-0.1308881928 -0.00024307181 0.02785327059)
(-0.1196851196 0.0005266206819 0.06034475306)
(-0.1196851196 -0.0005266206819 0.06034475306)
(-0.11968055 0.0005324826305 0.06101646583)
(-0.11968055 -0.0005324826305 0.06101646583)
(0.1132125723 0.0006329197586 0.07252542076)
(0.1132125723 -0.0006329197586 0.07252542076)
(-0.1196775551 0.0005362179138 0.0614444869)
(-0.1196775551 -0.0005362179138 0.0614444869)
(-0.1196756139 0.0005385888087 0.06171616455)
(-0.1196756139 -0.0005385888087 0.06171616455)
(-0.1196743393 0.0005400915838 0.06188836552)
(-0.1196743393 -0.0005400915838 0.06188836552)
(-0.1196735014 0.0005410443071 0.0619975368)
(-0.1196735014 -0.0005410443071 0.0619975368)
(-0.1196729636 0.0005416490679 0.06206683552)
(-0.1196729636 -0.0005416490679 0.06206683552)
(-0.1196726067 0.0005420336968 0.06211090962)
(-0.1196726067 -0.0005420336968 0.06211090962)
(-0.1196723755 0.0005422789075 0.06213900799)
(-0.1196723755 -0.0005422789075 0.06213900799)
(0.0489416536 0.001101723041 0.126244956)
(0.0489416536 -0.001101723041 0.126244956)
(-0.1308228926 0.0003126287156 0.0358237025)
(-0.1308228926 -0.0003126287156 0.0358237025)
(0.1246718828 0.0004765074942 0.05460235053)
(0.1246718828 -0.0004765074942 0.05460235053)
(0.1366531466 0 0)
(0.1366531466 4.991916211e-06 0.00057201694)
(0.1366531466 -4.991916211e-06 0.00057201694)
(0.1366531466 1.148467699e-05 0.001316013633)
(0.1366531466 -1.148467699e-05 0.001316013633)
(0.1366531466 1.985088902e-05 0.002274686576)
(0.1366531466 -1.985088902e-05 0.002274686576)
(0.1366531466 3.042498692e-05 0.00348635818)
(0.1366531466 -3.042498692e-05 0.00348635818)
(0.1366531466 4.338834869e-05 0.004971812307)
(0.1366531466 -4.338834869e-05 0.004971812307)
(0.1366531466 5.862772426e-05 0.006718071782)
(0.1366531466 -5.862772426e-05 0.006718071782)
(0.1366531466 7.563139864e-05 0.008666499875)
(0.1366531466 -7.563139864e-05 0.008666499875)
(0.1366531466 9.351184092e-05 0.01071539562)
(0.1366531466 -9.351184092e-05 0.01071539562)
(0.1366531466 0.00011119586 0.01274178349)
(0.1366531466 -0.00011119586 0.01274178349)
(0.1366531466 0.0001277100265 0.01463411954)
(0.1366531466 -0.0001277100265 0.01463411954)
(0.1366531466 0.0001424120746 0.01631880739)
(0.1366531466 -0.0001424120746 0.01631880739)
(-0.1307607823 0.0003794236174 0.04347764013)
(-0.1307607823 -0.0003794236174 0.04347764013)
(0.1366531466 0.0001550636126 0.01776853005)
(0.1366531466 -0.0001550636126 0.01776853005)
(0.1366531466 0.0001657552051 0.0189936652)
(0.1366531466 -0.0001657552051 0.0189936652)
(0.1366531466 0.0001747675629 0.02002637911)
(0.1366531466 -0.0001747675629 0.02002637911)
(0.1366531466 0.0001824451049 0.02090613829)
(0.1366531466 -0.0001824451049 0.02090613829)
(0.1366531466 0.000189114512 0.02167037664)
(0.1366531466 -0.000189114512 0.02167037664)
(0.1366531466 0.0001950466794 0.0223501357)
(0.1366531466 -0.0001950466794 0.0223501357)
(0.1366531466 0.0002004475219 0.02296901095)
(0.1366531466 -0.0002004475219 0.02296901095)
(0.1366531466 0.0002054635856 0.02354379491)
(0.1366531466 -0.0002054635856 0.02354379491)
(0.1366531466 0.0002101931803 0.02408575279)
(0.1366531466 -0.0002101931803 0.02408575279)
(0.1366531466 0.0002146981359 0.02460196957)
(0.1366531466 -0.0002146981359 0.02460196957)
(0.1366531466 0.000219014105 0.02509653065)
(0.1366531466 -0.000219014105 0.02509653065)
(0.05640697898 0.001108348062 0.1270041083)
(0.05640697898 -0.001108348062 0.1270041083)
(0.1366531466 0.000223158829 0.02557146897)
(0.1366531466 -0.000223158829 0.02557146897)
(0.09196259473 0.0009108219229 0.1043698546)
(0.09196259473 -0.0009108219229 0.1043698546)
(0.1366531466 0.0002271384413 0.02602748738)
(0.1366531466 -0.0002271384413 0.02602748738)
(0.1366531466 0.0002309980154 0.02646975076)
(0.1366531466 -0.0002309980154 0.02646975076)
(0.1366531466 0.0002347845539 0.02690364509)
(0.1366531466 -0.0002347845539 0.02690364509)
(0.1366531466 0.0002385084267 0.02733035865)
(0.1366531466 -0.0002385084267 0.02733035865)
(0.1366531466 0.0002421892132 0.02775213501)
(0.1366531466 -0.0002421892132 0.02775213501)
(0.1366531466 0.0002462322352 0.02821541945)
(0.1366531466 -0.0002462322352 0.02821541945)
(0.1246718825 0.0005470654146 0.06268748738)
(0.1246718825 -0.0005470654146 0.06268748738)
(0.1366531465 0.0002505608977 0.02871143504)
(0.1366531465 -0.0002505608977 0.02871143504)
(0.1366531465 0.0002552323988 0.02924673604)
(0.1366531465 -0.0002552323988 0.02924673604)
(0.1366531464 0.0002602616004 0.02982302546)
(0.1366531464 -0.0002602616004 0.02982302546)
(-0.1307073861 0.0004369305147 0.05006727786)
(-0.1307073861 -0.0004369305147 0.05006727786)
(0.1366531464 0.0002658352073 0.03046169756)
(0.1366531464 -0.0002658352073 0.03046169756)
(0.1366531463 0.0002723396599 0.031207034)
(0.1366531463 -0.0002723396599 0.031207034)
(0.1366531463 0.0002800946868 0.03209567206)
(0.1366531463 -0.0002800946868 0.03209567206)
(-0.03224885865 0.001192811293 0.1366826358)
(-0.03224885865 -0.001192811293 0.1366826358)
(0.1366531462 0.0002895220989 0.03317594649)
(0.1366531462 -0.0002895220989 0.03317594649)
(0.1366531461 0.0003011821714 0.03451205846)
(0.1366531461 -0.0003011821714 0.03451205846)
(0.1366531461 0.0003158232255 0.03618975708)
(0.1366531461 -0.0003158232255 0.03618975708)
(-0.1306653488 0.0004819538908 0.05522644575)
(-0.1306653488 -0.0004819538908 0.05522644575)
(0.136653146 0.0003344492811 0.03832409165)
(0.136653146 -0.0003344492811 0.03832409165)
(-0.07934229832 0.001028421233 0.1178454008)
(-0.07934229832 -0.001028421233 0.1178454008)
(-0.1102565985 0.0007838055991 0.08981522554)
(-0.1102565985 -0.0007838055991 0.08981522554)
(-0.1422944974 1.590944819e-05 0.001823042192)
(-0.1422944974 -1.590944819e-05 0.001823042192)
(-0.1423061418 6.263613844e-06 0.0007177390551)
(-0.1423061418 -6.263613844e-06 0.0007177390551)
(-0.1423139735 0 0)
(-0.1422773634 3.059324385e-05 0.003505638515)
(-0.1422773634 -3.059324385e-05 0.003505638515)
(-0.1102570267 0.0007857449352 0.09003745145)
(-0.1102570267 -0.0007857449352 0.09003745145)
(-0.1422526679 5.252813379e-05 0.006019127944)
(-0.1422526679 -5.252813379e-05 0.006019127944)
(-0.1102575713 0.0007882223721 0.0903213376)
(-0.1102575713 -0.0007882223721 0.0903213376)
(-0.1422180623 8.433875279e-05 0.009664263833)
(-0.1422180623 -8.433875279e-05 0.009664263833)
(0.1366531458 0.0003584124949 0.04107000397)
(0.1366531458 -0.0003584124949 0.04107000397)
(0.1132125719 0.0007587688338 0.0869462964)
(0.1132125719 -0.0007587688338 0.0869462964)
(-0.1102582892 0.0007914962123 0.09069648253)
(-0.1102582892 -0.0007914962123 0.09069648253)
(-0.1421715856 0.0001284596173 0.01472001414)
(-0.1421715856 -0.0001284596173 0.01472001414)
(-0.1102592554 0.0007959061769 0.09120181443)
(-0.1102592554 -0.0007959061769 0.09120181443)
(0.06443047525 0.001115468427 0.1278200213)
(0.06443047525 -0.001115468427 0.1278200213)
(-0.1306344726 0.0005146687611 0.05897519858)
(-0.1306344726 -0.0005146687611 0.05897519858)
(-0.1102605704 0.0008019090852 0.09188967958)
(-0.1102605704 -0.0008019090852 0.09188967958)
(-0.1421127948 0.0001858732752 0.0212989677)
(-0.1421127948 -0.0001858732752 0.0212989677)
(0.1366531457 0.0003895396762 0.04463682566)
(0.1366531457 -0.0003895396762 0.04463682566)
(-0.1102623711 0.0008101267739 0.09283133343)
(-0.1102623711 -0.0008101267739 0.09283133343)
(-0.1306128703 0.000537193171 0.06155624031)
(-0.1306128703 -0.000537193171 0.06155624031)
(0.1246718822 0.0006412998734 0.0734856868)
(0.1246718822 -0.0006412998734 0.0734856868)
(-0.110264845 0.000821411384 0.09412442167)
(-0.110264845 -0.000821411384 0.09412442167)
(-0.1420440746 0.0002544900105 0.02916166676)
(-0.1420440746 -0.0002544900105 0.02916166676)
(-0.1305982716 0.0005521472531 0.06326980839)
(-0.1305982716 -0.0005521472531 0.06326980839)
(0.1366531455 0.0004303058148 0.04930816245)
(0.1366531455 -0.0004303058148 0.04930816245)
(-0.130588603 0.0005618468512 0.06438127224)
(-0.130588603 -0.0005618468512 0.06438127224)
(-0.1305822696 0.0005680496964 0.06509204791)
(-0.1305822696 -0.0005680496964 0.06509204791)
(-0.1305781515 0.0005719843022 0.06554290907)
(-0.1305781515 -0.0005719843022 0.06554290907)
(-0.1102682504 0.0008369350264 0.0959032549)
(-0.1102682504 -0.0008369350264 0.0959032549)
(-0.1305754992 0.0005744696748 0.06582770456)
(-0.1305754992 -0.0005744696748 0.06582770456)
(-0.1305737735 0.0005760370014 0.0660073024)
(-0.1305737735 -0.0005760370014 0.0660073024)
(-0.1305726494 0.0005770253561 0.06612055663)
(-0.1305726494 -0.0005770253561 0.06612055663)
(-0.1305719309 0.0005776492525 0.06619204808)
(-0.1305719309 -0.0005776492525 0.06619204808)
(-0.1305714589 0.0005780437689 0.06623725518)
(-0.1305714589 -0.0005780437689 0.06623725518)
(-0.1305711546 0.0005782937911 0.06626590488)
(-0.1305711546 -0.0005782937911 0.06626590488)
(0.1023030549 0.0009194839859 0.1053624287)
(0.1023030549 -0.0009194839859 0.1053624287)
(-0.1419711462 0.0003284179883 0.03763297395)
(-0.1419711462 -0.0003284179883 0.03763297395)
(0.1366531453 0.000484016408 0.05546278682)
(0.1366531453 -0.000484016408 0.05546278682)
(-0.1102729434 0.0008583135215 0.09835298779)
(-0.1102729434 -0.0008583135215 0.09835298779)
(0.07302597347 0.001123096408 0.1286941014)
(0.07302597347 -0.001123096408 0.1286941014)
(-0.1419015528 0.000399524344 0.04578095527)
(-0.1419015528 -0.000399524344 0.04578095527)
(0.149119705 0 0)
(0.149119705 4.976515843e-06 0.0005702522327)
(0.149119705 -4.976515843e-06 0.0005702522327)
(0.149119705 1.141013017e-05 0.001307471413)
(0.149119705 -1.141013017e-05 0.001307471413)
(0.149119705 1.965912437e-05 0.002252712524)
(0.149119705 -1.965912437e-05 0.002252712524)
(0.149119705 3.004513589e-05 0.003442831564)
(0.149119705 -3.004513589e-05 0.003442831564)
(0.149119705 4.274302713e-05 0.00489786578)
(0.149119705 -4.274302713e-05 0.00489786578)
(0.149119705 5.764517555e-05 0.006605482851)
(0.149119705 -5.764517555e-05 0.006605482851)
(0.149119705 7.426192074e-05 0.008509573252)
(0.149119705 -7.426192074e-05 0.008509573252)
(0.149119705 9.17432203e-05 0.01051273177)
(0.149119705 -9.17432203e-05 0.01051273177)
(0.149119705 0.0001090608264 0.01249713288)
(0.149119705 -0.0001090608264 0.01249713288)
(0.149119705 0.0001252817577 0.0143558675)
(0.149119705 -0.0001252817577 0.0143558675)
(0.149119705 0.0001397900083 0.01601834835)
(0.149119705 -0.0001397900083 0.01601834835)
(-0.110279416 0.0008877777066 0.101729249)
(-0.110279416 -0.0008877777066 0.101729249)
(0.149119705 0.0001523561901 0.01745829016)
(0.149119705 -0.0001523561901 0.01745829016)
(0.149119705 0.0001630657152 0.01868548018)
(0.149119705 -0.0001630657152 0.01868548018)
(0.149119705 0.0001721857633 0.01973053419)
(0.149119705 -0.0001721857633 0.01973053419)
(0.149119705 0.0001800441237 0.0206310131)
(0.149119705 -0.0001800441237 0.0206310131)
(0.149119705 0.0001869511713 0.02142248235)
(0.149119705 -0.0001869511713 0.02142248235)
(0.136653145 0.000555191424 0.06361863582)
(0.136653145 -0.000555191424 0.06361863582)
(0.149119705 0.0001931634513 0.02213433914)
(0.149119705 -0.0001931634513 0.02213433914)
(0.149119705 0.0001988749329 0.02278881011)
(0.149119705 -0.0001988749329 0.02278881011)
(0.149119705 0.0002042224677 0.0234015769)
(0.149119705 -0.0002042224677 0.0234015769)
(0.149119705 0.000209296552 0.02398300937)
(0.149119705 -0.000209296552 0.02398300937)
(0.149119705 0.0002141526935 0.02453946807)
(0.149119705 -0.0002141526935 0.02453946807)
(0.149119705 0.000218821388 0.02507444747)
(0.149119705 -0.000218821388 0.02507444747)
(0.149119705 0.0002233161386 0.02558949487)
(0.149119705 -0.0002233161386 0.02558949487)
(-0.1418416905 0.0004607586081 0.05279770692)
(-0.1418416905 -0.0004607586081 0.05279770692)
(0.149119705 0.0002276395855 0.02608491282)
(0.149119705 -0.0002276395855 0.02608491282)
(0.149119705 0.0002318320206 0.02656531829)
(0.149119705 -0.0002318320206 0.02656531829)
(0.149119705 0.0002359359763 0.02703558504)
(0.149119705 -0.0002359359763 0.02703558504)
(0.149119705 0.00023995931 0.02749661341)
(0.149119705 -0.00023995931 0.02749661341)
(0.149119705 0.0002439191512 0.02795036628)
(0.149119705 -0.0002439191512 0.02795036628)
(0.1491197049 0.0002482532035 0.02844699947)
(0.1491197049 -0.0002482532035 0.02844699947)
(0.1491197049 0.0002528739488 0.02897648444)
(0.1491197049 -0.0002528739488 0.02897648444)
(0.1491197049 0.0002578422365 0.02954579382)
(0.1491197049 -0.0002578422365 0.02954579382)
(0.1491197048 0.0002631770553 0.0301571035)
(0.1491197048 -0.0002631770553 0.0301571035)
(0.1491197048 0.0002690671126 0.03083203721)
(0.1491197048 -0.0002690671126 0.03083203721)
(0.1491197047 0.0002759030866 0.03161536226)
(0.1491197047 -0.0002759030866 0.03161536226)
(0.1246718818 0.0007677636704 0.08797700259)
(0.1246718818 -0.0007677636704 0.08797700259)
(0.1491197047 0.0002840084589 0.03254414592)
(0.1491197047 -0.0002840084589 0.03254414592)
(0.1491197046 0.0002938088516 0.03366715969)
(0.1491197046 -0.0002938088516 0.03366715969)
(0.1491197045 0.0003058683529 0.03504904167)
(0.1491197045 -0.0003058683529 0.03504904167)
(-0.1102883489 0.0009284112081 0.1063853871)
(-0.1102883489 -0.0009284112081 0.1063853871)
(-0.1417946484 0.0005086567559 0.05828629103)
(-0.1417946484 -0.0005086567559 0.05828629103)
(0.08220234041 0.001131239876 0.1296272503)
(0.08220234041 -0.001131239876 0.1296272503)
(-0.1534927501 1.592516557e-05 0.001824843225)
(-0.1534927501 -1.592516557e-05 0.001824843225)
(-0.1535026052 6.237224143e-06 0.000714715095)
(-0.1535026052 -6.237224143e-06 0.000714715095)
(-0.1535091621 0 0)
(-0.1534780736 3.079822291e-05 0.003529126788)
(-0.1534780736 -3.079822291e-05 0.003529126788)
(-0.1534566635 5.319850461e-05 0.006095944831)
(-0.1534566635 -5.319850461e-05 0.006095944831)
(0.1491197044 0.0003209390109 0.03677596803)
(0.1491197044 -0.0003209390109 0.03677596803)
(-0.1534262894 8.593515834e-05 0.009847193791)
(-0.1534262894 -8.593515834e-05 0.009847193791)
(-0.1533850132 0.0001316552414 0.01508619639)
(-0.1533850132 -0.0001316552414 0.01508619639)
(0.1491197043 0.000340028354 0.03896339008)
(0.1491197043 -0.000340028354 0.03896339008)
(-0.1417602243 0.0005433957689 0.06226698763)
(-0.1417602243 -0.0005433957689 0.06226698763)
(0.1491197042 0.000364491635 0.04176660443)
(0.1491197042 -0.000364491635 0.04176660443)
(-0.1533322553 0.0001914958425 0.02194325009)
(-0.1533322553 -0.0001914958425 0.02194325009)
(0.1132125713 0.0009286227397 0.1064096262)
(0.1132125713 -0.0009286227397 0.1064096262)
(0.1366531446 0.0006500616884 0.07448969135)
(0.1366531446 -0.0006500616884 0.07448969135)
(-0.05264396618 0.001278444669 0.1464952488)
(-0.05264396618 -0.001278444669 0.1464952488)
(0.149119704 0.0003961580719 0.04539521869)
(0.149119704 -0.0003961580719 0.04539521869)
(-0.1417362638 0.0005672510079 0.06500052727)
(-0.1417362638 -0.0005672510079 0.06500052727)
(-0.1532700678 0.0002633307871 0.03017471943)
(-0.1532700678 -0.0002633307871 0.03017471943)
(-1.295425285e-17 0.001366357703 0.1565690848)
(-1.295425285e-17 -0.001366357703 0.1565690848)
(-0.1417201708 0.0005830373335 0.066809461)
(-0.1417201708 -0.0005830373335 0.066809461)
(-0.07937272216 0.001180793345 0.1353055155)
(-0.07937272216 -0.001180793345 0.1353055155)
(0.003177746497 0.001369317203 0.1569082098)
(0.003177746497 -0.001369317203 0.1569082098)
(-0.1417095855 0.0005932384734 0.06797839586)
(-0.1417095855 -0.0005932384734 0.06797839586)
(0.1491197038 0.0004375039878 0.05013299138)
(0.1491197038 -0.0004375039878 0.05013299138)
(0.006667352232 0.001372567143 0.1572806161)
(0.006667352232 -0.001372567143 0.1572806161)
(-0.1417027024 0.0005997349344 0.06872281656)
(-0.1417027024 -0.0005997349344 0.06872281656)
(-0.1416982609 0.0006038371416 0.06919288294)
(-0.1416982609 -0.0006038371416 0.06919288294)
(-0.1103006845 0.0009844812953 0.1128103827)
(-0.1103006845 -0.0009844812953 0.1128103827)
(-0.1416954229 0.0006064157862 0.06948836634)
(-0.1416954229 -0.0006064157862 0.06948836634)
(-0.1416935909 0.0006080335106 0.0696737392)
(-0.1416935909 -0.0006080335106 0.0696737392)
(-0.1416924069 0.0006090480521 0.06978999414)
(-0.1416924069 -0.0006090480521 0.06978999414)
(-0.1416916566 0.0006096847791 0.06986295583)
(-0.1416916566 -0.0006096847791 0.06986295583)
(-0.1416911674 0.0006100849697 0.06990881313)
(-0.1416911674 -0.0006100849697 0.06990881313)
(-0.1416908546 0.0006103369842 0.06993769113)
(-0.1416908546 -0.0006103369842 0.06993769113)
(0.01049401996 0.001376130996 0.1576889932)
(0.01049401996 -0.001376130996 0.1576889932)
(-0.1532036872 0.0003409551765 0.03906959342)
(-0.1532036872 -0.0003409551765 0.03906959342)
(-0.003402795966 0.001379626446 0.1580895321)
(-0.003402795966 -0.001379626446 0.1580895321)
(0.01468381992 0.001380033041 0.1581361232)
(0.01468381992 -0.001380033041 0.1581361232)
(0.1491197036 0.000491829467 0.0563580747)
(0.1491197036 -0.000491829467 0.0563580747)
(0.09196259416 0.001139901507 0.1306197749)
(0.09196259416 -0.001139901507 0.1306197749)
(0.01926344854 0.001384298141 0.1586248553)
(0.01926344854 -0.001384298141 0.1586248553)
(-0.1531401471 0.0004157303041 0.04763797435)
(-0.1531401471 -0.0004157303041 0.04763797435)
(-0.009054264187 0.001401789118 0.1606291228)
(-0.009054264187 -0.001401789118 0.1606291228)
(0.02425991872 0.001388951455 0.1591580723)
(0.02425991872 -0.001388951455 0.1591580723)
(0.162026119 0 0)
(0.162026119 4.960572107e-06 0.0005684252615)
(0.162026119 -4.960572107e-06 0.0005684252615)
(0.162026119 1.133295312e-05 0.0012986278)
(0.162026119 -1.133295312e-05 0.0012986278)
(0.162026119 1.946059373e-05 0.002229963165)
(0.162026119 -1.946059373e-05 0.002229963165)
(0.162026119 2.965188264e-05 0.003397769205)
(0.162026119 -2.965188264e-05 0.003397769205)
(0.162026119 4.20749368e-05 0.004821310211)
(0.162026119 -4.20749368e-05 0.004821310211)
(0.162026119 5.662795972e-05 0.006488921463)
(0.162026119 -5.662795972e-05 0.006488921463)
(0.162026119 7.284412378e-05 0.008347109812)
(0.162026119 -7.284412378e-05 0.008347109812)
(0.162026119 8.991219773e-05 0.01030291737)
(0.162026119 -8.991219773e-05 0.01030291737)
(0.02970017428 0.001394018074 0.1597386494)
(0.02970017428 -0.001394018074 0.1597386494)
(0.162026119 0.0001068504628 0.01224385029)
(0.162026119 -0.0001068504628 0.01224385029)
(0.1491197032 0.0005636465738 0.06458750003)
(0.1491197032 -0.0005636465738 0.06458750003)
(0.162026119 0.0001227678128 0.01406779794)
(0.162026119 -0.0001227678128 0.01406779794)
(-0.153085464 0.000480138532 0.05501842625)
(-0.153085464 -0.000480138532 0.05501842625)
(0.162026119 0.000137075428 0.01570728826)
(0.162026119 -0.000137075428 0.01570728826)
(0.162026119 0.0001495532421 0.01713710413)
(0.162026119 -0.0001495532421 0.01713710413)
(0.162026119 0.0001602813324 0.01836642152)
(0.162026119 -0.0001602813324 0.01836642152)
(0.1366531441 0.0007771682068 0.08905465572)
(0.1366531441 -0.0007771682068 0.08905465572)
(0.162026119 0.0001695128706 0.01942425101)
(0.162026119 -0.0001695128706 0.01942425101)
(0.162026119 0.0001775584292 0.02034618071)
(0.162026119 -0.0001775584292 0.02034618071)
(0.162026119 0.0001847115018 0.02116584165)
(0.162026119 -0.0001847115018 0.02116584165)
(0.162026119 0.0001912137776 0.02191092866)
(0.162026119 -0.0001912137776 0.02191092866)
(0.162026119 0.0001972468586 0.02260225126)
(0.162026119 -0.0001972468586 0.02260225126)
(0.162026119 0.0002029375598 0.02325434103)
(0.162026119 -0.0002029375598 0.02325434103)
(0.162026119 0.0002083682881 0.02387664086)
(0.162026119 -0.0002083682881 0.02387664086)
(0.162026119 0.0002135880064 0.02447476134)
(0.162026119 -0.0002135880064 0.02447476134)
(0.162026119 0.0002186218714 0.02505158513)
(0.162026119 -0.0002186218714 0.02505158513)
(0.162026119 0.0002234789985 0.02560815676)
(0.162026119 -0.0002234789985 0.02560815676)
(0.162026119 0.0002281584115 0.02614436439)
(0.162026119 -0.0002281584115 0.02614436439)
(0.162026119 0.0002326954518 0.02666425771)
(0.162026119 -0.0002326954518 0.02666425771)
(-0.1103177298 0.001061900555 0.1216817511)
(-0.1103177298 -0.001061900555 0.1216817511)
(0.035610623 0.001399522595 0.1603694049)
(0.035610623 -0.001399522595 0.1603694049)
(0.162026119 0.0002371280243 0.0271721802)
(0.162026119 -0.0002371280243 0.0271721802)
(0.162026119 0.0002414613845 0.0276687341)
(0.162026119 -0.0002414613845 0.0276687341)
(0.162026119 0.0002457101265 0.02815559171)
(0.162026119 -0.0002457101265 0.02815559171)
(0.1620261189 0.0002503454772 0.02868675029)
(0.1620261189 -0.0002503454772 0.02868675029)
(-0.1646200367 6.128578514e-06 0.000702265539)
(-0.1646200367 -6.128578514e-06 0.000702265539)
(-0.1646135497 1.573286669e-05 0.001802807956)
(-0.1646135497 -1.573286669e-05 0.001802807956)
(-0.1646243041 0 0)
(0.1246718812 0.0009382220479 0.107509598)
(0.1246718812 -0.0009382220479 0.107509598)
(-0.1646037589 3.06051393e-05 0.003507001599)
(-0.1646037589 -3.06051393e-05 0.003507001599)
(0.1620261189 0.0002552686109 0.02925088554)
(0.1620261189 -0.0002552686109 0.02925088554)
(-0.1530425657 0.000530475305 0.06078644912)
(-0.1530425657 -0.000530475305 0.06078644912)
(-0.1645892974 5.318897237e-05 0.006094852544)
(-0.1645892974 -5.318897237e-05 0.006094852544)
(0.1620261188 0.0002605441567 0.02985540321)
(0.1620261188 -0.0002605441567 0.02985540321)
(-0.1645685172 8.644572635e-05 0.00990569909)
(-0.1645685172 -8.644572635e-05 0.00990569909)
(0.1620261188 0.0002661953757 0.03050296876)
(0.1620261188 -0.0002661953757 0.03050296876)
(0.1620261187 0.0002724130486 0.0312154435)
(0.1620261187 -0.0002724130486 0.0312154435)
(0.1620261187 0.0002795922411 0.03203809749)
(0.1620261187 -0.0002795922411 0.03203809749)
(-0.1645399418 0.0001332053703 0.01526382356)
(-0.1645399418 -0.0001332053703 0.01526382356)
(0.1620261186 0.00028806032 0.03300844322)
(0.1620261186 -0.00028806032 0.03300844322)
(0.1620261185 0.0002982468531 0.03417570429)
(0.1620261185 -0.0002982468531 0.03417570429)
(-0.01818586323 0.001437794411 0.1647549207)
(-0.01818586323 -0.001437794411 0.1647549207)
(0.1620261184 0.0003107198762 0.03560497117)
(0.1620261184 -0.0003107198762 0.03560497117)
(-0.1645030463 0.000194747977 0.0223159078)
(-0.1645030463 -0.000194747977 0.0223159078)
(-0.1530112863 0.0005669178932 0.06496235611)
(-0.1530112863 -0.0005669178932 0.06496235611)
(0.1620261183 0.0003262352958 0.03738286216)
(0.1620261183 -0.0003262352958 0.03738286216)
(0.04201658459 0.001405488596 0.1610530409)
(0.04201658459 -0.001405488596 0.1610530409)
(0.1023030543 0.001149078036 0.131671301)
(0.1023030543 -0.001149078036 0.131671301)
(0.1620261182 0.0003458042724 0.03962524478)
(0.1620261182 -0.0003458042724 0.03962524478)
(0.1491197028 0.0006591783969 0.07553436268)
(0.1491197028 -0.0006591783969 0.07553436268)
(-0.1644592047 0.0002689371589 0.03081714601)
(-0.1644592047 -0.0002689371589 0.03081714601)
(-0.1529896189 0.0005918798984 0.06782271858)
(-0.1529896189 -0.0005918798984 0.06782271858)
(0.1620261181 0.0003707852645 0.04248778293)
(0.1620261181 -0.0003707852645 0.04248778293)
(-0.1529751549 0.0006083470472 0.06970966693)
(-0.1529751549 -0.0006083470472 0.06970966693)
(0.1620261179 0.0004030099834 0.04618036998)
(0.1620261179 -0.0004030099834 0.04618036998)
(-0.1529657049 0.0006189495522 0.07092459366)
(-0.1529657049 -0.0006189495522 0.07092459366)
(-0.152959603 0.0006256741843 0.07169516018)
(-0.152959603 -0.0006256741843 0.07169516018)
(0.0489416532 0.001411938052 0.1617920754)
(0.0489416532 -0.001411938052 0.1617920754)
(-0.1529556951 0.0006299015315 0.07217956619)
(-0.1529556951 -0.0006299015315 0.07217956619)
(-0.1644121488 0.0003493280522 0.04002902994)
(-0.1644121488 -0.0003493280522 0.04002902994)
(-0.1529532214 0.000632545986 0.07248259066)
(-0.1529532214 -0.000632545986 0.07248259066)
(-0.1529516357 0.0006341963617 0.07267170499)
(-0.1529516357 -0.0006341963617 0.07267170499)
(-0.1529506179 0.0006352256145 0.07278964567)
(-0.1529506179 -0.0006352256145 0.07278964567)
(-0.152949981 0.0006358677398 0.07286322595)
(-0.152949981 -0.0006358677398 0.07286322595)
(-0.1529495682 0.0006362687806 0.07290918067)
(-0.1529495682 -0.0006362687806 0.07290918067)
(-0.1529493073 0.0006365196485 0.07293792729)
(-0.1529493073 -0.0006365196485 0.07293792729)
(0.1620261177 0.0004449561329 0.05098692262)
(0.1620261177 -0.0004449561329 0.05098692262)
(-0.1643669773 0.0004268772161 0.04891528395)
(-0.1643669773 -0.0004268772161 0.04891528395)
(0.1620261174 0.0004999181929 0.05728495088)
(0.1620261174 -0.0004999181929 0.05728495088)
(0.05640697852 0.00141889066 0.1625887654)
(0.05640697852 -0.00141889066 0.1625887654)
(-0.1103412995 0.001168873343 0.1339396185)
(-0.1103412995 -0.001168873343 0.1339396185)
(-0.1643280845 0.0004936880492 0.05657104713)
(-0.1643280845 -0.0004936880492 0.05657104713)
(-0.03230337482 0.001493734704 0.1711650434)
(-0.03230337482 -0.001493734704 0.1711650434)
(0.1491197023 0.0007869536699 0.09017595873)
(0.1491197023 -0.0007869536699 0.09017595873)
(0.1132125707 0.001158759567 0.1327806946)
(0.1132125707 -0.001158759567 0.1327806946)
(0.1366531435 0.0009482585886 0.1086596716)
(0.1366531435 -0.0009482585886 0.1086596716)
(0.162026117 0.0005724000453 0.06559054852)
(0.162026117 -0.0005724000453 0.06559054852)
(0.1753184987 0 0)
(0.1753184987 4.944151575e-06 0.0005665436548)
(0.1753184987 -4.944151575e-06 0.0005665436548)
(0.1753184987 1.12534681e-05 0.001289519718)
(0.1753184987 -1.12534681e-05 0.001289519718)
(0.1753184987 1.925612603e-05 0.002206533488)
(0.1753184987 -1.925612603e-05 0.002206533488)
(0.1753184987 2.924686917e-05 0.003351359258)
(0.1753184987 -2.924686917e-05 0.003351359258)
(0.1753184987 4.138686725e-05 0.00474246525)
(0.1753184987 -4.138686725e-05 0.00474246525)
(0.1753184987 5.55803241e-05 0.006368874311)
(0.1753184987 -5.55803241e-05 0.006368874311)
(0.1753184987 7.138392767e-05 0.00817978791)
(0.1753184987 -7.138392767e-05 0.00817978791)
(-0.1755624289 5.943362212e-06 0.0006810418529)
(-0.1755624289 -5.943362212e-06 0.0006810418529)
(-0.1755642497 0 0)
(-0.1755596364 1.534082815e-05 0.001757884789)
(-0.1755596364 -1.534082815e-05 0.001757884789)
(-0.1755553561 3.0016894e-05 0.003439595364)
(-0.1755553561 -3.0016894e-05 0.003439595364)
(0.1753184987 8.802641851e-05 0.01008682847)
(0.1753184987 -8.802641851e-05 0.01008682847)
(-0.1755489625 5.24808165e-05 0.006013705919)
(-0.1755489625 -5.24808165e-05 0.006013705919)
(0.06443047473 0.001426363104 0.1634450226)
(0.06443047473 -0.001426363104 0.1634450226)
(0.1753184987 0.0001045739983 0.0119829933)
(0.1753184987 -0.0001045739983 0.0119829933)
(-0.164297622 0.0005458593007 0.06254928041)
(-0.164297622 -0.0005458593007 0.06254928041)
(-0.1755396556 8.580172521e-05 0.009831903869)
(-0.1755396556 -8.580172521e-05 0.009831903869)
(0.1753184987 0.0001201786884 0.01377111367)
(0.1753184987 -0.0001201786884 0.01377111367)
(0.1753184987 0.0001342796683 0.01538692593)
(0.1753184987 -0.0001342796683 0.01538692593)
(0.1753184987 0.000146666472 0.01680631304)
(0.1753184987 -0.000146666472 0.01680631304)
(-0.1755267088 0.0001329485753 0.01523439777)
(-0.1755267088 -0.0001329485753 0.01523439777)
(0.1753184987 0.0001574136828 0.01803782142)
(0.1753184987 -0.0001574136828 0.01803782142)
(0.1753184987 0.000166760045 0.01910880845)
(0.1753184987 -0.000166760045 0.01910880845)
(0.1753184987 0.0001749984 0.02005283043)
(0.1753184987 -0.0001749984 0.02005283043)
(0.1753184987 0.0001824048551 0.02090152612)
(0.1753184987 -0.0001824048551 0.02090152612)
(0.1753184987 0.000189205799 0.0216808371)
(0.1753184987 -0.000189205799 0.0216808371)
(0.1753184987 0.0001955700967 0.02241011338)
(0.1753184987 -0.0001955700967 0.02241011338)
(0.1753184987 0.0002016142267 0.02310270207)
(0.1753184987 -0.0002016142267 0.02310270207)
(0.1753184987 0.0002074122645 0.02376709141)
(0.1753184987 -0.0002074122645 0.02376709141)
(-0.1755098393 0.0001953220733 0.02238169271)
(-0.1755098393 -0.0001953220733 0.02238169271)
(0.1753184987 0.0002130064324 0.02440811955)
(0.1753184987 -0.0002130064324 0.02440811955)
(0.1753184987 0.0002184163883 0.02502803909)
(0.1753184987 -0.0002184163883 0.02502803909)
(0.1753184987 0.0002236467287 0.02562737675)
(0.1753184987 -0.0002236467287 0.02562737675)
(0.1753184987 0.000228692753 0.02620559385)
(0.1753184987 -0.000228692753 0.02620559385)
(-0.1420354158 0.0009262601287 0.1061388978)
(-0.1420354158 -0.0009262601287 0.1061388978)
(0.1753184987 0.0002335847039 0.02676615591)
(0.1753184987 -0.0002335847039 0.02676615591)
(-0.1642754879 0.000583566769 0.0668701283)
(-0.1642754879 -0.000583566769 0.0668701283)
(0.1753184987 0.0002383557203 0.02731286024)
(0.1753184987 -0.0002383557203 0.02731286024)
(-0.1420358838 0.0009281557299 0.1063561122)
(-0.1420358838 -0.0009281557299 0.1063561122)
(0.1753184987 0.0002430083785 0.02784600206)
(0.1753184987 -0.0002430083785 0.02784600206)
(0.1753184987 0.0002475546607 0.0283669544)
(0.1753184987 -0.0002475546607 0.0283669544)
(-0.1420364666 0.0009305277795 0.1066279221)
(-0.1420364666 -0.0009305277795 0.1066279221)
(0.1753184986 0.0002525003203 0.02893367085)
(0.1753184986 -0.0002525003203 0.02893367085)
(0.1753184986 0.0002577348853 0.02953349259)
(0.1753184986 -0.0002577348853 0.02953349259)
(-0.1420372265 0.0009336292312 0.1069833133)
(-0.1420372265 -0.0009336292312 0.1069833133)
(0.1753184985 0.0002633268777 0.03017427145)
(0.1753184985 -0.0002633268777 0.03017427145)
(0.1753184985 0.0002693039588 0.03085917711)
(0.1753184985 -0.0002693039588 0.03085917711)
(-0.07941473236 0.001391071547 0.1594010107)
(-0.07941473236 -0.001391071547 0.1594010107)
(-0.1420382447 0.0009377890553 0.1074599819)
(-0.1420382447 -0.0009377890553 0.1074599819)
(0.1753184984 0.0002758590446 0.03161031554)
(0.1753184984 -0.0002758590446 0.03161031554)
(-0.1754896453 0.0002708034548 0.03103100233)
(-0.1754896453 -0.0002708034548 0.03103100233)
(0.1753184983 0.0002833917196 0.0324734746)
(0.1753184983 -0.0002833917196 0.0324734746)
(-0.1642602208 0.0006093339759 0.06982275776)
(-0.1642602208 -0.0006093339759 0.06982275776)
(0.1753184983 0.0002922333519 0.03348662531)
(0.1753184983 -0.0002922333519 0.03348662531)
(-0.1420396295 0.0009434475832 0.108108385)
(-0.1420396295 -0.0009434475832 0.108108385)
(0.1753184982 0.0003028175728 0.0346994569)
(0.1753184982 -0.0003028175728 0.0346994569)
(0.1753184981 0.000315716484 0.03617752572)
(0.1753184981 -0.000315716484 0.03617752572)
(-0.1420415282 0.000951203743 0.1089971529)
(-0.1420415282 -0.000951203743 0.1089971529)
(0.1620261166 0.0006686167688 0.07661589297)
(0.1620261166 -0.0006686167688 0.07661589297)
(-0.1642500924 0.0006262822028 0.0717648322)
(-0.1642500924 -0.0006262822028 0.0717648322)
(0.175318498 0.0003316899659 0.03800790544)
(0.175318498 -0.0003316899659 0.03800790544)
(-0.1642435185 0.0006371568847 0.07301094732)
(-0.1642435185 -0.0006371568847 0.07301094732)
(-0.1420441431 0.0009618793508 0.1102204564)
(-0.1420441431 -0.0009618793508 0.1102204564)
(0.07302597287 0.001434368264 0.1643623232)
(0.07302597287 -0.001434368264 0.1643623232)
(0.1753184979 0.0003517529194 0.0403068922)
(0.1753184979 -0.0003517529194 0.0403068922)
(-0.1642393003 0.0006440273435 0.07379822392)
(-0.1642393003 -0.0006440273435 0.07379822392)
(-0.1754678621 0.0003528007987 0.04042696728)
(-0.1754678621 -0.0003528007987 0.04042696728)
(-0.1642366181 0.0006483277854 0.07429100576)
(-0.1642366181 -0.0006483277854 0.07429100576)
(-0.1642349408 0.0006510053015 0.07459781871)
(-0.1642349408 -0.0006510053015 0.07459781871)
(-0.1642338706 0.0006526677613 0.07478831774)
(-0.1642338706 -0.0006526677613 0.07478831774)
(-0.1642331867 0.0006536988118 0.07490646442)
(-0.1642331867 -0.0006536988118 0.07490646442)
(-0.1642327677 0.0006543382208 0.07497973343)
(-0.1642327677 -0.0006543382208 0.07497973343)
(-0.1642324962 0.0006547350048 0.07502520038)
(-0.1642324962 -0.0006547350048 0.07502520038)
(0.1753184977 0.0003772671046 0.04323052825)
(0.1753184977 -0.0003772671046 0.04323052825)
(-0.1642323279 0.0006549815057 0.07505344658)
(-0.1642323279 -0.0006549815057 0.07505344658)
(-0.1420477533 0.0009766075043 0.1119081356)
(-0.1420477533 -0.0009766075043 0.1119081356)
(0.1753184975 0.000410066801 0.04698900118)
(0.1753184975 -0.000410066801 0.04698900118)
(-0.1420527447 0.0009969548253 0.1142397076)
(-0.1420527447 -0.0009969548253 0.1142397076)
(-0.1754468981 0.0004319996963 0.04950226204)
(-0.1754468981 -0.0004319996963 0.04950226204)
(0.1753184973 0.000452631134 0.05186639064)
(0.1753184973 -0.000452631134 0.05186639064)
(0.1246718804 0.001168929007 0.133945997)
(0.1246718804 -0.001168929007 0.133945997)
(-0.1420596525 0.001025091123 0.117463808)
(-0.1420596525 -0.001025091123 0.117463808)
(-0.1754288399 0.0005002431203 0.05732218388)
(-0.1754288399 -0.0005002431203 0.05732218388)
(0.08220233974 0.0014429144 0.1653416133)
(0.08220233974 -0.0014429144 0.1653416133)
(0.175318497 0.0005082488118 0.05823954526)
(0.175318497 -0.0005082488118 0.05823954526)
(0.1491197016 0.000958701655 0.1098563285)
(0.1491197016 -0.000958701655 0.1098563285)
(0.162026116 0.0007970843919 0.09133682448)
(0.162026116 -0.0007970843919 0.09133682448)
(-0.1862398232 0 0)
(-0.1862395916 5.713730428e-06 0.0006547286568)
(-0.1862395916 -5.713730428e-06 0.0006547286568)
(-0.1862392532 1.482442986e-05 0.001698711407)
(-0.1862392532 -1.482442986e-05 0.001698711407)
(-0.1862387164 2.916514438e-05 0.003341994525)
(-0.1862387164 -2.916514438e-05 0.003341994525)
(-0.1862379291 5.127586593e-05 0.005875632259)
(-0.1862379291 -5.127586593e-05 0.005875632259)
(-0.1862367692 8.42876685e-05 0.009658410154)
(-0.1862367692 -8.42876685e-05 0.009658410154)
(-0.1754147145 0.0005534926114 0.06342397118)
(-0.1754147145 -0.0005534926114 0.06342397118)
(-0.1862351436 0.0001312602026 0.01504092942)
(-0.1862351436 -0.0001312602026 0.01504092942)
(-0.1103739176 0.00131680495 0.1508909016)
(-0.1103739176 -0.00131680495 0.1508909016)
(-0.1420692193 0.001064025492 0.1219252449)
(-0.1420692193 -0.001064025492 0.1219252449)
(-0.186233031 0.0001936856236 0.02219417415)
(-0.186233031 -0.0001936856236 0.02219417415)
(0.1753184966 0.000581415289 0.06662359312)
(0.1753184966 -0.000581415289 0.06662359312)
(-0.05270310129 0.001574895427 0.180465141)
(-0.05270310129 -0.001574895427 0.180465141)
(-0.1754044884 0.0005919207563 0.06782740044)
(-0.1754044884 -0.0005919207563 0.06782740044)
(-0.1862304957 0.0002694836067 0.03087976271)
(-0.1862304957 -0.0002694836067 0.03087976271)
(0.1889351576 0 0)
(0.1889351576 4.927330449e-06 0.0005646161447)
(0.1889351576 -4.927330449e-06 0.0005646161447)
(0.1889351576 1.117204397e-05 0.001280189437)
(0.1889351576 -1.117204397e-05 0.001280189437)
(0.1889351576 1.904667016e-05 0.002182532223)
(0.1889351576 -1.904667016e-05 0.002182532223)
(0.1889351576 2.883197504e-05 0.003303817099)
(0.1889351576 -2.883197504e-05 0.003303817099)
(0.1889351576 4.068201164e-05 0.004661696797)
(0.1889351576 -4.068201164e-05 0.004661696797)
(0.1889351576 5.45071305e-05 0.006245898505)
(0.1889351576 -5.45071305e-05 0.006245898505)
(0.1889351576 6.988810879e-05 0.008008384044)
(0.1889351576 -6.988810879e-05 0.008008384044)
(-0.1753974538 0.0006181237769 0.07082996919)
(-0.1753974538 -0.0006181237769 0.07082996919)
(0.1889351576 8.609463405e-05 0.009865467897)
(0.1889351576 -8.609463405e-05 0.009865467897)
(0.1889351576 0.0001022419975 0.01171577248)
(0.1889351576 -0.0001022419975 0.01171577248)
(0.1889351576 0.0001175264 0.01346719153)
(0.1889351576 -0.0001175264 0.01346719153)
(0.1889351576 0.0001314157036 0.01505874808)
(0.1889351576 -0.0001314157036 0.01505874808)
(0.1889351576 0.0001437092766 0.01646745202)
(0.1889351576 -0.0001437092766 0.01646745202)
(0.1889351576 0.0001544760744 0.01770120484)
(0.1889351576 -0.0001544760744 0.01770120484)
(0.1889351576 0.0001639400619 0.01878567039)
(0.1889351576 -0.0001639400619 0.01878567039)
(-0.1753928206 0.00063531223 0.07279957083)
(-0.1753928206 -0.00063531223 0.07279957083)
(0.1889351576 0.0001723759167 0.0197523236)
(0.1889351576 -0.0001723759167 0.0197523236)
(0.1889351576 0.0001800419358 0.02063076238)
(0.1889351576 -0.0001800419358 0.02063076238)
(0.09196259341 0.001452004321 0.1663832151)
(0.09196259341 -0.001452004321 0.1663832151)
(0.1889351576 0.0001871488341 0.02144513226)
(0.1889351576 -0.0001871488341 0.02144513226)
(0.1889351576 0.0001938524288 0.02221328813)
(0.1889351576 -0.0001938524288 0.02221328813)
(0.1889351576 0.0002002586097 0.02294736376)
(0.1889351576 -0.0002002586097 0.02294736376)
(-0.1753898321 0.0006463061584 0.07405935024)
(-0.1753898321 -0.0006463061584 0.07405935024)
(0.1889351576 0.0002064329179 0.0236548694)
(0.1889351576 -0.0002064329179 0.0236548694)
(0.1889351576 0.0002124106703 0.02433985198)
(0.1889351576 -0.0002124106703 0.02433985198)
(-0.1862277545 0.0003520036852 0.04033562711)
(-0.1862277545 -0.0003520036852 0.04033562711)
(0.1889351576 0.0002182058922 0.02500391863)
(0.1889351576 -0.0002182058922 0.02500391863)
(0.1889351576 0.0002238185509 0.02564706561)
(0.1889351576 -0.0002238185509 0.02564706561)
(-0.1753879212 0.0006532269836 0.07485239826)
(-0.1753879212 -0.0006532269836 0.07485239826)
(0.1889351576 0.0002292401302 0.02626831707)
(0.1889351576 -0.0002292401302 0.02626831707)
(0.1889351576 0.0002344956501 0.02687054)
(0.1889351576 -0.0002344956501 0.02687054)
(-0.1753867125 0.0006575415764 0.07534680163)
(-0.1753867125 -0.0006575415764 0.07534680163)
(0.1889351576 0.0002396133671 0.02745697228)
(0.1889351576 -0.0002396133671 0.02745697228)
(0.1889351576 0.0002445931128 0.02802759463)
(0.1889351576 -0.0002445931128 0.02802759463)
(-0.1753859743 0.0006602160076 0.07565326109)
(-0.1753859743 -0.0006602160076 0.07565326109)
(-0.1753855002 0.0006618684832 0.07584261604)
(-0.1753855002 -0.0006618684832 0.07584261604)
(0.1889351576 0.000249444194 0.02858347346)
(0.1889351576 -0.000249444194 0.02858347346)
(-0.1753851946 0.0006628878974 0.07595942934)
(-0.1753851946 -0.0006628878974 0.07595942934)
(-0.1753850174 0.0006635164287 0.07603145189)
(-0.1753850174 -0.0006635164287 0.07603145189)
(-0.1753848998 0.0006639040054 0.07607586378)
(-0.1753848998 -0.0006639040054 0.07607586378)
(0.1889351576 0.0002547077326 0.02918661525)
(0.1889351576 -0.0002547077326 0.02918661525)
(-0.1753848301 0.00066414314 0.07610326589)
(-0.1753848301 -0.00066414314 0.07610326589)
(0.1889351575 0.0002602613266 0.02982299409)
(0.1889351575 -0.0002602613266 0.02982299409)
(-0.142082477 0.00111793564 0.1281027359)
(-0.142082477 -0.00111793564 0.1281027359)
(0.1889351574 0.0002661774856 0.03050091876)
(0.1889351574 -0.0002661774856 0.03050091876)
(0.1889351574 0.0002724883786 0.03122407547)
(0.1889351574 -0.0002724883786 0.03122407547)
(0.1889351573 0.0002793891088 0.03201482083)
(0.1889351573 -0.0002793891088 0.03201482083)
(0.1753184961 0.0006783373947 0.07772976638)
(0.1753184961 -0.0006783373947 0.07772976638)
(0.1889351573 0.0002872838898 0.03291947312)
(0.1889351573 -0.0002872838898 0.03291947312)
(0.1889351572 0.0002965081885 0.03397647306)
(0.1889351572 -0.0002965081885 0.03397647306)
(0.1889351571 0.0003074997993 0.0352359869)
(0.1889351571 -0.0003074997993 0.0352359869)
(0.1366531426 0.001179561648 0.135164377)
(0.1366531426 -0.001179561648 0.135164377)
(0.188935157 0.0003208349885 0.03676404824)
(0.188935157 -0.0003208349885 0.03676404824)
(-0.1862251143 0.0004317933949 0.04947862225)
(-0.1862251143 -0.0004317933949 0.04947862225)
(0.1889351569 0.0003372777074 0.0386481972)
(0.1889351569 -0.0003372777074 0.0386481972)
(0.1889351567 0.0003578466888 0.04100516902)
(0.1889351567 -0.0003578466888 0.04100516902)
(0.1889351566 0.000383907075 0.04399139349)
(0.1889351566 -0.000383907075 0.04399139349)
(-0.1862228375 0.0005005549491 0.05735791592)
(-0.1862228375 -0.0005005549491 0.05735791592)
(0.1889351564 0.0004172957758 0.04781735965)
(0.1889351564 -0.0004172957758 0.04781735965)
(0.1889351561 0.0004604933735 0.05276731405)
(0.1889351561 -0.0004604933735 0.05276731405)
(0.1023030534 0.0014616346 0.1674867357)
(0.1023030534 -0.0014616346 0.1674867357)
(0.1620261153 0.0009695131824 0.1110952068)
(0.1620261153 -0.0009695131824 0.1110952068)
(-0.196570596 0 0)
(-0.1965707984 5.520950958e-06 0.0006326383176)
(-0.1965707984 -5.520950958e-06 0.0006326383176)
(-0.1965711456 1.4388924e-05 0.001648807378)
(-0.1965711456 -1.4388924e-05 0.001648807378)
(-0.1965716758 2.844211024e-05 0.003259143019)
(-0.1965716758 -2.844211024e-05 0.003259143019)
(-0.1965725187 5.024304089e-05 0.005757282233)
(-0.1965725187 -5.024304089e-05 0.005757282233)
(-0.1862210533 0.000554173341 0.06350197506)
(-0.1862210533 -0.000554173341 0.06350197506)
(-0.1965737712 8.297019913e-05 0.009507443118)
(-0.1965737712 -8.297019913e-05 0.009507443118)
(-0.1965755521 0.000129754137 0.0148683514)
(-0.1965755521 -0.000129754137 0.0148683514)
(-0.142100861 0.001192628349 0.1366616726)
(-0.142100861 -0.001192628349 0.1366616726)
(-0.19657794 0.0001921599713 0.02201935171)
(-0.19657794 -0.0001921599713 0.02201935171)
(0.1889351558 0.0005167826634 0.05921742779)
(0.1889351558 -0.0005167826634 0.05921742779)
(-0.1862197741 0.0005928168419 0.06793008167)
(-0.1862197741 -0.0005928168419 0.06793008167)
(0.1753184955 0.0008075180727 0.09253240588)
(0.1753184955 -0.0008075180727 0.09253240588)
(-0.1965808449 0.0002681404849 0.0307258562)
(-0.1965808449 -0.0002681404849 0.0307258562)
(-0.1862188776 0.0006191176377 0.07094385435)
(-0.1862188776 -0.0006191176377 0.07094385435)
(-0.1862183034 0.0006363299875 0.07291619429)
(-0.1862183034 -0.0006363299875 0.07291619429)
(-0.1862179353 0.0006473088937 0.07417425233)
(-0.1862179353 -0.0006473088937 0.07417425233)
(-0.1965840088 0.000351003755 0.04022104646)
(-0.1965840088 -0.000351003755 0.04022104646)
(0.1889351554 0.0005906504675 0.06768183975)
(0.1889351554 -0.0005906504675 0.06768183975)
(-0.1862176903 0.0006541985088 0.07496372402)
(-0.1862176903 -0.0006541985088 0.07496372402)
(-0.1862175321 0.0006584784546 0.07545415724)
(-0.1862175321 -0.0006584784546 0.07545415724)
(-0.1862174543 0.0006611209684 0.07575695932)
(-0.1862174543 -0.0006611209684 0.07575695932)
(-0.1862173932 0.0006627466086 0.07594323924)
(-0.1862173932 -0.0006627466086 0.07594323924)
(-0.1862173458 0.0006637446445 0.07605760283)
(-0.1862173458 -0.0006637446445 0.07605760283)
(-0.1862173311 0.0006643567333 0.07612774125)
(-0.1862173311 -0.0006643567333 0.07612774125)
(-0.186217315 0.0006647319692 0.07617073903)
(-0.186217315 -0.0006647319692 0.07617073903)
(-0.1862173095 0.0006649620051 0.07619709854)
(-0.1862173095 -0.0006649620051 0.07619709854)
(0.1491197007 0.00119062496 0.1364321069)
(0.1491197007 -0.00119062496 0.1364321069)
(-0.1965870701 0.0004311941506 0.04940995564)
(-0.1965870701 -0.0004311941506 0.04940995564)
(0.2028075826 0 0)
(0.2028075826 4.910193366e-06 0.0005626524296)
(0.2028075826 -4.910193366e-06 0.0005626524296)
(0.2028075826 1.108909042e-05 0.001270683903)
(0.2028075826 -1.108909042e-05 0.001270683903)
(0.2028075826 1.883328002e-05 0.002158080135)
(0.2028075826 -1.883328002e-05 0.002158080135)
(0.2028075826 2.840928782e-05 0.003255381941)
(0.2028075826 -2.840928782e-05 0.003255381941)
(0.2028075826 3.99639165e-05 0.004579411245)
(0.2028075826 -3.99639165e-05 0.004579411245)
(0.2028075826 5.341377876e-05 0.006120612805)
(0.2028075826 -5.341377876e-05 0.006120612805)
(0.2028075826 6.836419347e-05 0.007833760645)
(0.2028075826 -6.836419347e-05 0.007833760645)
(0.2028075826 8.412656428e-05 0.009639949438)
(0.2028075826 -8.412656428e-05 0.009639949438)
(0.2028075826 9.9866194e-05 0.01144353236)
(0.2028075826 -9.9866194e-05 0.01144353236)
(0.1132125697 0.001471794852 0.1686509854)
(0.1132125697 -0.001471794852 0.1686509854)
(0.2028075826 0.0001148242929 0.01315756072)
(0.2028075826 -0.0001148242929 0.01315756072)
(0.2028075826 0.0001284979442 0.01472440596)
(0.2028075826 -0.0001284979442 0.01472440596)
(0.2028075826 0.0001406965353 0.01612222606)
(0.2028075826 -0.0001406965353 0.01612222606)
(0.2028075826 0.000151483288 0.01735826548)
(0.2028075826 -0.000151483288 0.01735826548)
(0.2028075826 0.0001610671102 0.01845646273)
(0.2028075826 -0.0001610671102 0.01845646273)
(0.2028075826 0.0001697041744 0.01944617226)
(0.2028075826 -0.0001697041744 0.01944617226)
(0.2028075826 0.0001776346329 0.0203549128)
(0.2028075826 -0.0001776346329 0.0203549128)
(-0.1729131489 0.0009420295073 0.1079458896)
(-0.1729131489 -0.0009420295073 0.1079458896)
(0.2028075826 0.0001850532325 0.0212050001)
(0.2028075826 -0.0001850532325 0.0212050001)
(-0.1729132466 0.0009439067013 0.1081609947)
(-0.1729132466 -0.0009439067013 0.1081609947)
(0.2028075826 0.0001921024974 0.02201276585)
(0.2028075826 -0.0001921024974 0.02201276585)
(0.2028075826 0.0001988775297 0.02278910767)
(0.2028075826 -0.0001988775297 0.02278910767)
(-0.172913366 0.0009462117632 0.1084251287)
(-0.172913366 -0.0009462117632 0.1084251287)
(0.2028075826 0.000205435176 0.0235405395)
(0.2028075826 -0.000205435176 0.0235405395)
(0.2028075826 0.0002118037179 0.02427030212)
(0.2028075826 -0.0002118037179 0.02427030212)
(-0.1729135201 0.0009491956113 0.1087670438)
(-0.1729135201 -0.0009491956113 0.1087670438)
(0.2028075826 0.0002179914423 0.02497934511)
(0.2028075826 -0.0002179914423 0.02497934511)
(0.2028075826 0.0002239936004 0.02566712431)
(0.2028075826 -0.0002239936004 0.02566712431)
(0.2028075826 0.0002297977889 0.02633221843)
(0.2028075826 -0.0002297977889 0.02633221843)
(-0.1729137257 0.0009531812761 0.1092237557)
(-0.1729137257 -0.0009531812761 0.1092237557)
(0.2028075826 0.0002354237069 0.02697688478)
(0.2028075826 -0.0002354237069 0.02697688478)
(0.2028075826 0.0002408946367 0.02760379123)
(0.2028075826 -0.0002408946367 0.02760379123)
(0.1889351549 0.0006882951639 0.0788708137)
(0.1889351549 -0.0006882951639 0.0788708137)
(0.2028075826 0.0002462076137 0.0282125981)
(0.2028075826 -0.0002462076137 0.0282125981)
(-0.1965897057 0.000500307811 0.0573295967)
(-0.1965897057 -0.000500307811 0.0573295967)
(0.2028075826 0.0002513692189 0.02880405948)
(0.2028075826 -0.0002513692189 0.02880405948)
(-0.1729140052 0.0009585993162 0.1098446016)
(-0.1729140052 -0.0009585993162 0.1098446016)
(0.2028075825 0.0002569566075 0.02944431079)
(0.2028075825 -0.0002569566075 0.02944431079)
(0.2028075825 0.0002628352229 0.03011793339)
(0.2028075825 -0.0002628352229 0.03011793339)
(-1.240899762e-17 0.001790065504 0.2051211897)
(-1.240899762e-17 -0.001790065504 0.2051211897)
(0.2028075824 0.0002690816374 0.03083370159)
(0.2028075824 -0.0002690816374 0.03083370159)
(0.2028075823 0.0002757326124 0.03159582784)
(0.2028075823 -0.0002757326124 0.03159582784)
(-0.1729143889 0.0009660349466 0.1106966405)
(-0.1729143889 -0.0009660349466 0.1106966405)
(0.2028075823 0.0002829854793 0.03242692407)
(0.2028075823 -0.0002829854793 0.03242692407)
(0.003177746463 0.001793133939 0.2054727976)
(0.003177746463 -0.001793133939 0.2054727976)
(0.2028075822 0.0002912491677 0.03337384897)
(0.2028075822 -0.0002912491677 0.03337384897)
(-0.1421263702 0.001296185187 0.1485281109)
(-0.1421263702 -0.001296185187 0.1485281109)
(0.2028075821 0.0003008633207 0.03447552179)
(0.2028075821 -0.0003008633207 0.03447552179)
(0.202807582 0.0003122699734 0.03578259472)
(0.202807582 -0.0003122699734 0.03578259472)
(-0.1729149186 0.0009762921242 0.1118719966)
(-0.1729149186 -0.0009762921242 0.1118719966)
(0.006667352159 0.001796503506 0.2058589117)
(0.006667352159 -0.001796503506 0.2058589117)
(0.2028075819 0.0003260496355 0.0373615876)
(0.2028075819 -0.0003260496355 0.0373615876)
(-0.1104191031 0.001521587569 0.1743566655)
(-0.1104191031 -0.001521587569 0.1743566655)
(0.01049401985 0.00180019854 0.2062823206)
(0.01049401985 -0.00180019854 0.2062823206)
(-0.003420004365 0.001802404703 0.2065351218)
(-0.003420004365 -0.001802404703 0.2065351218)
(0.2028075818 0.0003429704052 0.03930051576)
(0.2028075818 -0.0003429704052 0.03930051576)
(-0.1965917552 0.000554171958 0.06350181659)
(-0.1965917552 -0.000554171958 0.06350181659)
(-0.1729156518 0.0009904817439 0.113497966)
(-0.1729156518 -0.0009904817439 0.113497966)
(0.2028075816 0.0003640549194 0.04171656178)
(0.2028075816 -0.0003640549194 0.04171656178)
(0.01468381976 0.001804244215 0.206745909)
(0.01468381976 -0.001804244215 0.206745909)
(0.2028075815 0.000390671766 0.0447665503)
(0.2028075815 -0.000390671766 0.0447665503)
(-0.1965932446 0.00059295147 0.06794550853)
(-0.1965932446 -0.00059295147 0.06794550853)
(-0.1729166686 0.001010143831 0.115751018)
(-0.1729166686 -0.001010143831 0.115751018)
(0.01926344833 0.001808666309 0.2072526308)
(0.01926344833 -0.001808666309 0.2072526308)
(0.1753184947 0.0009806480281 0.1123711338)
(0.1753184947 -0.0009806480281 0.1123711338)
(-0.07947282246 0.001681674494 0.1927008102)
(-0.07947282246 -0.001681674494 0.1927008102)
(0.2028075812 0.0004246605348 0.04866127744)
(0.2028075812 -0.0004246605348 0.04866127744)
(-0.1965942361 0.0006193052314 0.07096535047)
(-0.1965942361 -0.0006193052314 0.07096535047)
(-0.009092011671 0.001823031637 0.2088987344)
(-0.009092011671 -0.001823031637 0.2088987344)
(0.02425991846 0.001813490905 0.2078054748)
(0.02425991846 -0.001813490905 0.2078054748)
(-0.1965949023 0.0006365197426 0.07293793807)
(-0.1965949023 -0.0006365197426 0.07293793807)
(0.202807581 0.0004685032919 0.05368515978)
(0.202807581 -0.0004685032919 0.05368515978)
(-0.1729180802 0.001037417511 0.1188762721)
(-0.1729180802 -0.001037417511 0.1188762721)
(-0.1965953283 0.0006474755043 0.07419334401)
(-0.1965953283 -0.0006474755043 0.07419334401)
(-0.1965955832 0.0006543329473 0.07497912915)
(-0.1965955832 -0.0006543329473 0.07497912915)
(0.02970017395 0.001818744021 0.2084074223)
(0.02970017395 -0.001818744021 0.2084074223)
(-0.1965957368 0.0006585805458 0.07546585573)
(-0.1965957368 -0.0006585805458 0.07546585573)
(-0.1965958537 0.0006611945603 0.07576539212)
(-0.1965958537 -0.0006611945603 0.07576539212)
(0.1246718794 0.001482467139 0.1698739082)
(0.1246718794 -0.001482467139 0.1698739082)
(-0.1965959124 0.0006627968347 0.07594899458)
(-0.1965959124 -0.0006627968347 0.07594899458)
(-0.1965959385 0.0006637765529 0.07606125917)
(-0.1965959385 -0.0006637765529 0.07606125917)
(-0.19659597 0.0006643747083 0.07612980099)
(-0.19659597 -0.0006643747083 0.07612980099)
(-0.1965959821 0.0006647395709 0.0761716101)
(-0.1965959821 -0.0006647395709 0.0761716101)
(-0.1965959942 0.0006649620051 0.07619709854)
(-0.1965959942 -0.0006649620051 0.07619709854)
(0.1889351542 0.0008182062922 0.09375715453)
(0.1889351542 -0.0008182062922 0.09375715453)
(0.2028075806 0.0005254768091 0.06021367821)
(0.2028075806 -0.0005254768091 0.06021367821)
(0.03561062261 0.001824451156 0.2090613952)
(0.03561062261 -0.001824451156 0.2090613952)
(-0.1729200415 0.001075278064 0.1232146619)
(-0.1729200415 -0.001075278064 0.1232146619)
(0.1620261143 0.001202078616 0.1377445659)
(0.1620261143 -0.001202078616 0.1377445659)
(-0.01824468578 0.001856568165 0.2127416399)
(-0.01824468578 -0.001856568165 0.2127416399)
(0.04201658413 0.001830636759 0.2097701951)
(0.04201658413 -0.001830636759 0.2097701951)
(0.2028075802 0.0006000591132 0.06875996377)
(0.2028075802 -0.0006000591132 0.06875996377)
(-0.172922768 0.001127868278 0.1292409035)
(-0.172922768 -0.001127868278 0.1292409035)
(0.04894165267 0.001837323612 0.2105364325)
(0.04894165267 -0.001837323612 0.2105364325)
(0.2168616981 0 0)
(0.2168616981 4.892831835e-06 0.0005606629952)
(0.2168616981 -4.892831835e-06 0.0005606629952)
(0.2168616981 1.100505042e-05 0.001261053872)
(0.2168616981 -1.100505042e-05 0.001261053872)
(0.2168616981 1.861709506e-05 0.002133307791)
(0.2168616981 -1.861709506e-05 0.002133307791)
(0.2168616981 2.798106456e-05 0.003206312416)
(0.2168616981 -2.798106456e-05 0.003206312416)
(0.2168616981 3.92364163e-05 0.004496047979)
(0.2168616981 -3.92364163e-05 0.004496047979)
(0.2168616981 5.230610712e-05 0.005993686207)
(0.2168616981 -5.230610712e-05 0.005993686207)
(0.2168616981 6.682031905e-05 0.00765685016)
(0.2168616981 -6.682031905e-05 0.00765685016)
(0.2168616981 8.213271821e-05 0.009411477309)
(0.2168616981 -8.213271821e-05 0.009411477309)
(0.2168616981 9.7459274e-05 0.01116772665)
(0.2168616981 -9.7459274e-05 0.01116772665)
(0.2168616981 0.0001120867956 0.0128438746)
(0.2168616981 -0.0001120867956 0.0128438746)
(0.2168616981 0.0001255419701 0.01438568489)
(0.2168616981 -0.0001255419701 0.01438568489)
(0.2168616981 0.0001376443354 0.01577247859)
(0.2168616981 -0.0001376443354 0.01577247859)
(0.2168616981 0.0001484513043 0.01701083456)
(0.2168616981 -0.0001484513043 0.01701083456)
(0.2168616981 0.0001581565307 0.01812294335)
(0.2168616981 -0.0001581565307 0.01812294335)
(0.2168616981 0.0001669974397 0.01913601118)
(0.2168616981 -0.0001669974397 0.01913601118)
(0.2168616981 0.0001751958011 0.02007545035)
(0.2168616981 -0.0001751958011 0.02007545035)
(-0.1421617929 0.001439871186 0.1649928955)
(-0.1421617929 -0.001439871186 0.1649928955)
(0.2168616981 0.0001829301842 0.02096172287)
(0.2168616981 -0.0001829301842 0.02096172287)
(0.2168616981 0.0001903296466 0.02180961728)
(0.2168616981 -0.0001903296466 0.02180961728)
(0.2028075796 0.0006984399729 0.08003329368)
(0.2028075796 -0.0006984399729 0.08003329368)
(0.2168616981 0.0001974783614 0.02262877886)
(0.2168616981 -0.0001974783614 0.02262877886)
(0.2168616981 0.0002044243663 0.02342471218)
(0.2168616981 -0.0002044243663 0.02342471218)
(0.2168616981 0.0002111888161 0.02419984135)
(0.2168616981 -0.0002111888161 0.02419984135)
(0.2168616981 0.0002177741837 0.02495444974)
(0.2168616981 -0.0002177741837 0.02495444974)
(0.2168616981 0.0002241709426 0.02568744571)
(0.2168616981 -0.0002241709426 0.02568744571)
(0.2168616981 0.0002303627515 0.02639695672)
(0.2168616981 -0.0002303627515 0.02639695672)
(0.2168616981 0.0002363639187 0.02708462237)
(0.2168616981 -0.0002363639187 0.02708462237)
(0.2168616981 0.0002421926873 0.02775253311)
(0.2168616981 -0.0002421926873 0.02775253311)
(0.2168616981 0.0002478432601 0.02840002461)
(0.2168616981 -0.0002478432601 0.02840002461)
(0.05640697791 0.001844532137 0.2113624477)
(0.05640697791 -0.001844532137 0.2113624477)
(0.2168616981 0.0002533194564 0.02902753456)
(0.2168616981 -0.0002533194564 0.02902753456)
(0.2168616981 0.0002592349365 0.02970538143)
(0.2168616981 -0.0002592349365 0.02970538143)
(0.216861698 0.0002654428301 0.03041673558)
(0.216861698 -0.0002654428301 0.03041673558)
(0.1366531415 0.00149362553 0.1711525332)
(0.1366531415 -0.00149362553 0.1711525332)
(0.2168616979 0.0002720238255 0.03117084297)
(0.2168616979 -0.0002720238255 0.03117084297)
(0.2168616979 0.0002790193366 0.03197244914)
(0.2168616979 -0.0002790193366 0.03197244914)
(0.2168616978 0.0002866289523 0.03284442472)
(0.2168616978 -0.0002866289523 0.03284442472)
(0.2168616977 0.0002952663799 0.0338341759)
(0.2168616977 -0.0002952663799 0.0338341759)
(0.2168616976 0.0003052754932 0.03498110667)
(0.2168616976 -0.0003052754932 0.03498110667)
(0.2168616975 0.0003171026238 0.0363363616)
(0.2168616975 -0.0003171026238 0.0363363616)
(0.2168616974 0.00033133258 0.03796695308)
(0.2168616974 -0.00033133258 0.03796695308)
(0.1889351533 0.0009920545181 0.1136781881)
(0.1889351533 -0.0009920545181 0.1136781881)
(0.2168616973 0.0003487376617 0.03996137789)
(0.2168616973 -0.0003487376617 0.03996137789)
(0.2168616971 0.0003703444608 0.04243727184)
(0.2168616971 -0.0003703444608 0.04243727184)
(-0.1729265608 0.001200962561 0.1376166787)
(-0.1729265608 -0.001200962561 0.1376166787)
(-0.03237857162 0.001908709982 0.2187165003)
(-0.03237857162 -0.001908709982 0.2187165003)
(0.2168616969 0.0003975250558 0.04555185953)
(0.2168616969 -0.0003975250558 0.04555185953)
(0.06443047402 0.001852279633 0.2122502228)
(0.06443047402 -0.001852279633 0.2122502228)
(0.2168616967 0.0004321217518 0.04951624822)
(0.2168616967 -0.0004321217518 0.04951624822)
(0.2168616964 0.0004766181181 0.05461502677)
(0.2168616964 -0.0004766181181 0.05461502677)
(0.1753184936 0.001213874794 0.139096274)
(0.1753184936 -0.001213874794 0.139096274)
(0.2028075789 0.000829095272 0.09500490802)
(0.2028075789 -0.000829095272 0.09500490802)
(-0.1965959942 0.0009420295073 0.1079458896)
(-0.1965959942 -0.0009420295073 0.1079458896)
(-0.1965959896 0.0009438945441 0.1081596016)
(-0.1965959896 -0.0009438945441 0.1081596016)
(-0.196595984 0.0009461504549 0.1084181034)
(-0.196595984 -0.0009461504549 0.1084181034)
(-0.1965959769 0.0009490468595 0.1087499985)
(-0.1965959769 -0.0009490468595 0.1087499985)
(-0.1965959675 0.0009529025556 0.1091918175)
(-0.1965959675 -0.0009529025556 0.1091918175)
(-0.1965959546 0.0009581410286 0.1097920871)
(-0.1965959546 -0.0009581410286 0.1097920871)
(0.216861696 0.0005342848241 0.06122297676)
(0.216861696 -0.0005342848241 0.06122297676)
(0.07302597208 0.001860579455 0.2132012881)
(0.07302597208 -0.001860579455 0.2132012881)
(-0.196595937 0.0009653375452 0.1106167262)
(-0.196595937 -0.0009653375452 0.1106167262)
(-0.1965959126 0.0009752831468 0.1117563793)
(-0.1965959126 -0.0009752831468 0.1117563793)
(-0.1965958788 0.0009890727829 0.1133365151)
(-0.1965958788 -0.0009890727829 0.1133365151)
(0.2168616955 0.0006095909864 0.06985220824)
(0.2168616955 -0.0006095909864 0.06985220824)
(0.1491196995 0.001505235886 0.1724829483)
(0.1491196995 -0.001505235886 0.1724829483)
(-0.1965958317 0.001008227589 0.1155314384)
(-0.1965958317 -0.001008227589 0.1155314384)
(-0.17293184 0.001302618582 0.1492653049)
(-0.17293184 -0.001302618582 0.1492653049)
(0.08220233885 0.001869440163 0.2142166248)
(0.08220233885 -0.001869440163 0.2142166248)
(-0.1965957662 0.001034865258 0.1185838129)
(-0.1965957662 -0.001034865258 0.1185838129)
(0.2310193823 0 0)
(0.2310193823 4.875342362e-06 0.0005586589)
(0.2310193823 -4.875342362e-06 0.0005586589)
(0.2310193823 1.09203911e-05 0.001251352874)
(0.2310193823 -1.09203911e-05 0.001251352874)
(0.2310193823 1.839931696e-05 0.002108352894)
(0.2310193823 -1.839931696e-05 0.002108352894)
(0.2310193823 2.754968561e-05 0.003156881285)
(0.2310193823 -2.754968561e-05 0.003156881285)
(0.2310193823 3.850355495e-05 0.004412070385)
(0.2310193823 -3.850355495e-05 0.004412070385)
(0.2310193823 5.119027274e-05 0.005865824251)
(0.2310193823 -5.119027274e-05 0.005865824251)
(0.2310193823 6.52650674e-05 0.007478635972)
(0.2310193823 -6.52650674e-05 0.007478635972)
(0.2310193823 8.012417893e-05 0.009181321504)
(0.2310193823 -8.012417893e-05 0.009181321504)
(0.2310193823 9.503461674e-05 0.01088988845)
(0.2310193823 -9.503461674e-05 0.01088988845)
(0.2310193823 0.0001093291249 0.01252787684)
(0.2310193823 -0.0001093291249 0.01252787684)
(0.2310193823 0.0001225642126 0.01404446768)
(0.2310193823 -0.0001225642126 0.01404446768)
(0.2310193823 0.000134569643 0.01542015374)
(0.2310193823 -0.000134569643 0.01542015374)
(0.216861695 0.0007087176511 0.08121099894)
(0.216861695 -0.0007087176511 0.08121099894)
(0.2310193823 0.000145396977 0.01666084333)
(0.2310193823 -0.000145396977 0.01666084333)
(0.2310193823 0.0001552245023 0.01778696618)
(0.2310193823 -0.0001552245023 0.01778696618)
(0.2310193823 0.0001642707583 0.01882356444)
(0.2310193823 -0.0001642707583 0.01882356444)
(-0.196595675 0.001071938069 0.1228319363)
(-0.196595675 -0.001071938069 0.1228319363)
(0.2310193823 0.0001727389968 0.01979392846)
(0.2310193823 -0.0001727389968 0.01979392846)
(0.2310193823 0.0001807914907 0.02071665287)
(0.2310193823 -0.0001807914907 0.02071665287)
(0.2310193823 0.0001885437313 0.02160497165)
(0.2310193823 -0.0001885437313 0.02160497165)
(0.2310193823 0.0001960688823 0.02246726855)
(0.2310193823 -0.0001960688823 0.02246726855)
(0.2310193823 0.0002034061077 0.02330803131)
(0.2310193823 -0.0002034061077 0.02330803131)
(0.2310193823 0.0002105693829 0.02412886133)
(0.2310193823 -0.0002105693829 0.02412886133)
(0.2310193823 0.000217555324 0.0249293709)
(0.2310193823 -0.000217555324 0.0249293709)
(0.2310193823 0.0002243495917 0.02570791687)
(0.2310193823 -0.0002243495917 0.02570791687)
(0.2310193823 0.0002309318774 0.02646217209)
(0.2310193823 -0.0002309318774 0.02646217209)
(0.2310193823 0.0002373110591 0.02719315392)
(0.2310193823 -0.0002373110591 0.02719315392)
(0.2310193823 0.0002435003037 0.0279023711)
(0.2310193823 -0.0002435003037 0.0279023711)
(0.2310193823 0.00024949096 0.02858883232)
(0.2310193823 -0.00024949096 0.02858883232)
(0.2310193823 0.0002552840658 0.02925265649)
(0.2310193823 -0.0002552840658 0.02925265649)
(0.2310193823 0.000261530055 0.02996837597)
(0.2310193823 -0.000261530055 0.02996837597)
(0.2310193822 0.0002680696535 0.03071773973)
(0.2310193822 -0.0002680696535 0.03071773973)
(0.2028075779 0.00100367526 0.1150097932)
(0.2028075779 -0.00100367526 0.1150097932)
(0.2310193821 0.0002749876955 0.03151046883)
(0.2310193821 -0.0002749876955 0.03151046883)
(0.2310193821 0.0002823302817 0.03235184586)
(0.2310193821 -0.0002823302817 0.03235184586)
(0.231019382 0.0002902992751 0.03326500206)
(0.231019382 -0.0002902992751 0.03326500206)
(-0.05278481991 0.00198440439 0.2273902203)
(-0.05278481991 -0.00198440439 0.2273902203)
(0.2310193819 0.0002993131961 0.0342978951)
(0.2310193819 -0.0002993131961 0.0342978951)
(0.2310193818 0.0003097201802 0.03549041736)
(0.2310193818 -0.0003097201802 0.03549041736)
(0.2310193817 0.0003219708873 0.03689420934)
(0.2310193817 -0.0003219708873 0.03689420934)
(0.09196259241 0.001878864674 0.2152965667)
(0.09196259241 -0.001878864674 0.2152965667)
(0.2310193816 0.000336654456 0.03857677966)
(0.2310193816 -0.000336654456 0.03857677966)
(-0.1104817763 0.00180543299 0.2068821292)
(-0.1104817763 -0.00180543299 0.2068821292)
(0.2310193814 0.0003545474187 0.0406271101)
(0.2310193814 -0.0003545474187 0.0406271101)
(-0.1965955479 0.001123566118 0.1287479248)
(-0.1965955479 -0.001123566118 0.1287479248)
(0.2310193813 0.0003766803515 0.043163293)
(0.2310193813 -0.0003766803515 0.043163293)
(0.1889351521 0.001225958749 0.1404809582)
(0.1889351521 -0.001225958749 0.1404809582)
(-0.1422110254 0.001639419522 0.1878588699)
(-0.1422110254 -0.001639419522 0.1878588699)
(0.2310193811 0.0004044288494 0.04634295592)
(0.2310193811 -0.0004044288494 0.04634295592)
(0.2310193808 0.0004396379526 0.05037751953)
(0.2310193808 -0.0004396379526 0.05037751953)
(0.2168616942 0.0008401268674 0.09626900365)
(0.2168616942 -0.0008401268674 0.09626900365)
(0.2310193805 0.0004847927448 0.05555174621)
(0.2310193805 -0.0004847927448 0.05555174621)
(0.162026113 0.00151725589 0.1738603043)
(0.162026113 -0.00151725589 0.1738603043)
(0.2310193801 0.0005431577479 0.06223971312)
(0.2310193801 -0.0005431577479 0.06223971312)
(-0.172939193 0.001444094841 0.1654768784)
(-0.172939193 -0.001444094841 0.1654768784)
(0.1023030523 0.001888849432 0.2164407067)
(0.1023030523 -0.001888849432 0.2164407067)
(-0.1965953707 0.001195504695 0.1369912692)
(-0.1965953707 -0.001195504695 0.1369912692)
(0.2310193796 0.0006191931025 0.07095250177)
(0.2310193796 -0.0006191931025 0.07095250177)
(-0.2169670861 0.0009420295073 0.1079458896)
(-0.2169670861 -0.0009420295073 0.1079458896)
(-0.2169670824 0.0009438839291 0.1081583853)
(-0.2169670824 -0.0009438839291 0.1081583853)
(-0.216967078 0.0009460971085 0.1084119905)
(-0.216967078 -0.0009460971085 0.1084119905)
(-0.2169670723 0.0009489175287 0.1087351787)
(-0.2169670723 -0.0009489175287 0.1087351787)
(-0.2169670648 0.0009526603022 0.109164058)
(-0.2169670648 -0.0009526603022 0.109164058)
(-0.2169670547 0.0009577427596 0.10974645)
(-0.2169670547 -0.0009577427596 0.10974645)
(-0.2169670408 0.0009647315103 0.1105472815)
(-0.2169670408 -0.0009647315103 0.1105472815)
(-0.2169670214 0.0009744063536 0.1116559087)
(-0.2169670214 -0.0009744063536 0.1116559087)
(-0.2169669946 0.0009878483509 0.113196209)
(-0.2169669946 -0.0009878483509 0.113196209)
(0.2452001713 0 0)
(0.2452001713 4.857824347e-06 0.0005566515343)
(0.2452001713 -4.857824347e-06 0.0005566515343)
(0.2452001713 1.083559361e-05 0.001241636045)
(0.2452001713 -1.083559361e-05 0.001241636045)
(0.2452001713 1.818118347e-05 0.002083357271)
(0.2452001713 -1.818118347e-05 0.002083357271)
(0.2452001713 2.711760266e-05 0.003107369483)
(0.2452001713 -2.711760266e-05 0.003107369483)
(0.2452001713 3.776949759e-05 0.004327955744)
(0.2452001713 -3.776949759e-05 0.004327955744)
(0.2452001713 5.007261736e-05 0.005737753631)
(0.2452001713 -5.007261736e-05 0.005737753631)
(0.231019379 0.0007190710683 0.08239738304)
(0.231019379 -0.0007190710683 0.08239738304)
(0.2452001713 6.370727764e-05 0.007300130946)
(0.2452001713 -6.370727764e-05 0.007300130946)
(0.1132125685 0.001899383672 0.217647811)
(0.1132125685 -0.001899383672 0.217647811)
(0.2452001713 7.81123618e-05 0.008950790095)
(0.2452001713 -7.81123618e-05 0.008950790095)
(0.2452001713 9.260600254e-05 0.01061159682)
(0.2452001713 -9.260600254e-05 0.01061159682)
(0.2452001713 0.0001065669538 0.01221136339)
(0.2452001713 -0.0001065669538 0.01221136339)
(0.2452001713 0.0001195815956 0.01370269362)
(0.2452001713 -0.0001195815956 0.01370269362)
(0.2452001713 0.0001314899328 0.0150672539)
(0.2452001713 -0.0001314899328 0.0150672539)
(-0.2169669572 0.001006562169 0.1153406002)
(-0.2169669572 -0.001006562169 0.1153406002)
(0.2452001713 0.0001423376653 0.01631028092)
(0.2452001713 -0.0001423376653 0.01631028092)
(0.2452001713 0.000152287689 0.01745044071)
(0.2452001713 -0.000152287689 0.01745044071)
(0.2452001713 0.000161539627 0.0185106078)
(0.2452001713 -0.000161539627 0.0185106078)
(0.2452001713 0.0001702781831 0.01951194714)
(0.2452001713 -0.0001702781831 0.01951194714)
(0.2452001713 0.0001786493069 0.02047118292)
(0.2452001713 -0.0001786493069 0.02047118292)
(0.2168616932 0.001015448201 0.1163588386)
(0.2168616932 -0.001015448201 0.1163588386)
(0.2452001713 0.0001867549014 0.02139999205)
(0.2452001713 -0.0001867549014 0.02139999205)
(0.2452001713 0.0001946571029 0.02230549466)
(0.2452001713 -0.0001946571029 0.02230549466)
(0.2452001713 0.0002023861874 0.02319116001)
(0.2452001713 -0.0002023861874 0.02319116001)
(-0.1965951234 0.001295801136 0.148484103)
(-0.1965951234 -0.001295801136 0.148484103)
(0.2452001713 0.0002099489387 0.02405776548)
(0.2452001713 -0.0002099489387 0.02405776548)
(0.2452001713 0.0002173361072 0.02490425114)
(0.2452001713 -0.0002173361072 0.02490425114)
(0.2452001713 0.0002245285324 0.02572842144)
(0.2452001713 -0.0002245285324 0.02572842144)
(0.2452001713 0.0002315019321 0.02652749389)
(0.2452001713 -0.0002315019321 0.02652749389)
(0.2452001713 0.0002382597453 0.02730186258)
(0.2452001713 -0.0002382597453 0.02730186258)
(0.2452001713 0.000244810054 0.02805245362)
(0.2452001713 -0.000244810054 0.02805245362)
(0.2452001713 0.0002511413489 0.02877794816)
(0.2452001713 -0.0002511413489 0.02877794816)
(0.2452001713 0.0002572518813 0.02947814581)
(0.2452001713 -0.0002572518813 0.02947814581)
(0.2452001712 0.0002638289192 0.03023179971)
(0.2452001712 -0.0002638289192 0.03023179971)
(-0.216966905 0.001032646789 0.1183296016)
(-0.216966905 -0.001032646789 0.1183296016)
(0.2452001712 0.0002707007637 0.0310192351)
(0.2452001712 -0.0002707007637 0.0310192351)
(0.2452001711 0.0002779564024 0.03185064894)
(0.2452001711 -0.0002779564024 0.03185064894)
(0.245200171 0.00028564663 0.03273186174)
(0.245200171 -0.00028564663 0.03273186174)
(0.2452001709 0.0002939755877 0.03368626576)
(0.2452001709 -0.0002939755877 0.03368626576)
(0.2028075767 0.001238269682 0.1418916513)
(0.2028075767 -0.001238269682 0.1418916513)
(0.2452001709 0.0003033666165 0.03476237107)
(0.2452001709 -0.0003033666165 0.03476237107)
(0.2452001708 0.0003141721207 0.03600055921)
(0.2452001708 -0.0003141721207 0.03600055921)
(0.1753184922 0.00152963535 0.17527885)
(0.1753184922 -0.00152963535 0.17527885)
(0.2452001706 0.0003268470955 0.03745296747)
(0.2452001706 -0.0003268470955 0.03745296747)
(0.2452001705 0.0003419850171 0.03918760146)
(0.2452001705 -0.0003419850171 0.03918760146)
(0.2452001704 0.000360366657 0.04129392876)
(0.2452001704 -0.000360366657 0.04129392876)
(0.2452001702 0.0003830265822 0.04389049901)
(0.2452001702 -0.0003830265822 0.04389049901)
(-0.2169668321 0.001069034359 0.1224992041)
(-0.2169668321 -0.001069034359 0.1224992041)
(0.24520017 0.0004113439098 0.04713534335)
(0.24520017 -0.0004113439098 0.04713534335)
(0.2452001697 0.0004471664196 0.05124019639)
(0.2452001697 -0.0004471664196 0.05124019639)
(0.2310193781 0.0008512397577 0.09754241475)
(0.2310193781 -0.0008512397577 0.09754241475)
(0.2452001694 0.0004929807122 0.05648999434)
(0.2452001694 -0.0004929807122 0.05648999434)
(-0.07955329308 0.002084030542 0.2388062466)
(-0.07955329308 -0.002084030542 0.2388062466)
(0.124671878 0.001910448792 0.2189157482)
(0.124671878 -0.001910448792 0.2189157482)
(-0.2169667303 0.001119825026 0.1283192381)
(-0.2169667303 -0.001119825026 0.1283192381)
(0.2452001689 0.0005520451519 0.06325810875)
(0.2452001689 -0.0005520451519 0.06325810875)
(-0.1729494422 0.001641147453 0.1880568713)
(-0.1729494422 -0.001641147453 0.1880568713)
(0.2452001684 0.0006288108889 0.07205459092)
(0.2452001684 -0.0006288108889 0.07205459092)
(-0.2169665881 0.001190757103 0.136447249)
(-0.2169665881 -0.001190757103 0.136447249)
(-0.1965947781 0.001435720167 0.1645172358)
(-0.1965947781 -0.001435720167 0.1645172358)
(0.1889351506 0.001542316819 0.1767320023)
(0.1889351506 -0.001542316819 0.1767320023)
(0.2452001677 0.0007294413819 0.08358570328)
(0.2452001677 -0.0007294413819 0.08358570328)
(0.13665314 0.001922017911 0.2202414378)
(0.13665314 -0.001922017911 0.2202414378)
(0.2310193771 0.001027307901 0.1177178256)
(0.2310193771 -0.001027307901 0.1177178256)
(0.2593230752 0 0)
(0.2593230752 4.840377839e-06 0.0005546523626)
(0.2593230752 -4.840377839e-06 0.0005546523626)
(0.2593230752 1.075114227e-05 0.00123195888)
(0.2593230752 -1.075114227e-05 0.00123195888)
(0.2593230752 1.796394038e-05 0.002058463679)
(0.2593230752 -1.796394038e-05 0.002058463679)
(0.2593230752 2.668728345e-05 0.003058059786)
(0.2593230752 -2.668728345e-05 0.003058059786)
(0.2593230752 3.703843662e-05 0.004244184454)
(0.2593230752 -3.703843662e-05 0.004244184454)
(0.2593230752 4.895952419e-05 0.005610205786)
(0.2593230752 -4.895952419e-05 0.005610205786)
(0.2593230752 6.215584668e-05 0.007122354567)
(0.2593230752 -6.215584668e-05 0.007122354567)
(0.2593230752 7.610875679e-05 0.008721199701)
(0.2593230752 -7.610875679e-05 0.008721199701)
(0.2593230752 9.01873018e-05 0.01033444117)
(0.2593230752 -9.01873018e-05 0.01033444117)
(0.2593230752 0.0001038160578 0.01189614192)
(0.2593230752 -0.0001038160578 0.01189614192)
(0.2593230752 0.0001166111534 0.01336231466)
(0.2593230752 -0.0001166111534 0.01336231466)
(0.2593230752 0.0001284227938 0.01471579458)
(0.2593230752 -0.0001284227938 0.01471579458)
(0.2593230752 0.0001392908414 0.01596114949)
(0.2593230752 -0.0001392908414 0.01596114949)
(0.2593230752 0.0001493628635 0.01711528891)
(0.2593230752 -0.0001493628635 0.01711528891)
(0.2168616918 0.001250741853 0.1433208206)
(0.2168616918 -0.001250741853 0.1433208206)
(0.2593230752 0.0001588196441 0.01819892863)
(0.2593230752 -0.0001588196441 0.01819892863)
(0.2593230752 0.0001678274143 0.01923111685)
(0.2593230752 -0.0001678274143 0.01923111685)
(0.2593230752 0.0001765158673 0.02022671496)
(0.2593230752 -0.0001765158673 0.02022671496)
(0.2593230752 0.0001849733734 0.02119584916)
(0.2593230752 -0.0001849733734 0.02119584916)
(0.2593230752 0.0001932510863 0.02214438111)
(0.2593230752 -0.0001932510863 0.02214438111)
(0.2593230752 0.0002013704303 0.02307476577)
(0.2593230752 -0.0002013704303 0.02307476577)
(0.2593230752 0.0002093310272 0.02398695984)
(0.2593230752 -0.0002093310272 0.02398695984)
(0.2593230752 0.0002171177852 0.02487923392)
(0.2593230752 -0.0002171177852 0.02487923392)
(0.2593230752 0.0002247067426 0.0257488423)
(0.2593230752 -0.0002247067426 0.0257488423)
(0.2593230752 0.0002320696598 0.02659254905)
(0.2593230752 -0.0002320696598 0.02659254905)
(0.2593230752 0.0002392045589 0.02741012751)
(0.2593230752 -0.0002392045589 0.02741012751)
(0.2593230752 0.0002461144581 0.02820192352)
(0.2593230752 -0.0002461144581 0.02820192352)
(0.2593230752 0.000252785001 0.02896629203)
(0.2593230752 -0.000252785001 0.02896629203)
(0.2593230752 0.0002592116643 0.0297027147)
(0.2593230752 -0.0002592116643 0.0297027147)
(-0.2376505466 0.0009420295073 0.1079458896)
(-0.2376505466 -0.0009420295073 0.1079458896)
(-0.2376505437 0.0009438730988 0.1081571443)
(-0.2376505437 -0.0009438730988 0.1081571443)
(0.2593230751 0.0002661183995 0.03049414816)
(0.2593230751 -0.0002661183995 0.03049414816)
(0.259323075 0.000273321134 0.03131949979)
(0.259323075 -0.000273321134 0.03131949979)
(-0.2376505404 0.0009460425807 0.1084057423)
(-0.2376505404 -0.0009460425807 0.1084057423)
(0.2593230749 0.0002809129912 0.03218944046)
(0.2593230749 -0.0002809129912 0.03218944046)
(-0.2376505362 0.0009487852778 0.1087200242)
(-0.2376505362 -0.0009487852778 0.1087200242)
(0.2593230749 0.0002889494413 0.03311032642)
(0.2593230749 -0.0002889494413 0.03311032642)
(-0.2376505307 0.0009524125367 0.1091356669)
(-0.2376505307 -0.0009524125367 0.1091356669)
(0.2593230748 0.0002976368938 0.03410580989)
(0.2593230748 -0.0002976368938 0.03410580989)
(0.2593230747 0.000307403491 0.03522495108)
(0.2593230747 -0.000307403491 0.03522495108)
(-0.1422795254 0.001916858802 0.2196502625)
(-0.1422795254 -0.001916858802 0.2196502625)
(-0.2376505231 0.0009573353957 0.1096997707)
(-0.2376505231 -0.0009573353957 0.1096997707)
(0.2593230746 0.0003186058887 0.0365086187)
(0.2593230746 -0.0003186058887 0.0365086187)
(-0.2376505127 0.0009641116145 0.1104762485)
(-0.2376505127 -0.0009641116145 0.1104762485)
(0.2593230745 0.0003317033994 0.03800944478)
(0.2593230745 -0.0003317033994 0.03800944478)
(0.2593230743 0.0003472938191 0.03979592992)
(0.2593230743 -0.0003472938191 0.03979592992)
(-0.2169663891 0.001289868387 0.1478042773)
(-0.2169663891 -0.001289868387 0.1478042773)
(-0.2376504983 0.0009735095 0.1115531395)
(-0.2376504983 -0.0009735095 0.1115531395)
(0.2593230742 0.0003661621415 0.04195802551)
(0.2593230742 -0.0003661621415 0.04195802551)
(0.259323074 0.0003893469079 0.0446147366)
(0.259323074 -0.0003893469079 0.0446147366)
(-0.2376504783 0.0009865959192 0.1130526946)
(-0.2376504783 -0.0009865959192 0.1130526946)
(0.2593230737 0.0004182307432 0.0479244963)
(0.2593230737 -0.0004182307432 0.0479244963)
(-0.2376504503 0.001004858712 0.1151454033)
(-0.2376504503 -0.001004858712 0.1151454033)
(0.2452001669 0.0008623707838 0.09881790401)
(0.2452001669 -0.0008623707838 0.09881790401)
(0.2593230734 0.0004546641558 0.05209935186)
(0.2593230734 -0.0004546641558 0.05209935186)
(-0.2376504111 0.001030377748 0.1180695952)
(-0.2376504111 -0.001030377748 0.1180695952)
(0.2593230731 0.0005011352568 0.05742441259)
(0.2593230731 -0.0005011352568 0.05742441259)
(0.1491196978 0.001934055631 0.221620824)
(0.1491196978 -0.001934055631 0.221620824)
(0.2593230727 0.000560896278 0.06427234734)
(0.2593230727 -0.000560896278 0.06427234734)
(-0.2376503563 0.001066064626 0.1221589065)
(-0.2376503563 -0.001066064626 0.1221589065)
(0.2593230721 0.000638389416 0.07315218142)
(0.2593230721 -0.000638389416 0.07315218142)
(-0.2376502796 0.001115999154 0.1278808366)
(-0.2376502796 -0.001115999154 0.1278808366)
(0.2028075751 0.001555236488 0.1782124497)
(0.2028075751 -0.001555236488 0.1782124497)
(-0.1965942957 0.00163105141 0.1868999793)
(-0.1965942957 -0.00163105141 0.1868999793)
(-0.2169661109 0.001428428183 0.1636816572)
(-0.2169661109 -0.001428428183 0.1636816572)
(-1.165668951e-17 0.002374670284 0.2721102622)
(-1.165668951e-17 -0.002374670284 0.2721102622)
(0.003177746416 0.002377803043 0.2724692409)
(0.003177746416 -0.002377803043 0.2724692409)
(0.2452001657 0.001039186955 0.1190790303)
(0.2452001657 -0.001039186955 0.1190790303)
(0.2310193757 0.001263305936 0.1447605219)
(0.2310193757 -0.001263305936 0.1447605219)
(0.2593230714 0.0007397693644 0.08476917286)
(0.2593230714 -0.0007397693644 0.08476917286)
(0.00666735206 0.002381243246 0.2728634492)
(0.00666735206 -0.002381243246 0.2728634492)
(0.2733084193 0 0)
(0.2733084193 4.823101264e-06 0.0005526726631)
(0.2733084193 -4.823101264e-06 0.0005526726631)
(0.2733084193 1.06675135e-05 0.001222375972)
(0.2733084193 -1.06675135e-05 0.001222375972)
(0.2733084193 1.774881328e-05 0.002033812554)
(0.2733084193 -1.774881328e-05 0.002033812554)
(0.2733084193 2.626115563e-05 0.003009230374)
(0.2733084193 -2.626115563e-05 0.003009230374)
(0.2733084193 3.631449631e-05 0.004161229111)
(0.2733084193 -3.631449631e-05 0.004161229111)
(0.2733084193 4.785727275e-05 0.005483900282)
(0.2733084193 -4.785727275e-05 0.005483900282)
(0.2733084193 6.061952695e-05 0.006946309763)
(0.2733084193 -6.061952695e-05 0.006946309763)
(-0.003443753871 0.00238587082 0.2733937166)
(-0.003443753871 -0.00238587082 0.2733937166)
(0.2733084193 7.412466726e-05 0.00849384556)
(0.2733084193 -7.412466726e-05 0.00849384556)
(0.2733084193 8.779215965e-05 0.01005998506)
(0.2733084193 -8.779215965e-05 0.01005998506)
(0.01049401969 0.00238501574 0.2732957341)
(0.01049401969 -0.00238501574 0.2732957341)
(0.2733084193 0.000101091956 0.01158399077)
(0.2733084193 -0.000101091956 0.01158399077)
(0.2733084193 0.0001136696439 0.01302525105)
(0.2733084193 -0.0001136696439 0.01302525105)
(0.2733084193 0.0001253855293 0.01436775854)
(0.2733084193 -0.0001253855293 0.01436775854)
(0.2733084193 0.0001362736942 0.01561541866)
(0.2733084193 -0.0001362736942 0.01561541866)
(-0.2376501721 0.001185902375 0.1358909523)
(-0.2376501721 -0.001185902375 0.1358909523)
(0.2733084193 0.0001464665265 0.01678340155)
(0.2733084193 -0.0001464665265 0.01678340155)
(0.2733084193 0.0001561261543 0.01789028527)
(0.2733084193 -0.0001561261543 0.01789028527)
(0.2733084193 0.0001654005164 0.0189530219)
(0.2733084193 -0.0001654005164 0.0189530219)
(0.2733084193 0.0001744032079 0.01998462816)
(0.2733084193 -0.0001744032079 0.01998462816)
(0.2733084193 0.0001832091978 0.02099369467)
(0.2733084193 -0.0001832091978 0.02099369467)
(0.01468381954 0.002389146225 0.2737690409)
(0.01468381954 -0.002389146225 0.2737690409)
(0.2733084193 0.0001918587646 0.02198483685)
(0.2733084193 -0.0001918587646 0.02198483685)
(0.2733084193 0.0002003645668 0.02295950524)
(0.2733084193 -0.0002003645668 0.02295950524)
(0.2733084193 0.0002087191343 0.02391684385)
(0.2733084193 -0.0002087191343 0.02391684385)
(0.2733084193 0.0002169015897 0.02485446037)
(0.2733084193 -0.0002169015897 0.02485446037)
(0.2733084193 0.000224883217 0.02576906427)
(0.2733084193 -0.000224883217 0.02576906427)
(0.2733084193 0.0002326318578 0.02665697056)
(0.2733084193 -0.0002326318578 0.02665697056)
(0.2733084193 0.0002401401699 0.02751733791)
(0.2733084193 -0.0002401401699 0.02751733791)
(0.2733084193 0.0002474061569 0.02834993755)
(0.2733084193 -0.0002474061569 0.02834993755)
(0.2733084193 0.0002544126436 0.0291528014)
(0.2733084193 -0.0002544126436 0.0291528014)
(0.2733084193 0.0002611523586 0.02992509625)
(0.2733084193 -0.0002611523586 0.02992509625)
(0.01926344805 0.00239366102 0.2742863851)
(0.01926344805 -0.00239366102 0.2742863851)
(0.2733084192 0.0002683855798 0.0307539413)
(0.2733084192 -0.0002683855798 0.0307539413)
(0.2733084192 0.0002759159813 0.03161683984)
(0.2733084192 -0.0002759159813 0.03161683984)
(-0.1105688434 0.002199510743 0.2520389669)
(-0.1105688434 -0.002199510743 0.2520389669)
(0.2733084191 0.0002838407823 0.03252493209)
(0.2733084191 -0.0002838407823 0.03252493209)
(0.273308419 0.0002922200825 0.03348510479)
(0.273308419 -0.0002922200825 0.03348510479)
(0.2733084189 0.0003012625382 0.03452126757)
(0.2733084189 -0.0003012625382 0.03452126757)
(0.2733084188 0.0003114010457 0.03568302547)
(0.2733084188 -0.0003114010457 0.03568302547)
(0.1620261112 0.001946518076 0.2230488788)
(0.1620261112 -0.001946518076 0.2230488788)
(-0.009144130987 0.002404617431 0.2755418655)
(-0.009144130987 -0.002404617431 0.2755418655)
(0.2733084187 0.000322996471 0.0370117296)
(0.2733084187 -0.000322996471 0.0370117296)
(0.0242599181 0.002398586756 0.2748508185)
(0.0242599181 -0.002398586756 0.2748508185)
(0.2733084186 0.000336512402 0.03856050189)
(0.2733084186 -0.000336512402 0.03856050189)
(0.2733084184 0.0003525509124 0.04039833315)
(0.2733084184 -0.0003525509124 0.04039833315)
(0.2733084183 0.0003719011769 0.04261565383)
(0.2733084183 -0.0003719011769 0.04261565383)
(0.2733084181 0.0003956056725 0.04533191998)
(0.2733084181 -0.0003956056725 0.04533191998)
(0.02970017351 0.002403949994 0.2754653847)
(0.02970017351 -0.002403949994 0.2754653847)
(0.2733084178 0.0004250504977 0.04870596275)
(0.2733084178 -0.0004250504977 0.04870596275)
(0.2593230705 0.0008734563737 0.1000881868)
(0.2593230705 -0.0008734563737 0.1000881868)
(0.2733084175 0.0004620888626 0.052950139)
(0.2733084175 -0.0004620888626 0.052950139)
(0.03561062209 0.002409776769 0.276133067)
(0.03561062209 -0.002409776769 0.276133067)
(0.2733084171 0.0005092103745 0.05834972944)
(0.2733084171 -0.0005092103745 0.05834972944)
(-0.1729637416 0.001915871758 0.2195371585)
(-0.1729637416 -0.001915871758 0.2195371585)
(-0.2376500214 0.001283802472 0.1471091923)
(-0.2376500214 -0.001283802472 0.1471091923)
(-0.01832596371 0.002435132131 0.2790385038)
(-0.01832596371 -0.002435132131 0.2790385038)
(0.04201658351 0.002416092041 0.2768567255)
(0.04201658351 -0.002416092041 0.2768567255)
(-0.258963534 0.0009420295073 0.1079458896)
(-0.258963534 -0.0009420295073 0.1079458896)
(-0.2589635321 0.0009438618834 0.1081558591)
(-0.2589635321 -0.0009438618834 0.1081558591)
(-0.2589635298 0.0009459860103 0.1083992599)
(-0.2589635298 -0.0009459860103 0.1083992599)
(-0.258963527 0.0009486480143 0.1087042954)
(-0.258963527 -0.0009486480143 0.1087042954)
(0.2733084167 0.0005696611926 0.06527670707)
(0.2733084167 -0.0005696611926 0.06527670707)
(-0.2589635234 0.0009521553355 0.1091061946)
(-0.2589635234 -0.0009521553355 0.1091061946)
(-0.2589635184 0.000956912484 0.1096513098)
(-0.2589635184 -0.000956912484 0.1096513098)
(-0.2589635115 0.0009634680364 0.1104025017)
(-0.2589635115 -0.0009634680364 0.1104025017)
(0.2168616901 0.001568325368 0.1797122869)
(0.2168616901 -0.001568325368 0.1797122869)
(-0.2589635019 0.0009725783761 0.1114464432)
(-0.2589635019 -0.0009725783761 0.1114464432)
(0.04894165194 0.002422919072 0.2776390258)
(0.04894165194 -0.002422919072 0.2776390258)
(-0.2589634886 0.0009852956457 0.112903698)
(-0.2589634886 -0.0009852956457 0.112903698)
(0.2733084161 0.0006478746465 0.07423908118)
(0.2733084161 -0.0006478746465 0.07423908118)
(-0.2589634699 0.001003090234 0.1149427558)
(-0.2589634699 -0.001003090234 0.1149427558)
(0.05640697707 0.002430278711 0.2784823569)
(0.05640697707 -0.002430278711 0.2784823569)
(-0.2589634436 0.001028022198 0.117799676)
(-0.2589634436 -0.001028022198 0.117799676)
(0.1753184903 0.001959353211 0.2245196395)
(0.1753184903 -0.001959353211 0.2245196395)
(0.2452001642 0.001275890523 0.1462025727)
(0.2452001642 -0.001275890523 0.1462025727)
(-0.2169657214 0.00162225405 0.1858919017)
(-0.2169657214 -0.00162225405 0.1858919017)
(0.2593230692 0.001051017519 0.1204346788)
(0.2593230692 -0.001051017519 0.1204346788)
(-0.2589634069 0.001062981849 0.1218056552)
(-0.2589634069 -0.001062981849 0.1218056552)
(-0.0324825926 0.002482624446 0.2844805839)
(-0.0324825926 -0.002482624446 0.2844805839)
(0.2733084153 0.0007499967505 0.08594111522)
(0.2733084153 -0.0007499967505 0.08594111522)
(0.06443047307 0.002438188619 0.2793887425)
(0.06443047307 -0.002438188619 0.2793887425)
(0.2870796228 0 0)
(0.2870796228 4.806089224e-06 0.0005507232764)
(0.2870796228 -4.806089224e-06 0.0005507232764)
(0.2870796228 1.058516523e-05 0.001212939795)
(0.2870796228 -1.058516523e-05 0.001212939795)
(0.2870796228 1.753698016e-05 0.002009538883)
(0.2870796228 -1.753698016e-05 0.002009538883)
(0.2870796228 2.584155259e-05 0.002961148628)
(0.2870796228 -2.584155259e-05 0.002961148628)
(0.2870796228 3.560164082e-05 0.004079543963)
(0.2870796228 -3.560164082e-05 0.004079543963)
(0.2870796228 4.677189875e-05 0.005359528741)
(0.2870796228 -4.677189875e-05 0.005359528741)
(0.2870796228 5.910673102e-05 0.00677296052)
(0.2870796228 -5.910673102e-05 0.00677296052)
(0.2870796228 7.217095769e-05 0.008269972619)
(0.2870796228 -7.217095769e-05 0.008269972619)
(0.2870796228 8.543369142e-05 0.009789731373)
(0.2870796228 -8.543369142e-05 0.009789731373)
(0.2870796228 9.840956503e-05 0.01127661921)
(0.2870796228 -9.840956503e-05 0.01127661921)
(0.2870796228 0.0001107731742 0.0126933485)
(0.2870796228 -0.0001107731742 0.0126933485)
(0.2870796228 0.0001223947708 0.01402505156)
(0.2870796228 -0.0001223947708 0.01402505156)
(0.2870796228 0.0001333027449 0.0152749816)
(0.2870796228 -0.0001333027449 0.0152749816)
(0.2870796228 0.0001436145375 0.01645659599)
(0.2870796228 -0.0001436145375 0.01645659599)
(0.2870796228 0.0001534739067 0.01758636779)
(0.2870796228 -0.0001534739067 0.01758636779)
(0.2870796228 0.0001630107787 0.01867918508)
(0.2870796228 -0.0001630107787 0.01867918508)
(0.2870796228 0.000172322897 0.01974624815)
(0.2870796228 -0.000172322897 0.01974624815)
(0.2870796228 0.0001814720349 0.02079463552)
(0.2870796228 -0.0001814720349 0.02079463552)
(0.2870796228 0.0001904877619 0.02182773549)
(0.2870796228 -0.0001904877619 0.02182773549)
(0.2870796228 0.000199374105 0.02284600955)
(0.2870796228 -0.000199374105 0.02284600955)
(0.2870796228 0.0002081166106 0.02384780147)
(0.2870796228 -0.0002081166106 0.02384780147)
(-0.2376498103 0.001420973635 0.1628274507)
(-0.2376498103 -0.001420973635 0.1628274507)
(0.2870796228 0.0002166887046 0.02483006615)
(0.2870796228 -0.0002166887046 0.02483006615)
(0.2870796228 0.0002250569893 0.0257889766)
(0.2870796228 -0.0002250569893 0.0257889766)
(0.2870796228 0.0002331854476 0.02672040566)
(0.2870796228 -0.0002331854476 0.02672040566)
(0.2870796228 0.0002410614551 0.02762290673)
(0.2870796228 -0.0002410614551 0.02762290673)
(0.2870796228 0.0002486780776 0.02849568522)
(0.2870796228 -0.0002486780776 0.02849568522)
(0.2870796228 0.0002560153641 0.02933645498)
(0.2870796228 -0.0002560153641 0.02933645498)
(-0.2589633552 0.001112027945 0.1274257811)
(-0.2589633552 -0.001112027945 0.1274257811)
(0.2870796228 0.0002630633375 0.03014407273)
(0.2870796228 -0.0002630633375 0.03014407273)
(0.2870796227 0.0002706180456 0.03100975654)
(0.2870796227 -0.0002706180456 0.03100975654)
(0.2870796226 0.0002784710969 0.03190962708)
(0.2870796226 -0.0002784710969 0.03190962708)
(0.2870796225 0.0002867237437 0.03285528674)
(0.2870796225 -0.0002867237437 0.03285528674)
(0.2870796225 0.0002954406444 0.03385414463)
(0.2870796225 -0.0002954406444 0.03385414463)
(0.2870796224 0.0003048326674 0.03493036386)
(0.2870796224 -0.0003048326674 0.03493036386)
(0.2870796223 0.0003153373907 0.03613408592)
(0.2870796223 -0.0003153373907 0.03613408592)
(0.2870796221 0.0003273198256 0.03750713696)
(0.2870796221 -0.0003273198256 0.03750713696)
(0.073025971 0.002446662431 0.2803597452)
(0.073025971 -0.002446662431 0.2803597452)
(0.287079622 0.0003412477702 0.03910312134)
(0.287079622 -0.0003412477702 0.03910312134)
(0.2870796219 0.0003577275102 0.0409915125)
(0.2870796219 -0.0003577275102 0.0409915125)
(0.2870796217 0.0003775523374 0.04326321268)
(0.2870796217 -0.0003775523374 0.04326321268)
(0.2870796215 0.0004017686042 0.04603812201)
(0.2870796215 -0.0004017686042 0.04603812201)
(0.2870796212 0.0004317658294 0.04947546356)
(0.2870796212 -0.0004317658294 0.04947546356)
(0.2733084144 0.000884433988 0.1013460968)
(0.2733084144 -0.000884433988 0.1013460968)
(0.2870796209 0.0004693998839 0.05378789906)
(0.2870796209 -0.0004693998839 0.05378789906)
(-0.2589632828 0.001180863702 0.1353135776)
(-0.2589632828 -0.001180863702 0.1353135776)
(0.2870796205 0.0005171618478 0.05926087803)
(0.2870796205 -0.0005171618478 0.05926087803)
(0.08220233763 0.002455708888 0.2813963666)
(0.08220233763 -0.002455708888 0.2813963666)
(0.2310193738 0.001581510705 0.1812231768)
(0.2310193738 -0.001581510705 0.1812231768)
(-0.1965936213 0.001903964184 0.2181726856)
(-0.1965936213 -0.001903964184 0.2181726856)
(0.1889351485 0.001972501469 0.2260262807)
(0.1889351485 -0.001972501469 0.2260262807)
(0.28707962 0.0005782919006 0.06626568825)
(0.28707962 -0.0005782919006 0.06626568825)
(0.2870796194 0.0006572146412 0.07530933856)
(0.2870796194 -0.0006572146412 0.07530933856)
(0.09196259105 0.002465330967 0.2824989475)
(0.09196259105 -0.002465330967 0.2824989475)
(-0.05289804856 0.002551624739 0.2923872344)
(-0.05289804856 -0.002551624739 0.2923872344)
(-0.2589631809 0.001277507469 0.1463878564)
(-0.2589631809 -0.001277507469 0.1463878564)
(0.2593230677 0.00128842374 0.1476387371)
(0.2593230677 -0.00128842374 0.1476387371)
(0.2733084131 0.001062732852 0.1217771229)
(0.2733084131 -0.001062732852 0.1217771229)
(-0.1423749612 0.002303133326 0.2639129389)
(-0.1423749612 -0.002303133326 0.2639129389)
(0.2870796186 0.000760067537 0.08709511306)
(0.2870796186 -0.000760067537 0.08709511306)
(0.3005648302 0 0)
(0.3005648302 4.789430484e-06 0.0005488143739)
(0.3005648302 -4.789430484e-06 0.0005488143739)
(0.3005648302 1.050452715e-05 0.001203699586)
(0.3005648302 -1.050452715e-05 0.001203699586)
(0.3005648302 1.732954632e-05 0.00198576932)
(0.3005648302 -1.732954632e-05 0.00198576932)
(0.3005648302 2.543066374e-05 0.002914065429)
(0.3005648302 -2.543066374e-05 0.002914065429)
(0.3005648302 3.49035897e-05 0.003999555228)
(0.3005648302 -3.49035897e-05 0.003999555228)
(0.3005648302 4.570906546e-05 0.005237740109)
(0.3005648302 -4.570906546e-05 0.005237740109)
(0.3005648302 5.762535237e-05 0.00660321134)
(0.3005648302 -5.762535237e-05 0.00660321134)
(0.3005648302 7.025782216e-05 0.008050749)
(0.3005648302 -7.025782216e-05 0.008050749)
(0.3005648302 8.312420312e-05 0.009525090227)
(0.3005648302 -8.312420312e-05 0.009525090227)
(0.3005648302 9.578288115e-05 0.01097563105)
(0.3005648302 -9.578288115e-05 0.01097563105)
(0.3005648302 0.0001079368574 0.01236833879)
(0.3005648302 -0.0001079368574 0.01236833879)
(0.3005648302 0.0001194661234 0.01368946181)
(0.3005648302 -0.0001194661234 0.01368946181)
(0.3005648302 0.0001303934954 0.01494161462)
(0.3005648302 -0.0001303934954 0.01494161462)
(0.3005648302 0.0001408217777 0.01613657741)
(0.3005648302 -0.0001408217777 0.01613657741)
(0.3005648302 0.0001508767401 0.01728876198)
(0.3005648302 -0.0001508767401 0.01728876198)
(-0.2376495141 0.001613262294 0.1848615485)
(-0.2376495141 -0.001613262294 0.1848615485)
(0.3005648302 0.0001606706703 0.01841103522)
(0.3005648302 -0.0001606706703 0.01841103522)
(0.3005648302 0.0001702857894 0.01951281874)
(0.3005648302 -0.0001702857894 0.01951281874)
(-0.2812328598 0.0009420295073 0.1079458896)
(-0.2812328598 -0.0009420295073 0.1079458896)
(0.3005648302 0.0001797709489 0.02059971036)
(0.3005648302 -0.0001797709489 0.02059971036)
(-0.2812328588 0.0009438501046 0.1081545094)
(-0.2812328588 -0.0009438501046 0.1081545094)
(0.3005648302 0.0001891452317 0.02167389677)
(0.3005648302 -0.0001891452317 0.02167389677)
(-0.2812328577 0.0009459264862 0.1083924392)
(-0.2812328577 -0.0009459264862 0.1083924392)
(0.3005648302 0.0001984042127 0.02273487091)
(0.3005648302 -0.0001984042127 0.02273487091)
(0.3005648302 0.0002075265999 0.02378019294)
(0.3005648302 -0.0002075265999 0.02378019294)
(-0.2812328563 0.0009485035208 0.1086877381)
(-0.2812328563 -0.0009485035208 0.1086877381)
(0.1023030508 0.002475525037 0.2836670723)
(0.1023030508 -0.002475525037 0.2836670723)
(0.3005648302 0.0002164802406 0.02480617854)
(0.3005648302 -0.0002164802406 0.02480617854)
(-0.2812328545 0.000951884539 0.1090751644)
(-0.2812328545 -0.000951884539 0.1090751644)
(0.3005648302 0.0002252271527 0.0258084754)
(0.3005648302 -0.0002252271527 0.0258084754)
(0.3005648302 0.0002337275405 0.02678252336)
(0.3005648302 -0.0002337275405 0.02678252336)
(-0.281232852 0.000956467181 0.1096002831)
(-0.281232852 -0.000956467181 0.1096002831)
(0.3005648302 0.0002419636072 0.02772628312)
(0.3005648302 -0.0002419636072 0.02772628312)
(0.3005648302 0.0002499235834 0.02863840605)
(0.3005648302 -0.0002499235834 0.02863840605)
(0.3005648302 0.0002575847999 0.0295162945)
(0.3005648302 -0.0002575847999 0.0295162945)
(0.3005648302 0.0002649346297 0.03035850158)
(0.3005648302 -0.0002649346297 0.03035850158)
(-0.2812328486 0.0009627903593 0.1103248476)
(-0.2812328486 -0.0009627903593 0.1103248476)
(0.3005648301 0.0002728041482 0.03126025908)
(0.3005648301 -0.0002728041482 0.03126025908)
(0.30056483 0.0002809731486 0.03219633381)
(0.30056483 -0.0002809731486 0.03219633381)
(0.3005648299 0.0002895468326 0.03317878069)
(0.3005648299 -0.0002895468326 0.03317878069)
(-0.2812328438 0.0009715979105 0.111334093)
(-0.2812328438 -0.0009715979105 0.111334093)
(0.3005648299 0.0002985943226 0.03421552036)
(0.3005648299 -0.0002985943226 0.03421552036)
(0.3005648298 0.0003083286533 0.03533096416)
(0.3005648298 -0.0003083286533 0.03533096416)
(0.3005648296 0.0003191919868 0.03657577889)
(0.3005648296 -0.0003191919868 0.03657577889)
(0.3005648295 0.0003315533941 0.03799225586)
(0.3005648295 -0.0003315533941 0.03799225586)
(-0.2812328371 0.0009839264856 0.1127468078)
(-0.2812328371 -0.0009839264856 0.1127468078)
(0.3005648294 0.0003458847957 0.03963447183)
(0.3005648294 -0.0003458847957 0.03963447183)
(0.3005648292 0.0003627966021 0.04157237289)
(0.3005648292 -0.0003627966021 0.04157237289)
(-0.2812328277 0.001001228118 0.1147293784)
(-0.2812328277 -0.001001228118 0.1147293784)
(0.300564829 0.0003830861363 0.04389732324)
(0.300564829 -0.0003830861363 0.04389732324)
(0.3005648288 0.000407803546 0.04672965784)
(0.3005648288 -0.000407803546 0.04672965784)
(0.3005648286 0.0004383416993 0.05022898361)
(0.3005648286 -0.0004383416993 0.05022898361)
(-0.2812328145 0.001025542036 0.1175154775)
(-0.2812328145 -0.001025542036 0.1175154775)
(0.2028075728 0.001985896696 0.2275612216)
(0.2028075728 -0.001985896696 0.2275612216)
(0.2870796176 0.0008952435152 0.1025847459)
(0.2870796176 -0.0008952435152 0.1025847459)
(-0.2589630379 0.001413238723 0.1619411176)
(-0.2589630379 -0.001413238723 0.1619411176)
(0.3005648282 0.0004765590722 0.05460826078)
(0.3005648282 -0.0004765590722 0.05460826078)
(0.2452001622 0.001594717559 0.1827365324)
(0.2452001622 -0.001594717559 0.1827365324)
(-0.2812327959 0.00105973618 0.1214337383)
(-0.2812327959 -0.00105973618 0.1214337383)
(0.3005648278 0.0005249481874 0.06015310416)
(0.3005648278 -0.0005249481874 0.06015310416)
(0.1132125668 0.002486280108 0.2848994813)
(0.1132125668 -0.002486280108 0.2848994813)
(-0.2169651758 0.001893578054 0.2169825531)
(-0.2169651758 -0.001893578054 0.2169825531)
(0.3005648273 0.0005867433687 0.06723413058)
(0.3005648273 -0.0005867433687 0.06723413058)
(-0.2812327698 0.00110784722 0.1269467175)
(-0.2812327698 -0.00110784722 0.1269467175)
(0.3005648267 0.0006663606657 0.07635736917)
(0.3005648267 -0.0006663606657 0.07635736917)
(0.2733084114 0.001300834881 0.149060913)
(0.2733084114 -0.001300834881 0.149060913)
(-0.281232733 0.001175559711 0.1347058004)
(-0.281232733 -0.001175559711 0.1347058004)
(0.1246718762 0.002497577189 0.2861939986)
(0.1246718762 -0.002497577189 0.2861939986)
(0.2870796163 0.001074268802 0.1230990118)
(0.2870796163 -0.001074268802 0.1230990118)
(-0.07966503395 0.002642482201 0.3027984683)
(-0.07966503395 -0.002642482201 0.3027984683)
(0.3005648258 0.0007699291766 0.08822514502)
(0.3005648258 -0.0007699291766 0.08822514502)
(0.313698326 0 0)
(0.313698326 4.773206226e-06 0.0005469552581)
(0.313698326 -4.773206226e-06 0.0005469552581)
(0.313698326 1.042599221e-05 0.001194700374)
(0.313698326 -1.042599221e-05 0.001194700374)
(0.313698326 1.712752263e-05 0.001962619698)
(0.313698326 -1.712752263e-05 0.001962619698)
(0.313698326 2.503049139e-05 0.00286821022)
(0.313698326 -2.503049139e-05 0.00286821022)
(0.313698326 3.422374465e-05 0.003921652701)
(0.313698326 -3.422374465e-05 0.003921652701)
(0.313698326 4.467395224e-05 0.005119127882)
(0.313698326 -4.467395224e-05 0.005119127882)
(0.313698326 5.618260999e-05 0.006437889438)
(0.313698326 -5.618260999e-05 0.006437889438)
(0.313698326 6.839458367e-05 0.007837243017)
(0.313698326 -6.839458367e-05 0.007837243017)
(0.313698326 8.087494926e-05 0.009267351263)
(0.313698326 -8.087494926e-05 0.009267351263)
(0.313698326 9.322470457e-05 0.01068249305)
(0.313698326 -9.322470457e-05 0.01068249305)
(0.313698326 0.0001051745155 0.01205180575)
(0.313698326 -0.0001051745155 0.01205180575)
(0.313698326 0.0001166138588 0.01336262467)
(0.313698326 -0.0001166138588 0.01336262467)
(0.313698326 0.0001275601228 0.01461694228)
(0.313698326 -0.0001275601228 0.01461694228)
(0.313698326 0.0001381018567 0.01582490534)
(0.313698326 -0.0001381018567 0.01582490534)
(0.313698326 0.000148347311 0.01699891811)
(0.313698326 -0.000148347311 0.01699891811)
(0.313698326 0.000158391595 0.01814987905)
(0.313698326 -0.000158391595 0.01814987905)
(0.313698326 0.0001683018122 0.01928547747)
(0.313698326 -0.0001683018122 0.01928547747)
(0.313698326 0.0001781142294 0.02040986911)
(0.313698326 -0.0001781142294 0.02040986911)
(0.313698326 0.0001878377164 0.02152407036)
(0.313698326 -0.0001878377164 0.02152407036)
(0.313698326 0.0001974596165 0.0226266309)
(0.313698326 -0.0001974596165 0.0226266309)
(0.313698326 0.0002069519774 0.02371434772)
(0.313698326 -0.0002069519774 0.02371434772)
(0.313698326 0.0002162772136 0.02478291395)
(0.313698326 -0.0002162772136 0.02478291395)
(0.313698326 0.0002253928781 0.02582746564)
(0.313698326 -0.0002253928781 0.02582746564)
(0.313698326 0.000234255495 0.02684302095)
(0.313698326 -0.000234255495 0.02684302095)
(0.313698326 0.0002428422301 0.02782696333)
(0.313698326 -0.0002428422301 0.02782696333)
(0.313698326 0.0002511366048 0.02877740454)
(0.313698326 -0.0002511366048 0.02877740454)
(0.313698326 0.0002591133027 0.02969144357)
(0.313698326 -0.0002591133027 0.02969144357)
(0.313698326 0.0002667571162 0.03056733785)
(0.313698326 -0.0002667571162 0.03056733785)
(-0.1729837141 0.002299334698 0.2634776592)
(-0.1729837141 -0.002299334698 0.2634776592)
(0.3136983259 0.0002749332344 0.0315042282)
(0.3136983259 -0.0002749332344 0.0315042282)
(0.3136983259 0.0002834099436 0.03247556286)
(0.3136983259 -0.0002834099436 0.03247556286)
(0.2168616877 0.001999467363 0.2291162661)
(0.2168616877 -0.001999467363 0.2291162661)
(0.3136983258 0.0002922962917 0.0334938375)
(0.3136983258 -0.0002922962917 0.0334938375)
(0.3136983257 0.0003016657489 0.03456747095)
(0.3136983257 -0.0003016657489 0.03456747095)
(0.3136983256 0.0003117334593 0.0357211163)
(0.3136983256 -0.0003117334593 0.0357211163)
(0.3136983254 0.0003229460501 0.03700595194)
(0.3136983254 -0.0003229460501 0.03700595194)
(0.3136983253 0.0003356765457 0.03846472224)
(0.3136983253 -0.0003356765457 0.03846472224)
(0.3136983252 0.0003504008816 0.04015196402)
(0.3136983252 -0.0003504008816 0.04015196402)
(0.313698325 0.0003677334855 0.0421380837)
(0.313698325 -0.0003677334855 0.0421380837)
(-0.2812326812 0.001270881803 0.1456286302)
(-0.2812326812 -0.001270881803 0.1456286302)
(0.3136983248 0.0003884756067 0.04451489537)
(0.3136983248 -0.0003884756067 0.04451489537)
(0.3136983246 0.0004136810888 0.04740315754)
(0.3136983246 -0.0004136810888 0.04740315754)
(-0.2589628368 0.001603934169 0.1837926513)
(-0.2589628368 -0.001603934169 0.1837926513)
(0.3136983243 0.000444746062 0.05096285088)
(0.3136983243 -0.000444746062 0.05096285088)
(0.3005648248 0.0009058285536 0.1037976712)
(0.3005648248 -0.0009058285536 0.1037976712)
(0.2593230655 0.001607870504 0.1842437106)
(0.2593230655 -0.001607870504 0.1842437106)
(0.136653138 0.002509388833 0.2875474789)
(0.136653138 -0.002509388833 0.2875474789)
(0.313698324 0.0004835315396 0.05540722641)
(0.313698324 -0.0004835315396 0.05540722641)
(0.3136983235 0.0005325314491 0.06102205989)
(0.3136983235 -0.0005325314491 0.06102205989)
(-0.2376490984 0.00188296511 0.2157664302)
(-0.2376490984 -0.00188296511 0.2157664302)
(0.313698323 0.0005949744117 0.06817731468)
(0.313698323 -0.0005949744117 0.06817731468)
(0.3136983223 0.0006752681502 0.07737806579)
(0.3136983223 -0.0006752681502 0.07737806579)
(-0.3048 0.0009420295073 0.1079458896)
(-0.3048 -0.0009420295073 0.1079458896)
(-0.3048 0.0009438375725 0.1081530733)
(-0.3048 -0.0009438375725 0.1081530733)
(-0.3048 0.000945863031 0.1083851679)
(-0.3048 -0.000945863031 0.1083851679)
(-0.3048 0.0009483494146 0.1086700793)
(-0.3048 -0.0009483494146 0.1086700793)
(-0.3048 0.0009515956746 0.1090420638)
(-0.3048 -0.0009515956746 0.1090420638)
(-0.3048 0.000955992126 0.1095458472)
(-0.3048 -0.000955992126 0.1095458472)
(-0.2812326083 0.00140509877 0.1610083714)
(-0.2812326083 -0.00140509877 0.1610083714)
(0.2870796145 0.001313055986 0.1504613129)
(0.2870796145 -0.001313055986 0.1504613129)
(-0.3048 0.0009620673778 0.1102420021)
(-0.3048 -0.0009620673778 0.1102420021)
(-0.3048 0.00097055189 0.1112142309)
(-0.3048 -0.00097055189 0.1112142309)
(-0.3048 0.0009824658009 0.1125794299)
(-0.3048 -0.0009824658009 0.1125794299)
(0.1491196956 0.002521678902 0.2889557814)
(0.1491196956 -0.002521678902 0.2889557814)
(0.3005648234 0.001085565176 0.1243934482)
(0.3005648234 -0.001085565176 0.1243934482)
(-0.3048 0.0009992415838 0.1145017442)
(-0.3048 -0.0009992415838 0.1145017442)
(0.3136983215 0.0007795336118 0.08932570429)
(0.3136983215 -0.0007795336118 0.08932570429)
(0.3264216765 0 0)
(0.3264216765 4.757488635e-06 0.0005451542005)
(0.3264216765 -4.757488635e-06 0.0005451542005)
(0.3264216765 1.034990984e-05 0.001185982197)
(0.3264216765 -1.034990984e-05 0.001185982197)
(0.3264216765 1.693180792e-05 0.001940193014)
(0.3264216765 -1.693180792e-05 0.001940193014)
(0.3264216765 2.464281601e-05 0.002823787022)
(0.3264216765 -2.464281601e-05 0.002823787022)
(0.3264216765 3.356513045e-05 0.003846182989)
(0.3264216765 -3.356513045e-05 0.003846182989)
(0.3264216765 4.367116452e-05 0.00500421979)
(0.3264216765 -4.367116452e-05 0.00500421979)
(0.2310193712 0.002013138036 0.23068277)
(0.2310193712 -0.002013138036 0.23068277)
(0.3264216765 5.478492293e-05 0.006277730365)
(0.3264216765 -5.478492293e-05 0.006277730365)
(0.3264216765 6.658953216e-05 0.007630404601)
(0.3264216765 -6.658953216e-05 0.007630404601)
(0.3264216765 7.869593723e-05 0.009017661216)
(0.3264216765 -7.869593723e-05 0.009017661216)
(-0.3048 0.001022896281 0.117212304)
(-0.3048 -0.001022896281 0.117212304)
(0.3264216765 9.074641717e-05 0.01039850944)
(0.3264216765 -9.074641717e-05 0.01039850944)
(0.3264216765 0.0001024984385 0.01174515771)
(0.3264216765 -0.0001024984385 0.01174515771)
(0.3264216765 0.0001138506676 0.01304599431)
(0.3264216765 -0.0001138506676 0.01304599431)
(0.3264216765 0.0001248152335 0.01430240912)
(0.3264216765 -0.0001248152335 0.01430240912)
(0.3264216765 0.000135466876 0.01552296646)
(0.3264216765 -0.000135466876 0.01552296646)
(0.3264216765 0.0001458968733 0.01671812576)
(0.3264216765 -0.0001458968733 0.01671812576)
(0.3264216765 0.0001561836927 0.01789687852)
(0.3264216765 -0.0001561836927 0.01789687852)
(0.3264216765 0.0001663797925 0.01906523583)
(0.3264216765 -0.0001663797925 0.01906523583)
(0.3264216765 0.0001765092475 0.0202259564)
(0.3264216765 -0.0001765092475 0.0202259564)
(0.3264216765 0.0001865710334 0.02137892287)
(0.3264216765 -0.0001865710334 0.02137892287)
(0.3264216765 0.000196544519 0.02252177112)
(0.3264216765 -0.000196544519 0.02252177112)
(0.3264216765 0.0002063952997 0.02365055879)
(0.3264216765 -0.0002063952997 0.02365055879)
(0.3264216765 0.0002160805269 0.02476037589)
(0.3264216765 -0.0002160805269 0.02476037589)
(0.3264216765 0.000225553428 0.02584586284)
(0.3264216765 -0.000225553428 0.02584586284)
(-0.1965926775 0.002285652698 0.2619098572)
(-0.1965926775 -0.002285652698 0.2619098572)
(0.3264216765 0.000234766962 0.02690162927)
(0.3264216765 -0.000234766962 0.02690162927)
(0.3264216765 0.0002436934145 0.0279244994)
(0.3264216765 -0.0002436934145 0.0279244994)
(0.3264216765 0.0002523117448 0.02891206225)
(0.3264216765 -0.0002523117448 0.02891206225)
(0.3264216765 0.0002605940719 0.02986112293)
(0.3264216765 -0.0002605940719 0.02986112293)
(0.3264216765 0.0002685226884 0.03076965238)
(0.3264216765 -0.0002685226884 0.03076965238)
(-0.3048 0.001056274023 0.1210370144)
(-0.3048 -0.001056274023 0.1210370144)
(0.3264216765 0.0002769958315 0.03174057841)
(0.3264216765 -0.0002769958315 0.03174057841)
(0.3264216764 0.00028577064 0.03274607188)
(0.3264216764 -0.00028577064 0.03274607188)
(0.3264216763 0.0002949598881 0.03379905541)
(0.3264216763 -0.0002949598881 0.03379905541)
(0.3264216762 0.0003046412577 0.03490843049)
(0.3264216762 -0.0003046412577 0.03490843049)
(0.3264216761 0.0003150319369 0.03609908438)
(0.3264216761 -0.0003150319369 0.03609908438)
(0.3264216759 0.000326582878 0.03742269114)
(0.3264216759 -0.000326582878 0.03742269114)
(0.3264216758 0.0003396709355 0.03892243398)
(0.3264216758 -0.0003396709355 0.03892243398)
(0.3264216757 0.0003547759349 0.04065329546)
(0.3264216757 -0.0003547759349 0.04065329546)
(0.3264216755 0.0003725161952 0.04268612794)
(0.3264216755 -0.0003725161952 0.04268612794)
(0.3264216753 0.0003936967695 0.04511318137)
(0.3264216753 -0.0003936967695 0.04511318137)
(0.326421675 0.0004193750821 0.04805562454)
(0.326421675 -0.0004193750821 0.04805562454)
(-0.3048 0.001103387995 0.1264357409)
(-0.3048 -0.001103387995 0.1264357409)
(0.2733084092 0.001620895336 0.1857362085)
(0.2733084092 -0.001620895336 0.1857362085)
(0.3264216747 0.0004509504232 0.05167380025)
(0.3264216747 -0.0004509504232 0.05167380025)
(0.3136983203 0.0009161375206 0.1049789618)
(0.3136983203 -0.0009161375206 0.1049789618)
(0.3264216744 0.0004902862642 0.05618124118)
(0.3264216744 -0.0004902862642 0.05618124118)
(0.3264216739 0.0005398778936 0.06186387905)
(0.3264216739 -0.0005398778936 0.06186387905)
(0.1620261088 0.0025344026 0.2904137727)
(0.1620261088 -0.0025344026 0.2904137727)
(-0.3048 0.001169902961 0.134057601)
(-0.3048 -0.001169902961 0.134057601)
(0.3264216734 0.0006029484078 0.06909104413)
(0.3264216734 -0.0006029484078 0.06909104413)
(-0.1106900483 0.002747797158 0.3148663671)
(-0.1106900483 -0.002747797158 0.3148663671)
(-0.2812325055 0.001594119527 0.1826680047)
(-0.2812325055 -0.001594119527 0.1826680047)
(0.3264216727 0.0006838974632 0.07836688712)
(0.3264216727 -0.0006838974632 0.07836688712)
(-0.2589625541 0.00187195797 0.2145051369)
(-0.2589625541 -0.00187195797 0.2145051369)
(0.3005648215 0.001325023286 0.1518326297)
(0.3005648215 -0.001325023286 0.1518326297)
(-0.3048 0.001263816372 0.1448190121)
(-0.3048 -0.001263816372 0.1448190121)
(0.2452001595 0.002026831019 0.2322518305)
(0.2452001595 -0.002026831019 0.2322518305)
(0.3136983189 0.001096566927 0.1256541239)
(0.3136983189 -0.001096566927 0.1256541239)
(0.338684565 0 0)
(0.338684565 4.742339868e-06 0.0005434183238)
(0.338684565 -4.742339868e-06 0.0005434183238)
(0.338684565 1.027658091e-05 0.001177579534)
(0.338684565 -1.027658091e-05 0.001177579534)
(0.338684565 1.67431762e-05 0.001918577959)
(0.338684565 -1.67431762e-05 0.001918577959)
(0.338684565 2.426917073e-05 0.002780971513)
(0.338684565 -2.426917073e-05 0.002780971513)
(0.338684565 3.29303517e-05 0.003773444549)
(0.338684565 -3.29303517e-05 0.003773444549)
(0.3264216718 0.0007888381107 0.09039189425)
(0.3264216718 -0.0007888381107 0.09039189425)
(0.338684565 4.2704668e-05 0.004893470259)
(0.338684565 -4.2704668e-05 0.004893470259)
(0.338684565 5.343781862e-05 0.0061233675)
(0.338684565 -5.343781862e-05 0.0061233675)
(0.338684565 6.484980604e-05 0.007431051734)
(0.338684565 -6.484980604e-05 0.007431051734)
(0.338684565 7.659578434e-05 0.008777007532)
(0.338684565 -7.659578434e-05 0.008777007532)
(0.338684565 8.835781977e-05 0.01012480329)
(0.338684565 -8.835781977e-05 0.01012480329)
(0.338684565 9.991920969e-05 0.01144960736)
(0.338684565 -9.991920969e-05 0.01144960736)
(0.338684565 0.0001111874771 0.01274082291)
(0.338684565 -0.0001111874771 0.01274082291)
(0.338684565 0.0001221696826 0.01399925902)
(0.338684565 -0.0001221696826 0.01399925902)
(0.338684565 0.0001329272561 0.01523195484)
(0.338684565 -0.0001329272561 0.01523195484)
(-0.216964411 0.002273703256 0.2605405868)
(-0.216964411 -0.002273703256 0.2605405868)
(0.338684565 0.0001435351177 0.01644749538)
(0.338684565 -0.0001435351177 0.01644749538)
(0.338684565 0.0001540556952 0.01765303416)
(0.338684565 -0.0001540556952 0.01765303416)
(0.338684565 0.0001645273314 0.01885296481)
(0.338684565 -0.0001645273314 0.01885296481)
(0.338684565 0.0001749623504 0.02004869955)
(0.338684565 -0.0001749623504 0.02004869955)
(0.338684565 0.0001853501921 0.02123902831)
(0.338684565 -0.0001853501921 0.02123902831)
(0.338684565 0.0001956625392 0.02242070625)
(0.338684565 -0.0001956625392 0.02242070625)
(0.338684565 0.0002058587685 0.02358907839)
(0.338684565 -0.0002058587685 0.02358907839)
(0.338684565 0.0002158909583 0.02473865349)
(0.338684565 -0.0002158909583 0.02473865349)
(0.338684565 0.0002257081676 0.02586359424)
(0.338684565 -0.0002257081676 0.02586359424)
(0.338684565 0.0002352599189 0.02695811653)
(0.338684565 -0.0002352599189 0.02695811653)
(0.338684565 0.0002445137942 0.02801850561)
(0.338684565 -0.0002445137942 0.02801850561)
(0.338684565 0.0002534443562 0.02904184665)
(0.338684565 -0.0002534443562 0.02904184665)
(0.338684565 0.0002620212517 0.03002466153)
(0.338684565 -0.0002620212517 0.03002466153)
(0.338684565 0.0002702243639 0.03096464509)
(0.338684565 -0.0002702243639 0.03096464509)
(0.3386845649 0.0002789837825 0.03196837504)
(0.3386845649 -0.0002789837825 0.03196837504)
(0.3386845648 0.0002880459021 0.03300679109)
(0.3386845648 -0.0002880459021 0.03300679109)
(0.3386845647 0.0002975270881 0.03409322739)
(0.3386845647 -0.0002975270881 0.03409322739)
(0.3386845646 0.0003075090819 0.03523705059)
(0.3386845646 -0.0003075090819 0.03523705059)
(0.1753184877 0.0025475068 0.2919153653)
(0.1753184877 -0.0025475068 0.2919153653)
(0.3386845645 0.0003182110415 0.03646337369)
(0.3386845645 -0.0003182110415 0.03646337369)
(0.3386845643 0.0003300880879 0.03782434841)
(0.3386845643 -0.0003300880879 0.03782434841)
(0.3386845642 0.0003435207672 0.03936358099)
(0.3386845642 -0.0003435207672 0.03936358099)
(0.338684564 0.0003589926536 0.04113648357)
(0.338684564 -0.0003589926536 0.04113648357)
(0.3386845639 0.0003771258171 0.0432143383)
(0.3386845639 -0.0003771258171 0.0432143383)
(0.3386845636 0.0003987289768 0.04568981521)
(0.3386845636 -0.0003987289768 0.04568981521)
(0.3386845634 0.0004248630079 0.04868447855)
(0.3386845634 -0.0004248630079 0.04868447855)
(0.3386845631 0.0004569302465 0.05235902014)
(0.3386845631 -0.0004569302465 0.05235902014)
(0.2870796122 0.001633720735 0.1872058537)
(0.2870796122 -0.001633720735 0.1872058537)
(0.3264216706 0.0009261245493 0.1061233619)
(0.3264216706 -0.0009261245493 0.1061233619)
(0.3386845627 0.0004967965331 0.05692724411)
(0.3386845627 -0.0004967965331 0.05692724411)
(-0.3048 0.00139641994 0.1600138759)
(-0.3048 -0.00139641994 0.1600138759)
(0.3386845623 0.0005469584679 0.0626752325)
(0.3386845623 -0.0005469584679 0.0626752325)
(0.3386845617 0.0006106338224 0.06997170542)
(0.3386845617 -0.0006106338224 0.06997170542)
(0.338684561 0.0006922144787 0.0793199227)
(0.338684561 -0.0006922144787 0.0793199227)
(0.1889351458 0.002560930688 0.2934535905)
(0.1889351458 -0.002560930688 0.2934535905)
(0.313698317 0.001336678464 0.1531681808)
(0.313698317 -0.001336678464 0.1531681808)
(0.2593230627 0.002040468109 0.2338144861)
(0.2593230627 -0.002040468109 0.2338144861)
(0.3264216691 0.001107225105 0.1268754301)
(0.3264216691 -0.001107225105 0.1268754301)
(0.3504453062 0 0)
(0.3504453062 4.727811421e-06 0.0005417535287)
(0.3504453062 -4.727811421e-06 0.0005417535287)
(0.3504453062 1.02062547e-05 0.001169520948)
(0.3504453062 -1.02062547e-05 0.001169520948)
(0.3504453062 1.656226866e-05 0.001897848008)
(0.3504453062 -1.656226866e-05 0.001897848008)
(0.3504453062 2.391082566e-05 0.002739909236)
(0.3504453062 -2.391082566e-05 0.002739909236)
(0.3504453062 3.232156621e-05 0.003703684642)
(0.3504453062 -3.232156621e-05 0.003703684642)
(0.3504453062 4.177774809e-05 0.004787255758)
(0.3504453062 -4.177774809e-05 0.004787255758)
(0.3504453062 5.214587624e-05 0.005975325567)
(0.3504453062 -5.214587624e-05 0.005975325567)
(0.3504453062 6.318131914e-05 0.007239862072)
(0.3504453062 -6.318131914e-05 0.007239862072)
(0.3504453062 7.458162962e-05 0.00854620826)
(0.3504453062 -7.458162962e-05 0.00854620826)
(0.3504453062 8.606703191e-05 0.009862305005)
(0.3504453062 -8.606703191e-05 0.009862305005)
(0.3504453062 9.744559647e-05 0.01116615936)
(0.3504453062 -9.744559647e-05 0.01116615936)
(0.3504453062 0.0001086333403 0.01244814782)
(0.3504453062 -0.0001086333403 0.01244814782)
(0.3504453062 0.0001196324631 0.01370852246)
(0.3504453062 -0.0001196324631 0.01370852246)
(0.3504453062 0.0001304916299 0.01495285972)
(0.3504453062 -0.0001304916299 0.01495285972)
(0.33868456 0.0007978058767 0.09141949846)
(0.33868456 -0.0007978058767 0.09141949846)
(0.3504453062 0.0001412700725 0.01618794691)
(0.3504453062 -0.0001412700725 0.01618794691)
(0.3504453062 0.0001520148361 0.01741917486)
(0.3504453062 -0.0001520148361 0.01741917486)
(0.3504453062 0.0001627507257 0.01864938596)
(0.3504453062 -0.0001627507257 0.01864938596)
(0.3504453062 0.0001734787964 0.01987870111)
(0.3504453062 -0.0001734787964 0.01987870111)
(0.3504453062 0.0001841793425 0.02110486223)
(0.3504453062 -0.0001841793425 0.02110486223)
(0.3504453062 0.0001948166752 0.02232377983)
(0.3504453062 -0.0001948166752 0.02232377983)
(0.3504453062 0.0002053442073 0.02353011553)
(0.3504453062 -0.0002053442073 0.02353011553)
(0.3504453062 0.0002157091524 0.02471782058)
(0.3504453062 -0.0002157091524 0.02471782058)
(0.3504453062 0.0002258565708 0.02588059956)
(0.3504453062 -0.0002258565708 0.02588059956)
(0.3504453062 0.0002357326899 0.02701229072)
(0.3504453062 -0.0002357326899 0.02701229072)
(0.3504453062 0.0002453005807 0.02810866241)
(0.3504453062 -0.0002453005807 0.02810866241)
(-0.2376485148 0.002261497087 0.2591418984)
(-0.2376485148 -0.002261497087 0.2591418984)
(0.3504453062 0.0002545305887 0.02916631657)
(0.3504453062 -0.0002545305887 0.02916631657)
(0.3504453062 0.0002633899905 0.03018150346)
(0.3504453062 -0.0002633899905 0.03018150346)
(0.3504453062 0.0002718563584 0.03115165313)
(0.3504453062 -0.0002718563584 0.03115165313)
(0.3504453061 0.0002808903299 0.03218684373)
(0.3504453061 -0.0002808903299 0.03218684373)
(0.350445306 0.0002902279956 0.03325683424)
(0.350445306 -0.0002902279956 0.03325683424)
(0.3504453059 0.000299989165 0.03437535346)
(0.3504453059 -0.000299989165 0.03437535346)
(0.3504453058 0.000310259473 0.03555221419)
(0.3504453058 -0.000310259473 0.03555221419)
(0.3504453057 0.0003212599664 0.03681274588)
(0.3504453057 -0.0003212599664 0.03681274588)
(0.3504453055 0.0003334497646 0.03820955841)
(0.3504453055 -0.0003334497646 0.03820955841)
(0.3504453054 0.0003472129539 0.03978666368)
(0.3504453054 -0.0003472129539 0.03978666368)
(-0.2812323607 0.00186037978 0.2131784077)
(-0.2812323607 -0.00186037978 0.2131784077)
(0.3504453052 0.0003630367038 0.04159988583)
(0.3504453052 -0.0003630367038 0.04159988583)
(0.350445305 0.0003815466818 0.04372091921)
(0.350445305 -0.0003815466818 0.04372091921)
(0.3504453048 0.0004035551227 0.04624283675)
(0.3504453048 -0.0004035551227 0.04624283675)
(0.3504453046 0.0004301262113 0.04928758192)
(0.3504453046 -0.0004301262113 0.04928758192)
(0.3504453043 0.0004626652049 0.05301618128)
(0.3504453043 -0.0004626652049 0.05301618128)
(-0.3048 0.001583657302 0.1814691525)
(-0.3048 -0.001583657302 0.1814691525)
(0.3005648191 0.00164627978 0.1886449777)
(0.3005648191 -0.00164627978 0.1886449777)
(0.3504453039 0.0005030402161 0.05764269932)
(0.3504453039 -0.0005030402161 0.05764269932)
(0.3386845588 0.0009357501442 0.1072263459)
(0.3386845588 -0.0009357501442 0.1072263459)
(-0.1425081527 0.002841902277 0.3256497456)
(-0.1425081527 -0.002841902277 0.3256497456)
(0.3504453034 0.0005537491031 0.06345336222)
(0.3504453034 -0.0005537491031 0.06345336222)
(0.3504453028 0.0006180045307 0.07081630493)
(0.3504453028 -0.0006180045307 0.07081630493)
(0.2028075698 0.002574606721 0.2950207087)
(0.2028075698 -0.002574606721 0.2950207087)
(0.350445302 0.0007001909246 0.08023393287)
(0.350445302 -0.0007001909246 0.08023393287)
(0.2733084062 0.00205397237 0.2353619212)
(0.2733084062 -0.00205397237 0.2353619212)
(0.3264216671 0.001347969663 0.154462024)
(0.3264216671 -0.001347969663 0.154462024)
(0.361671048 0 0)
(0.361671048 4.713943877e-06 0.0005401644655)
(0.361671048 -4.713943877e-06 0.0005401644655)
(0.361671048 1.013912764e-05 0.001161828949)
(0.361671048 -1.013912764e-05 0.001161828949)
(0.361671048 1.638959066e-05 0.001878061069)
(0.361671048 -1.638959066e-05 0.001878061069)
(0.361671048 2.356878182e-05 0.002700714893)
(0.361671048 -2.356878182e-05 0.002700714893)
(0.361671048 3.174047454e-05 0.003637098131)
(0.361671048 -3.174047454e-05 0.003637098131)
(0.361671048 4.089299402e-05 0.004685872984)
(0.361671048 -4.089299402e-05 0.004685872984)
(0.361671048 5.091270468e-05 0.005834018102)
(0.361671048 -5.091270468e-05 0.005834018102)
(0.361671048 6.158873217e-05 0.007057369681)
(0.361671048 -6.158873217e-05 0.007057369681)
(0.361671048 7.265909935e-05 0.008325908112)
(0.361671048 -7.265909935e-05 0.008325908112)
(0.361671048 8.388045263e-05 0.009611747837)
(0.361671048 -8.388045263e-05 0.009611747837)
(0.361671048 9.508450859e-05 0.01089560549)
(0.361671048 -9.508450859e-05 0.01089560549)
(0.361671048 0.0001061953919 0.01216878661)
(0.361671048 -0.0001061953919 0.01216878661)
(0.361671048 0.0001172106625 0.01343101159)
(0.361671048 -0.0001172106625 0.01343101159)
(0.361671048 0.000128166801 0.01468646071)
(0.361671048 -0.000128166801 0.01468646071)
(0.361671048 0.0001391080649 0.01594020537)
(0.361671048 -0.0001391080649 0.01594020537)
(0.361671048 0.0001500668161 0.01719595389)
(0.361671048 -0.0001500668161 0.01719595389)
(0.3386845572 0.00111749756 0.1280525369)
(0.3386845572 -0.00111749756 0.1280525369)
(0.361671048 0.0001610549384 0.01845506798)
(0.361671048 -0.0001610549384 0.01845506798)
(0.361671048 0.0001720627298 0.01971643594)
(0.361671048 -0.0001720627298 0.01971643594)
(0.361671048 0.0001830617551 0.0209767994)
(0.361671048 -0.0001830617551 0.0209767994)
(0.361671048 0.0001940092898 0.02223126262)
(0.361671048 -0.0001940092898 0.02223126262)
(0.3504453011 0.000806406426 0.09240502379)
(0.3504453011 -0.000806406426 0.09240502379)
(0.361671048 0.0002048530538 0.0234738349)
(0.361671048 -0.0002048530538 0.0234738349)
(0.361671048 0.0002155356168 0.02469793538)
(0.361671048 -0.0002155356168 0.02469793538)
(0.361671048 0.0002259982231 0.02589683131)
(0.361671048 -0.0002259982231 0.02589683131)
(0.361671048 0.0002361839544 0.02706400051)
(0.361671048 -0.0002361839544 0.02706400051)
(0.361671048 0.000246051576 0.02819471795)
(0.361671048 -0.000246051576 0.02819471795)
(0.361671048 0.0002555674083 0.02928512433)
(0.361671048 -0.0002555674083 0.02928512433)
(0.361671048 0.000264696465 0.03033121062)
(0.361671048 -0.000264696465 0.03033121062)
(0.361671048 0.000273414113 0.03133015412)
(0.361671048 -0.000273414113 0.03133015412)
(0.3616710479 0.0002827101479 0.03239537422)
(0.3616710479 -0.0002827101479 0.03239537422)
(0.3616710478 0.000292310825 0.03349550285)
(0.3616710478 -0.000292310825 0.03349550285)
(0.3616710477 0.0003023392414 0.03464464554)
(0.3616710477 -0.0003023392414 0.03464464554)
(0.3616710476 0.000312884748 0.03585304091)
(0.3616710476 -0.000312884748 0.03585304091)
(0.3616710475 0.0003241701949 0.03714622504)
(0.3616710475 -0.0003241701949 0.03714622504)
(0.3616710473 0.0003366585177 0.03857724509)
(0.3616710473 -0.0003366585177 0.03857724509)
(0.3616710472 0.000350737182 0.04019050023)
(0.3616710472 -0.000350737182 0.04019050023)
(0.361671047 0.0003668967892 0.0420422078)
(0.361671047 -0.0003668967892 0.0420422078)
(0.3616710468 0.0003857664401 0.04420445563)
(0.3616710468 -0.0003857664401 0.04420445563)
(0.3616710466 0.0004081617258 0.04677070118)
(0.3616710466 -0.0004081617258 0.04677070118)
(-1.061415562e-17 0.003184804174 0.3649424111)
(-1.061415562e-17 -0.003184804174 0.3649424111)
(0.3616710464 0.0004351499901 0.04986324995)
(0.3616710464 -0.0004351499901 0.04986324995)
(0.003177746351 0.003187942822 0.3653020646)
(0.003177746351 -0.003187942822 0.3653020646)
(-0.2589621565 0.002248841972 0.2576917658)
(-0.2589621565 -0.002248841972 0.2576917658)
(0.361671046 0.0004681392785 0.05364344798)
(0.361671046 -0.0004681392785 0.05364344798)
(0.006667351926 0.003191389492 0.3656970139)
(0.006667351926 -0.003191389492 0.3656970139)
(-0.003476672951 0.003194593219 0.3660641246)
(-0.003476672951 -0.003194593219 0.3660641246)
(0.01049401948 0.003195169077 0.3661301114)
(0.01049401948 -0.003195169077 0.3661301114)
(0.3616710456 0.0005089998723 0.05832560827)
(0.3616710456 -0.0005089998723 0.05832560827)
(0.3136983144 0.00165851127 0.1900465676)
(0.3136983144 -0.00165851127 0.1900465676)
(0.3504452998 0.0009449815853 0.1082841642)
(0.3504452998 -0.0009449815853 0.1082841642)
(0.01468381924 0.003199307327 0.3666043079)
(0.01468381924 -0.003199307327 0.3666043079)
(0.3616710451 0.0005602308305 0.06419609461)
(0.3616710451 -0.0005602308305 0.06419609461)
(0.2168616845 0.002588461872 0.2966083518)
(0.2168616845 -0.002588461872 0.2966083518)
(0.01926344766 0.003203830609 0.3671226246)
(0.01926344766 -0.003203830609 0.3671226246)
(-0.009216400461 0.003211008674 0.3679451494)
(-0.009216400461 -0.003211008674 0.3679451494)
(-0.1730116494 0.002835371468 0.3249013891)
(-0.1730116494 -0.002835371468 0.3249013891)
(0.02425991761 0.003208765603 0.367688119)
(0.02425991761 -0.003208765603 0.367688119)
(0.3616710445 0.0006250399434 0.07162248338)
(0.3616710445 -0.0006250399434 0.07162248338)
(0.02970017292 0.003214138923 0.3683038405)
(0.02970017292 -0.003214138923 0.3683038405)
(0.3616710437 0.0007078045198 0.08110636447)
(0.3616710437 -0.0007078045198 0.08110636447)
(0.03561062137 0.003219976651 0.3689727778)
(0.03561062137 -0.003219976651 0.3689727778)
(-0.3048 0.001848041008 0.2117645244)
(-0.3048 -0.001848041008 0.2117645244)
(-0.01843873309 0.003237775925 0.3710123726)
(-0.01843873309 -0.003237775925 0.3710123726)
(0.04201658266 0.003226303795 0.3696977967)
(0.04201658266 -0.003226303795 0.3696977967)
(0.287079609 0.002067269857 0.2368856623)
(0.287079609 -0.002067269857 0.2368856623)
(0.3723376825 0 0)
(0.3723376825 4.700767017e-06 0.0005386545469)
(0.3723376825 -4.700767017e-06 0.0005386545469)
(0.3723376825 1.00753439e-05 0.001154520057)
(0.3723376825 -1.00753439e-05 0.001154520057)
(0.3723376825 1.622551302e-05 0.001859259635)
(0.3723376825 -1.622551302e-05 0.001859259635)
(0.3723376825 2.324377375e-05 0.002663472657)
(0.3723376825 -2.324377375e-05 0.002663472657)
(0.3723376825 3.118832462e-05 0.003573828018)
(0.3723376825 -3.118832462e-05 0.003573828018)
(0.3723376825 4.005230586e-05 0.004589539663)
(0.3723376825 -4.005230586e-05 0.004589539663)
(0.3723376825 4.974095224e-05 0.005699748572)
(0.3723376825 -4.974095224e-05 0.005699748572)
(0.3723376825 6.007546531e-05 0.006883966475)
(0.3723376825 -6.007546531e-05 0.006883966475)
(0.3723376825 7.083232229e-05 0.008116580195)
(0.3723376825 -7.083232229e-05 0.008116580195)
(0.3723376825 8.180277774e-05 0.009373669876)
(0.3723376825 -8.180277774e-05 0.009373669876)
(0.3723376825 9.284101665e-05 0.01063852677)
(0.3723376825 -9.284101665e-05 0.01063852677)
(0.3723376825 0.0001038788676 0.01190333921)
(0.3723376825 -0.0001038788676 0.01190333921)
(0.3723376825 0.0001149094816 0.01316732238)
(0.3723376825 -0.0001149094816 0.01316732238)
(0.3723376825 0.0001259577621 0.01443332993)
(0.3723376825 -0.0001259577621 0.01443332993)
(0.3723376825 0.0001370537378 0.0157048028)
(0.3723376825 -0.0001370537378 0.0157048028)
(0.3723376825 0.000148215819 0.01698385062)
(0.3723376825 -0.000148215819 0.01698385062)
(0.3386845552 0.001358852229 0.1557090426)
(0.3386845552 -0.001358852229 0.1557090426)
(0.3723376825 0.0001594436111 0.01827042817)
(0.3723376825 -0.0001594436111 0.01827042817)
(0.3723376825 0.0001707171915 0.01956225252)
(0.3723376825 -0.0001707171915 0.01956225252)
(0.3723376825 0.0001819998301 0.02085511485)
(0.3723376825 -0.0001819998301 0.02085511485)
(0.3723376825 0.0001932421168 0.02214335331)
(0.3723376825 -0.0001932421168 0.02214335331)
(0.3723376825 0.0002043863625 0.02342035738)
(0.3723376825 -0.0002043863625 0.02342035738)
(0.3723376825 0.0002153707243 0.02467904057)
(0.3723376825 -0.0002153707243 0.02467904057)
(0.3723376825 0.0002261328203 0.02591225462)
(0.3723376825 -0.0002261328203 0.02591225462)
(0.3723376825 0.0002366127433 0.02711313485)
(0.3723376825 -0.0002366127433 0.02711313485)
(0.3723376825 0.0002467651673 0.02827648741)
(0.3723376825 -0.0002467651673 0.02827648741)
(0.3723376825 0.0002565525882 0.02939801476)
(0.3723376825 -0.0002565525882 0.02939801476)
(0.3504452982 0.001127349373 0.1291814428)
(0.3504452982 -0.001127349373 0.1291814428)
(0.3616710427 0.0008146157339 0.0933457173)
(0.3616710427 -0.0008146157339 0.0933457173)
(0.3723376825 0.0002659378695 0.03047346148)
(0.3723376825 -0.0002659378695 0.03047346148)
(0.3723376825 0.0002748942823 0.03149976473)
(0.3723376825 -0.0002748942823 0.03149976473)
(0.04894165095 0.003233143659 0.3704815675)
(0.04894165095 -0.003233143659 0.3704815675)
(0.3723376824 0.0002844393284 0.03259351868)
(0.3723376824 -0.0002844393284 0.03259351868)
(0.3723376823 0.0002942899174 0.03372228437)
(0.3723376823 -0.0002942899174 0.03372228437)
(0.3723376822 0.0003045722703 0.03490052531)
(0.3723376822 -0.0003045722703 0.03490052531)
(0.3723376821 0.000315379269 0.0361388847)
(0.3723376821 -0.000315379269 0.0361388847)
(0.3723376819 0.0003269354771 0.03746309499)
(0.3723376819 -0.0003269354771 0.03746309499)
(0.3723376818 0.0003397074563 0.03892661884)
(0.3723376818 -0.0003397074563 0.03892661884)
(0.3723376817 0.000354085883 0.04057422336)
(0.3723376817 -0.000354085883 0.04057422336)
(0.3723376815 0.0003705646197 0.04246249955)
(0.3723376815 -0.0003705646197 0.04246249955)
(0.3723376813 0.0003897760299 0.0446639091)
(0.3723376813 -0.0003897760299 0.0446639091)
(0.3723376811 0.0004125388932 0.04727227489)
(0.3723376811 -0.0004125388932 0.04727227489)
(0.05640697593 0.003240517132 0.3713264838)
(0.05640697593 -0.003240517132 0.3713264838)
(0.3723376808 0.0004399235554 0.05041024636)
(0.3723376808 -0.0004399235554 0.05041024636)
(0.3723376805 0.0004733407113 0.05423947315)
(0.3723376805 -0.0004733407113 0.05423947315)
(0.37233768 0.0005146627028 0.05897450438)
(0.37233768 -0.0005146627028 0.05897450438)
(-0.03262705117 0.003279499157 0.3757933814)
(-0.03262705117 -0.003279499157 0.3757933814)
(0.2310193678 0.002602419126 0.2982076947)
(0.2310193678 -0.002602419126 0.2982076947)
(0.06443047177 0.003248441909 0.3722345733)
(0.06443047177 -0.003248441909 0.3722345733)
(0.3616710415 0.0009537930855 0.1092938621)
(0.3616710415 -0.0009537930855 0.1092938621)
(0.3723376795 0.00056638973 0.0649018346)
(0.3723376795 -0.00056638973 0.0649018346)
(-0.1965913552 0.002820136414 0.3231556248)
(-0.1965913552 -0.002820136414 0.3231556248)
(0.3264216644 0.001670360782 0.1914043872)
(0.3264216644 -0.001670360782 0.1914043872)
(0.3723376789 0.0006317249516 0.07238850944)
(0.3723376789 -0.0006317249516 0.07238850944)
(0.07302596952 0.00325693165 0.3732074013)
(0.07302596952 -0.00325693165 0.3732074013)
(-0.2812321566 0.002235535081 0.2561669472)
(-0.2812321566 -0.002235535081 0.2561669472)
(0.3723376781 0.0007150389136 0.08193534389)
(0.3723376781 -0.0007150389136 0.08193534389)
(0.3824295047 0 0)
(0.3824295047 4.688300243e-06 0.0005372259961)
(0.3824295047 -4.688300243e-06 0.0005372259961)
(0.3824295047 1.001499739e-05 0.001147605032)
(0.3824295047 -1.001499739e-05 0.001147605032)
(0.3824295047 1.607027734e-05 0.001841471387)
(0.3824295047 -1.607027734e-05 0.001841471387)
(0.3824295047 2.293627998e-05 0.002628237361)
(0.3824295047 -2.293627998e-05 0.002628237361)
(0.3824295047 3.066592941e-05 0.003513967455)
(0.3824295047 -3.066592941e-05 0.003513967455)
(0.3824295047 3.925692139e-05 0.00449839763)
(0.3824295047 -3.925692139e-05 0.00449839763)
(0.3824295047 4.863234416e-05 0.005572714669)
(0.3824295047 -4.863234416e-05 0.005572714669)
(0.3824295047 5.864374661e-05 0.006719907761)
(0.3824295047 -5.864374661e-05 0.006719907761)
(0.3824295047 6.910398809e-05 0.007918532712)
(0.3824295047 -6.910398809e-05 0.007918532712)
(0.3824295047 7.983706628e-05 0.009148421654)
(0.3824295047 -7.983706628e-05 0.009148421654)
(0.3824295047 9.071842384e-05 0.01039530173)
(0.3824295047 -9.071842384e-05 0.01039530173)
(0.3824295047 0.000101687178 0.01165219646)
(0.3824295047 -0.000101687178 0.01165219646)
(0.3824295047 0.0001127323086 0.01291784307)
(0.3824295047 -0.0001127323086 0.01291784307)
(0.3824295047 0.0001238677657 0.01419384006)
(0.3824295047 -0.0001238677657 0.01419384006)
(0.3824295047 0.000135110116 0.0154820858)
(0.3824295047 -0.000135110116 0.0154820858)
(0.3824295047 0.0001464645698 0.01678317735)
(0.3824295047 -0.0001464645698 0.01678317735)
(0.3824295047 0.0001579191164 0.01809573837)
(0.3824295047 -0.0001579191164 0.01809573837)
(0.3824295047 0.0001694441627 0.01941637787)
(0.3824295047 -0.0001694441627 0.01941637787)
(0.3824295047 0.0001809951309 0.02073998773)
(0.3824295047 -0.0001809951309 0.02073998773)
(0.3824295047 0.0001925162859 0.02206018133)
(0.3824295047 -0.0001925162859 0.02206018133)
(0.3824295047 0.0002039448206 0.02336976169)
(0.3824295047 -0.0002039448206 0.02336976169)
(0.08220233597 0.003265995113 0.3742459712)
(0.08220233597 -0.003265995113 0.3742459712)
(0.3824295047 0.0002152147177 0.02466116398)
(0.3824295047 -0.0002152147177 0.02466116398)
(0.3824295047 0.0002262601642 0.02592684679)
(0.3824295047 -0.0002262601642 0.02592684679)
(0.3824295047 0.0002370184253 0.0271596214)
(0.3824295047 -0.0002370184253 0.0271596214)
(0.3824295047 0.0002474403041 0.02835385042)
(0.3824295047 -0.0002474403041 0.02835385042)
(0.3824295047 0.0002574846779 0.02950482166)
(0.3824295047 -0.0002574846779 0.02950482166)
(0.3005648158 0.002080291186 0.2383777588)
(0.3005648158 -0.002080291186 0.2383777588)
(0.3824295047 0.0002671123762 0.03060804661)
(0.3824295047 -0.0002671123762 0.03060804661)
(0.3824295047 0.000276294687 0.03166023522)
(0.3824295047 -0.000276294687 0.03166023522)
(0.3824295046 0.0002860753254 0.03278098536)
(0.3824295046 -0.0002860753254 0.03278098536)
(0.3824295045 0.0002961623588 0.03393684491)
(0.3824295045 -0.0002961623588 0.03393684491)
(0.350445296 0.001369289171 0.1569049977)
(0.350445296 -0.001369289171 0.1569049977)
(0.3824295044 0.0003066849639 0.03514261602)
(0.3824295044 -0.0003066849639 0.03514261602)
(0.3723376771 0.0008224161704 0.09423955879)
(0.3723376771 -0.0008224161704 0.09423955879)
(0.3824295042 0.0003177393632 0.03640932472)
(0.3824295042 -0.0003177393632 0.03640932472)
(0.3824295041 0.0003295517415 0.03776288919)
(0.3824295041 -0.0003295517415 0.03776288919)
(0.3616710398 0.001136753024 0.1302589945)
(0.3616710398 -0.001136753024 0.1302589945)
(0.382429504 0.0003425920911 0.03925716525)
(0.382429504 -0.0003425920911 0.03925716525)
(0.3824295038 0.0003572541265 0.0409372681)
(0.3824295038 -0.0003572541265 0.0409372681)
(0.3824295037 0.0003740347953 0.04286014228)
(0.3824295037 -0.0003740347953 0.04286014228)
(0.3824295035 0.0003935695476 0.04509860318)
(0.3824295035 -0.0003935695476 0.04509860318)
(0.3824295032 0.0004166801803 0.04774681938)
(0.3824295032 -0.0004166801803 0.04774681938)
(0.3824295029 0.000444439879 0.05092776578)
(0.3824295029 -0.000444439879 0.05092776578)
(0.3824295026 0.0004782618451 0.05480337922)
(0.3824295026 -0.0004782618451 0.05480337922)
(-0.05305550497 0.003340186166 0.3827474238)
(-0.05305550497 -0.003340186166 0.3827474238)
(0.09196258919 0.003275635278 0.3753506248)
(0.09196258919 -0.003275635278 0.3753506248)
(0.3824295022 0.0005200203702 0.05958843224)
(0.3824295022 -0.0005200203702 0.05958843224)
(0.2452001559 0.002616399158 0.2998096476)
(0.2452001559 -0.002616399158 0.2998096476)
(-0.216963338 0.002806807892 0.3216283274)
(-0.216963338 -0.002806807892 0.3216283274)
(0.3824295016 0.0005722167338 0.06556954309)
(0.3824295016 -0.0005722167338 0.06556954309)
(0.3723376757 0.0009621657217 0.1102532712)
(0.3723376757 -0.0009621657217 0.1102532712)
(0.382429501 0.0006380497126 0.07311325526)
(0.382429501 -0.0006380497126 0.07311325526)
(0.3386845524 0.001681781457 0.1927130669)
(0.3386845524 -0.001681781457 0.1927130669)
(0.1023030487 0.003285848512 0.3765209454)
(0.1023030487 -0.003285848512 0.3765209454)
(0.3824295002 0.0007218834545 0.08271965059)
(0.3824295002 -0.0007218834545 0.08271965059)
(0.3919386648 0 0)
(0.3919386648 4.676553251e-06 0.0005358799242)
(0.3919386648 -4.676553251e-06 0.0005358799242)
(0.3919386648 9.958135052e-06 0.001141089253)
(0.3919386648 -9.958135052e-06 0.001141089253)
(0.3919386648 1.592400435e-05 0.001824710163)
(0.3919386648 -1.592400435e-05 0.001824710163)
(0.3919386648 2.264653969e-05 0.002595036413)
(0.3919386648 -2.264653969e-05 0.002595036413)
(0.3919386648 3.017369524e-05 0.003457563006)
(0.3919386648 -3.017369524e-05 0.003457563006)
(0.3919386648 3.85074593e-05 0.00441251778)
(0.3919386648 -3.85074593e-05 0.00441251778)
(0.3919386648 4.758774275e-05 0.005453015203)
(0.3919386648 -4.758774275e-05 0.005453015203)
(0.3919386648 5.729468972e-05 0.006565321153)
(0.3919386648 -5.729468972e-05 0.006565321153)
(0.3919386648 6.74754411e-05 0.007731919711)
(0.3919386648 -6.74754411e-05 0.007731919711)
(0.3919386648 7.798484728e-05 0.008936178378)
(0.3919386648 -7.798484728e-05 0.008936178378)
(0.3919386648 8.871838118e-05 0.01016611954)
(0.3919386648 -8.871838118e-05 0.01016611954)
(0.3919386648 9.96220279e-05 0.0114155537)
(0.3919386648 -9.96220279e-05 0.0114155537)
(0.3919386648 0.0001106808371 0.01268276771)
(0.3919386648 -0.0001106808371 0.01268276771)
(0.3919386648 0.0001218984375 0.0139681774)
(0.3919386648 -0.0001218984375 0.0139681774)
(0.3919386648 0.0001332787112 0.01527222761)
(0.3919386648 -0.0001332787112 0.01527222761)
(0.3919386648 0.000144814431 0.01659409016)
(0.3919386648 -0.000144814431 0.01659409016)
(0.3919386648 0.00015648264 0.01793113448)
(0.3919386648 -0.00015648264 0.01793113448)
(0.3919386648 0.0001682446335 0.01927892544)
(0.3919386648 -0.0001682446335 0.01927892544)
(0.3919386648 0.0001800484392 0.0206315076)
(0.3919386648 -0.0001800484392 0.0206315076)
(0.3919386648 0.0001918323616 0.02198181137)
(0.3919386648 -0.0001918323616 0.02198181137)
(0.3919386648 0.0002035287717 0.0233220872)
(0.3919386648 -0.0002035287717 0.0233220872)
(0.3919386648 0.0002150677182 0.02464431951)
(0.3919386648 -0.0002150677182 0.02464431951)
(0.3919386648 0.0002263801558 0.02594059646)
(0.3919386648 -0.0002263801558 0.02594059646)
(0.3919386648 0.0002374006848 0.027203424)
(0.3919386648 -0.0002374006848 0.027203424)
(0.3919386648 0.0002480764611 0.0284267468)
(0.3919386648 -0.0002480764611 0.0284267468)
(0.3919386648 0.0002583629524 0.02960546195)
(0.3919386648 -0.0002583629524 0.02960546195)
(0.3919386648 0.0002682190715 0.03073486133)
(0.3919386648 -0.0002682190715 0.03073486133)
(0.3919386648 0.0002776142379 0.03181144077)
(0.3919386648 -0.0002776142379 0.03181144077)
(0.3919386646 0.0002876168663 0.03295762846)
(0.3919386646 -0.0002876168663 0.03295762846)
(0.3919386645 0.0002979266929 0.03413901757)
(0.3919386645 -0.0002979266929 0.03413901757)
(0.3919386644 0.0003086756788 0.03537072936)
(0.3919386644 -0.0003086756788 0.03537072936)
(0.3919386643 0.0003199631949 0.03666415058)
(0.3919386643 -0.0003199631949 0.03666415058)
(0.3919386642 0.000332016953 0.03804537446)
(0.3919386642 -0.000332016953 0.03804537446)
(0.391938664 0.0003453101785 0.03956862722)
(0.391938664 -0.0003453101785 0.03956862722)
(0.3824294991 0.0008297962506 0.09508523222)
(0.3824294991 -0.0008297962506 0.09508523222)
(0.3919386639 0.0003602394481 0.04127935207)
(0.3919386639 -0.0003602394481 0.04127935207)
(0.3919386637 0.0003773046165 0.04323482668)
(0.3919386637 -0.0003773046165 0.04323482668)
(0.1132125645 0.003296623799 0.3777556711)
(0.1132125645 -0.003296623799 0.3777556711)
(0.3919386635 0.0003971440425 0.04550819973)
(0.3919386635 -0.0003971440425 0.04550819973)
(0.3616710376 0.001379251333 0.1580465484)
(0.3616710376 -0.001379251333 0.1580465484)
(0.372337674 0.001145688319 0.1312828779)
(0.372337674 -0.001145688319 0.1312828779)
(0.313698311 0.002092972902 0.2398309395)
(0.313698311 -0.002092972902 0.2398309395)
(0.3919386632 0.0004205823657 0.04819396555)
(0.3919386632 -0.0004205823657 0.04819396555)
(0.391938663 0.0004486954478 0.05141540567)
(0.391938663 -0.0004486954478 0.05141540567)
(0.3919386626 0.0004828988519 0.05533472758)
(0.3919386626 -0.0004828988519 0.05533472758)
(0.3919386622 0.0005250687068 0.06016691433)
(0.3919386622 -0.0005250687068 0.06016691433)
(-0.3048 0.002221359325 0.2545425665)
(-0.3048 -0.002221359325 0.2545425665)
(0.3919386616 0.0005777073092 0.06619870072)
(0.3919386616 -0.0005777073092 0.06619870072)
(0.2593230589 0.002630322124 0.3014050615)
(0.2593230589 -0.002630322124 0.3014050615)
(0.3824294978 0.0009700871664 0.1111609789)
(0.3824294978 -0.0009700871664 0.1111609789)
(-0.2376476947 0.002793199748 0.3200689886)
(-0.2376476947 -0.002793199748 0.3200689886)
(0.391938661 0.0006440093067 0.07379615711)
(0.391938661 -0.0006440093067 0.07379615711)
(0.1246718737 0.003307942116 0.3790526217)
(0.1246718737 -0.003307942116 0.3790526217)
(-0.07982069424 0.003420140211 0.39190925)
(-0.07982069424 -0.003420140211 0.39190925)
(0.3504452932 0.001692734472 0.1939681581)
(0.3504452932 -0.001692734472 0.1939681581)
(0.3919386601 0.0007283328186 0.0834586745)
(0.3919386601 -0.0007283328186 0.0834586745)
(0.4008644635 0 0)
(0.4008644635 4.665526906e-06 0.0005346164302)
(0.4008644635 -4.665526906e-06 0.0005346164302)
(0.4008644635 9.904761064e-06 0.0011349732)
(0.4008644635 -9.904761064e-06 0.0011349732)
(0.4008644635 1.578670482e-05 0.001808977195)
(0.4008644635 -1.578670482e-05 0.001808977195)
(0.4008644635 2.237457419e-05 0.002563872253)
(0.4008644635 -2.237457419e-05 0.002563872253)
(0.4008644635 2.971165831e-05 0.003404618818)
(0.4008644635 -2.971165831e-05 0.003404618818)
(0.4008644635 3.780397468e-05 0.004331906427)
(0.4008644635 -3.780397468e-05 0.004331906427)
(0.4008644635 4.660722482e-05 0.005340658977)
(0.4008644635 -4.660722482e-05 0.005340658977)
(0.4008644635 5.602839383e-05 0.006420218016)
(0.4008644635 -5.602839383e-05 0.006420218016)
(0.4008644635 6.594680108e-05 0.007556754914)
(0.4008644635 -6.594680108e-05 0.007556754914)
(0.4008644635 7.624625691e-05 0.008736955655)
(0.4008644635 -7.624625691e-05 0.008736955655)
(0.4008644635 8.684103575e-05 0.00995099706)
(0.4008644635 -8.684103575e-05 0.00995099706)
(0.4008644635 9.768356922e-05 0.01119342833)
(0.4008644635 -9.768356922e-05 0.01119342833)
(0.4008644635 0.0001087552178 0.01246211359)
(0.4008644635 -0.0001087552178 0.01246211359)
(0.4008644635 0.0001200499222 0.01375635853)
(0.4008644635 -0.0001200499222 0.01375635853)
(0.4008644635 0.0001315596582 0.01507524365)
(0.4008644635 -0.0001315596582 0.01507524365)
(0.4008644635 0.0001432655236 0.01641660296)
(0.4008644635 -0.0001432655236 0.01641660296)
(0.4008644635 0.0001551342875 0.01777662859)
(0.4008644635 -0.0001551342875 0.01777662859)
(0.4008644635 0.0001671186923 0.01914990535)
(0.4008644635 -0.0001671186923 0.01914990535)
(0.4008644635 0.0001791598244 0.02052968243)
(0.4008644635 -0.0001791598244 0.02052968243)
(0.4008644635 0.0001911903943 0.02190824919)
(0.4008644635 -0.0001911903943 0.02190824919)
(0.4008644635 0.0002031382462 0.02327733742)
(0.4008644635 -0.0002031382462 0.02327733742)
(0.4008644635 0.0002149297368 0.02462850841)
(0.4008644635 -0.0002149297368 0.02462850841)
(0.4008644635 0.0002264927862 0.02595350263)
(0.4008644635 -0.0002264927862 0.02595350263)
(0.4008644635 0.0002377594937 0.02724453943)
(0.4008644635 -0.0002377594937 0.02724453943)
(0.4008644635 0.0002486735916 0.02849517118)
(0.4008644635 -0.0002486735916 0.02849517118)
(0.4008644635 0.0002591873472 0.02969992823)
(0.4008644635 -0.0002591873472 0.02969992823)
(0.4008644635 0.000269257874 0.03085389631)
(0.4008644635 -0.000269257874 0.03085389631)
(0.4008644635 0.0002788528379 0.03195337027)
(0.4008644635 -0.0002788528379 0.03195337027)
(0.4008644634 0.0002890638379 0.03312343498)
(0.4008644634 -0.0002890638379 0.03312343498)
(0.4008644633 0.0002995827898 0.03432878747)
(0.4008644633 -0.0002995827898 0.03432878747)
(0.4008644632 0.0003105442688 0.03558484856)
(0.4008644632 -0.0003105442688 0.03558484856)
(0.400864463 0.0003220506005 0.03690334357)
(0.400864463 -0.0003220506005 0.03690334357)
(0.4008644629 0.0003343309305 0.03831053002)
(0.4008644629 -0.0003343309305 0.03831053002)
(0.4008644628 0.0003478615185 0.03986098183)
(0.4008644628 -0.0003478615185 0.03986098183)
(0.4008644626 0.0003630416282 0.04160045011)
(0.4008644626 -0.0003630416282 0.04160045011)
(0.4008644624 0.000380373843 0.04358652521)
(0.4008644624 -0.000380373843 0.04358652521)
(0.4008644622 0.0004004992519 0.04589266864)
(0.4008644622 -0.0004004992519 0.04589266864)
(0.391938659 0.0008367502341 0.0958820798)
(0.391938659 -0.0008367502341 0.0958820798)
(0.400864462 0.0004242451626 0.0486136805)
(0.400864462 -0.0004242451626 0.0486136805)
(0.4008644617 0.0004526899489 0.05187313016)
(0.4008644617 -0.0004526899489 0.05187313016)
(0.1366531353 0.003319775963 0.3804086463)
(0.1366531353 -0.003319775963 0.3804086463)
(0.382429496 0.001154142101 0.1322515853)
(0.382429496 -0.001154142101 0.1322515853)
(0.4008644613 0.0004872513909 0.05583347914)
(0.4008644613 -0.0004872513909 0.05583347914)
(0.3723376717 0.001388717322 0.1591312433)
(0.3723376717 -0.001388717322 0.1591312433)
(0.4008644609 0.0005298073417 0.0607099081)
(0.4008644609 -0.0005298073417 0.0607099081)
(0.3264216609 0.002105258581 0.2412387389)
(0.3264216609 -0.002105258581 0.2412387389)
(0.4008644603 0.0005828610527 0.06678926123)
(0.4008644603 -0.0005828610527 0.06678926123)
(0.3919386576 0.0009775512581 0.1120162791)
(0.3919386576 -0.0009775512581 0.1120162791)
(0.4008644596 0.0006496032959 0.07443716478)
(0.4008644596 -0.0006496032959 0.07443716478)
(0.2733084022 0.002644109478 0.3029849358)
(0.2733084022 -0.002644109478 0.3029849358)
(0.4092125417 0 0)
(0.4092125417 4.655214238e-06 0.0005334347155)
(0.4092125417 -4.655214238e-06 0.0005334347155)
(0.4092125417 9.854841697e-06 0.001129253007)
(0.4092125417 -9.854841697e-06 0.001129253007)
(0.4092125417 1.565829197e-05 0.00179426254)
(0.4092125417 -1.565829197e-05 0.00179426254)
(0.4092125417 2.21202116e-05 0.002534725187)
(0.4092125417 -2.21202116e-05 0.002534725187)
(0.4092125417 2.927952663e-05 0.003355101432)
(0.4092125417 -2.927952663e-05 0.003355101432)
(0.4092125417 3.714602296e-05 0.004256512627)
(0.4092125417 -3.714602296e-05 0.004256512627)
(0.4092125417 4.569017071e-05 0.005235574985)
(0.4092125417 -4.569017071e-05 0.005235574985)
(0.4092125417 5.484405869e-05 0.006284506651)
(0.4092125417 -5.484405869e-05 0.006284506651)
(0.4092125417 6.451710198e-05 0.007392927624)
(0.4092125417 -6.451710198e-05 0.007392927624)
(0.4092125417 7.462019646e-05 0.008550627583)
(0.4092125417 -7.462019646e-05 0.008550627583)
(0.4092125417 8.508520112e-05 0.00974979834)
(0.4092125417 -8.508520112e-05 0.00974979834)
(0.4092125417 9.58705769e-05 0.01098567999)
(0.4092125417 -9.58705769e-05 0.01098567999)
(0.4092125417 0.0001069542338 0.01225574127)
(0.4092125417 -0.0001069542338 0.01225574127)
(0.4092125417 0.0001183210518 0.0135582496)
(0.4092125417 -0.0001183210518 0.0135582496)
(0.4092125417 0.0001299518706 0.01489100943)
(0.4092125417 -0.0001299518706 0.01489100943)
(0.4092125417 0.000141816869 0.01625060358)
(0.4092125417 -0.000141816869 0.01625060358)
(0.4092125417 0.0001538732069 0.01763212307)
(0.4092125417 -0.0001538732069 0.01763212307)
(0.4008644588 0.0007343865315 0.0841523613)
(0.4008644588 -0.0007343865315 0.0841523613)
(0.4092125417 0.0001660656273 0.01902923606)
(0.4092125417 -0.0001660656273 0.01902923606)
(0.4092125417 0.0001783287251 0.02043444788)
(0.4092125417 -0.0001783287251 0.02043444788)
(0.4092125417 0.0001905899781 0.02183944832)
(0.4092125417 -0.0001905899781 0.02183944832)
(0.4092125417 0.0002027729974 0.02323548405)
(0.4092125417 -0.0002027729974 0.02323548405)
(0.1491196926 0.003332089135 0.381819596)
(0.1491196926 -0.003332089135 0.381819596)
(0.4092125417 0.0002148006863 0.02461372068)
(0.4092125417 -0.0002148006863 0.02461372068)
(0.4092125417 0.0002265981266 0.02596557345)
(0.4092125417 -0.0002265981266 0.02596557345)
(0.4092125417 0.0002380950788 0.02728299367)
(0.4092125417 -0.0002380950788 0.02728299367)
(0.4092125417 0.0002492320729 0.0285591668)
(0.4092125417 -0.0002492320729 0.0285591668)
(0.4092125417 0.0002599583831 0.0297882802)
(0.4092125417 -0.0002599583831 0.0297882802)
(0.4092125417 0.0002702294402 0.03096522677)
(0.4092125417 -0.0002702294402 0.03096522677)
(-0.2589615968 0.002779098147 0.3184531052)
(-0.2589615968 -0.002779098147 0.3184531052)
(0.4092125417 0.0002800112698 0.03208611341)
(0.4092125417 -0.0002800112698 0.03208611341)
(0.4092125416 0.0002904171546 0.03327850971)
(0.4092125416 -0.0002904171546 0.03327850971)
(0.4092125415 0.0003011316961 0.03450627456)
(0.4092125415 -0.0003011316961 0.03450627456)
(0.4092125414 0.0003122919147 0.03578510894)
(0.4092125414 -0.0003122919147 0.03578510894)
(0.4092125412 0.0003240028991 0.03712705484)
(0.4092125412 -0.0003240028991 0.03712705484)
(0.3616710346 0.001703189231 0.1951661549)
(0.3616710346 -0.001703189231 0.1951661549)
(0.4092125411 0.0003364951363 0.03855852343)
(0.4092125411 -0.0003364951363 0.03855852343)
(0.409212541 0.0003502477236 0.04013441384)
(0.409212541 -0.0003502477236 0.04013441384)
(0.4092125408 0.0003656624378 0.04190076514)
(0.4092125408 -0.0003656624378 0.04190076514)
(0.4092125406 0.0003832444145 0.04391546012)
(0.4092125406 -0.0003832444145 0.04391546012)
(0.4092125404 0.0004036372959 0.04625225287)
(0.4092125404 -0.0004036372959 0.04625225287)
(0.4092125401 0.0004276708857 0.04900622948)
(0.4092125401 -0.0004276708857 0.04900622948)
(0.4008644577 0.0008432776094 0.09663004292)
(0.4008644577 -0.0008432776094 0.09663004292)
(0.4092125398 0.0004564259067 0.05230122852)
(0.4092125398 -0.0004564259067 0.05230122852)
(0.4092125395 0.0004913222127 0.05629994911)
(0.4092125395 -0.0004913222127 0.05629994911)
(0.409212539 0.0005342392693 0.06121775671)
(0.409212539 -0.0005342392693 0.06121775671)
(0.3919386558 0.001162107795 0.1331643635)
(0.3919386558 -0.001162107795 0.1331643635)
(0.3824294936 0.001397673199 0.1601574852)
(0.3824294936 -0.001397673199 0.1601574852)
(0.4092125385 0.0005876812212 0.06734159783)
(0.4092125385 -0.0005876812212 0.06734159783)
(0.4092125378 0.0006548352152 0.07503668335)
(0.4092125378 -0.0006548352152 0.07503668335)
(0.1620261055 0.003344836751 0.3832803281)
(0.1620261055 -0.003344836751 0.3832803281)
(0.4008644562 0.0009845574479 0.1128191089)
(0.4008644562 -0.0009845574479 0.1128191089)
(0.3386845487 0.002117099637 0.2425955896)
(0.3386845487 -0.002117099637 0.2425955896)
(0.4169940103 0 0)
(0.4169940103 4.645601523e-06 0.0005323332075)
(0.4169940103 -4.645601523e-06 0.0005323332075)
(0.4169940103 9.80831051e-06 0.001123921061)
(0.4169940103 -9.80831051e-06 0.001123921061)
(0.4169940103 1.55385949e-05 0.001780546614)
(0.4169940103 -1.55385949e-05 0.001780546614)
(0.4169940103 2.188311337e-05 0.002507556421)
(0.4169940103 -2.188311337e-05 0.002507556421)
(0.4169940103 2.887672504e-05 0.003308944942)
(0.4169940103 -2.887672504e-05 0.003308944942)
(0.4169940103 3.653272843e-05 0.004186236035)
(0.4169940103 -3.653272843e-05 0.004186236035)
(0.4169940103 4.483535987e-05 0.005137623364)
(0.4169940103 -4.483535987e-05 0.005137623364)
(0.4169940103 5.374010799e-05 0.006158006431)
(0.4169940103 -5.374010799e-05 0.006158006431)
(0.4169940103 6.318444092e-05 0.007240219793)
(0.4169940103 -6.318444092e-05 0.007240219793)
(0.4169940103 7.31045017e-05 0.008376946166)
(0.4169940103 -7.31045017e-05 0.008376946166)
(0.4169940103 8.344854036e-05 0.009562255592)
(0.4169940103 -8.344854036e-05 0.009562255592)
(0.4169940103 9.41806379e-05 0.01079203216)
(0.4169940103 -9.41806379e-05 0.01079203216)
(0.4169940103 0.0001052754881 0.01206337607)
(0.4169940103 -0.0001052754881 0.01206337607)
(0.4169940103 0.000116709525 0.01337358693)
(0.4169940103 -0.000116709525 0.01337358693)
(0.4169940103 0.0001284532084 0.01471927976)
(0.4169940103 -0.0001284532084 0.01471927976)
(0.4169940103 0.000140466539 0.01609587109)
(0.4169940103 -0.000140466539 0.01609587109)
(0.4169940103 0.0001526977197 0.01749742558)
(0.4169940103 -0.0001526977197 0.01749742558)
(0.4169940103 0.0001650840371 0.01891675696)
(0.4169940103 -0.0001650840371 0.01891675696)
(0.4169940103 0.000177554035 0.02034567719)
(0.4169940103 -0.000177554035 0.02034567719)
(-0.1108592358 0.00351279471 0.4025264039)
(-0.1108592358 -0.00351279471 0.4025264039)
(0.4169940103 0.000190030314 0.02177531716)
(0.4169940103 -0.000190030314 0.02177531716)
(0.4169940103 0.0002024325392 0.0231964714)
(0.4169940103 -0.0002024325392 0.0231964714)
(0.4169940103 0.0002146803947 0.02459993663)
(0.4169940103 -0.0002146803947 0.02459993663)
(0.4169940103 0.0002266963173 0.02597682498)
(0.4169940103 -0.0002266963173 0.02597682498)
(0.4169940103 0.0002384078867 0.02731883791)
(0.4169940103 -0.0002384078867 0.02731883791)
(0.4092125369 0.0007400484191 0.08480114935)
(0.4092125369 -0.0007400484191 0.08480114935)
(0.4169940103 0.0002497526484 0.02861881884)
(0.4169940103 -0.0002497526484 0.02861881884)
(0.4169940103 0.0002606770865 0.02987063546)
(0.4169940103 -0.0002606770865 0.02987063546)
(0.4169940103 0.0002711350633 0.03106900089)
(0.4169940103 -0.0002711350633 0.03106900089)
(0.4169940103 0.0002810910753 0.03220984688)
(0.4169940103 -0.0002810910753 0.03220984688)
(0.4169940102 0.0002916786174 0.03342305904)
(0.4169940102 -0.0002916786174 0.03342305904)
(0.4169940101 0.0003025754735 0.03467171506)
(0.4169940101 -0.0003025754735 0.03467171506)
(0.2870796048 0.002657685722 0.3045406193)
(0.2870796048 -0.002657685722 0.3045406193)
(0.41699401 0.0003139209425 0.03597177704)
(0.41699401 -0.0003139209425 0.03597177704)
(0.4169940099 0.0003258226893 0.03733558215)
(0.4169940099 -0.0003258226893 0.03733558215)
(0.4169940097 0.0003385124508 0.03878968478)
(0.4169940097 -0.0003385124508 0.03878968478)
(0.4169940096 0.0003524719696 0.04038928719)
(0.4169940096 -0.0003524719696 0.04038928719)
(0.4169940094 0.0003681053651 0.04218069688)
(0.4169940094 -0.0003681053651 0.04218069688)
(0.4169940092 0.0003859201515 0.04422206921)
(0.4169940092 -0.0003859201515 0.04422206921)
(0.416994009 0.0004065623514 0.04658743102)
(0.416994009 -0.0004065623514 0.04658743102)
(0.4169940087 0.0004308640945 0.04937213497)
(0.4169940087 -0.0004308640945 0.04937213497)
(0.4169940084 0.0004599082937 0.05270027055)
(0.4169940084 -0.0004599082937 0.05270027055)
(0.4092125358 0.0008493825016 0.09732959428)
(0.4092125358 -0.0008493825016 0.09732959428)
(0.4169940081 0.0004951167353 0.05673475834)
(0.4169940081 -0.0004951167353 0.05673475834)
(0.3723376687 0.001713123283 0.1963044844)
(0.3723376687 -0.001713123283 0.1963044844)
(0.4169940076 0.0005383703885 0.06169113608)
(0.4169940076 -0.0005383703885 0.06169113608)
(0.416994007 0.0005921742301 0.06785644565)
(0.416994007 -0.0005921742301 0.06785644565)
(0.4008644544 0.001169584815 0.1340211451)
(0.4008644544 -0.001169584815 0.1340211451)
(0.1753184841 0.003357965583 0.3847847433)
(0.1753184841 -0.003357965583 0.3847847433)
(-0.281231869 0.002764277871 0.3167548697)
(-0.281231869 -0.002764277871 0.3167548697)
(0.3919386534 0.001406112 0.161124476)
(0.3919386534 -0.001406112 0.161124476)
(0.4169940063 0.0006597120281 0.07559551076)
(0.4169940063 -0.0006597120281 0.07559551076)
(0.4242245633 0 0)
(0.4242245633 4.636669373e-06 0.0005313096844)
(0.4242245633 -4.636669373e-06 0.0005313096844)
(0.4242245633 9.765073658e-06 0.001118966609)
(0.4242245633 -9.765073658e-06 0.001118966609)
(0.4242245633 1.542737219e-05 0.001767801754)
(0.4242245633 -1.542737219e-05 0.001767801754)
(0.4242245633 2.166280133e-05 0.002482311162)
(0.4242245633 -2.166280133e-05 0.002482311162)
(0.4242245633 2.850244117e-05 0.003266056259)
(0.4242245633 -2.850244117e-05 0.003266056259)
(0.4242245633 3.596285419e-05 0.004120934915)
(0.4242245633 -3.596285419e-05 0.004120934915)
(0.4242245633 4.404106829e-05 0.005046606564)
(0.4242245633 -4.404106829e-05 0.005046606564)
(0.4242245633 5.271431526e-05 0.006040462226)
(0.4242245633 -5.271431526e-05 0.006040462226)
(0.4242245633 6.194613016e-05 0.007098323435)
(0.4242245633 -6.194613016e-05 0.007098323435)
(0.4242245633 7.169611573e-05 0.008215561119)
(0.4242245633 -7.169611573e-05 0.008215561119)
(0.4242245633 8.192775259e-05 0.009387990575)
(0.4242245633 -8.192775259e-05 0.009387990575)
(0.4242245633 9.261034392e-05 0.0106120943)
(0.4242245633 -9.261034392e-05 0.0106120943)
(0.4242245633 0.0001037155949 0.01188463001)
(0.4242245633 -0.0001037155949 0.01188463001)
(0.4242245633 0.0001152120918 0.01320199808)
(0.4242245633 -0.0001152120918 0.01320199808)
(0.4242245633 0.0001270606492 0.01455970827)
(0.4242245633 -0.0001270606492 0.01455970827)
(0.4242245633 0.0001392118103 0.01595209342)
(0.4242245633 -0.0001392118103 0.01595209342)
(0.4242245633 0.0001516054551 0.01737226445)
(0.4242245633 -0.0001516054551 0.01737226445)
(0.4242245633 0.0001641719419 0.01881224121)
(0.4242245633 -0.0001641719419 0.01881224121)
(0.4092125343 0.0009911101634 0.1135699757)
(0.4092125343 -0.0009911101634 0.1135699757)
(0.4242245633 0.0001768341917 0.02026319132)
(0.4242245633 -0.0001768341917 0.02026319132)
(0.4242245633 0.0001895102733 0.0217157264)
(0.4242245633 -0.0001895102733 0.0217157264)
(0.4242245633 0.0002021161849 0.02316022079)
(0.4242245633 -0.0002021161849 0.02316022079)
(0.4242245633 0.0002145686196 0.02458712848)
(0.4242245633 -0.0002145686196 0.02458712848)
(0.4242245633 0.0002267875562 0.02598727993)
(0.4242245633 -0.0002267875562 0.02598727993)
(0.4242245633 0.0002386985483 0.02735214443)
(0.4242245633 -0.0002386985483 0.02735214443)
(0.4242245633 0.000250236368 0.02867424762)
(0.4242245633 -0.000250236368 0.02867424762)
(0.4242245633 0.0002613449068 0.02994716009)
(0.4242245633 -0.0002613449068 0.02994716009)
(0.4242245633 0.0002719765696 0.03116542797)
(0.4242245633 -0.0002719765696 0.03116542797)
(0.4242245633 0.0002820944323 0.0323248202)
(0.4242245633 -0.0002820944323 0.0323248202)
(0.4242245632 0.0002928507708 0.0335573745)
(0.4242245632 -0.0002928507708 0.0335573745)
(0.4169940054 0.000745326017 0.08540590218)
(0.4169940054 -0.000745326017 0.08540590218)
(0.424224563 0.0003039170337 0.03482544263)
(0.424224563 -0.0003039170337 0.03482544263)
(0.4242245629 0.0003154346377 0.03614522933)
(0.4242245629 -0.0003154346377 0.03614522933)
(0.4242245628 0.0003275136413 0.03752934604)
(0.4242245628 -0.0003275136413 0.03752934604)
(0.4242245627 0.0003403869426 0.03900448027)
(0.4242245627 -0.0003403869426 0.03900448027)
(0.4242245625 0.0003545387425 0.04062611591)
(0.4242245625 -0.0003545387425 0.04062611591)
(0.4242245623 0.0003703753369 0.04244080989)
(0.4242245623 -0.0003703753369 0.04244080989)
(0.4242245621 0.0003884064506 0.04450697086)
(0.4242245621 -0.0003884064506 0.04450697086)
(0.4242245619 0.0004092803175 0.04689887909)
(0.4242245619 -0.0004092803175 0.04689887909)
(0.3504452894 0.00212845582 0.2438968792)
(0.3504452894 -0.00212845582 0.2438968792)
(0.4242245616 0.0004338312292 0.04971213492)
(0.4242245616 -0.0004338312292 0.04971213492)
(0.4242245613 0.0004631441332 0.05307106102)
(0.4242245613 -0.0004631441332 0.05307106102)
(0.424224561 0.0004986426118 0.05713878377)
(0.424224561 -0.0004986426118 0.05713878377)
(0.4169940043 0.0008550730362 0.09798166496)
(0.4169940043 -0.0008550730362 0.09798166496)
(0.4242245605 0.000542209031 0.06213100093)
(0.4242245605 -0.000542209031 0.06213100093)
(0.3005648113 0.00267098002 0.3060639949)
(0.3005648113 -0.00267098002 0.3060639949)
(0.4242245599 0.0005963491411 0.06833484306)
(0.4242245599 -0.0005963491411 0.06833484306)
(0.1889351419 0.003371414705 0.38632586)
(0.1889351419 -0.003371414705 0.38632586)
(0.3824294905 0.001722522 0.1973814707)
(0.3824294905 -0.001722522 0.1973814707)
(0.4092125324 0.001176577887 0.1348224718)
(0.4092125324 -0.001176577887 0.1348224718)
(0.4309236073 0 0)
(0.4309236073 4.628393814e-06 0.0005303613993)
(0.4309236073 -4.628393814e-06 0.0005303613993)
(0.4309236073 9.725015092e-06 0.001114376352)
(0.4309236073 -9.725015092e-06 0.001114376352)
(0.4309236073 1.532432532e-05 0.001755993752)
(0.4309236073 -1.532432532e-05 0.001755993752)
(0.4309236073 2.145868415e-05 0.002458921649)
(0.4309236073 -2.145868415e-05 0.002458921649)
(0.4309236073 2.815567044e-05 0.003226320269)
(0.4309236073 -2.815567044e-05 0.003226320269)
(0.4309236073 3.543487069e-05 0.004060433999)
(0.4309236073 -3.543487069e-05 0.004060433999)
(0.4309236073 4.330516408e-05 0.004962280294)
(0.4309236073 -4.330516408e-05 0.004962280294)
(0.4309236073 5.176392726e-05 0.005931558549)
(0.4309236073 -5.176392726e-05 0.005931558549)
(0.4309236073 6.079884608e-05 0.0069668577)
(0.4309236073 -6.079884608e-05 0.0069668577)
(0.4309236073 7.039125845e-05 0.008066039285)
(0.4309236073 -7.039125845e-05 0.008066039285)
(0.4242245592 0.0006642435704 0.07611477408)
(0.4242245592 -0.0006642435704 0.07611477408)
(0.4309236073 8.051875602e-05 0.009226535561)
(0.4309236073 -8.051875602e-05 0.009226535561)
(0.4309236073 9.115548028e-05 0.01044538343)
(0.4309236073 -9.115548028e-05 0.01044538343)
(0.4309236073 0.0001022703675 0.01171902336)
(0.4309236073 -0.0001022703675 0.01171902336)
(0.4309236073 0.0001138247331 0.01304302251)
(0.4309236073 -0.0001138247331 0.01304302251)
(0.4309236073 0.0001257704552 0.01441186668)
(0.4309236073 -0.0001257704552 0.01441186668)
(0.4309236073 0.0001380493151 0.01581888466)
(0.4309236073 -0.0001380493151 0.01581888466)
(0.4309236073 0.0001505934816 0.01725630377)
(0.4309236073 -0.0001505934816 0.01725630377)
(0.4309236073 0.0001633268937 0.01871540828)
(0.4309236073 -0.0001633268937 0.01871540828)
(0.4309236073 0.0001761672632 0.02018676888)
(0.4309236073 -0.0001761672632 0.02018676888)
(0.4309236073 0.0001890284601 0.02166051607)
(0.4309236073 -0.0001890284601 0.02166051607)
(0.4309236073 0.0002018230853 0.02312663491)
(0.4309236073 -0.0002018230853 0.02312663491)
(0.4309236073 0.000214465061 0.02457526184)
(0.4309236073 -0.000214465061 0.02457526184)
(0.4309236073 0.0002268720883 0.02599696634)
(0.4309236073 -0.0002268720883 0.02599696634)
(0.4309236073 0.0002389678437 0.02738300263)
(0.4309236073 -0.0002389678437 0.02738300263)
(0.4309236073 0.00025068453 0.02872560189)
(0.4309236073 -0.00025068453 0.02872560189)
(0.4309236073 0.0002619636365 0.03001805949)
(0.4309236073 -0.0002619636365 0.03001805949)
(0.4309236073 0.0002727562179 0.03125476682)
(0.4309236073 -0.0002727562179 0.03125476682)
(0.4309236073 0.0002830240338 0.03243134198)
(0.4309236073 -0.0002830240338 0.03243134198)
(0.4309236072 0.0002939367606 0.03368181661)
(0.4309236072 -0.0002939367606 0.03368181661)
(0.4309236071 0.0003051599775 0.03496786988)
(0.4309236071 -0.0003051599775 0.03496786988)
(0.4169940028 0.0009972181262 0.1142698789)
(0.4169940028 -0.0009972181262 0.1142698789)
(0.4008644519 0.001414033103 0.1620321444)
(0.4008644519 -0.001414033103 0.1620321444)
(0.430923607 0.0003168370631 0.03630593136)
(0.430923607 -0.0003168370631 0.03630593136)
(0.4309236068 0.0003290802935 0.0377088666)
(0.4309236068 -0.0003290802935 0.0377088666)
(0.4309236067 0.0003421236429 0.03920348641)
(0.4309236067 -0.0003421236429 0.03920348641)
(0.4242245583 0.0007502299694 0.08596783946)
(0.4242245583 -0.0007502299694 0.08596783946)
(0.4309236065 0.0003564535895 0.04084553565)
(0.4309236065 -0.0003564535895 0.04084553565)
(0.4309236064 0.000372478446 0.04268180232)
(0.4309236064 -0.000372478446 0.04268180232)
(0.4309236062 0.0003907099849 0.04477092975)
(0.4309236062 -0.0003907099849 0.04477092975)
(0.4309236059 0.0004117984893 0.047187433)
(0.4309236059 -0.0004117984893 0.047187433)
(0.4309236057 0.0004365802535 0.05002714191)
(0.4309236057 -0.0004365802535 0.05002714191)
(0.4309236054 0.0004661421101 0.05341459516)
(0.4309236054 -0.0004661421101 0.05341459516)
(0.430923605 0.0005019093054 0.05751310979)
(0.430923605 -0.0005019093054 0.05751310979)
(0.4309236045 0.0005457654997 0.06253853188)
(0.4309236045 -0.0005457654997 0.06253853188)
(0.4242245571 0.0008603606899 0.09858757005)
(0.4242245571 -0.0008603606899 0.09858757005)
(-0.1426944523 0.003595133635 0.4119615102)
(-0.1426944523 -0.003595133635 0.4119615102)
(0.4309236039 0.0006002171596 0.06877807408)
(0.4309236039 -0.0006002171596 0.06877807408)
(0.3616710307 0.002139295407 0.2451389729)
(0.3616710307 -0.002139295407 0.2451389729)
(0.4371371811 0 0)
(0.4371371811 4.628887793e-06 0.0005304180037)
(0.4371371811 -4.628887793e-06 0.0005304180037)
(0.4371371811 9.709547238e-06 0.001112603911)
(0.4371371811 -9.709547238e-06 0.001112603911)
(0.4371371811 1.527104744e-05 0.001749888712)
(0.4371371811 -1.527104744e-05 0.001749888712)
(0.4371371811 2.134093357e-05 0.00244542877)
(0.4371371811 -2.134093357e-05 0.00244542877)
(0.4371371811 2.794433672e-05 0.003202103823)
(0.4371371811 -2.794433672e-05 0.003202103823)
(0.4371371811 3.510296807e-05 0.004022401726)
(0.4371371811 -3.510296807e-05 0.004022401726)
(0.4371371811 4.283401642e-05 0.00490829212)
(0.4371371811 -4.283401642e-05 0.00490829212)
(0.4371371811 5.114898075e-05 0.005861092658)
(0.4371371811 -5.114898075e-05 0.005861092658)
(0.4371371811 6.005248233e-05 0.006881332886)
(0.4371371811 -6.005248233e-05 0.006881332886)
(0.4371371811 6.954111443e-05 0.007968622429)
(0.4371371811 -6.954111443e-05 0.007968622429)
(0.4371371811 7.960239958e-05 0.009121531513)
(0.4371371811 -7.960239958e-05 0.009121531513)
(0.4371371811 9.021393313e-05 0.01033749282)
(0.4371371811 -9.021393313e-05 0.01033749282)
(0.4371371811 0.0001013427949 0.01161273406)
(0.4371371811 -0.0001013427949 0.01161273406)
(0.4371371811 0.0001129453071 0.01294225027)
(0.4371371811 -0.0001129453071 0.01294225027)
(0.4371371811 0.0001249672048 0.0143198233)
(0.4371371811 -0.0001249672048 0.0143198233)
(0.4371371811 0.0001373442624 0.01573809363)
(0.4371371811 -0.0001373442624 0.01573809363)
(0.4371371811 0.0001500033927 0.01718868629)
(0.4371371811 -0.0001500033927 0.01718868629)
(0.4371371811 0.0001628641966 0.01866238844)
(0.4371371811 -0.0001628641966 0.01866238844)
(0.4371371811 0.0001758409073 0.0201493722)
(0.4371371811 -0.0001758409073 0.0201493722)
(0.4371371811 0.0001888446356 0.02163945187)
(0.4371371811 -0.0001888446356 0.02163945187)
(0.4309236032 0.0006684420047 0.076595867)
(0.4309236032 -0.0006684420047 0.076595867)
(0.2028075657 0.003385116446 0.387895924)
(0.2028075657 -0.003385116446 0.387895924)
(0.4371371811 0.0002017857948 0.02312236183)
(0.4371371811 -0.0002017857948 0.02312236183)
(0.4371371811 0.0002145765669 0.02458803915)
(0.4371371811 -0.0002145765669 0.02458803915)
(0.4371371811 0.0002271332677 0.02602689454)
(0.4371371811 -0.0002271332677 0.02602689454)
(0.4371371811 0.0002393784773 0.02743005658)
(0.4371371811 -0.0002393784773 0.02743005658)
(0.4371371811 0.0002512428261 0.0287895763)
(0.4371371811 -0.0002512428261 0.0287895763)
(0.4371371811 0.0002626663592 0.03009858353)
(0.4371371811 -0.0002626663592 0.03009858353)
(0.4371371811 0.0002735994352 0.03135138995)
(0.4371371811 -0.0002735994352 0.03135138995)
(-0.3048 0.002748498313 0.3149467115)
(-0.3048 -0.002748498313 0.3149467115)
(0.4371371811 0.0002840031576 0.03254353846)
(0.4371371811 -0.0002840031576 0.03254353846)
(0.4371371809 0.0002950585107 0.03381035644)
(0.4371371809 -0.0002950585107 0.03381035644)
(0.4169940008 0.001183096317 0.1355694099)
(0.4169940008 -0.001183096317 0.1355694099)
(0.4371371808 0.0003064275824 0.03511312303)
(0.4371371808 -0.0003064275824 0.03511312303)
(0.4371371807 0.0003182553216 0.03646844769)
(0.4371371807 -0.0003182553216 0.03646844769)
(0.4371371805 0.0003306558325 0.03788940549)
(0.4371371805 -0.0003306558325 0.03788940549)
(0.4371371804 0.0003438640623 0.03940291872)
(0.4371371804 -0.0003438640623 0.03940291872)
(0.4371371803 0.0003583681321 0.04106492049)
(0.4371371803 -0.0003583681321 0.04106492049)
(0.4371371801 0.0003745779749 0.0429223845)
(0.4371371801 -0.0003745779749 0.0429223845)
(0.3919386502 0.001731378072 0.1983962761)
(0.3919386502 -0.001731378072 0.1983962761)
(0.3136983063 0.002683927585 0.3075476389)
(0.3136983063 -0.002683927585 0.3075476389)
(0.4371371799 0.0003930070116 0.04503414294)
(0.4371371799 -0.0003930070116 0.04503414294)
(0.4242245556 0.001002893655 0.1149202301)
(0.4242245556 -0.001002893655 0.1149202301)
(0.4309236023 0.0007547734384 0.08648846943)
(0.4309236023 -0.0007547734384 0.08648846943)
(0.4371371796 0.0004143071697 0.0474748993)
(0.4371371796 -0.0004143071697 0.0474748993)
(0.4371371794 0.0004393163361 0.05034066592)
(0.4371371794 -0.0004393163361 0.05034066592)
(0.4371371791 0.0004691228129 0.05375614986)
(0.4371371791 -0.0004691228129 0.05375614986)
(0.4092125299 0.001421441514 0.1628810643)
(0.4092125299 -0.001421441514 0.1628810643)
(0.4371371787 0.0005051530871 0.05788481034)
(0.4371371787 -0.0005051530871 0.05788481034)
(0.4371371782 0.0005492916827 0.06294259244)
(0.4371371782 -0.0005492916827 0.06294259244)
(0.4309236011 0.0008652596548 0.09914893583)
(0.4309236011 -0.0008652596548 0.09914893583)
(0.4371371776 0.0006040453445 0.06921674062)
(0.4371371776 -0.0006040453445 0.06921674062)
(0.4433598681 0 0)
(0.4433598681 4.654542297e-06 0.0005333577186)
(0.4433598681 -4.654542297e-06 0.0005333577186)
(0.4433598681 9.760846266e-06 0.001118482197)
(0.4433598681 -9.760846266e-06 0.001118482197)
(0.4433598681 1.534796273e-05 0.001758702331)
(0.4433598681 -1.534796273e-05 0.001758702331)
(0.4433598681 2.144343138e-05 0.002457173856)
(0.4433598681 -2.144343138e-05 0.002457173856)
(0.4433598681 2.807239486e-05 0.003216777832)
(0.4433598681 -2.807239486e-05 0.003216777832)
(0.4433598681 3.525659741e-05 0.004040005905)
(0.4433598681 -3.525659741e-05 0.004040005905)
(0.4433598681 4.301328764e-05 0.004928834568)
(0.4433598681 -4.301328764e-05 0.004928834568)
(0.4433598681 5.135405645e-05 0.005884592006)
(0.4433598681 -5.135405645e-05 0.005884592006)
(0.4433598681 6.028365475e-05 0.006907822621)
(0.4433598681 -6.028365475e-05 0.006907822621)
(0.4433598681 6.979884882e-05 0.007998155865)
(0.4433598681 -6.979884882e-05 0.007998155865)
(0.4433598681 7.98873829e-05 0.009154187367)
(0.4433598681 -7.98873829e-05 0.009154187367)
(0.4433598681 9.052712744e-05 0.01037338133)
(0.4433598681 -9.052712744e-05 0.01037338133)
(0.4433598681 0.0001016854947 0.01165200357)
(0.4433598681 -0.0001016854947 0.01165200357)
(0.4433598681 0.0001133191994 0.01298509409)
(0.4433598681 -0.0001133191994 0.01298509409)
(0.4433598681 0.0001253744305 0.01436648675)
(0.4433598681 -0.0001253744305 0.01436648675)
(0.4433598681 0.0001377874779 0.01578888109)
(0.4433598681 -0.0001377874779 0.01578888109)
(0.4433598681 0.0001504858292 0.01724396803)
(0.4433598681 -0.0001504858292 0.01724396803)
(0.4433598681 0.0001633897172 0.01872260714)
(0.4433598681 -0.0001633897172 0.01872260714)
(0.4433598681 0.0001764140597 0.02021504896)
(0.4433598681 -0.0001764140597 0.02021504896)
(0.4371371769 0.0006725894349 0.07707111541)
(0.4371371769 -0.0006725894349 0.07707111541)
(0.4433598681 0.0001894707 0.02171119175)
(0.4433598681 -0.0001894707 0.02171119175)
(0.4433598681 0.0002024708271 0.02320085876)
(0.4433598681 -0.0002024708271 0.02320085876)
(0.4433598681 0.000215327438 0.02467408045)
(0.4433598681 -0.000215327438 0.02467408045)
(0.4433598681 0.0002279576996 0.02612136508)
(0.4433598681 -0.0002279576996 0.02612136508)
(0.4433598681 0.0002402850784 0.02753394278)
(0.4433598681 -0.0002402850784 0.02753394278)
(0.4433598681 0.000252241129 0.02890397047)
(0.4433598681 -0.000252241129 0.02890397047)
(0.4433598681 0.0002637668622 0.03022468868)
(0.4433598681 -0.0002637668622 0.03022468868)
(0.4433598681 0.0002748136542 0.03149052566)
(0.4433598681 -0.0002748136542 0.03149052566)
(0.4433598681 0.0002853436897 0.03269714822)
(0.4433598681 -0.0002853436897 0.03269714822)
(0.4433598679 0.0002965343989 0.03397947648)
(0.4433598679 -0.0002965343989 0.03397947648)
(0.4433598678 0.0003080503866 0.03529907796)
(0.4433598678 -0.0003080503866 0.03529907796)
(0.4433598677 0.0003200374055 0.03667265428)
(0.4433598677 -0.0003200374055 0.03667265428)
(0.4433598675 0.000332610687 0.03811340964)
(0.4433598675 -0.000332610687 0.03811340964)
(0.4433598674 0.0003460060752 0.03964836909)
(0.4433598674 -0.0003460060752 0.03964836909)
(0.4433598673 0.0003607118898 0.04133348853)
(0.4433598673 -0.0003607118898 0.04133348853)
(0.4433598671 0.0003771389179 0.04321583951)
(0.4433598671 -0.0003771389179 0.04321583951)
(0.4242245536 0.001189153253 0.136263466)
(0.4242245536 -0.001189153253 0.136263466)
(0.4433598669 0.0003958014565 0.0453543546)
(0.4433598669 -0.0003958014565 0.0453543546)
(0.4371371759 0.000759253682 0.08700185451)
(0.4371371759 -0.000759253682 0.08700185451)
(0.2168616801 0.003398997642 0.3894865515)
(0.2168616801 -0.003398997642 0.3894865515)
(-0.1730507933 0.003586131429 0.4109299596)
(-0.1730507933 -0.003586131429 0.4109299596)
(0.4433598666 0.0004173522912 0.04782383566)
(0.4433598666 -0.0004173522912 0.04782383566)
(0.4309235995 0.001008151982 0.1155227748)
(0.4309235995 -0.001008151982 0.1155227748)
(0.4433598664 0.0004426300886 0.05072038435)
(0.4433598664 -0.0004426300886 0.05072038435)
(0.3723376646 0.002149595119 0.246319203)
(0.3723376646 -0.002149595119 0.246319203)
(0.4433598661 0.0004727237615 0.0541687777)
(0.4433598661 -0.0004727237615 0.0541687777)
(0.4433598657 0.0005090601089 0.0583325107)
(0.4433598657 -0.0005090601089 0.0583325107)
(0.4008644486 0.001739690848 0.1993488259)
(0.4008644486 -0.001739690848 0.1993488259)
(0.4433598652 0.0005535234831 0.06342750873)
(0.4433598652 -0.0005535234831 0.06342750873)
(0.4169939983 0.001428347093 0.1636723653)
(0.4169939983 -0.001428347093 0.1636723653)
(0.4371371747 0.0008700820086 0.09970152284)
(0.4371371747 -0.0008700820086 0.09970152284)
(0.4433598646 0.0006086197156 0.06974091163)
(0.4433598646 -0.0006086197156 0.06974091163)
(0.3264216561 0.002696470811 0.3089849503)
(0.3264216561 -0.002696470811 0.3089849503)
(0.450085425 0 0)
(0.450085425 4.682270001e-06 0.0005365349988)
(0.450085425 -4.682270001e-06 0.0005365349988)
(0.450085425 9.81629089e-06 0.001124835522)
(0.450085425 -9.81629089e-06 0.001124835522)
(0.450085425 1.543109371e-05 0.001768228198)
(0.450085425 -1.543109371e-05 0.001768228198)
(0.450085425 2.155421229e-05 0.00246986809)
(0.450085425 -2.155421229e-05 0.00246986809)
(0.450085425 2.821080167e-05 0.003232637682)
(0.450085425 -2.821080167e-05 0.003232637682)
(0.450085425 3.542264191e-05 0.004059032719)
(0.450085425 -3.542264191e-05 0.004059032719)
(0.4433598639 0.0006775228587 0.0776364298)
(0.4433598639 -0.0006775228587 0.0776364298)
(0.450085425 4.32070462e-05 0.004951037099)
(0.450085425 -4.32070462e-05 0.004951037099)
(0.450085425 5.157570479e-05 0.00590999039)
(0.450085425 -5.157570479e-05 0.00590999039)
(0.450085425 6.053350875e-05 0.006936453053)
(0.450085425 -6.053350875e-05 0.006936453053)
(0.450085425 7.007741133e-05 0.008030075967)
(0.450085425 -7.007741133e-05 0.008030075967)
(0.450085425 8.019539639e-05 0.009189482217)
(0.450085425 -8.019539639e-05 0.009189482217)
(0.450085425 9.086563172e-05 0.01041217008)
(0.450085425 -9.086563172e-05 0.01041217008)
(0.450085425 0.0001020558888 0.01169444654)
(0.450085425 -0.0001020558888 0.01169444654)
(0.450085425 0.0001137233068 0.01303140021)
(0.450085425 -0.0001137233068 0.01303140021)
(0.450085425 0.0001258145651 0.01441692117)
(0.450085425 -0.0001258145651 0.01441692117)
(0.450085425 0.0001382665106 0.0158437728)
(0.450085425 -0.0001382665106 0.0158437728)
(0.450085425 0.0001510072525 0.01730371721)
(0.450085425 -0.0001510072525 0.01730371721)
(0.450085425 0.0001639577064 0.01878769225)
(0.450085425 -0.0001639577064 0.01878769225)
(0.450085425 0.0001770335299 0.02028603322)
(0.450085425 -0.0001770335299 0.02028603322)
(0.450085425 0.0001901473581 0.02178872909)
(0.450085425 -0.0001901473581 0.02178872909)
(0.450085425 0.0002032112185 0.02328569921)
(0.450085425 -0.0002032112185 0.02328569921)
(0.450085425 0.0002161389888 0.02476707496)
(0.450085425 -0.0002161389888 0.02476707496)
(0.450085425 0.0002288487557 0.02622347)
(0.450085425 -0.0002288487557 0.02622347)
(0.450085425 0.0002412649442 0.02764622427)
(0.450085425 -0.0002412649442 0.02764622427)
(0.450085425 0.000253320107 0.0290276091)
(0.450085425 -0.000253320107 0.0290276091)
(0.450085425 0.0002649562994 0.03036098469)
(0.450085425 -0.0002649562994 0.03036098469)
(0.450085425 0.000276125997 0.03164090525)
(0.450085425 -0.000276125997 0.03164090525)
(0.450085425 0.0002867925534 0.03286317156)
(0.450085425 -0.0002867925534 0.03286317156)
(0.4500854249 0.0002981295571 0.0341622635)
(0.4500854249 -0.0002981295571 0.0341622635)
(0.4500854248 0.0003098043333 0.03550006035)
(0.4500854248 -0.0003098043333 0.03550006035)
(0.4500854247 0.0003219635039 0.03689336329)
(0.4500854247 -0.0003219635039 0.03689336329)
(0.4500854245 0.000334723518 0.03835551609)
(0.4500854245 -0.000334723518 0.03835551609)
(0.4500854244 0.0003483211892 0.03991365488)
(0.4500854244 -0.0003483211892 0.03991365488)
(0.4433598629 0.0007645597742 0.08760987245)
(0.4433598629 -0.0007645597742 0.08760987245)
(0.4500854242 0.0003632450522 0.04162376019)
(0.4500854242 -0.0003632450522 0.04162376019)
(0.4309235975 0.001194764951 0.1369065029)
(0.4309235975 -0.001194764951 0.1369065029)
(0.4500854241 0.0003799068168 0.04353300931)
(0.4500854241 -0.0003799068168 0.04353300931)
(0.4371371732 0.001013319017 0.1161148583)
(0.4371371732 -0.001013319017 0.1161148583)
(0.4500854239 0.000398821727 0.04570044333)
(0.4500854239 -0.000398821727 0.04570044333)
(0.4500854236 0.0004206434961 0.04820097039)
(0.4500854236 -0.0004206434961 0.04820097039)
(0.4500854234 0.0004462116332 0.05113078871)
(0.4500854234 -0.0004462116332 0.05113078871)
(0.450085423 0.0004766157112 0.05461475097)
(0.450085423 -0.0004766157112 0.05461475097)
(-0.1965894997 0.003569778173 0.409056062)
(-0.1965894997 -0.003569778173 0.409056062)
(0.4500854227 0.0005132828663 0.05881639077)
(0.4500854227 -0.0005132828663 0.05881639077)
(0.2310193632 0.003412981133 0.3910889008)
(0.2310193632 -0.003412981133 0.3910889008)
(0.4433598617 0.0008757688274 0.1003531677)
(0.4433598617 -0.0008757688274 0.1003531677)
(0.4500854222 0.0005580972653 0.06395161226)
(0.4500854222 -0.0005580972653 0.06395161226)
(0.424224551 0.001434763769 0.1644076435)
(0.424224551 -0.001434763769 0.1644076435)
(0.3824294863 0.002159339792 0.2474358319)
(0.3824294863 -0.002159339792 0.2474358319)
(0.4500854216 0.0006135637524 0.07030744214)
(0.4500854216 -0.0006135637524 0.07030744214)
(0.4092125266 0.001747465581 0.2002397221)
(0.4092125266 -0.001747465581 0.2002397221)
(0.4500854209 0.0006828549642 0.07824742856)
(0.4500854209 -0.0006828549642 0.07824742856)
(0.4577503928 0 0)
(0.4577503928 4.713870649e-06 0.0005401560744)
(0.4577503928 -4.713870649e-06 0.0005401560744)
(0.4577503928 9.879479895e-06 0.001132076265)
(0.4577503928 -9.879479895e-06 0.001132076265)
(0.4577503928 1.552583625e-05 0.001779084618)
(0.4577503928 -1.552583625e-05 0.001779084618)
(0.4577503928 2.168046682e-05 0.002484335427)
(0.4577503928 -2.168046682e-05 0.002484335427)
(0.4577503928 2.836854084e-05 0.003250712801)
(0.4577503928 -2.836854084e-05 0.003250712801)
(0.4577503928 3.561187913e-05 0.004080717157)
(0.4577503928 -3.561187913e-05 0.004080717157)
(0.4577503928 4.342786852e-05 0.004976340831)
(0.4577503928 -4.342786852e-05 0.004976340831)
(0.4577503928 5.182831249e-05 0.005938936365)
(0.4577503928 -5.182831249e-05 0.005938936365)
(0.4577503928 6.081826179e-05 0.006969082521)
(0.4577503928 -6.081826179e-05 0.006969082521)
(0.4577503928 7.039488284e-05 0.008066454598)
(0.4577503928 -7.039488284e-05 0.008066454598)
(0.4577503928 8.054643252e-05 0.009229706973)
(0.4577503928 -8.054643252e-05 0.009229706973)
(0.4577503928 9.125141753e-05 0.01045637675)
(0.4577503928 -9.125141753e-05 0.01045637675)
(0.4577503928 0.0001024780189 0.01174281785)
(0.4577503928 -0.0001024780189 0.01174281785)
(0.4577503928 0.000114183859 0.01308417426)
(0.4577503928 -0.000114183859 0.01308417426)
(0.4577503928 0.0001263161767 0.01447440017)
(0.4577503928 -0.0001263161767 0.01447440017)
(0.4577503928 0.0001388124535 0.01590633166)
(0.4577503928 -0.0001388124535 0.01590633166)
(0.4577503928 0.000151601507 0.01737181204)
(0.4577503928 -0.000151601507 0.01737181204)
(0.4577503928 0.000164605031 0.0188618683)
(0.4577503928 -0.000164605031 0.0188618683)
(0.4577503928 0.0001777395263 0.02036693239)
(0.4577503928 -0.0001777395263 0.02036693239)
(0.4371371711 0.001200269219 0.1375372296)
(0.4371371711 -0.001200269219 0.1375372296)
(0.4577503928 0.0001909185303 0.02187709667)
(0.4577503928 -0.0001909185303 0.02187709667)
(0.4577503928 0.0002040550261 0.02338238999)
(0.4577503928 -0.0002040550261 0.02338238999)
(0.4577503928 0.0002170638951 0.02487305873)
(0.4577503928 -0.0002170638951 0.02487305873)
(0.4433598602 0.001019386008 0.1168100666)
(0.4433598602 -0.001019386008 0.1168100666)
(0.4577503928 0.0002298642726 0.0263398367)
(0.4577503928 -0.0002298642726 0.0263398367)
(0.4577503928 0.0002423816754 0.02777418899)
(0.4577503928 -0.0002423816754 0.02777418899)
(0.4500854199 0.0007702946642 0.08826702575)
(0.4500854199 -0.0007702946642 0.08826702575)
(0.4577503928 0.0002545497943 0.02916851731)
(0.4577503928 -0.0002545497943 0.02916851731)
(0.4577503928 0.0002663118746 0.03051631822)
(0.4577503928 -0.0002663118746 0.03051631822)
(0.4577503928 0.0002776216449 0.03181228953)
(0.4577503928 -0.0002776216449 0.03181228953)
(0.4577503928 0.0002884437911 0.03305238466)
(0.4577503928 -0.0002884437911 0.03305238466)
(0.4577503927 0.0002999475234 0.03437058181)
(0.4577503927 -0.0002999475234 0.03437058181)
(0.4577503926 0.0003118032675 0.03572911552)
(0.4577503926 -0.0003118032675 0.03572911552)
(0.4577503924 0.0003241586354 0.03714490045)
(0.4577503924 -0.0003241586354 0.03714490045)
(0.4577503923 0.0003371314645 0.03863143942)
(0.4577503923 -0.0003371314645 0.03863143942)
(0.3386845437 0.002708560094 0.3103702449)
(0.3386845437 -0.002708560094 0.3103702449)
(0.4577503922 0.0003509596732 0.04021599519)
(0.4577503922 -0.0003509596732 0.04021599519)
(0.457750392 0.000366132041 0.04195457634)
(0.457750392 -0.000366132041 0.04195457634)
(0.4577503918 0.0003830613297 0.04389448068)
(0.4577503918 -0.0003830613297 0.04389448068)
(0.4577503916 0.0004022638622 0.04609487296)
(0.4577503916 -0.0004022638622 0.04609487296)
(0.4577503914 0.0004243944092 0.04863078246)
(0.4577503914 -0.0004243944092 0.04863078246)
(0.4577503911 0.00045029344 0.05159851744)
(0.4577503911 -0.00045029344 0.05159851744)
(0.4577503908 0.0004810512798 0.05512301678)
(0.4577503908 -0.0004810512798 0.05512301678)
(0.4500854187 0.0008819152115 0.1010574736)
(0.4500854187 -0.0008819152115 0.1010574736)
(0.4309235949 0.001440708762 0.1650888723)
(0.4309235949 -0.001440708762 0.1650888723)
(0.4577503904 0.0005180954491 0.05936785814)
(0.4577503904 -0.0005180954491 0.05936785814)
(-0.2169618305 0.003555440686 0.4074131487)
(-0.2169618305 -0.003555440686 0.4074131487)
(0.45775039 0.0005633099031 0.06454892139)
(0.45775039 -0.0005633099031 0.06454892139)
(0.4169939949 0.00175471262 0.2010701504)
(0.4169939949 -0.00175471262 0.2010701504)
(0.245200151 0.003426987444 0.3926938651)
(0.245200151 -0.003426987444 0.3926938651)
(0.4577503894 0.0006191983612 0.07095310436)
(0.4577503894 -0.0006191983612 0.07095310436)
(0.3919386459 0.002168521846 0.2484879911)
(0.3919386459 -0.002168521846 0.2484879911)
(0.4433598582 0.001206703107 0.1382744801)
(0.4433598582 -0.001206703107 0.1382744801)
(0.4577503887 0.0006889318463 0.07894377028)
(0.4577503887 -0.0006889318463 0.07894377028)
(0.4500854172 0.001025943288 0.1175614564)
(0.4500854172 -0.001025943288 0.1175614564)
(0.4577503877 0.0007768305908 0.08901596876)
(0.4577503877 -0.0007768305908 0.08901596876)
(0.4668522872 0 0)
(0.4668522872 4.751395368e-06 0.0005444559813)
(0.4668522872 -4.751395368e-06 0.0005444559813)
(0.4668522872 9.954514738e-06 0.001140674406)
(0.4668522872 -9.954514738e-06 0.001140674406)
(0.4668522872 1.563833986e-05 0.001791976255)
(0.4668522872 -1.563833986e-05 0.001791976255)
(0.4668522872 2.183038988e-05 0.002501514908)
(0.4668522872 -2.183038988e-05 0.002501514908)
(0.4668522872 2.855585087e-05 0.003272176403)
(0.4668522872 -2.855585087e-05 0.003272176403)
(0.4668522872 3.583659203e-05 0.004106466705)
(0.4668522872 -3.583659203e-05 0.004106466705)
(0.4668522872 4.369008769e-05 0.005006388171)
(0.4668522872 -4.369008769e-05 0.005006388171)
(0.4668522872 5.212827573e-05 0.005973308748)
(0.4668522872 -5.212827573e-05 0.005973308748)
(0.4668522872 6.115639657e-05 0.007007828929)
(0.4668522872 -6.115639657e-05 0.007007828929)
(0.4668522872 7.077186969e-05 0.008109653014)
(0.4668522872 -7.077186969e-05 0.008109653014)
(0.4668522872 8.096327626e-05 0.009277472534)
(0.4668522872 -8.096327626e-05 0.009277472534)
(0.4668522872 9.170952535e-05 0.01050887071)
(0.4668522872 -9.170952535e-05 0.01050887071)
(0.4668522872 0.0001029792842 0.01180025717)
(0.4668522872 -0.0001029792842 0.01180025717)
(0.4668522872 0.0001147307494 0.0131468417)
(0.4668522872 -0.0001147307494 0.0131468417)
(0.4668522872 0.0001269118238 0.01454265457)
(0.4668522872 -0.0001269118238 0.01454265457)
(0.4668522872 0.0001394607425 0.01598061823)
(0.4668522872 -0.0001394607425 0.01598061823)
(0.4668522872 0.0001523071644 0.01745267237)
(0.4668522872 -0.0001523071644 0.01745267237)
(0.4668522872 0.0001653737074 0.0189499499)
(0.4668522872 -0.0001653737074 0.0189499499)
(0.4668522872 0.0001785778736 0.02046299748)
(0.4668522872 -0.0001785778736 0.02046299748)
(0.4668522872 0.0001918342717 0.02198203024)
(0.4668522872 -0.0001918342717 0.02198203024)
(0.4668522872 0.0002050570196 0.02349720707)
(0.4668522872 -0.0002050570196 0.02349720707)
(0.4371371685 0.001446528528 0.1657557513)
(0.4371371685 -0.001446528528 0.1657557513)
(0.4668522872 0.0002181621907 0.02499891093)
(0.4668522872 -0.0002181621907 0.02499891093)
(0.4668522872 0.0002310701651 0.0264780183)
(0.4668522872 -0.0002310701651 0.0264780183)
(0.4668522872 0.0002437077565 0.02792614284)
(0.4668522872 -0.0002437077565 0.02792614284)
(0.4668522872 0.000256010007 0.02933584112)
(0.4668522872 -0.000256010007 0.02933584112)
(0.4668522872 0.000267921575 0.03070077162)
(0.4668522872 -0.000267921575 0.03070077162)
(0.4668522872 0.0002793976771 0.03201580266)
(0.4668522872 -0.0002793976771 0.03201580266)
(0.4668522872 0.0002904045811 0.03327706893)
(0.4668522872 -0.0002904045811 0.03327706893)
(0.4668522871 0.000302106298 0.03461795287)
(0.4668522871 -0.000302106298 0.03461795287)
(0.466852287 0.0003141769353 0.03600111091)
(0.466852287 -0.0003141769353 0.03600111091)
(0.4668522869 0.000326765281 0.03744359246)
(0.4668522869 -0.000326765281 0.03744359246)
(0.4668522867 0.0003399908209 0.03895908922)
(0.4668522867 -0.0003399908209 0.03895908922)
(0.4668522866 0.0003540927852 0.04057501427)
(0.4668522866 -0.0003540927852 0.04057501427)
(0.4668522865 0.0003695602442 0.04234740952)
(0.4668522865 -0.0003695602442 0.04234740952)
(0.4577503865 0.0008889201088 0.1018601553)
(0.4577503865 -0.0008889201088 0.1018601553)
(0.4668522863 0.0003868072088 0.04432371591)
(0.4668522863 -0.0003868072088 0.04432371591)
(0.3504452842 0.002720154338 0.3116988137)
(0.3504452842 -0.002720154338 0.3116988137)
(0.4668522861 0.0004063512834 0.04656324503)
(0.4668522861 -0.0004063512834 0.04656324503)
(0.4668522859 0.0004288484938 0.04914117)
(0.4668522859 -0.0004288484938 0.04914117)
(0.4668522856 0.0004551404498 0.05215392975)
(0.4668522856 -0.0004551404498 0.05215392975)
(0.4242245476 0.001761446579 0.2018417858)
(0.4242245476 -0.001761446579 0.2018417858)
(0.4668522853 0.0004863183701 0.05572656555)
(0.4668522853 -0.0004863183701 0.05572656555)
(-0.2376465412 0.003540813284 0.4057370145)
(-0.2376465412 -0.003540813284 0.4057370145)
(0.4668522849 0.0005238102312 0.0600227073)
(0.4668522849 -0.0005238102312 0.0600227073)
(0.4500854152 0.001213656932 0.1390713095)
(0.4500854152 -0.001213656932 0.1390713095)
(0.4668522844 0.0005694997373 0.06525820613)
(0.4668522844 -0.0005694997373 0.06525820613)
(0.2593230536 0.003440936582 0.394292278)
(0.2593230536 -0.003440936582 0.394292278)
(0.4008644443 0.002177140606 0.2494756031)
(0.4008644443 -0.002177140606 0.2494756031)
(0.4668522838 0.0006258892719 0.07171980678)
(0.4668522838 -0.0006258892719 0.07171980678)
(0.457750385 0.001033416473 0.1184177987)
(0.457750385 -0.001033416473 0.1184177987)
(0.4433598555 0.001453297945 0.1665314497)
(0.4433598555 -0.001453297945 0.1665314497)
(0.4668522831 0.0006961479417 0.07977065291)
(0.4668522831 -0.0006961479417 0.07977065291)
(0.4668522822 0.0007845917864 0.08990531368)
(0.4668522822 -0.0007845917864 0.08990531368)
(0.4309235914 0.001767685534 0.2025566991)
(0.4309235914 -0.001767685534 0.2025566991)
(0.4779818919 0 0)
(0.4779818919 4.797279803e-06 0.0005497138168)
(0.4779818919 -4.797279803e-06 0.0005497138168)
(0.4779818919 1.004626576e-05 0.001151188032)
(0.4779818919 -1.004626576e-05 0.001151188032)
(0.4779818919 1.577590691e-05 0.001807739877)
(0.4779818919 -1.577590691e-05 0.001807739877)
(0.4779818919 2.201371264e-05 0.002522521616)
(0.4779818919 -2.201371264e-05 0.002522521616)
(0.4779818919 2.878488961e-05 0.003298421644)
(0.4779818919 -2.878488961e-05 0.003298421644)
(0.4779818919 3.611136624e-05 0.004137952711)
(0.4779818919 -3.611136624e-05 0.004137952711)
(0.4779818919 4.401072376e-05 0.005043129426)
(0.4779818919 -4.401072376e-05 0.005043129426)
(0.4779818919 5.249506445e-05 0.006015338573)
(0.4779818919 -5.249506445e-05 0.006015338573)
(0.4779818919 6.156986066e-05 0.00705520722)
(0.4779818919 -6.156986066e-05 0.00705520722)
(0.466852281 0.0008972381915 0.1028133132)
(0.466852281 -0.0008972381915 0.1028133132)
(0.4779818919 7.123284128e-05 0.008162475125)
(0.4779818919 -7.123284128e-05 0.008162475125)
(0.4779818919 8.147298399e-05 0.009335879255)
(0.4779818919 -8.147298399e-05 0.009335879255)
(0.4779818919 9.226968993e-05 0.01057305921)
(0.4779818919 -9.226968993e-05 0.01057305921)
(0.4779818919 0.0001035922209 0.01187049276)
(0.4779818919 -0.0001035922209 0.01187049276)
(0.4779818919 0.0001153994755 0.01322347013)
(0.4779818919 -0.0001153994755 0.01322347013)
(0.4779818919 0.0001276401685 0.01462611461)
(0.4779818919 -0.0001276401685 0.01462611461)
(0.4779818919 0.0001402534567 0.01607145428)
(0.4779818919 -0.0001402534567 0.01607145428)
(0.3616710253 0.002731221157 0.3129669455)
(0.3616710253 -0.002731221157 0.3129669455)
(0.4779818919 0.0001531700275 0.01755154669)
(0.4779818919 -0.0001531700275 0.01755154669)
(0.4779818919 0.0001663136288 0.01905765422)
(0.4779818919 -0.0001663136288 0.01905765422)
(0.4779818919 0.000179602987 0.02058046383)
(0.4779818919 -0.000179602987 0.02058046383)
(0.4779818919 0.000192954021 0.0221103408)
(0.4779818919 -0.000192954021 0.0221103408)
(0.4779818919 0.0002062822361 0.02363760298)
(0.4779818919 -0.0002062822361 0.02363760298)
(0.4779818919 0.0002195051633 0.02515280036)
(0.4779818919 -0.0002195051633 0.02515280036)
(0.457750383 0.001221582052 0.1399794383)
(0.457750383 -0.001221582052 0.1399794383)
(0.4779818919 0.0002325447051 0.02664698384)
(0.4779818919 -0.0002325447051 0.02664698384)
(0.4779818919 0.0002453292606 0.02811194881)
(0.4779818919 -0.0002453292606 0.02811194881)
(0.4779818919 0.0002577955244 0.02954044114)
(0.4779818919 -0.0002577955244 0.02954044114)
(0.4779818919 0.0002698898828 0.03092631735)
(0.4779818919 -0.0002698898828 0.03092631735)
(0.4779818919 0.0002815693719 0.03226465424)
(0.4779818919 -0.0002815693719 0.03226465424)
(0.4779818919 0.0002928021936 0.03355180812)
(0.4779818919 -0.0002928021936 0.03355180812)
(0.4779818918 0.000304746002 0.034920433)
(0.4779818918 -0.000304746002 0.034920433)
(0.4779818917 0.0003170794063 0.03633370115)
(0.4779818917 -0.0003170794063 0.03633370115)
(0.4779818916 0.0003299526324 0.03780882675)
(0.4779818916 -0.0003299526324 0.03780882675)
(0.4779818914 0.0003434871817 0.03935973247)
(0.4779818914 -0.0003434871817 0.03935973247)
(0.4779818913 0.0003579238885 0.04101401522)
(0.4779818913 -0.0003579238885 0.04101401522)
(0.4092125221 0.002185201518 0.2503992921)
(0.4092125221 -0.002185201518 0.2503992921)
(-0.2589608087 0.003525666858 0.404001406)
(-0.2589608087 -0.003525666858 0.404001406)
(0.4779818911 0.0003737521789 0.04282775765)
(0.4779818911 -0.0003737521789 0.04282775765)
(0.477981891 0.0003913875909 0.04484857571)
(0.477981891 -0.0003913875909 0.04484857571)
(0.4500854125 0.001460614415 0.1673698342)
(0.4500854125 -0.001460614415 0.1673698342)
(0.4779818908 0.0004113492958 0.04713596052)
(0.4779818908 -0.0004113492958 0.04713596052)
(0.4779818905 0.0004342948546 0.04976526113)
(0.4779818905 -0.0004342948546 0.04976526113)
(0.4779818903 0.0004610672713 0.05283307623)
(0.4779818903 -0.0004610672713 0.05283307623)
(0.2733083966 0.003454749853 0.3958751221)
(0.2733083966 -0.003454749853 0.3958751221)
(0.47798189 0.0004927588571 0.05646457226)
(0.47798189 -0.0004927588571 0.05646457226)
(0.4779818896 0.0005307981463 0.06082344306)
(0.4779818896 -0.0005307981463 0.06082344306)
(0.4668522795 0.001042290632 0.1194346766)
(0.4668522795 -0.001042290632 0.1194346766)
(0.4371371649 0.001773779504 0.203254999)
(0.4371371649 -0.001773779504 0.203254999)
(0.4779818891 0.000577068536 0.06612550456)
(0.4779818891 -0.000577068536 0.06612550456)
(0.4779818885 0.0006340707765 0.07265731435)
(0.4779818885 -0.0006340707765 0.07265731435)
(0.4779818878 0.0007049716311 0.08078174757)
(0.4779818878 -0.0007049716311 0.08078174757)
(0.4779818869 0.0007940820128 0.09099278592)
(0.4779818869 -0.0007940820128 0.09099278592)
(0.4169939903 0.002192715311 0.2512602876)
(0.4169939903 -0.002192715311 0.2512602876)
(0.3723376591 0.002741736784 0.314171917)
(0.3723376591 -0.002741736784 0.314171917)
(0.4668522775 0.001230992868 0.1410578111)
(0.4668522775 -0.001230992868 0.1410578111)
(0.4577503804 0.001468952834 0.1683253223)
(0.4577503804 -0.001468952834 0.1683253223)
(0.443359852 0.001780828293 0.2040627101)
(0.443359852 -0.001780828293 0.2040627101)
(0.4779818857 0.0009074093677 0.1039788145)
(0.4779818857 -0.0009074093677 0.1039788145)
(0.287079599 0.003468351617 0.3974337299)
(0.287079599 -0.003468351617 0.3974337299)
(-0.2812314633 0.003509760782 0.4021787502)
(-0.2812314633 -0.003509760782 0.4021787502)
(0.4918616045 0 0)
(0.4918616045 4.854502211e-06 0.0005562708553)
(0.4918616045 -4.854502211e-06 0.0005562708553)
(0.4918616045 1.016068832e-05 0.001164299559)
(0.4918616045 -1.016068832e-05 0.001164299559)
(0.4918616045 1.594746656e-05 0.001827398666)
(0.4918616045 -1.594746656e-05 0.001827398666)
(0.4918616045 2.224233417e-05 0.002548719048)
(0.4918616045 -2.224233417e-05 0.002548719048)
(0.4918616045 2.907052347e-05 0.003331152042)
(0.4918616045 -2.907052347e-05 0.003331152042)
(0.4918616045 3.645403672e-05 0.004177218859)
(0.4918616045 -3.645403672e-05 0.004177218859)
(0.4918616045 4.44105885e-05 0.005088949387)
(0.4918616045 -4.44105885e-05 0.005088949387)
(0.4918616045 5.29524861e-05 0.006067753902)
(0.4918616045 -5.29524861e-05 0.006067753902)
(0.4918616045 6.208549107e-05 0.007114292612)
(0.4918616045 -6.208549107e-05 0.007114292612)
(0.4918616045 7.180771822e-05 0.008228349498)
(0.4918616045 -7.180771822e-05 0.008228349498)
(0.4918616045 8.210863971e-05 0.009408718186)
(0.4918616045 -8.210863971e-05 0.009408718186)
(0.4918616045 9.296827031e-05 0.0106531086)
(0.4918616045 -9.296827031e-05 0.0106531086)
(0.4918616045 0.0001043566133 0.01195808345)
(0.4918616045 -0.0001043566133 0.01195808345)
(0.4918616045 0.0001162334428 0.01331903331)
(0.4918616045 -0.0001162334428 0.01331903331)
(0.4918616045 0.0001285484861 0.01473019749)
(0.4918616045 -0.0001285484861 0.01473019749)
(0.4918616045 0.0001412420494 0.01618473578)
(0.4918616045 -0.0001412420494 0.01618473578)
(0.4918616045 0.0001542461027 0.01767485269)
(0.4918616045 -0.0001542461027 0.01767485269)
(0.4918616045 0.0001674858033 0.01919197211)
(0.4918616045 -0.0001674858033 0.01919197211)
(0.4918616045 0.0001808814043 0.02072695595)
(0.4918616045 -0.0001808814043 0.02072695595)
(0.4918616045 0.0001943504585 0.02227035669)
(0.4918616045 -0.0001943504585 0.02227035669)
(0.4918616045 0.0002078102018 0.0238126905)
(0.4918616045 -0.0002078102018 0.0238126905)
(0.4918616045 0.0002211799824 0.02534471562)
(0.4918616045 -0.0002211799824 0.02534471562)
(0.4918616045 0.0002343836016 0.02685770051)
(0.4918616045 -0.0002343836016 0.02685770051)
(0.4918616045 0.0002473514359 0.02834366714)
(0.4918616045 -0.0002473514359 0.02834366714)
(0.4918616045 0.0002600222403 0.02979559752)
(0.4918616045 -0.0002600222403 0.02979559752)
(0.4918616045 0.0002723445564 0.03120759508)
(0.4918616045 -0.0002723445564 0.03120759508)
(0.4918616045 0.000284277689 0.03257499664)
(0.4918616045 -0.000284277689 0.03257499664)
(0.4779818842 0.001053141767 0.1206780935)
(0.4779818842 -0.001053141767 0.1206780935)
(0.4918616045 0.0002957922525 0.03389443493)
(0.4918616045 -0.0002957922525 0.03389443493)
(0.4918616044 0.0003080379728 0.03529765549)
(0.4918616044 -0.0003080379728 0.03529765549)
(0.4918616043 0.0003206990734 0.03674847391)
(0.4918616043 -0.0003206990734 0.03674847391)
(0.4918616041 0.0003339275733 0.03826430986)
(0.4918616041 -0.0003339275733 0.03826430986)
(0.4242245429 0.00219969714 0.2520603259)
(0.4242245429 -0.00219969714 0.2520603259)
(0.491861604 0.0003478474877 0.03985937406)
(0.491861604 -0.0003478474877 0.03985937406)
(0.4918616039 0.0003627016514 0.04156149263)
(0.4918616039 -0.0003627016514 0.04156149263)
(0.4918616037 0.0003789799341 0.04342679906)
(0.4918616037 -0.0003789799341 0.04342679906)
(0.4918616036 0.0003970997782 0.04550312754)
(0.4918616036 -0.0003970997782 0.04550312754)
(0.4918616034 0.0004175823092 0.04785019312)
(0.4918616034 -0.0004175823092 0.04785019312)
(-9.160646372e-18 0.004314299449 0.49436975)
(-9.160646372e-18 -0.004314299449 0.49436975)
(0.4918616031 0.0004410870026 0.0505435642)
(0.4918616031 -0.0004410870026 0.0505435642)
(0.450085409 0.001788446711 0.2049356944)
(0.450085409 -0.001788446711 0.2049356944)
(0.003177746263 0.004317380373 0.4947227889)
(0.003177746263 -0.004317380373 0.4947227889)
(0.4918616029 0.0004684586011 0.05368003873)
(0.4918616029 -0.0004684586011 0.05368003873)
(0.00666735174 0.004320763654 0.4951104745)
(0.00666735174 -0.004320763654 0.4951104745)
(0.4918616026 0.0005007907783 0.05738493927)
(0.4918616026 -0.0005007907783 0.05738493927)
(-0.003522576291 0.004322282876 0.4952845601)
(-0.003522576291 -0.004322282876 0.4952845601)
(0.3824294807 0.002751685737 0.3153119541)
(0.3824294807 -0.002751685737 0.3153119541)
(0.01049401919 0.004324473727 0.4955356068)
(0.01049401919 -0.004324473727 0.4955356068)
(0.4918616022 0.0005395127642 0.06182203937)
(0.4918616022 -0.0005395127642 0.06182203937)
(0.01468381883 0.004328535868 0.496001082)
(0.01468381883 -0.004328535868 0.496001082)
(0.4918616017 0.0005865075731 0.06720711108)
(0.4918616017 -0.0005865075731 0.06720711108)
(0.4668522749 0.001478854429 0.1694599327)
(0.4668522749 -0.001478854429 0.1694599327)
(0.01926344712 0.00433297596 0.4965098662)
(0.01926344712 -0.00433297596 0.4965098662)
(-0.00931720131 0.004335712908 0.4968234894)
(-0.00931720131 -0.004335712908 0.4968234894)
(0.4918616012 0.000644273918 0.07382647856)
(0.4918616012 -0.000644273918 0.07382647856)
(0.02425991693 0.004337820193 0.4970649603)
(0.02425991693 -0.004337820193 0.4970649603)
(0.02970017209 0.004343094689 0.4976693577)
(0.02970017209 -0.004343094689 0.4976693577)
(0.4918616004 0.0007159756404 0.08204268214)
(0.4918616004 -0.0007159756404 0.08204268214)
(0.4779818823 0.001242500216 0.1423764225)
(0.4779818823 -0.001242500216 0.1423764225)
(0.3005648053 0.003481670905 0.3989599691)
(0.3005648053 -0.003481670905 0.3989599691)
(0.4309235867 0.002206165743 0.2528015544)
(0.4309235867 -0.002206165743 0.2528015544)
(0.03561062038 0.004348825052 0.4983259923)
(0.03561062038 -0.004348825052 0.4983259923)
(-0.01859608776 0.004357675174 0.4993401158)
(-0.01859608776 -0.004357675174 0.4993401158)
(0.4918615995 0.0008059172593 0.09234897084)
(0.4918615995 -0.0008059172593 0.09234897084)
(0.04201658149 0.004355035831 0.499037677)
(0.04201658149 -0.004355035831 0.499037677)
(0.4577503769 0.001797129252 0.2059306151)
(0.4577503769 -0.001797129252 0.2059306151)
(0.04894164959 0.004361749899 0.4998070331)
(0.04894164959 -0.004361749899 0.4998070331)
(0.4918615984 0.0009200938257 0.1054323095)
(0.4918615984 -0.0009200938257 0.1054323095)
(-0.3048 0.003492838715 0.4002396733)
(-0.3048 -0.003492838715 0.4002396733)
(0.3919386402 0.002761060276 0.3163861698)
(0.3919386402 -0.002761060276 0.3163861698)
(0.05640697436 0.004368987764 0.5006364102)
(0.05640697436 -0.004368987764 0.5006364102)
(-0.03282875058 0.004391991713 0.5032724017)
(-0.03282875058 -0.004391991713 0.5032724017)
(0.4371371602 0.002212467179 0.2535236275)
(0.4371371602 -0.002212467179 0.2535236275)
(0.06443046997 0.004376766792 0.5015277985)
(0.06443046997 -0.004376766792 0.5015277985)
(0.4918615969 0.001066674201 0.1222287568)
(0.4918615969 -0.001066674201 0.1222287568)
(0.4779818797 0.00149096189 0.1708473103)
(0.4779818797 -0.00149096189 0.1708473103)
(0.07302596748 0.004385100394 0.5024827347)
(0.07302596748 -0.004385100394 0.5024827347)
(0.3136983 0.003494642809 0.400446402)
(0.3136983 -0.003494642809 0.400446402)
(0.509392326 0 0)
(0.509392326 4.926776769e-06 0.0005645526994)
(0.509392326 -4.926776769e-06 0.0005645526994)
(0.509392326 1.030520933e-05 0.001180860026)
(0.509392326 -1.030520933e-05 0.001180860026)
(0.509392326 1.616415437e-05 0.001852228629)
(0.509392326 -1.616415437e-05 0.001852228629)
(0.509392326 2.253109378e-05 0.002581807621)
(0.509392326 -2.253109378e-05 0.002581807621)
(0.509392326 2.94312923e-05 0.003372492056)
(0.509392326 -2.94312923e-05 0.003372492056)
(0.509392326 3.688684545e-05 0.004226813827)
(0.509392326 -3.688684545e-05 0.004226813827)
(0.509392326 4.491563624e-05 0.005146822125)
(0.509392326 -4.491563624e-05 0.005146822125)
(0.509392326 5.353023088e-05 0.006133956896)
(0.509392326 -5.353023088e-05 0.006133956896)
(0.509392326 6.273675622e-05 0.007188920207)
(0.509392326 -6.273675622e-05 0.007188920207)
(0.509392326 7.253381449e-05 0.008311551889)
(0.509392326 -7.253381449e-05 0.008311551889)
(0.509392326 8.29115024e-05 0.009500717138)
(0.509392326 -8.29115024e-05 0.009500717138)
(0.509392326 9.385060977e-05 0.01075421469)
(0.509392326 -9.385060977e-05 0.01075421469)
(0.509392326 0.0001053220764 0.01206871457)
(0.509392326 -0.0001053220764 0.01206871457)
(0.509392326 0.0001172867823 0.01343973405)
(0.509392326 -0.0001172867823 0.01343973405)
(0.509392326 0.0001296957333 0.01486165901)
(0.509392326 -0.0001296957333 0.01486165901)
(0.509392326 0.0001424906878 0.01632781557)
(0.509392326 -0.0001424906878 0.01632781557)
(0.509392326 0.0001556052356 0.0178305939)
(0.509392326 -0.0001556052356 0.0178305939)
(0.509392326 0.0001689663141 0.01936162184)
(0.509392326 -0.0001689663141 0.01936162184)
(0.509392326 0.0001824961047 0.02091198229)
(0.509392326 -0.0001824961047 0.02091198229)
(0.509392326 0.000196114224 0.02247246419)
(0.509392326 -0.000196114224 0.02247246419)
(0.509392326 0.0002097400933 0.02403383416)
(0.509392326 -0.0002097400933 0.02403383416)
(0.509392326 0.0002232953567 0.0255871135)
(0.509392326 -0.0002232953567 0.0255871135)
(0.509392326 0.0002367062132 0.02712384544)
(0.509392326 -0.0002367062132 0.02712384544)
(0.08220233368 0.004393997166 0.5035022038)
(0.08220233368 -0.004393997166 0.5035022038)
(0.509392326 0.0002499055371 0.02863633815)
(0.509392326 -0.0002499055371 0.02863633815)
(0.509392326 0.000262834686 0.03011787187)
(0.509392326 -0.000262834686 0.03011787187)
(0.509392326 0.0002754449231 0.03156286191)
(0.509392326 -0.0002754449231 0.03156286191)
(0.509392326 0.0002876984193 0.03296697351)
(0.509392326 -0.0002876984193 0.03296697351)
(0.509392326 0.0002995688358 0.0343271885)
(0.509392326 -0.0002995688358 0.0343271885)
(0.5093923259 0.0003121958848 0.03577410501)
(0.5093923259 -0.0003121958848 0.03577410501)
(0.4668522714 0.001807439482 0.2071120504)
(0.4668522714 -0.001807439482 0.2071120504)
(0.5093923258 0.0003252708809 0.03727235116)
(0.5093923258 -0.0003252708809 0.03727235116)
(0.5093923257 0.0003389481083 0.03883960619)
(0.5093923257 -0.0003389481083 0.03883960619)
(0.5093923255 0.0003533547567 0.04049044457)
(0.5093923255 -0.0003533547567 0.04049044457)
(0.5093923254 0.0003687361879 0.04225298201)
(0.5093923254 -0.0003687361879 0.04225298201)
(0.4433598473 0.002219706677 0.2543531917)
(0.4433598473 -0.002219706677 0.2543531917)
(0.5093923253 0.0003855828316 0.04418341618)
(0.5093923253 -0.0003855828316 0.04418341618)
(0.4008644383 0.002769859712 0.3173944854)
(0.4008644383 -0.002769859712 0.3173944854)
(0.5093923251 0.0004043145361 0.0463298569)
(0.5093923251 -0.0004043145361 0.0463298569)
(0.5093923249 0.0004254548947 0.04875230206)
(0.5093923249 -0.0004254548947 0.04875230206)
(-0.05327554977 0.004441991118 0.509001766)
(-0.05327554977 -0.004441991118 0.509001766)
(0.5093923247 0.0004496658009 0.05152659713)
(0.5093923247 -0.0004496658009 0.05152659713)
(0.5093923244 0.0004777941939 0.0547497917)
(0.5093923244 -0.0004777941939 0.0547497917)
(0.4918615949 0.001256851012 0.1440208608)
(0.4918615949 -0.001256851012 0.1440208608)
(0.5093923241 0.0005109354678 0.05854740554)
(0.5093923241 -0.0005109354678 0.05854740554)
(0.09196258663 0.004403460035 0.5045865412)
(0.09196258663 -0.004403460035 0.5045865412)
(0.5093923237 0.0005505197314 0.06308331288)
(0.5093923237 -0.0005505197314 0.06308331288)
(0.5093923233 0.0005984295153 0.06857323034)
(0.5093923233 -0.0005984295153 0.06857323034)
(0.5093923227 0.0006571609596 0.07530318726)
(0.5093923227 -0.0006571609596 0.07530318726)
(0.1023030459 0.004413485431 0.5057353378)
(0.1023030459 -0.004413485431 0.5057353378)
(0.509392322 0.0007298742151 0.08363530106)
(0.509392322 -0.0007298742151 0.08363530106)
(0.4500854043 0.002227531215 0.255249795)
(0.4500854043 -0.002227531215 0.255249795)
(0.3264216495 0.003507209613 0.4018864152)
(0.3264216495 -0.003507209613 0.4018864152)
(0.5093923211 0.0008208657252 0.09406189537)
(0.5093923211 -0.0008208657252 0.09406189537)
(0.409212516 0.002778089606 0.3183375379)
(0.409212516 -0.002778089606 0.3183375379)
(0.1132125614 0.004424062546 0.5069473551)
(0.1132125614 -0.004424062546 0.5069473551)
(0.50939232 0.000936114885 0.107268141)
(0.50939232 -0.000936114885 0.107268141)
(0.4918615924 0.001506061086 0.1725775068)
(0.4918615924 -0.001506061086 0.1725775068)
(0.4779818762 0.001820046613 0.2085566845)
(0.4779818762 -0.001820046613 0.2085566845)
(-0.08003848307 0.004507908841 0.5165551889)
(-0.08003848307 -0.004507908841 0.5165551889)
(0.1246718702 0.004435172702 0.5082204528)
(0.1246718702 -0.004435172702 0.5082204528)
(0.5093923185 0.001083766293 0.1241873165)
(0.5093923185 -0.001083766293 0.1241873165)
(0.4577503722 0.002236448668 0.2562716338)
(0.4577503722 -0.002236448668 0.2562716338)
(0.4169939842 0.002785760913 0.3192165825)
(0.4169939842 -0.002785760913 0.3192165825)
(0.3386845369 0.003519321621 0.4032743139)
(0.3386845369 -0.003519321621 0.4032743139)
(0.1366531314 0.004446788907 0.5095515381)
(0.1366531314 -0.004446788907 0.5095515381)
(0.5093923166 0.001274976733 0.1460978628)
(0.5093923166 -0.001274976733 0.1460978628)
(0.4242245367 0.002792889103 0.3200333922)
(0.4242245367 -0.002792889103 0.3200333922)
(0.5317119363 0 0)
(0.5317119363 5.018794658e-06 0.000575096905)
(0.5317119363 -5.018794658e-06 0.000575096905)
(0.5317119363 1.048920931e-05 0.001201944336)
(0.5317119363 -1.048920931e-05 0.001201944336)
(0.5317119363 1.644003504e-05 0.001883841423)
(0.5317119363 -1.644003504e-05 0.001883841423)
(0.5317119363 2.28987342e-05 0.002623935041)
(0.5317119363 -2.28987342e-05 0.002623935041)
(0.5317119363 2.98906128e-05 0.003425124971)
(0.5317119363 -2.98906128e-05 0.003425124971)
(0.5317119363 3.743788508e-05 0.004289956714)
(0.5317119363 -3.743788508e-05 0.004289956714)
(0.5317119363 4.555864849e-05 0.005220504031)
(0.5317119363 -4.555864849e-05 0.005220504031)
(0.5317119363 5.426579891e-05 0.006218244644)
(0.5317119363 -5.426579891e-05 0.006218244644)
(0.5317119363 6.356592827e-05 0.007283933913)
(0.5317119363 -6.356592827e-05 0.007283933913)
(0.5317119363 7.345825938e-05 0.008417482781)
(0.5317119363 -7.345825938e-05 0.008417482781)
(0.5317119363 8.393368407e-05 0.009617847556)
(0.5317119363 -8.393368407e-05 0.009617847556)
(0.5317119363 9.497397899e-05 0.01088294005)
(0.5317119363 -9.497397899e-05 0.01088294005)
(0.5317119363 0.0001065512763 0.01220956692)
(0.5317119363 -0.0001065512763 0.01220956692)
(0.5317119363 0.0001186278637 0.01359340677)
(0.5317119363 -0.0001186278637 0.01359340677)
(0.5317119363 0.0001311563756 0.01502903203)
(0.5317119363 -0.0001311563756 0.01502903203)
(0.5317119363 0.0001440804183 0.01650998064)
(0.5317119363 -0.0001440804183 0.01650998064)
(0.5317119363 0.0001573356446 0.01802887913)
(0.5317119363 -0.0001573356446 0.01802887913)
(0.5317119363 0.0001708512578 0.019577615)
(0.5317119363 -0.0001708512578 0.019577615)
(0.5317119363 0.0001845518948 0.0211475525)
(0.5317119363 -0.0001845518948 0.0211475525)
(0.5317119363 0.0001983597994 0.02272978165)
(0.5317119363 -0.0001983597994 0.02272978165)
(0.5317119363 0.0002121971757 0.02431538791)
(0.5317119363 -0.0002121971757 0.02431538791)
(0.1491196885 0.004458875621 0.5109365384)
(0.1491196885 -0.004458875621 0.5109365384)
(0.5317119363 0.0002259885904 0.02589572752)
(0.5317119363 -0.0002259885904 0.02589572752)
(0.5317119363 0.0002396632955 0.02746269351)
(0.5317119363 -0.0002396632955 0.02746269351)
(0.5317119363 0.0002531573453 0.02900895846)
(0.5317119363 -0.0002531573453 0.02900895846)
(0.5317119363 0.0002664154108 0.03052818229)
(0.5317119363 -0.0002664154108 0.03052818229)
(0.5317119363 0.0002793922207 0.03201517742)
(0.5317119363 -0.0002793922207 0.03201517742)
(0.5317119363 0.0002920535948 0.03346602718)
(0.5317119363 -0.0002920535948 0.03346602718)
(0.5317119363 0.0003043770729 0.03487815791)
(0.5317119363 -0.0003043770729 0.03487815791)
(0.5317119362 0.0003174896188 0.03638070684)
(0.5317119362 -0.0003174896188 0.03638070684)
(0.5317119361 0.0003310915748 0.03793933662)
(0.5317119361 -0.0003310915748 0.03793933662)
(0.4668522668 0.002247037846 0.2574850335)
(0.4668522668 -0.002247037846 0.2574850335)
(0.5317119359 0.000345340109 0.03957205691)
(0.5317119359 -0.000345340109 0.03957205691)
(0.5317119358 0.0003603664531 0.0412939054)
(0.5317119358 -0.0003603664531 0.0412939054)
(0.5317119357 0.0003764191861 0.04313336641)
(0.5317119357 -0.0003764191861 0.04313336641)
(0.5317119355 0.0003939894508 0.04514671932)
(0.5317119355 -0.0003939894508 0.04514671932)
(0.5317119354 0.0004135001582 0.04738242494)
(0.5317119354 -0.0004135001582 0.04738242494)
(0.5317119352 0.000435478044 0.04990084121)
(0.5317119352 -0.000435478044 0.04990084121)
(0.531711935 0.0004605880802 0.05277816636)
(0.531711935 -0.0004605880802 0.05277816636)
(0.5317119347 0.000489680002 0.05611177041)
(0.5317119347 -0.000489680002 0.05611177041)
(0.4918615889 0.001835768947 0.2103582855)
(0.4918615889 -0.001835768947 0.2103582855)
(0.5317119344 0.0005238513946 0.06002742416)
(0.5317119344 -0.0005238513946 0.06002742416)
(0.3504452771 0.00353093766 0.4046053801)
(0.3504452771 -0.00353093766 0.4046053801)
(0.531711934 0.0005645334853 0.06468913002)
(0.531711934 -0.0005645334853 0.06468913002)
(0.5317119336 0.000613608189 0.07031253407)
(0.5317119336 -0.000613608189 0.07031253407)
(-0.111096271 0.004584246 0.5253025609)
(-0.111096271 -0.004584246 0.5253025609)
(0.4309235803 0.002799493309 0.3207901592)
(0.4309235803 -0.002799493309 0.3207901592)
(0.531711933 0.0006735683702 0.07718329029)
(0.531711933 -0.0006735683702 0.07718329029)
(0.162026101 0.004471388789 0.5123704054)
(0.162026101 -0.004471388789 0.5123704054)
(0.509392314 0.001525132072 0.1747628253)
(0.509392314 -0.001525132072 0.1747628253)
(0.5317119323 0.0007475694806 0.08566297764)
(0.5317119323 -0.0007475694806 0.08566297764)
(0.5317119315 0.0008398976819 0.0962427416)
(0.5317119315 -0.0008398976819 0.0962427416)
(0.4371371538 0.002805904919 0.321524857)
(0.4371371538 -0.002805904919 0.321524857)
(0.5317119303 0.0009565124369 0.109605469)
(0.5317119303 -0.0009565124369 0.109605469)
(0.1753184792 0.004484276163 0.5138471522)
(0.1753184792 -0.004484276163 0.5138471522)
(0.4779818716 0.00225998607 0.258968753)
(0.4779818716 -0.00225998607 0.258968753)
(0.361671018 0.003542025282 0.4058758957)
(0.361671018 -0.003542025282 0.4058758957)
(0.5317119289 0.001105527452 0.1266808984)
(0.5317119289 -0.001105527452 0.1266808984)
(0.4433598409 0.002813206706 0.3223615589)
(0.4433598409 -0.002813206706 0.3223615589)
(0.1889351367 0.004497477935 0.5153599255)
(0.1889351367 -0.004497477935 0.5153599255)
(0.3723376516 0.003552560676 0.4070831323)
(0.3723376516 -0.003552560676 0.4070831323)
(-0.1429558184 0.004651522188 0.5330116484)
(-0.1429558184 -0.004651522188 0.5330116484)
(0.5093923106 0.001855626985 0.2126337913)
(0.5093923106 -0.001855626985 0.2126337913)
(0.531711927 0.001298053881 0.1487422419)
(0.531711927 -0.001298053881 0.1487422419)
(0.4500853979 0.002821098568 0.3232658767)
(0.4500853979 -0.002821098568 0.3232658767)
(0.2028075601 0.004510927681 0.5169011137)
(0.2028075601 -0.004510927681 0.5169011137)
(0.4918615843 0.00227613378 0.2608190973)
(0.4918615843 -0.00227613378 0.2608190973)
(-0.1731057757 0.004640330816 0.5317292442)
(-0.1731057757 -0.004640330816 0.5317292442)
(0.382429473 0.003562528331 0.4082253124)
(0.382429473 -0.003562528331 0.4082253124)
(0.5602691512 0 0)
(0.5602691512 5.136528551e-06 0.0005885878728)
(0.5602691512 -5.136528551e-06 0.0005885878728)
(0.5602691512 1.072463131e-05 0.001228921024)
(0.5602691512 -1.072463131e-05 0.001228921024)
(0.5602691512 1.679301539e-05 0.001924288965)
(0.5602691512 -1.679301539e-05 0.001924288965)
(0.5602691512 2.336911815e-05 0.002677835703)
(0.5602691512 -2.336911815e-05 0.002677835703)
(0.5602691512 3.047829842e-05 0.003492467074)
(0.5602691512 -3.047829842e-05 0.003492467074)
(0.5602691512 3.814292234e-05 0.004370745982)
(0.5602691512 -3.814292234e-05 0.004370745982)
(0.5602691512 4.638136173e-05 0.005314777631)
(0.5602691512 -4.638136173e-05 0.005314777631)
(0.5602691512 5.520693427e-05 0.006326088074)
(0.5602691512 -5.520693427e-05 0.006326088074)
(0.5602691512 6.462682692e-05 0.007405500858)
(0.5602691512 -6.462682692e-05 0.007405500858)
(0.5602691512 7.464105652e-05 0.008553017908)
(0.5602691512 -7.464105652e-05 0.008553017908)
(0.5602691512 8.524153226e-05 0.009767712114)
(0.5602691512 -8.524153226e-05 0.009767712114)
(0.5602691512 9.641129333e-05 0.01104763996)
(0.5602691512 -9.641129333e-05 0.01104763996)
(0.5602691512 0.0001081239975 0.01238978292)
(0.5602691512 -0.0001081239975 0.01238978292)
(0.5602691512 0.0001203437338 0.013790026)
(0.5602691512 -0.0001203437338 0.013790026)
(0.5602691512 0.0001330252197 0.01524318036)
(0.5602691512 -0.0001330252197 0.01524318036)
(0.5602691512 0.0001461144268 0.01674305493)
(0.5602691512 -0.0001461144268 0.01674305493)
(0.5602691512 0.0001595496465 0.01828257862)
(0.5602691512 -0.0001595496465 0.01828257862)
(0.5317119245 0.001549412702 0.17754511)
(0.5317119245 -0.001549412702 0.17754511)
(0.5602691512 0.000173262982 0.01985397122)
(0.5602691512 -0.000173262982 0.01985397122)
(0.5602691512 0.0001871822113 0.02144895692)
(0.5602691512 -0.0001871822113 0.02144895692)
(0.5602691512 0.0002012329401 0.02305901097)
(0.5602691512 -0.0002012329401 0.02305901097)
(0.5602691512 0.0002153409326 0.02467562678)
(0.5602691512 -0.0002153409326 0.02467562678)
(0.5602691512 0.0002294344953 0.0262905891)
(0.5602691512 -0.0002294344953 0.0262905891)
(0.5602691512 0.0002434467861 0.02789623859)
(0.5602691512 -0.0002434467861 0.02789623859)
(0.4577503658 0.002830092747 0.3242965076)
(0.4577503658 -0.002830092747 0.3242965076)
(0.5602691512 0.000257317928 0.02948571402)
(0.5602691512 -0.000257317928 0.02948571402)
(0.5602691512 0.0002709968317 0.03105316113)
(0.5602691512 -0.0002709968317 0.03105316113)
(0.5602691512 0.0002844426596 0.0325939004)
(0.5602691512 -0.0002844426596 0.0325939004)
(0.5602691512 0.0002976258999 0.03410455011)
(0.5602691512 -0.0002976258999 0.03410455011)
(0.5602691512 0.0003105290558 0.03558310532)
(0.5602691512 -0.0003105290558 0.03558310532)
(0.5602691511 0.000324262779 0.03715683413)
(0.5602691511 -0.000324262779 0.03715683413)
(0.560269151 0.0003385389631 0.03879272279)
(0.560269151 -0.0003385389631 0.03879272279)
(0.5602691508 0.0003535184658 0.04050920378)
(0.5602691508 -0.0003535184658 0.04050920378)
(0.5602691507 0.0003693376905 0.04232190738)
(0.5602691507 -0.0003693376905 0.04232190738)
(0.2168616741 0.004524553581 0.5184624872)
(0.2168616741 -0.004524553581 0.5184624872)
(0.5602691506 0.0003862493322 0.04425978958)
(0.5602691506 -0.0003862493322 0.04425978958)
(0.5602691504 0.0004047454464 0.04637923434)
(0.5602691504 -0.0004047454464 0.04637923434)
(0.5602691503 0.0004252528627 0.04872915149)
(0.5602691503 -0.0004252528627 0.04872915149)
(0.5602691501 0.0004483023372 0.05137035966)
(0.5602691501 -0.0004483023372 0.05137035966)
(0.5602691499 0.0004745627809 0.05437950846)
(0.5602691499 -0.0004745627809 0.05437950846)
(0.5602691496 0.0005048875066 0.05785437784)
(0.5602691496 -0.0005048875066 0.05785437784)
(0.5602691493 0.0005403769025 0.0619210598)
(0.5602691493 -0.0005403769025 0.0619210598)
(0.560269149 0.0005824636273 0.06674372079)
(0.560269149 -0.0005824636273 0.06674372079)
(0.5602691485 0.000633028808 0.07253791659)
(0.5602691485 -0.000633028808 0.07253791659)
(-0.1965868911 0.004623423249 0.5297918289)
(-0.1965868911 -0.004623423249 0.5297918289)
(0.560269148 0.000694561118 0.07958882092)
(0.560269148 -0.000694561118 0.07958882092)
(0.3919386322 0.003571920492 0.4093015474)
(0.3919386322 -0.003571920492 0.4093015474)
(0.5602691473 0.0007702099968 0.08825732383)
(0.5602691473 -0.0007702099968 0.08825732383)
(0.5602691464 0.0008642484511 0.09903306337)
(0.5602691464 -0.0008642484511 0.09903306337)
(0.2310193567 0.004538279894 0.5200353669)
(0.2310193567 -0.004538279894 0.5200353669)
(0.4668522604 0.002840773037 0.3255203475)
(0.4668522604 -0.002840773037 0.3255203475)
(-0.2169597094 0.004608563315 0.5280890492)
(-0.2169597094 -0.004608563315 0.5280890492)
(0.5602691453 0.0009826104407 0.112596004)
(0.5602691453 -0.0009826104407 0.112596004)
(0.5093923061 0.002296529087 0.263156168)
(0.5093923061 -0.002296529087 0.263156168)
(0.4008644303 0.003580736469 0.4103117583)
(0.4008644303 -0.003580736469 0.4103117583)
(0.5317119211 0.001880909667 0.2155308997)
(0.5317119211 -0.001880909667 0.2155308997)
(0.5602691439 0.001133370147 0.1298713553)
(0.5602691439 -0.001133370147 0.1298713553)
(0.2452001441 0.004552028608 0.5216108135)
(0.2452001441 -0.004552028608 0.5216108135)
(-0.2376449167 0.004593420464 0.5263538503)
(-0.2376449167 -0.004593420464 0.5263538503)
(0.4779818653 0.002853832669 0.3270168332)
(0.4779818653 -0.002853832669 0.3270168332)
(0.4092125078 0.003588981834 0.4112565836)
(0.4092125078 -0.003588981834 0.4112565836)
(0.560269142 0.001327580339 0.152125639)
(0.560269142 -0.001327580339 0.152125639)
(0.2593230464 0.004565721201 0.5231798292)
(0.2593230464 -0.004565721201 0.5231798292)
(-0.2589596978 0.004577758704 0.5245591904)
(-0.2589596978 -0.004577758704 0.5245591904)
(0.4169939758 0.00359666756 0.4121372806)
(0.4169939758 -0.00359666756 0.4121372806)
(0.5602691396 0.001580478979 0.1811049527)
(0.5602691396 -0.001580478979 0.1811049527)
(0.273308389 0.004579280425 0.5247335624)
(0.273308389 -0.004579280425 0.5247335624)
(0.4918615781 0.002870119316 0.3288830981)
(0.4918615781 -0.002870119316 0.3288830981)
(0.4242245281 0.00360380915 0.4129556257)
(0.4242245281 -0.00360380915 0.4129556257)
(-0.2812308911 0.004561331296 0.5226767959)
(-0.2812308911 -0.004561331296 0.5226767959)
(0.5317119167 0.002322495806 0.2661316592)
(0.5317119167 -0.002322495806 0.2661316592)
(0.5969175555 0 0)
(0.5969175555 5.287620291e-06 0.0006059012714)
(0.5969175555 -5.287620291e-06 0.0006059012714)
(0.5969175555 1.102675602e-05 0.001263541088)
(0.5969175555 -1.102675602e-05 0.001263541088)
(0.5969175555 1.724600657e-05 0.001976196613)
(0.5969175555 -1.724600657e-05 0.001976196613)
(0.5969175555 2.39727772e-05 0.002747008179)
(0.5969175555 -2.39727772e-05 0.002747008179)
(0.5969175555 3.123249453e-05 0.003578889388)
(0.5969175555 -3.123249453e-05 0.003578889388)
(0.5969175555 3.904771964e-05 0.004474425483)
(0.5969175555 -3.904771964e-05 0.004474425483)
(0.5969175555 4.743717644e-05 0.005435762013)
(0.5969175555 -4.743717644e-05 0.005435762013)
(0.5969175555 5.641472393e-05 0.006464487061)
(0.5969175555 -5.641472393e-05 0.006464487061)
(0.5969175555 6.598831273e-05 0.007561511679)
(0.5969175555 -6.598831273e-05 0.007561511679)
(0.5969175555 7.615897862e-05 0.008726954554)
(0.5969175555 -7.615897862e-05 0.008726954554)
(0.5969175555 8.691993645e-05 0.009960038185)
(0.5969175555 -8.691993645e-05 0.009960038185)
(0.5969175555 9.825584566e-05 0.01125900472)
(0.5969175555 -9.825584566e-05 0.01125900472)
(0.5969175555 0.0001101423219 0.01262105999)
(0.5969175555 -0.0001101423219 0.01262105999)
(0.5969175555 0.0001225457657 0.01404235387)
(0.5969175555 -0.0001225457657 0.01404235387)
(0.5969175555 0.0001354235684 0.01551800389)
(0.5969175555 -0.0001354235684 0.01551800389)
(0.5969175555 0.0001487247361 0.01704216675)
(0.5969175555 -0.0001487247361 0.01704216675)
(0.5969175555 0.0001623909474 0.01860815945)
(0.5969175555 -0.0001623909474 0.01860815945)
(0.5969175555 0.0001763580262 0.02020862815)
(0.5969175555 -0.0001763580262 0.02020862815)
(0.5969175555 0.0001905577822 0.02183575903)
(0.5969175555 -0.0001905577822 0.02183575903)
(0.5969175555 0.0002049201352 0.02348152167)
(0.5969175555 -0.0002049201352 0.02348152167)
(0.4309235716 0.00361042577 0.4137138153)
(0.4309235716 -0.00361042577 0.4137138153)
(0.5969175555 0.0002193754183 0.02513793304)
(0.5969175555 -0.0002193754183 0.02513793304)
(0.5969175555 0.0002338567373 0.02679732784)
(0.5969175555 -0.0002338567373 0.02679732784)
(0.5969175555 0.0002483022628 0.02845262112)
(0.5969175555 -0.0002483022628 0.02845262112)
(0.5969175555 0.0002626573394 0.03009754996)
(0.5969175555 -0.0002626573394 0.03009754996)
(0.5969175555 0.0002768763185 0.03172688358)
(0.5969175555 -0.0002768763185 0.03172688358)
(0.5969175555 0.0002909240524 0.03333659445)
(0.5969175555 -0.0002909240524 0.03333659445)
(0.5969175555 0.0003047770207 0.03492398739)
(0.5969175555 -0.0003047770207 0.03492398739)
(0.5969175555 0.0003184240959 0.03648778731)
(0.5969175555 -0.0003184240959 0.03648778731)
(0.5969175554 0.0003329549963 0.03815286357)
(0.5969175554 -0.0003329549963 0.03815286357)
(0.5969175552 0.0003480964392 0.03988790108)
(0.5969175552 -0.0003480964392 0.03988790108)
(0.5969175551 0.0003640140175 0.04171187489)
(0.5969175551 -0.0003640140175 0.04171187489)
(0.596917555 0.0003808507716 0.04364117581)
(0.596917555 -0.0003808507716 0.04364117581)
(0.5969175549 0.000398864679 0.04570536515)
(0.5969175549 -0.000398864679 0.04570536515)
(0.5969175547 0.000418548966 0.04796096102)
(0.5969175547 -0.000418548966 0.04796096102)
(0.5969175546 0.0004403354913 0.05045744954)
(0.5969175546 -0.0004403354913 0.05045744954)
(0.5969175544 0.0004647601706 0.05325624057)
(0.5969175544 -0.0004647601706 0.05325624057)
(0.287079591 0.004592632034 0.5262635051)
(0.287079591 -0.004592632034 0.5262635051)
(0.5969175542 0.0004924969698 0.05643456295)
(0.5969175542 -0.0004924969698 0.05643456295)
(0.596917554 0.0005244037928 0.06009072273)
(0.596917554 -0.0005244037928 0.06009072273)
(0.5969175537 0.0005615846252 0.06435122412)
(0.5969175537 -0.0005615846252 0.06435122412)
(0.5969175533 0.0006054739628 0.06938044407)
(0.5969175533 -0.0006054739628 0.06938044407)
(0.5602691363 0.001913258036 0.2192376556)
(0.5602691363 -0.001913258036 0.2192376556)
(0.5969175529 0.0006579519211 0.07539382247)
(0.5969175529 -0.0006579519211 0.07539382247)
(0.437137145 0.00361681957 0.4144464722)
(0.437137145 -0.00361681957 0.4144464722)
(0.5969175523 0.0007215017952 0.08267591675)
(0.5969175523 -0.0007215017952 0.08267591675)
(-0.3048 0.004543876559 0.5206766811)
(-0.3048 -0.004543876559 0.5206766811)
(0.5969175517 0.0007992653089 0.09158673282)
(0.5969175517 -0.0007992653089 0.09158673282)
(0.5969175508 0.0008954985866 0.1026139742)
(0.5969175508 -0.0008954985866 0.1026139742)
(0.3005647969 0.00460570636 0.5277616745)
(0.3005647969 -0.00460570636 0.5277616745)
(0.4433598321 0.003624013212 0.4152707819)
(0.4433598321 -0.003624013212 0.4152707819)
(0.5093923 0.002890690108 0.3312402773)
(0.5093923 -0.002890690108 0.3312402773)
(0.5969175498 0.001016102859 0.116433855)
(0.5969175498 -0.001016102859 0.116433855)
(0.5969175484 0.001169101585 0.1339657725)
(0.5969175484 -0.001169101585 0.1339657725)
(0.4500853892 0.003631788188 0.416161706)
(0.4500853892 -0.003631788188 0.416161706)
(0.3136982913 0.004618439691 0.5292207697)
(0.3136982913 -0.004618439691 0.5292207697)
(0.5969175465 0.001365472605 0.1564676626)
(0.5969175465 -0.001365472605 0.1564676626)
(0.4577503572 0.003640649157 0.4171770724)
(0.4577503572 -0.003640649157 0.4171770724)
(0.5602691319 0.002355719377 0.2699387034)
(0.5602691319 -0.002355719377 0.2699387034)
(0.3264216404 0.004630775373 0.5306342989)
(0.3264216404 -0.004630775373 0.5306342989)
(0.5969175441 0.001620347343 0.1856734148)
(0.5969175441 -0.001620347343 0.1856734148)
(0.4668522518 0.003651171262 0.4183827862)
(0.4668522518 -0.003651171262 0.4183827862)
(0.5317119106 0.002916880248 0.3342413701)
(0.5317119106 -0.002916880248 0.3342413701)
(0.3386845274 0.004642664623 0.531996672)
(0.3386845274 -0.004642664623 0.531996672)
(0.4779818567 0.00366403747 0.4198571076)
(0.4779818567 -0.00366403747 0.4198571076)
(0.596917541 0.001954771752 0.2239946563)
(0.596917541 -0.001954771752 0.2239946563)
(0.3504452673 0.004654067026 0.533303258)
(0.3504452673 -0.004654067026 0.533303258)
(0.6440359149 0 0)
(0.6440359149 5.481876906e-06 0.0006281608747)
(0.6440359149 -5.481876906e-06 0.0006281608747)
(0.6440359149 1.14151937e-05 0.001308051636)
(0.6440359149 -1.14151937e-05 0.001308051636)
(0.6440359149 1.782841123e-05 0.002042933576)
(0.6440359149 -1.782841123e-05 0.002042933576)
(0.6440359149 2.474889351e-05 0.002835942299)
(0.6440359149 -2.474889351e-05 0.002835942299)
(0.6440359149 3.22021543e-05 0.003690001392)
(0.6440359149 -3.22021543e-05 0.003690001392)
(0.6440359149 4.021100532e-05 0.004607724819)
(0.6440359149 -4.021100532e-05 0.004607724819)
(0.6440359149 4.879462318e-05 0.005591310003)
(0.6440359149 -4.879462318e-05 0.005591310003)
(0.6440359149 5.796756283e-05 0.006642424774)
(0.6440359149 -5.796756283e-05 0.006642424774)
(0.6440359149 6.773875668e-05 0.007762092688)
(0.6440359149 -6.773875668e-05 0.007762092688)
(0.6440359149 7.811055061e-05 0.008950582554)
(0.6440359149 -7.811055061e-05 0.008950582554)
(0.6440359149 8.907783809e-05 0.01020730922)
(0.6440359149 -8.907783809e-05 0.01020730922)
(0.6440359149 0.0001006273617 0.01153075354)
(0.6440359149 -0.0001006273617 0.01153075354)
(0.6440359149 0.0001127372543 0.01291840979)
(0.6440359149 -0.0001127372543 0.01291840979)
(0.6440359149 0.0001253768885 0.01436676841)
(0.6440359149 -0.0001253768885 0.01436676841)
(0.6440359149 0.0001385070928 0.0158713408)
(0.6440359149 -0.0001385070928 0.0158713408)
(0.6440359149 0.0001520807756 0.01742673079)
(0.6440359149 -0.0001520807756 0.01742673079)
(0.6440359149 0.0001660439695 0.01902675433)
(0.6440359149 -0.0001660439695 0.01902675433)
(0.6440359149 0.0001803372828 0.0206646058)
(0.6440359149 -0.0001803372828 0.0206646058)
(0.6440359149 0.0001948977082 0.02233306529)
(0.6440359149 -0.0001948977082 0.02233306529)
(0.6440359149 0.0002096607122 0.02402473799)
(0.6440359149 -0.0002096607122 0.02402473799)
(0.6440359149 0.0002245625021 0.02573231398)
(0.6440359149 -0.0002245625021 0.02573231398)
(0.6440359149 0.0002395423542 0.02744883501)
(0.6440359149 -0.0002395423542 0.02744883501)
(0.6440359149 0.0002545448838 0.02916795463)
(0.6440359149 -0.0002545448838 0.02916795463)
(0.6440359149 0.0002695221486 0.03088417919)
(0.6440359149 -0.0002695221486 0.03088417919)
(0.6440359149 0.0002844354953 0.03259307945)
(0.6440359149 -0.0002844354953 0.03259307945)
(0.6440359149 0.0002992570917 0.03429146617)
(0.6440359149 -0.0002992570917 0.03429146617)
(0.6440359149 0.0003139711204 0.03597752685)
(0.6440359149 -0.0003139711204 0.03597752685)
(0.6440359149 0.0003285746425 0.03765092475)
(0.6440359149 -0.0003285746425 0.03765092475)
(0.6440359148 0.0003441304628 0.03943344519)
(0.6440359148 -0.0003441304628 0.03943344519)
(0.6440359147 0.0003603843574 0.04129595704)
(0.6440359147 -0.0003603843574 0.04129595704)
(0.3616710079 0.00466495073 0.534550407)
(0.3616710079 -0.00466495073 0.534550407)
(0.6440359146 0.000377508007 0.04325813292)
(0.6440359146 -0.000377508007 0.04325813292)
(0.6440359144 0.000395652985 0.04533734146)
(0.6440359144 -0.000395652985 0.04533734146)
(0.6440359143 0.0004150840604 0.04756392216)
(0.6440359143 -0.0004150840604 0.04756392216)
(0.6440359142 0.0004362959652 0.04999456569)
(0.6440359142 -0.0004362959652 0.04999456569)
(0.644035914 0.0004597270236 0.05267949905)
(0.644035914 -0.0004597270236 0.05267949905)
(0.6440359138 0.0004859197852 0.05568089224)
(0.6440359138 -0.0004859197852 0.05568089224)
(0.6440359137 0.0005155547146 0.0590767188)
(0.6440359137 -0.0005155547146 0.0590767188)
(0.6440359134 0.0005494956189 0.06296596121)
(0.6440359134 -0.0005494956189 0.06296596121)
(0.6440359131 0.0005888511085 0.06747565364)
(0.6440359131 -0.0005888511085 0.06747565364)
(0.4918615697 0.003680082898 0.4216957316)
(0.4918615697 -0.003680082898 0.4216957316)
(0.6440359128 0.0006350580409 0.07277044364)
(0.6440359128 -0.0006350580409 0.07277044364)
(0.6440359124 0.0006899952317 0.07906562218)
(0.6440359124 -0.0006899952317 0.07906562218)
(0.6440359119 0.0007561390607 0.08664495426)
(0.6440359119 -0.0007561390607 0.08664495426)
(0.6440359112 0.000836621332 0.09586730908)
(0.6440359112 -0.000836621332 0.09586730908)
(0.3723376412 0.004675292363 0.5357354407)
(0.3723376412 -0.004675292363 0.5357354407)
(0.6440359104 0.0009356764645 0.107217903)
(0.6440359104 -0.0009356764645 0.107217903)
(0.560269126 0.00295038968 0.3380811707)
(0.560269126 -0.00295038968 0.3380811707)
(0.6440359094 0.00105916361 0.1213681283)
(0.6440359094 -0.00105916361 0.1213681283)
(0.5969175367 0.002398356268 0.2748244073)
(0.5969175367 -0.002398356268 0.2748244073)
(0.644035908 0.001215041014 0.1392299096)
(0.644035908 -0.001215041014 0.1392299096)
(0.3824294623 0.004685076697 0.5368566143)
(0.3824294623 -0.004685076697 0.5368566143)
(0.5093922916 0.003700349019 0.424017999)
(0.5093922916 -0.003700349019 0.424017999)
(0.6440359062 0.001414190181 0.1620501439)
(0.6440359062 -0.001414190181 0.1620501439)
(0.3919386213 0.004694296122 0.5379130558)
(0.3919386213 -0.004694296122 0.5379130558)
(0.4008644191 0.00470294996 0.5389046874)
(0.4008644191 -0.00470294996 0.5389046874)
(0.6440359039 0.001671605562 0.1915470249)
(0.6440359039 -0.001671605562 0.1915470249)
(-7.116928128e-18 0.005902435268 0.6763520897)
(-7.116928128e-18 -0.005902435268 0.6763520897)
(0.003177746138 0.005905423557 0.6766945137)
(0.003177746138 -0.005905423557 0.6766945137)
(-0.003587122764 0.005907962614 0.6769854608)
(-0.003587122764 -0.005907962614 0.6769854608)
(0.006667351478 0.005908705112 0.6770705427)
(0.006667351478 -0.005908705112 0.6770705427)
(0.4092124964 0.00471104368 0.5398321359)
(0.4092124964 -0.00471104368 0.5398321359)
(0.01049401878 0.005912303634 0.6774828924)
(0.01049401878 -0.005912303634 0.6774828924)
(0.01468381826 0.005916243638 0.6779343721)
(0.01468381826 -0.005916243638 0.6779343721)
(-0.009458953997 0.005917323447 0.6780581061)
(-0.009458953997 -0.005917323447 0.6780581061)
(0.01926344637 0.005920550229 0.6784278586)
(0.01926344637 -0.005920550229 0.6784278586)
(0.02425991598 0.005925248809 0.6789662626)
(0.02425991598 -0.005925248809 0.6789662626)
(-0.01881740005 0.005932723449 0.6798227714)
(-0.01881740005 -0.005932723449 0.6798227714)
(0.02970017092 0.005930364716 0.6795524875)
(0.02970017092 -0.005930364716 0.6795524875)
(0.03561061898 0.005935922784 0.6801893789)
(0.03561061898 -0.005935922784 0.6801893789)
(0.5317119023 0.003726151261 0.4269746431)
(0.5317119023 -0.003726151261 0.4269746431)
(0.04201657984 0.005941946822 0.6808796653)
(0.04201657984 -0.005941946822 0.6808796653)
(0.4169939641 0.004718588055 0.5406966356)
(0.4169939641 -0.004718588055 0.5406966356)
(0.04894164767 0.005948459017 0.681625889)
(0.04894164767 -0.005948459017 0.681625889)
(-0.03311248757 0.005956906061 0.6825938243)
(-0.03311248757 -0.005956906061 0.6825938243)
(0.6440359008 0.002008145376 0.2301106679)
(0.6440359008 -0.002008145376 0.2301106679)
(0.05640697215 0.005955479259 0.6824303291)
(0.05640697215 -0.005955479259 0.6824303291)
(0.06443046744 0.005963024394 0.6832949159)
(0.06443046744 -0.005963024394 0.6832949159)
(0.4242245163 0.0047255983 0.5414999302)
(0.4242245163 -0.0047255983 0.5414999302)
(0.07302596462 0.005971107429 0.6842211399)
(0.07302596462 -0.005971107429 0.6842211399)
(0.5969175309 0.002993393426 0.3430089119)
(0.5969175309 -0.002993393426 0.3430089119)
(-0.05358517745 0.00599226046 0.6866450371)
(-0.05358517745 -0.00599226046 0.6866450371)
(0.08220233045 0.0059797367 0.6852099564)
(0.08220233045 -0.0059797367 0.6852099564)
(0.09196258302 0.005988915047 0.6862616908)
(0.09196258302 -0.005988915047 0.6862616908)
(0.4309235596 0.004732093231 0.5422441755)
(0.4309235596 -0.004732093231 0.5422441755)
(0.1023030419 0.005998639008 0.6873759464)
(0.1023030419 -0.005998639008 0.6873759464)
(-0.08034504221 0.00603892593 0.6919923704)
(-0.08034504221 -0.00603892593 0.6919923704)
(0.4371371328 0.004738327173 0.5429585145)
(0.4371371328 -0.004738327173 0.5429585145)
(0.1132125569 0.006008898098 0.6885515217)
(0.1132125569 -0.006008898098 0.6885515217)
(0.1246718653 0.006019674203 0.689786341)
(0.1246718653 -0.006019674203 0.689786341)
(0.44335982 0.004745216019 0.5437478981)
(0.44335982 -0.004745216019 0.5437478981)
(0.6440358967 0.002453173945 0.2811058908)
(0.6440358967 -0.002453173945 0.2811058908)
(0.1366531261 0.006030941142 0.6910774043)
(0.1366531261 -0.006030941142 0.6910774043)
(0.7046825765 0 0)
(0.7046825765 5.731907155e-06 0.0006568115034)
(0.7046825765 -5.731907155e-06 0.0006568115034)
(0.7046825765 1.191515695e-05 0.001365341751)
(0.7046825765 -1.191515695e-05 0.001365341751)
(0.7046825765 1.857803194e-05 0.002128831602)
(0.7046825765 -1.857803194e-05 0.002128831602)
(0.7046825765 2.574784304e-05 0.002950410578)
(0.7046825765 -2.574784304e-05 0.002950410578)
(0.7046825765 3.345021618e-05 0.003833015118)
(0.7046825765 -3.345021618e-05 0.003833015118)
(0.7046825765 4.170828566e-05 0.004779296152)
(0.7046825765 -4.170828566e-05 0.004779296152)
(0.7046825765 5.054181078e-05 0.005791517871)
(0.7046825765 -5.054181078e-05 0.005791517871)
(0.7046825765 5.996624224e-05 0.00687145075)
(0.7046825765 -5.996624224e-05 0.00687145075)
(0.7046825765 6.999177617e-05 0.00802026315)
(0.7046825765 -6.999177617e-05 0.00802026315)
(0.7046825765 8.062244465e-05 0.009238417101)
(0.7046825765 -8.062244465e-05 0.009238417101)
(0.7046825765 9.185530174e-05 0.01052557503)
(0.7046825765 -9.185530174e-05 0.01052557503)
(0.7046825765 0.0001036797713 0.01188052504)
(0.7046825765 -0.0001036797713 0.01188052504)
(0.7046825765 0.0001160772261 0.01330113265)
(0.7046825765 -0.0001160772261 0.01330113265)
(0.7046825765 0.000129020864 0.01478432664)
(0.7046825765 -0.000129020864 0.01478432664)
(0.7046825765 0.0001424759379 0.01632612539)
(0.7046825765 -0.0001424759379 0.01632612539)
(0.7046825765 0.0001564003783 0.01792170823)
(0.7046825765 -0.0001564003783 0.01792170823)
(0.7046825765 0.0001707458225 0.01956553332)
(0.7046825765 -0.0001707458225 0.01956553332)
(0.7046825765 0.0001854590364 0.02125150063)
(0.7046825765 -0.0001854590364 0.02125150063)
(0.7046825765 0.0002004836841 0.02297315473)
(0.7046825765 -0.0002004836841 0.02297315473)
(0.7046825765 0.0002157623714 0.02472391888)
(0.7046825765 -0.0002157623714 0.02472391888)
(0.7046825765 0.0002312388661 0.02649734952)
(0.7046825765 -0.0002312388661 0.02649734952)
(0.7046825765 0.0002468603866 0.02828739847)
(0.7046825765 -0.0002468603866 0.02828739847)
(0.7046825765 0.0002625798436 0.03008866982)
(0.7046825765 -0.0002625798436 0.03008866982)
(0.7046825765 0.0002783579351 0.03189666003)
(0.7046825765 -0.0002783579351 0.03189666003)
(0.7046825765 0.0002941650114 0.03370797157)
(0.7046825765 -0.0002941650114 0.03370797157)
(0.7046825765 0.0003099826565 0.03552049416)
(0.7046825765 -0.0003099826565 0.03552049416)
(0.7046825765 0.0003258049672 0.03733355139)
(0.7046825765 -0.0003258049672 0.03733355139)
(0.7046825765 0.0003416395449 0.03914801427)
(0.7046825765 -0.0003416395449 0.03914801427)
(0.7046825764 0.0003585145532 0.04108169869)
(0.7046825764 -0.0003585145532 0.04108169869)
(0.7046825763 0.0003762002989 0.04310828442)
(0.7046825763 -0.0003762002989 0.04310828442)
(0.7046825762 0.0003948762987 0.04524834202)
(0.7046825762 -0.0003948762987 0.04524834202)
(0.7046825761 0.0004147051089 0.04752049862)
(0.7046825761 -0.0004147051089 0.04752049862)
(0.7046825759 0.00043596024 0.0499560954)
(0.7046825759 -0.00043596024 0.0499560954)
(0.4500853772 0.004752661569 0.5446010736)
(0.4500853772 -0.004752661569 0.5446010736)
(0.7046825758 0.0004591383617 0.05261204508)
(0.7046825758 -0.0004591383617 0.05261204508)
(0.5602691179 0.00375916439 0.430757573)
(0.5602691179 -0.00375916439 0.430757573)
(0.7046825757 0.0004846861205 0.05553952827)
(0.7046825757 -0.0004846861205 0.05553952827)
(-0.1114300558 0.006092878457 0.6981747176)
(-0.1114300558 -0.006092878457 0.6981747176)
(0.7046825755 0.0005131546041 0.05880169337)
(0.7046825755 -0.0005131546041 0.05880169337)
(0.7046825753 0.000545232642 0.06247747244)
(0.7046825753 -0.000545232642 0.06247747244)
(0.7046825751 0.000581791639 0.06666671856)
(0.7046825751 -0.000581791639 0.06666671856)
(0.7046825748 0.0006239461586 0.07149714805)
(0.7046825748 -0.0006239461586 0.07149714805)
(0.1491196826 0.006042664443 0.6924207616)
(0.1491196826 -0.006042664443 0.6924207616)
(0.7046825745 0.0006731360979 0.07713375679)
(0.7046825745 -0.0006731360979 0.07713375679)
(0.7046825741 0.0007312385993 0.08379164399)
(0.7046825741 -0.0007312385993 0.08379164399)
(0.7046825736 0.0008007211418 0.09175355475)
(0.7046825736 -0.0008007211418 0.09175355475)
(0.704682573 0.0008847027618 0.1013768952)
(0.704682573 -0.0008847027618 0.1013768952)
(0.4577503452 0.004761147097 0.5455734188)
(0.4577503452 -0.004761147097 0.5455734188)
(0.1620260946 0.006054801376 0.6938115163)
(0.1620260946 -0.006054801376 0.6938115163)
(0.7046825722 0.0009873899409 0.1131436805)
(0.7046825722 -0.0009873899409 0.1131436805)
(0.7046825712 0.001114587671 0.1277190966)
(0.7046825712 -0.001114587671 0.1277190966)
(0.1753184724 0.006067301263 0.6952438614)
(0.1753184724 -0.006067301263 0.6952438614)
(-0.1433240216 0.006139561785 0.7035240972)
(-0.1433240216 -0.006139561785 0.7035240972)
(0.4668522399 0.00477122338 0.5467280464)
(0.4668522399 -0.00477122338 0.5467280464)
(0.7046825699 0.001274170258 0.1460054498)
(0.7046825699 -0.001274170258 0.1460054498)
(0.1889351293 0.006080106095 0.6967111499)
(0.1889351293 -0.006080106095 0.6967111499)
(-0.1731832639 0.006125878038 0.7019560951)
(-0.1731832639 -0.006125878038 0.7019560951)
(0.7046825682 0.001476895216 0.1692354291)
(0.7046825682 -0.001476895216 0.1692354291)
(0.2028075521 0.006093151445 0.6982059989)
(0.2028075521 -0.006093151445 0.6982059989)
(-0.1965832135 0.006108695643 0.6999871877)
(-0.1965832135 -0.006108695643 0.6999871877)
(0.4779818449 0.004783544446 0.5481399007)
(0.4779818449 -0.004783544446 0.5481399007)
(-0.2169567181 0.006093561747 0.6982530149)
(-0.2169567181 -0.006093561747 0.6982530149)
(0.704682566 0.001737580692 0.1991070259)
(0.704682566 -0.001737580692 0.1991070259)
(0.2168616656 0.006106367653 0.6997204264)
(0.2168616656 -0.006106367653 0.6997204264)
(0.6440358911 0.003048682762 0.3493444423)
(0.6440358911 -0.003048682762 0.3493444423)
(-0.2376426251 0.006078166655 0.6964889121)
(-0.2376426251 -0.006078166655 0.6964889121)
(0.4918615579 0.004798910027 0.549900622)
(0.4918615579 -0.004798910027 0.549900622)
(0.2310193477 0.006119681255 0.701246014)
(0.2310193477 -0.006119681255 0.701246014)
(0.596917523 0.003801531215 0.4356123302)
(0.596917523 -0.003801531215 0.4356123302)
(-0.2589581303 0.006062272291 0.6946675984)
(-0.2589581303 -0.006062272291 0.6946675984)
(0.7046825631 0.002076843273 0.2379826671)
(0.7046825631 -0.002076843273 0.2379826671)
(0.2452001345 0.006133016584 0.7027740914)
(0.2452001345 -0.006133016584 0.7027740914)
(-0.2812300834 0.006045631441 0.6927607459)
(-0.2812300834 -0.006045631441 0.6927607459)
(0.2593230362 0.006146297479 0.7042959312)
(0.2593230362 -0.006146297479 0.7042959312)
(0.50939228 0.004818317471 0.5521244948)
(0.50939228 -0.004818317471 0.5521244948)
(-0.3048 0.006027983752 0.6907385209)
(-0.3048 -0.006027983752 0.6907385209)
(0.2733083783 0.006159449016 0.7058029481)
(0.2733083783 -0.006159449016 0.7058029481)
(0.7046825591 0.0025237305 0.2891908712)
(0.7046825591 -0.0025237305 0.2891908712)
(0.2870795797 0.006172399179 0.7072868898)
(0.2870795797 -0.006172399179 0.7072868898)
(0.5317118909 0.004843026469 0.5549558655)
(0.5317118909 -0.004843026469 0.5549558655)
(0.3005647851 0.006185080397 0.7087400135)
(0.3005647851 -0.006185080397 0.7087400135)
(0.3136982789 0.006197430873 0.7101552378)
(0.3136982789 -0.006197430873 0.7101552378)
(0.6440358835 0.003856001669 0.4418540261)
(0.6440358835 -0.003856001669 0.4418540261)
(0.7827939791 0 0)
(0.7827939791 6.053939943e-06 0.0006937128058)
(0.7827939791 -6.053939943e-06 0.0006937128058)
(0.7827939791 1.255909727e-05 0.001439130003)
(0.7827939791 -1.255909727e-05 0.001439130003)
(0.7827939791 1.954352491e-05 0.002239466138)
(0.7827939791 -1.954352491e-05 0.002239466138)
(0.7827939791 2.703446538e-05 0.003097842894)
(0.7827939791 -2.703446538e-05 0.003097842894)
(0.7827939791 3.505768906e-05 0.004017213265)
(0.7827939791 -3.505768906e-05 0.004017213265)
(0.7827939791 4.363674577e-05 0.005000275792)
(0.7827939791 -4.363674577e-05 0.005000275792)
(0.7827939791 5.279214526e-05 0.006049380661)
(0.7827939791 -5.279214526e-05 0.006049380661)
(0.7827939791 6.254049197e-05 0.007166430551)
(0.7827939791 -6.254049197e-05 0.007166430551)
(0.7827939791 7.289360964e-05 0.00835278033)
(0.7827939791 -7.289360964e-05 0.00835278033)
(0.7827939791 8.385770215e-05 0.009609140891)
(0.7827939791 -8.385770215e-05 0.009609140891)
(0.3264216276 0.006209395656 0.7115262662)
(0.3264216276 -0.006209395656 0.7115262662)
(0.7827939791 9.543260634e-05 0.01093549354)
(0.7827939791 -9.543260634e-05 0.01093549354)
(0.7827939791 0.0001076111995 0.01233102209)
(0.7827939791 -0.0001076111995 0.01233102209)
(0.7827939791 0.0001203790273 0.01379407024)
(0.7827939791 -0.0001203790273 0.01379407024)
(0.7827939791 0.0001337142144 0.01532213133)
(0.7827939791 -0.0001337142144 0.01532213133)
(0.7827939791 0.0001475877123 0.01691187672)
(0.7827939791 -0.0001475877123 0.01691187672)
(0.7827939791 0.0001619639199 0.01855922695)
(0.7827939791 -0.0001619639199 0.01855922695)
(0.7827939791 0.0001768016931 0.02025946735)
(0.7827939791 -0.0001768016931 0.02025946735)
(0.7827939791 0.0001920557287 0.02200740669)
(0.7827939791 -0.0001920557287 0.02200740669)
(0.7827939791 0.0002076782832 0.02379757413)
(0.7827939791 -0.0002076782832 0.02379757413)
(0.7827939791 0.0002236211577 0.02562444659)
(0.7827939791 -0.0002236211577 0.02562444659)
(0.7827939791 0.0002398378582 0.02748269641)
(0.7827939791 -0.0002398378582 0.02748269641)
(0.7827939791 0.0002562858317 0.0293674475)
(0.7827939791 -0.0002562858317 0.0293674475)
(0.7827939791 0.0002729286734 0.03127452826)
(0.7827939791 -0.0002729286734 0.03127452826)
(0.7827939791 0.0002897382099 0.03320071036)
(0.7827939791 -0.0002897382099 0.03320071036)
(0.7827939791 0.000306696388 0.03514392509)
(0.7827939791 -0.000306696388 0.03514392509)
(0.7827939791 0.0003237969191 0.03710345187)
(0.7827939791 -0.0003237969191 0.03710345187)
(0.7827939791 0.0003410466697 0.03908007751)
(0.7827939791 -0.0003410466697 0.03908007751)
(0.7827939791 0.0003584668166 0.04107622862)
(0.7827939791 -0.0003584668166 0.04107622862)
(0.782793979 0.0003770409063 0.04320460849)
(0.782793979 -0.0003770409063 0.04320460849)
(0.7827939789 0.0003965708411 0.04544251735)
(0.7827939789 -0.0003965708411 0.04544251735)
(0.7827939788 0.0004172462295 0.0478116822)
(0.7827939788 -0.0004172462295 0.0478116822)
(0.7827939787 0.000439243774 0.05033235113)
(0.7827939787 -0.000439243774 0.05033235113)
(0.7827939786 0.0004628482438 0.05303715546)
(0.7827939786 -0.0004628482438 0.05303715546)
(0.7827939784 0.0004885588044 0.0559832939)
(0.7827939784 -0.0004885588044 0.0559832939)
(0.7827939783 0.0005168328209 0.05922317528)
(0.7827939783 -0.0005168328209 0.05922317528)
(0.7827939782 0.0005482323782 0.06282120817)
(0.7827939782 -0.0005482323782 0.06282120817)
(0.782793978 0.0005834570796 0.06685755915)
(0.782793978 -0.0005834570796 0.06685755915)
(0.7827939778 0.0006233881155 0.07143320265)
(0.7827939778 -0.0006233881155 0.07143320265)
(0.7827939775 0.0006691477165 0.07667673356)
(0.7827939775 -0.0006691477165 0.07667673356)
(0.7827939772 0.000722179695 0.08275359639)
(0.7827939772 -0.000722179695 0.08275359639)
(0.7827939768 0.0007843590382 0.08987864339)
(0.7827939768 -0.0007843590382 0.08987864339)
(0.7827939764 0.0008581417615 0.09833330605)
(0.7827939764 -0.0008581417615 0.09833330605)
(0.3386845141 0.00622092743 0.7128476766)
(0.3386845141 -0.00622092743 0.7128476766)
(0.7046825538 0.003119846395 0.357498987)
(0.7046825538 -0.003119846395 0.357498987)
(0.7827939758 0.0009466304562 0.1084731061)
(0.7827939758 -0.0009466304562 0.1084731061)
(0.5602691067 0.004874640829 0.5585785123)
(0.5602691067 -0.004874640829 0.5585785123)
(0.7827939751 0.001053995622 0.1207759355)
(0.7827939751 -0.001053995622 0.1207759355)
(0.7827939741 0.001185972492 0.1358989869)
(0.7827939741 -0.001185972492 0.1358989869)
(0.3504452536 0.006231986995 0.7141149772)
(0.3504452536 -0.006231986995 0.7141149772)
(0.7827939729 0.001350327263 0.1547321783)
(0.7827939729 -0.001350327263 0.1547321783)
(0.3616709937 0.006242543457 0.7153246279)
(0.3616709937 -0.006242543457 0.7153246279)
(0.7827939713 0.001557657751 0.1784898991)
(0.7827939713 -0.001557657751 0.1784898991)
(0.3723376266 0.006252574146 0.716474031)
(0.3723376266 -0.006252574146 0.716474031)
(0.7827939692 0.001822555029 0.2088441206)
(0.7827939692 -0.001822555029 0.2088441206)
(0.3824294473 0.006262064292 0.7175614941)
(0.3824294473 -0.006262064292 0.7175614941)
(0.3919386059 0.006271006516 0.7185861714)
(0.3919386059 -0.006271006516 0.7185861714)
(0.5969175121 0.004915212566 0.563227573)
(0.5969175121 -0.004915212566 0.563227573)
(0.7827939664 0.002165324467 0.2481216077)
(0.7827939664 -0.002165324467 0.2481216077)
(0.4008644033 0.006279400157 0.7195479875)
(0.4008644033 -0.006279400157 0.7195479875)
(0.4092124803 0.006287250522 0.7204475502)
(0.4092124803 -0.006287250522 0.7204475502)
(0.4169939478 0.006294568059 0.7212860569)
(0.4169939478 -0.006294568059 0.7212860569)
(0.7046825464 0.00392611131 0.4498877951)
(0.7046825464 -0.00392611131 0.4498877951)
(0.4242244996 0.006301367526 0.7220651986)
(0.4242244996 -0.006301367526 0.7220651986)
(0.7827939627 0.002614605599 0.2996041262)
(0.7827939627 -0.002614605599 0.2996041262)
(0.4309235427 0.006307667172 0.7227870666)
(0.4309235427 -0.006307667172 0.7227870666)
(0.4371371157 0.006313652854 0.7234729577)
(0.4371371157 -0.006313652854 0.7234729577)
(0.443359803 0.006320086345 0.7242101628)
(0.443359803 -0.006320086345 0.7242101628)
(0.4500853602 0.006327039742 0.7250069432)
(0.4500853602 -0.006327039742 0.7250069432)
(0.4577503283 0.006334964375 0.7259150161)
(0.4577503283 -0.006334964375 0.7259150161)
(0.6440358729 0.004967375103 0.5692048076)
(0.6440358729 -0.004967375103 0.5692048076)
(0.4668522232 0.006344374612 0.7269933225)
(0.4668522232 -0.006344374612 0.7269933225)
(0.7827939577 0.003211503398 0.3680018392)
(0.7827939577 -0.003211503398 0.3680018392)
(0.4779818283 0.006355881252 0.7283118529)
(0.4779818283 -0.006355881252 0.7283118529)
(0.4918615414 0.006370231165 0.72995619)
(0.4918615414 -0.006370231165 0.72995619)
(0.8834401587 0 0)
(0.8834401587 6.468877694e-06 0.0007412599627)
(0.8834401587 -6.468877694e-06 0.0007412599627)
(0.8834401587 1.338881139e-05 0.001534205823)
(0.8834401587 -1.338881139e-05 0.001534205823)
(0.8834401587 2.078755811e-05 0.002382018223)
(0.8834401587 -2.078755811e-05 0.002382018223)
(0.8834401587 2.869227227e-05 0.003287808748)
(0.8834401587 -2.869227227e-05 0.003287808748)
(0.8834401587 3.71289104e-05 0.004254551722)
(0.8834401587 -3.71289104e-05 0.004254551722)
(0.8834401587 4.612155766e-05 0.005285007033)
(0.8834401587 -4.612155766e-05 0.005285007033)
(0.8834401587 5.569169079e-05 0.006381635669)
(0.8834401587 -5.569169079e-05 0.006381635669)
(0.8834401587 6.585740079e-05 0.007546510656)
(0.8834401587 -6.585740079e-05 0.007546510656)
(0.8834401587 7.663260859e-05 0.008781227172)
(0.8834401587 -7.663260859e-05 0.008781227172)
(0.8834401587 8.802631642e-05 0.01008681677)
(0.8834401587 -8.802631642e-05 0.01008681677)
(0.8834401587 0.0001000419467 0.01146367163)
(0.8834401587 -0.0001000419467 0.01146367163)
(0.8834401587 0.0001126768265 0.01291148544)
(0.8834401587 -0.0001126768265 0.01291148544)
(0.8834401587 0.0001259218781 0.01442921803)
(0.8834401587 -0.0001259218781 0.01442921803)
(0.8834401587 0.0001397615746 0.01601509017)
(0.8834401587 -0.0001397615746 0.01601509017)
(0.8834401587 0.0001541742098 0.01766661459)
(0.8834401587 -0.0001541742098 0.01766661459)
(0.8834401587 0.0001691325175 0.01938066687)
(0.8834401587 -0.0001691325175 0.01938066687)
(0.8834401587 0.0001846046542 0.02115359813)
(0.8834401587 -0.0001846046542 0.02115359813)
(0.8834401587 0.000200555536 0.02298138814)
(0.8834401587 -0.000200555536 0.02298138814)
(0.8834401587 0.0002169484908 0.0248598347)
(0.8834401587 -0.0002169484908 0.0248598347)
(0.8834401587 0.0002337471674 0.02678477237)
(0.8834401587 -0.0002337471674 0.02678477237)
(0.8834401587 0.0002509176194 0.0287523113)
(0.8834401587 -0.0002509176194 0.0287523113)
(0.8834401587 0.000268430474 0.03075908566)
(0.8834401587 -0.000268430474 0.03075908566)
(0.8834401587 0.0002862630925 0.03280250134)
(0.8834401587 -0.0002862630925 0.03280250134)
(0.8834401587 0.0003044016412 0.03488097315)
(0.8834401587 -0.0003044016412 0.03488097315)
(0.8834401587 0.0003228430085 0.03699414454)
(0.8834401587 -0.0003228430085 0.03699414454)
(0.8834401587 0.0003415965323 0.03914308552)
(0.8834401587 -0.0003415965323 0.03914308552)
(0.8834401587 0.0003606855327 0.0413304683)
(0.8834401587 -0.0003606855327 0.0413304683)
(0.8834401587 0.000380148678 0.04356072385)
(0.8834401587 -0.000380148678 0.04356072385)
(0.8834401586 0.0004009120263 0.04593996791)
(0.8834401586 -0.0004009120263 0.04593996791)
(0.8834401585 0.00042281819 0.04845016563)
(0.8834401585 -0.00042281819 0.04845016563)
(0.8834401584 0.0004460697815 0.05111453411)
(0.8834401584 -0.0004460697815 0.05111453411)
(0.8834401583 0.0004708617301 0.05395541004)
(0.8834401583 -0.0004708617301 0.05395541004)
(0.8834401582 0.0004974933118 0.05700708704)
(0.8834401582 -0.0004974933118 0.05700708704)
(0.8834401581 0.0005264669083 0.06032713234)
(0.8834401581 -0.0005264669083 0.06032713234)
(0.883440158 0.0005582536952 0.06396953735)
(0.883440158 -0.0005582536952 0.06396953735)
(0.8834401578 0.0005934299274 0.06800033432)
(0.8834401578 -0.0005934299274 0.06800033432)
(0.8834401577 0.00063270909 0.07250128054)
(0.8834401577 -0.00063270909 0.07250128054)
(0.8834401575 0.0006769849823 0.07757479526)
(0.8834401575 -0.0006769849823 0.07757479526)
(0.8834401572 0.0007273897141 0.08335060544)
(0.8834401572 -0.0007273897141 0.08335060544)
(0.8834401569 0.0007853721422 0.08999473361)
(0.8834401569 -0.0007853721422 0.08999473361)
(0.8834401566 0.0008528044772 0.09772171384)
(0.8834401566 -0.0008528044772 0.09772171384)
(0.8834401562 0.0009321279633 0.106811285)
(0.8834401562 -0.0009321279633 0.106811285)
(0.8834401556 0.001026424003 0.1176165409)
(0.8834401556 -0.001026424003 0.1176165409)
(0.5093922637 0.006388355771 0.7320330641)
(0.5093922637 -0.006388355771 0.7320330641)
(0.883440155 0.001139816732 0.1306100607)
(0.883440155 -0.001139816732 0.1306100607)
(0.8834401541 0.001277951502 0.1464387375)
(0.8834401541 -0.001277951502 0.1464387375)
(0.883440153 0.001448455212 0.1659765275)
(0.883440153 -0.001448455212 0.1659765275)
(0.8834401515 0.001661719904 0.1904142406)
(0.8834401515 -0.001661719904 0.1904142406)
(0.5317118749 0.006411431498 0.7346772805)
(0.5317118749 -0.006411431498 0.7346772805)
(0.7827939508 0.004016410795 0.4602350913)
(0.7827939508 -0.004016410795 0.4602350913)
(0.7046825363 0.005034514191 0.576898185)
(0.7046825363 -0.005034514191 0.576898185)
(0.8834401496 0.001932044069 0.2213903218)
(0.8834401496 -0.001932044069 0.2213903218)
(0.8834401471 0.002279332074 0.2611855855)
(0.8834401471 -0.002279332074 0.2611855855)
(0.5602690909 0.006440956139 0.7380604693)
(0.5602690909 -0.006440956139 0.7380604693)
(-4.208882058e-18 0.008162224325 0.9352982672)
(-4.208882058e-18 -0.008162224325 0.9352982672)
(-0.003678958887 0.008164072179 0.9355100103)
(-0.003678958887 -0.008164072179 0.9355100103)
(0.003177745959 0.00816522624 0.9356422526)
(0.003177745959 -0.00816522624 0.9356422526)
(-0.009660607256 0.008167327606 0.9358830453)
(-0.009660607256 -0.008167327606 0.9358830453)
(0.006667351103 0.008168522758 0.9360199962)
(0.006667351103 -0.008168522758 0.9360199962)
(0.01049401819 0.008172137688 0.9364342262)
(0.01049401819 -0.008172137688 0.9364342262)
(-0.0191321519 0.008172868504 0.9365179694)
(-0.0191321519 -0.008172868504 0.9365179694)
(0.01468381743 0.008176095658 0.9368877646)
(0.01468381743 -0.008176095658 0.9368877646)
(0.8834401436 0.002731697743 0.3130215569)
(0.8834401436 -0.002731697743 0.3130215569)
(0.01926344528 0.008180421886 0.9373835012)
(0.01926344528 -0.008180421886 0.9373835012)
(-0.03351585723 0.008181810647 0.9375426374)
(-0.03351585723 -0.008181810647 0.9375426374)
(0.02425991461 0.008185141891 0.9379243602)
(0.02425991461 -0.008185141891 0.9379243602)
(0.02970016925 0.008190281126 0.9385132582)
(0.02970016925 -0.008190281126 0.9385132582)
(0.03561061697 0.008195864537 0.9391530537)
(0.03561061697 -0.008195864537 0.9391530537)
(-0.05402509379 0.008195129595 0.9390688377)
(-0.05402509379 -0.008195129595 0.9390688377)
(0.04201657748 0.008201916043 0.9398464876)
(0.04201657748 -0.008201916043 0.9398464876)
(0.04894164491 0.008208457933 0.940596114)
(0.04894164491 -0.008208457933 0.940596114)
(0.05640696897 0.008215510186 0.9414042221)
(0.05640696897 -0.008215510186 0.9414042221)
(0.06443046382 0.008223089725 0.9422727513)
(0.06443046382 -0.008223089725 0.9422727513)
(-0.0807802597 0.008212834709 0.9410976429)
(-0.0807802597 -0.008212834709 0.9410976429)
(0.07302596051 0.008231209616 0.9432031986)
(0.07302596051 -0.008231209616 0.9432031986)
(0.08220232583 0.008239878235 0.944196524)
(0.08220232583 -0.008239878235 0.944196524)
(0.09196257784 0.008249098433 0.9452530541)
(0.09196257784 -0.008249098433 0.9452530541)
(-0.1119035023 0.008233154124 0.9434260172)
(-0.1119035023 -0.008233154124 0.9434260172)
(0.1023030361 0.008258866734 0.9463723904)
(0.1023030361 -0.008258866734 0.9463723904)
(0.5969174967 0.006478846074 0.7424022258)
(0.5969174967 -0.006478846074 0.7424022258)
(0.1132125506 0.008269172604 0.9475533261)
(0.1132125506 -0.008269172604 0.9475533261)
(-0.1438458311 0.008248796872 0.9452184985)
(-0.1438458311 -0.008248796872 0.9452184985)
(0.1246718583 0.008279997846 0.948793776)
(0.1246718583 -0.008279997846 0.948793776)
(-0.1732929982 0.00823001832 0.9430666896)
(-0.1732929982 -0.00823001832 0.9430666896)
(0.1366531184 0.008291316159 0.9500907263)
(0.1366531184 -0.008291316159 0.9500907263)
(-0.1965780082 0.008211285027 0.9409200669)
(-0.1965780082 -0.008211285027 0.9409200669)
(0.883440139 0.003329603021 0.3815347155)
(0.883440139 -0.003329603021 0.3815347155)
(0.1491196742 0.008303092916 0.9514402089)
(0.1491196742 -0.008303092916 0.9514402089)
(-0.2169524861 0.008194776129 0.9390283346)
(-0.2169524861 -0.008194776129 0.9390283346)
(0.1620260855 0.00831528519 0.9528373052)
(0.1620260855 -0.00831528519 0.9528373052)
(-0.2376393846 0.008178014695 0.9371076644)
(-0.2376393846 -0.008178014695 0.9371076644)
(0.1753184625 0.008327842074 0.9542761815)
(0.1753184625 -0.008327842074 0.9542761815)
(-0.2589559147 0.008160743747 0.9351286098)
(-0.2589559147 -0.008160743747 0.9351286098)
(0.1889351186 0.008340705294 0.9557501606)
(0.1889351186 -0.008340705294 0.9557501606)
(-0.2812289423 0.008142698529 0.9330608326)
(-0.2812289423 -0.008142698529 0.9330608326)
(0.7827939413 0.005120987678 0.5868070652)
(0.7827939413 -0.005120987678 0.5868070652)
(0.2028075407 0.008353810128 0.9572518258)
(0.2028075407 -0.008353810128 0.9572518258)
(-0.3048 0.008123602443 0.930872638)
(-0.3048 -0.008123602443 0.930872638)
(0.2168616534 0.008367086599 0.9587731587)
(0.2168616534 -0.008367086599 0.9587731587)
(0.644035858 0.006527560652 0.7479843635)
(0.644035858 -0.006527560652 0.7479843635)
(0.2310193347 0.008380460908 0.9603057027)
(0.2310193347 -0.008380460908 0.9603057027)
(0.2452001207 0.008393857044 0.9618407478)
(0.2452001207 -0.008393857044 0.9618407478)
(0.2593230216 0.008407198497 0.9633695269)
(0.2593230216 -0.008407198497 0.9633695269)
(0.8834401327 0.004132761263 0.4735675344)
(0.8834401327 -0.004132761263 0.4735675344)
(0.2733083629 0.008420410002 0.9648834154)
(0.2733083629 -0.008420410002 0.9648834154)
(0.2870795635 0.008433419215 0.9663741236)
(0.2870795635 -0.008433419215 0.9663741236)
(1.013153833 0 0)
(1.013153833 7.003653089e-06 0.0008025391532)
(1.013153833 -7.003653089e-06 0.0008025391532)
(1.013153833 1.445815418e-05 0.00165674037)
(1.013153833 -1.445815418e-05 0.00165674037)
(1.013153833 2.239087896e-05 0.002565740595)
(1.013153833 -2.239087896e-05 0.002565740595)
(1.013153833 3.082886827e-05 0.003532638399)
(1.013153833 -3.082886827e-05 0.003532638399)
(1.013153833 3.979831853e-05 0.004560435597)
(1.013153833 -3.979831853e-05 0.004560435597)
(1.013153833 4.932400491e-05 0.00565197114)
(1.013153833 -4.932400491e-05 0.00565197114)
(1.013153833 5.942865037e-05 0.006809848823)
(1.013153833 -5.942865037e-05 0.006809848823)
(1.013153833 7.013226183e-05 0.008036361212)
(1.013153833 -7.013226183e-05 0.008036361212)
(1.013153833 8.145146306e-05 0.009333413201)
(1.013153833 -8.145146306e-05 0.009333413201)
(1.013153833 9.339886286e-05 0.01070244962)
(1.013153833 -9.339886286e-05 0.01070244962)
(1.013153833 0.0001059825048 0.01214439216)
(1.013153833 -0.0001059825048 0.01214439216)
(1.013153833 0.0001192054507 0.01365959168)
(1.013153833 -0.0001192054507 0.01365959168)
(1.013153833 0.0001330655526 0.01524780204)
(1.013153833 -0.0001330655526 0.01524780204)
(1.013153833 0.0001475554653 0.01690818158)
(1.013153833 -0.0001475554653 0.01690818158)
(1.013153833 0.0001626629454 0.01863932733)
(1.013153833 -0.0001626629454 0.01863932733)
(1.013153833 0.0001783714685 0.0204393458)
(1.013153833 -0.0001783714685 0.0204393458)
(1.013153833 0.0001946611786 0.02230596168)
(1.013153833 -0.0001946611786 0.02230596168)
(1.013153833 0.0002115101618 0.02423666392)
(1.013153833 -0.0002115101618 0.02423666392)
(0.3005647682 0.008446158257 0.9678338732)
(0.3005647682 -0.008446158257 0.9678338732)
(1.013153833 0.0002288960151 0.02622888539)
(1.013153833 -0.0002288960151 0.02622888539)
(1.013153833 0.000246797657 0.02828021037)
(1.013153833 -0.000246797657 0.02828021037)
(1.013153833 0.0002651973124 0.03038860204)
(1.013153833 -0.0002651973124 0.03038860204)
(1.013153833 0.0002840825949 0.03255264107)
(1.013153833 -0.0002840825949 0.03255264107)
(1.013153833 0.0003034486082 0.03477176639)
(1.013153833 -0.0003034486082 0.03477176639)
(1.013153833 0.0003232999993 0.0370465105)
(1.013153833 -0.0003232999993 0.0370465105)
(1.013153833 0.0003436529139 0.03937872351)
(1.013153833 -0.0003436529139 0.03937872351)
(1.013153833 0.0003645368291 0.04177178316)
(1.013153833 -0.0003645368291 0.04177178316)
(1.013153833 0.0003859962706 0.04423079159)
(1.013153833 -0.0003859962706 0.04423079159)
(1.013153833 0.0004080924502 0.04676276299)
(1.013153833 -0.0004080924502 0.04676276299)
(1.013153833 0.0004316773341 0.049465323)
(1.013153833 -0.0004316773341 0.049465323)
(1.013153833 0.0004566460024 0.05232644899)
(1.013153833 -0.0004566460024 0.05232644899)
(1.013153833 0.0004832178268 0.05537127848)
(1.013153833 -0.0004832178268 0.05537127848)
(1.013153833 0.0005116112278 0.05862483997)
(1.013153833 -0.0005116112278 0.05862483997)
(1.013153833 0.0005421441778 0.0621235695)
(1.013153833 -0.0005421441778 0.0621235695)
(1.013153833 0.0005753232032 0.06592550923)
(1.013153833 -0.0005753232032 0.06592550923)
(1.013153832 0.0006116372795 0.07008669021)
(1.013153832 -0.0006116372795 0.07008669021)
(1.013153832 0.0006516809232 0.07467523729)
(1.013153832 -0.0006516809232 0.07467523729)
(1.013153832 0.0006961855108 0.0797749579)
(1.013153832 -0.0006961855108 0.0797749579)
(1.013153832 0.0007460610919 0.08549013342)
(1.013153832 -0.0007460610919 0.08549013342)
(1.013153832 0.0008024525087 0.09195194974)
(1.013153832 -0.0008024525087 0.09195194974)
(1.013153832 0.0008668151196 0.09932717444)
(1.013153832 -0.0008668151196 0.09932717444)
(0.3136982613 0.008458565048 0.9692555507)
(0.3136982613 -0.008458565048 0.9692555507)
(1.013153831 0.0009410175561 0.1078299315)
(1.013153831 -0.0009410175561 0.1078299315)
(1.013153831 0.001027482026 0.1177377783)
(1.013153831 -0.001027482026 0.1177377783)
(1.01315383 0.001129262622 0.1294006795)
(1.01315383 -0.001129262622 0.1294006795)
(1.01315383 0.001250423728 0.143284367)
(1.01315383 -0.001250423728 0.143284367)
(0.3264216092 0.008470584388 0.9706328307)
(0.3264216092 -0.008470584388 0.9706328307)
(1.013153829 0.001396494854 0.1600224602)
(1.013153829 -0.001396494854 0.1600224602)
(1.013153828 0.001574923368 0.1804683428)
(1.013153828 -0.001574923368 0.1804683428)
(0.3386844951 0.008482168745 0.9719602664)
(0.3386844951 -0.008482168745 0.9719602664)
(0.7046825221 0.006590261827 0.7551692066)
(0.7046825221 -0.006590261827 0.7551692066)
(1.013153827 0.001795836114 0.2057824361)
(1.013153827 -0.001795836114 0.2057824361)
(0.3504452339 0.008493278739 0.9732333457)
(0.3504452339 -0.008493278739 0.9732333457)
(0.3616709734 0.008503883336 0.9744485122)
(0.3616709734 -0.008503883336 0.9744485122)
(1.013153825 0.002073154499 0.2375599754)
(1.013153825 -0.002073154499 0.2375599754)
(0.3723376057 0.008513959763 0.9756031563)
(0.3723376057 -0.008513959763 0.9756031563)
(0.3824294258 0.008523493183 0.976695578)
(0.3824294258 -0.008523493183 0.976695578)
(1.013153823 0.002426266074 0.2780225542)
(1.013153823 -0.002426266074 0.2780225542)
(0.3919385839 0.008532476181 0.9777249276)
(0.3919385839 -0.008532476181 0.9777249276)
(0.4008643808 0.008540908096 0.9786911294)
(0.4008643808 -0.008540908096 0.9786911294)
(0.4092124573 0.008548794257 0.9795947939)
(0.4092124573 -0.008548794257 0.9795947939)
(0.4169939243 0.00855614516 0.980437124)
(0.4169939243 -0.00855614516 0.980437124)
(1.01315382 0.00288260712 0.3303140587)
(1.01315382 -0.00288260712 0.3303140587)
(0.8834401239 0.005232408365 0.5995746113)
(0.8834401239 -0.005232408365 0.5995746113)
(0.4242244757 0.008562975631 0.9812198185)
(0.4242244757 -0.008562975631 0.9812198185)
(0.4309235184 0.008569304003 0.981944978)
(0.4309235184 -0.008569304003 0.981944978)
(0.4371370912 0.008575234269 0.9826245192)
(0.4371370912 -0.008575234269 0.9826245192)
(0.4433597786 0.008581359557 0.9833264077)
(0.4433597786 -0.008581359557 0.9833264077)
(0.4500853359 0.008587979845 0.9840850175)
(0.4500853359 -0.008587979845 0.9840850175)
(0.4577503041 0.008595524839 0.9849495882)
(0.4577503041 -0.008595524839 0.9849495882)
(1.013153816 0.003481810845 0.3989760046)
(1.013153816 -0.003481810845 0.3989760046)
(0.4668521991 0.008604484269 0.9859762372)
(0.4668521991 -0.008604484269 0.9859762372)
(0.7827939279 0.006671019393 0.7644231071)
(0.7827939279 -0.006671019393 0.7644231071)
(0.4779818044 0.008615439671 0.987231602)
(0.4779818044 -0.008615439671 0.987231602)
(0.4918615178 0.008629102136 0.9887971654)
(0.4918615178 -0.008629102136 0.9887971654)
(0.5093922403 0.008646358464 0.9907745447)
(0.5093922403 -0.008646358464 0.9907745447)
(1.01315381 0.004282714762 0.4907505033)
(1.01315381 -0.004282714762 0.4907505033)
(0.5317118518 0.008668328724 0.9932920871)
(0.5317118518 -0.008668328724 0.9932920871)
(0.5602690683 0.008696438956 0.9965132007)
(0.5602690683 -0.008696438956 0.9965132007)
(0.5969174746 0.008732513733 1.000646961)
(0.5969174746 -0.008732513733 1.000646961)
(0.8834401116 0.006775075142 0.7763467148)
(0.8834401116 -0.006775075142 0.7763467148)
(1.180354426 0 0)
(1.180354426 7.692977198e-06 0.0008815278724)
(1.180354426 -7.692977198e-06 0.0008815278724)
(1.180354426 1.583653429e-05 0.001814687086)
(1.180354426 -1.583653429e-05 0.001814687086)
(1.180354426 2.445755541e-05 0.00280255826)
(1.180354426 -2.445755541e-05 0.00280255826)
(1.180354426 3.358293502e-05 0.00384822319)
(1.180354426 -3.358293502e-05 0.00384822319)
(1.180354426 4.323917876e-05 0.004954719126)
(1.180354426 -4.323917876e-05 0.004954719126)
(1.180354426 5.345195118e-05 0.006124986931)
(1.180354426 -5.345195118e-05 0.006124986931)
(1.180354426 6.424558166e-05 0.007361814477)
(1.180354426 -6.424558166e-05 0.007361814477)
(1.180354426 7.564254672e-05 0.008667777319)
(1.180354426 -7.564254672e-05 0.008667777319)
(1.180354426 8.766295409e-05 0.01004517957)
(1.180354426 -8.766295409e-05 0.01004517957)
(1.180354426 0.0001003240614 0.01149599877)
(1.180354426 -0.0001003240614 0.01149599877)
(1.180354426 0.0001136398689 0.01302183917)
(1.180354426 -0.0001136398689 0.01302183917)
(1.180354426 0.0001276208306 0.0146238987)
(1.180354426 -0.0001276208306 0.0146238987)
(1.180354426 0.0001422737306 0.01630295474)
(1.180354426 -0.0001422737306 0.01630295474)
(1.180354426 0.0001576017702 0.01805937411)
(1.180354426 -0.0001576017702 0.01805937411)
(1.180354426 0.0001736049037 0.01989315156)
(1.180354426 -0.0001736049037 0.01989315156)
(1.180354426 0.0001902804527 0.02180398021)
(1.180354426 -0.0001902804527 0.02180398021)
(1.180354426 0.0002076240126 0.02379135533)
(1.180354426 -0.0002076240126 0.02379135533)
(1.180354426 0.0002256306463 0.02585471118)
(1.180354426 -0.0002256306463 0.02585471118)
(1.180354426 0.0002442963433 0.0279935882)
(1.180354426 -0.0002442963433 0.0279935882)
(1.180354426 0.0002636197046 0.03020782609)
(1.180354426 -0.0002636197046 0.03020782609)
(1.180354426 0.0002836038 0.03249777661)
(1.180354426 -0.0002836038 0.03249777661)
(1.180354426 0.0003042581386 0.03486452938)
(1.180354426 -0.0003042581386 0.03486452938)
(1.180354426 0.0003256006938 0.03731014398)
(1.180354426 -0.0003256006938 0.03731014398)
(1.180354426 0.0003476599344 0.03983788258)
(1.180354426 -0.0003476599344 0.03983788258)
(1.180354426 0.0003704768285 0.04245243967)
(1.180354426 -0.0003704768285 0.04245243967)
(1.180354426 0.0003941068128 0.04516016767)
(1.180354426 -0.0003941068128 0.04516016767)
(1.180354426 0.0004186217467 0.04796930085)
(1.180354426 -0.0004186217467 0.04796930085)
(1.180354426 0.0004441119007 0.0508901832)
(1.180354426 -0.0004441119007 0.0508901832)
(1.180354426 0.0004713337368 0.05400949664)
(1.180354426 -0.0004713337368 0.05400949664)
(1.180354426 0.0005002499655 0.05732296827)
(1.180354426 -0.0005002499655 0.05732296827)
(1.180354426 0.0005311015618 0.06085821103)
(1.180354426 -0.0005311015618 0.06085821103)
(1.180354426 0.0005641372256 0.06464372315)
(1.180354426 -0.0005641372256 0.06464372315)
(1.180354426 0.0005996990294 0.06871870224)
(1.180354426 -0.0005996990294 0.06871870224)
(1.180354426 0.0006382988419 0.07314180266)
(1.180354426 -0.0006382988419 0.07314180266)
(1.180354426 0.0006804485823 0.07797168451)
(1.180354426 -0.0006804485823 0.07797168451)
(1.180354425 0.000726766307 0.08327917006)
(1.180354425 -0.000726766307 0.08327917006)
(1.180354425 0.000778006454 0.08915070934)
(1.180354425 -0.000778006454 0.08915070934)
(1.180354425 0.0008351000196 0.09569298395)
(1.180354425 -0.0008351000196 0.09569298395)
(1.180354425 0.000899208258 0.1030390604)
(1.180354425 -0.000899208258 0.1030390604)
(1.180354425 0.0009717949081 0.1113566667)
(1.180354425 -0.0009717949081 0.1113566667)
(1.013153802 0.005376008319 0.6160295362)
(1.013153802 -0.005376008319 0.6160295362)
(1.180354425 0.001054723988 0.120859398)
(1.180354425 -0.001054723988 0.120859398)
(1.180354424 0.001150393167 0.1318220001)
(1.180354424 -0.001150393167 0.1318220001)
(1.180354424 0.001261821338 0.1445904038)
(1.180354424 -0.001261821338 0.1445904038)
(1.180354423 0.001392995861 0.1596215153)
(1.180354423 -0.001392995861 0.1596215153)
(1.180354423 0.001549296929 0.1775318437)
(1.180354423 -0.001549296929 0.1775318437)
(0.6440358367 0.008778894588 1.00596168)
(0.6440358367 -0.008778894588 1.00596168)
(1.180354422 0.001737940497 0.1991482555)
(1.180354422 -0.001737940497 0.1991482555)
(1.180354421 0.001968711564 0.2255920006)
(1.180354421 -0.001968711564 0.2255920006)
(1.180354419 0.00225504548 0.2584026174)
(1.180354419 -0.00225504548 0.2584026174)
(1.180354417 0.002615663622 0.2997253635)
(1.180354417 -0.002615663622 0.2997253635)
(1.180354415 0.00307712892 0.3526040491)
(1.180354415 -0.00307712892 0.3526040491)
(0.7046825017 0.008838591997 1.012802326)
(0.7046825017 -0.008838591997 1.012802326)
(1.180354411 0.003678006339 0.4214577814)
(1.180354411 -0.003678006339 0.4214577814)
(1.013153791 0.006909183099 0.7917139646)
(1.013153791 -0.006909183099 0.7917139646)
(1.180354407 0.004476004435 0.5128993061)
(1.180354407 -0.004476004435 0.5128993061)
(0.7827939087 0.008915480787 1.021612908)
(0.7827939087 -0.008915480787 1.021612908)
(-0.1734495428 0.01123360185 1.287243272)
(-0.1734495428 -0.01123360185 1.287243272)
(-0.1445919784 0.01126675481 1.291042225)
(-0.1445919784 -0.01126675481 1.291042225)
(-0.196570596 0.01120703926 1.284199501)
(-0.196570596 -0.01120703926 1.284199501)
(-0.2169464696 0.01118363047 1.281517119)
(-0.2169464696 -0.01118363047 1.281517119)
(-0.1125822939 0.01130352909 1.29525614)
(-0.1125822939 -0.01130352909 1.29525614)
(-0.2376347849 0.01115986274 1.278793606)
(-0.2376347849 -0.01115986274 1.278793606)
(-0.08140588197 0.01133934606 1.299360358)
(-0.08140588197 -0.01133934606 1.299360358)
(-0.258952775 0.0111353716 1.2759872)
(-0.258952775 -0.0111353716 1.2759872)
(-0.281227328 0.01110978151 1.273054866)
(-0.281227328 -0.01110978151 1.273054866)
(-0.054658905 0.01137007428 1.302881464)
(-0.054658905 -0.01137007428 1.302881464)
(-0.3048 0.01108270009 1.269951642)
(-0.3048 -0.01108270009 1.269951642)
(-0.03409802368 0.01139369562 1.3055882)
(-0.03409802368 -0.01139369562 1.3055882)
(-0.01958697173 0.01141036662 1.307498508)
(-0.01958697173 -0.01141036662 1.307498508)
(-0.009952230167 0.01142143547 1.308766873)
(-0.009952230167 -0.01142143547 1.308766873)
(-0.003811834914 0.01142848986 1.309575225)
(-0.003811834914 -0.01142848986 1.309575225)
(0 0.01143286908 1.310077034)
(0 -0.01143286908 1.310077034)
(0.003177745693 0.01143651994 1.310495382)
(0.003177745693 -0.01143651994 1.310495382)
(0.006667350545 0.01144052909 1.310954785)
(0.006667350545 -0.01144052909 1.310954785)
(0.01049401731 0.01144492549 1.311458562)
(0.01049401731 -0.01144492549 1.311458562)
(0.0146838162 0.01144973908 1.312010146)
(0.0146838162 -0.01144973908 1.312010146)
(0.01926344367 0.01145500055 1.31261305)
(0.01926344367 -0.01145500055 1.31261305)
(0.02425991258 0.01146074091 1.31327083)
(0.02425991258 -0.01146074091 1.31327083)
(0.02970016676 0.01146699113 1.313987035)
(0.02970016676 -0.01146699113 1.313987035)
(0.035610614 0.01147378155 1.31476514)
(0.035610614 -0.01147378155 1.31476514)
(0.04201657396 0.01148114126 1.315608479)
(0.04201657396 -0.01148114126 1.315608479)
(0.04894164082 0.01148909736 1.316520158)
(0.04894164082 -0.01148909736 1.316520158)
(0.05640696425 0.01149767416 1.317502961)
(0.05640696425 -0.01149767416 1.317502961)
(0.06443045843 0.01150689222 1.318559247)
(0.06443045843 -0.01150689222 1.318559247)
(0.0730259544 0.01151676745 1.319690836)
(0.0730259544 -0.01151676745 1.319690836)
(0.08220231895 0.01152731004 1.320898896)
(0.08220231895 -0.01152731004 1.320898896)
(0.09196257015 0.01153852343 1.322183825)
(0.09196257015 -0.01153852343 1.322183825)
(0.1023030275 0.01155040342 1.323545137)
(0.1023030275 -0.01155040342 1.323545137)
(0.1132125411 0.01156293719 1.324981364)
(0.1132125411 -0.01156293719 1.324981364)
(0.1246718479 0.01157610261 1.326489972)
(0.1246718479 -0.01157610261 1.326489972)
(0.136653107 0.01158986769 1.328067294)
(0.136653107 -0.01158986769 1.328067294)
(0.1491196617 0.01160419032 1.329708505)
(0.1491196617 -0.01160419032 1.329708505)
(0.162026072 0.0116190183 1.331407622)
(0.162026072 -0.0116190183 1.331407622)
(1.1803544 0.00556110829 0.637239892)
(1.1803544 -0.00556110829 0.637239892)
(0.1753184478 0.0116342897 1.333157551)
(0.1753184478 -0.0116342897 1.333157551)
(0.1889351028 0.01164993366 1.334950172)
(0.1889351028 -0.01164993366 1.334950172)
(0.2028075238 0.01166587147 1.336776464)
(0.2028075238 -0.01166587147 1.336776464)
(0.2168616352 0.01168201802 1.338626675)
(0.2168616352 -0.01168201802 1.338626675)
(0.883440094 0.009014551635 1.032965303)
(0.883440094 -0.009014551635 1.032965303)
(0.2310193153 0.01169828355 1.340490521)
(0.2310193153 -0.01169828355 1.340490521)
(0.2452001002 0.01171457563 1.342357409)
(0.2452001002 -0.01171457563 1.342357409)
(0.259323 0.01173080121 1.344216676)
(0.259323 -0.01173080121 1.344216676)
(0.27330834 0.01174686875 1.346057833)
(0.27330834 -0.01174686875 1.346057833)
(0.2870795395 0.01176269027 1.347870799)
(0.2870795395 -0.01176269027 1.347870799)
(0.300564743 0.01177818321 1.349646114)
(0.300564743 -0.01177818321 1.349646114)
(0.3136982351 0.01179327207 1.351375127)
(0.3136982351 -0.01179327207 1.351375127)
(0.3264215819 0.01180788972 1.353050144)
(0.3264215819 -0.01180788972 1.353050144)
(1.395894553 0 0)
(1.395894553 8.581592504e-06 0.0009833531008)
(1.395894553 -8.581592504e-06 0.0009833531008)
(1.395894553 1.761341928e-05 0.002018297939)
(1.395894553 -1.761341928e-05 0.002018297939)
(1.395894553 2.712173081e-05 0.003107842522)
(1.395894553 -2.712173081e-05 0.003107842522)
(1.395894553 3.713323282e-05 0.004255047023)
(1.395894553 -3.713323282e-05 0.004255047023)
(1.395894553 4.76748296e-05 0.005462994367)
(1.395894553 -4.76748296e-05 0.005462994367)
(1.395894553 5.877333221e-05 0.0067347568)
(1.395894553 -5.877333221e-05 0.0067347568)
(1.395894553 7.045514088e-05 0.008073359486)
(1.395894553 -7.045514088e-05 0.008073359486)
(1.395894553 8.274591569e-05 0.009481742781)
(1.395894553 -8.274591569e-05 0.009481742781)
(1.395894553 9.567025563e-05 0.01096272545)
(1.395894553 -9.567025563e-05 0.01096272545)
(1.395894553 0.0001092514112 0.01251897173)
(1.395894553 -0.0001092514112 0.01251897173)
(1.395894553 0.0001235110614 0.01415296579)
(1.395894553 -0.0001235110614 0.01415296579)
(1.395894553 0.0001384691895 0.0158669975)
(1.395894553 -0.0001384691895 0.0158669975)
(1.395894553 0.0001541440945 0.01766316371)
(1.395894553 -0.0001541440945 0.01766316371)
(1.395894553 0.0001705525727 0.01954338908)
(1.395894553 -0.0001705525727 0.01954338908)
(1.395894553 0.0001877103027 0.0215094702)
(1.395894553 -0.0001877103027 0.0215094702)
(1.395894553 0.0002056324554 0.02356314548)
(1.395894553 -0.0002056324554 0.02356314548)
(1.395894553 0.0002243345448 0.02570619266)
(1.395894553 -0.0002243345448 0.02570619266)
(1.395894553 0.0002438335185 0.02794055373)
(1.395894553 -0.0002438335185 0.02794055373)
(1.395894553 0.0002641490761 0.03026848605)
(1.395894553 -0.0002641490761 0.03026848605)
(1.395894553 0.0002853051916 0.03269273677)
(1.395894553 -0.0002853051916 0.03269273677)
(1.395894553 0.000307331806 0.03521673679)
(1.395894553 -0.000307331806 0.03521673679)
(1.395894553 0.0003302666542 0.03784481008)
(1.395894553 -0.0003302666542 0.03784481008)
(0.3386844667 0.01182197836 1.354664542)
(0.3386844667 -0.01182197836 1.354664542)
(1.395894553 0.0003541571915 0.0405823945)
(1.395894553 -0.0003541571915 0.0405823945)
(1.395894553 0.0003790625952 0.04343627109)
(1.395894553 -0.0003790625952 0.04343627109)
(1.395894553 0.0004050558324 0.04641480105)
(1.395894553 -0.0004050558324 0.04641480105)
(1.395894553 0.0004322258046 0.04952817148)
(1.395894553 -0.0004322258046 0.04952817148)
(1.395894553 0.0004606796075 0.05278865435)
(1.395894553 -0.0004606796075 0.05278865435)
(1.395894553 0.0004905449714 0.05621088609)
(1.395894553 -0.0004905449714 0.05621088609)
(1.395894553 0.0005224552425 0.05986744097)
(1.395894553 -0.0005224552425 0.05986744097)
(1.395894553 0.000556460315 0.06376403634)
(1.395894553 -0.000556460315 0.06376403634)
(1.395894553 0.0005928290122 0.06793147625)
(1.395894553 -0.0005928290122 0.06793147625)
(1.395894553 0.0006318490682 0.0724027318)
(1.395894553 -0.0006318490682 0.0724027318)
(1.395894553 0.0006738936228 0.07722056055)
(1.395894553 -0.0006738936228 0.07722056055)
(1.395894553 0.0007194814318 0.08244440604)
(1.395894553 -0.0007194814318 0.08244440604)
(1.395894553 0.0007691539912 0.08813631757)
(1.395894553 -0.0007691539912 0.08813631757)
(1.395894553 0.0008235597028 0.09437059463)
(1.395894553 -0.0008235597028 0.09437059463)
(1.395894553 0.0008834827337 0.1012370938)
(1.395894553 -0.0008834827337 0.1012370938)
(1.395894552 0.0009498810827 0.108845591)
(1.395894552 -0.0009498810827 0.108845591)
(0.3504452046 0.01183549009 1.356212832)
(0.3504452046 -0.01183549009 1.356212832)
(1.395894552 0.001023937161 0.117331577)
(1.395894552 -0.001023937161 0.117331577)
(1.395894552 0.00110712551 0.1268640177)
(1.395894552 -0.00110712551 0.1268640177)
(1.395894552 0.001201304203 0.137655827)
(1.395894552 -0.001201304203 0.137655827)
(1.395894552 0.001308839274 0.1499781256)
(1.395894552 -0.001308839274 0.1499781256)
(0.3616709431 0.01184838716 1.357690691)
(0.3616709431 -0.01184838716 1.357690691)
(1.395894551 0.001432704239 0.1641716448)
(1.395894551 -0.001432704239 0.1641716448)
(1.395894551 0.001576787169 0.1806819132)
(1.395894551 -0.001576787169 0.1806819132)
(0.3723375745 0.01186064189 1.359094943)
(0.3723375745 -0.01186064189 1.359094943)
(1.395894551 0.001746275768 0.200103383)
(1.395894551 -0.001746275768 0.200103383)
(0.3824293938 0.01187223622 1.360423522)
(0.3824293938 -0.01187223622 1.360423522)
(1.39589455 0.001948087674 0.2232287368)
(1.39589455 -0.001948087674 0.2232287368)
(0.3919385511 0.01188316114 1.361675394)
(0.3919385511 -0.01188316114 1.361675394)
(1.395894549 0.002191567212 0.2511287285)
(1.395894549 -0.002191567212 0.2511287285)
(0.4008643473 0.01189341585 1.362850468)
(0.4008643473 -0.01189341585 1.362850468)
(0.409212423 0.01190300683 1.363949484)
(0.409212423 -0.01190300683 1.363949484)
(1.395894548 0.002489523148 0.2852710969)
(1.395894548 -0.002489523148 0.2852710969)
(0.4169938894 0.01191194683 1.364973907)
(0.4169938894 -0.01191194683 1.364973907)
(0.4242244403 0.0119202539 1.365925803)
(0.4242244403 -0.0119202539 1.365925803)
(1.180354391 0.00708204791 0.81152231)
(1.180354391 -0.00708204791 0.81152231)
(0.4309234824 0.01192795032 1.366807726)
(0.4309234824 -0.01192795032 1.366807726)
(1.395894547 0.002859818088 0.3277026942)
(1.395894547 -0.002859818088 0.3277026942)
(0.4371370548 0.01193508897 1.367625734)
(0.4371370548 -0.01193508897 1.367625734)
(0.4433597423 0.01194223801 1.368444932)
(0.4433597423 -0.01194223801 1.368444932)
(0.4500852998 0.01194996477 1.369330332)
(0.4500852998 -0.01194996477 1.369330332)
(0.4577502682 0.0119587708 1.370339403)
(0.4577502682 -0.0119587708 1.370339403)
(1.395894545 0.003327889115 0.3813383214)
(1.395894545 -0.003327889115 0.3813383214)
(0.4668521634 0.01196922766 1.37153764)
(0.4668521634 -0.01196922766 1.37153764)
(0.4779817689 0.01198201409 1.37300282)
(0.4779817689 -0.01198201409 1.37300282)
(1.013153776 0.009142235008 1.047596368)
(1.013153776 -0.009142235008 1.047596368)
(0.4918614826 0.01199796002 1.374830043)
(0.4918614826 -0.01199796002 1.374830043)
(1.395894542 0.003930924112 0.4504392877)
(1.395894542 -0.003930924112 0.4504392877)
(0.5093922055 0.01201810048 1.377137911)
(0.5093922055 -0.01201810048 1.377137911)
(0.5317118176 0.01204374273 1.380076222)
(0.5317118176 -0.01204374273 1.380076222)
(0.5602690347 0.01207655116 1.383835695)
(0.5602690347 -0.01207655116 1.383835695)
(1.395894539 0.004725176284 0.5414515719)
(1.395894539 -0.004725176284 0.5414515719)
(0.5969174419 0.01211865528 1.38866035)
(0.5969174419 -0.01211865528 1.38866035)
(0.644035805 0.01217278798 1.394863343)
(0.644035805 -0.01217278798 1.394863343)
(1.395894534 0.005799722703 0.6645823955)
(1.395894534 -0.005799722703 0.6645823955)
(0.7046824714 0.0122424629 1.402847298)
(0.7046824714 -0.0122424629 1.402847298)
(1.180354378 0.009306818548 1.066455774)
(1.180354378 -0.009306818548 1.066455774)
(0.7827938802 0.01233220247 1.413130434)
(0.7827938802 -0.01233220247 1.413130434)
(1.395894527 0.007304889844 0.8370574664)
(1.395894527 -0.007304889844 0.8370574664)
(1.673764441 0 0)
(1.673764441 9.727177034e-06 0.001114624086)
(1.673764441 -9.727177034e-06 0.001114624086)
(1.673764441 1.990414277e-05 0.002280788852)
(1.673764441 -1.990414277e-05 0.002280788852)
(1.673764441 3.055633079e-05 0.003501408697)
(1.673764441 -3.055633079e-05 0.003501408697)
(1.673764441 4.171020353e-05 0.004779515918)
(1.673764441 -4.171020353e-05 0.004779515918)
(1.673764441 5.33931792e-05 0.006118252329)
(1.673764441 -5.33931792e-05 0.006118252329)
(1.673764441 6.563354692e-05 0.007520859543)
(1.673764441 -6.563354692e-05 0.007520859543)
(1.673764441 7.846037658e-05 0.008990668639)
(1.673764441 -7.846037658e-05 0.008990668639)
(1.673764441 9.190343251e-05 0.01053109027)
(1.673764441 -9.190343251e-05 0.01053109027)
(1.673764441 0.0001059931037 0.01214560667)
(1.673764441 -0.0001059931037 0.01214560667)
(1.673764441 0.0001207603664 0.01383776738)
(1.673764441 -0.0001207603664 0.01383776738)
(1.673764441 0.0001362367991 0.01561119091)
(1.673764441 -0.0001362367991 0.01561119091)
(1.673764441 0.0001524546701 0.01746957485)
(1.673764441 -0.0001524546701 0.01746957485)
(1.673764441 0.0001694471228 0.01941671706)
(1.673764441 -0.0001694471228 0.01941671706)
(1.673764441 0.0001872484803 0.02145655059)
(1.673764441 -0.0001872484803 0.02145655059)
(1.673764441 0.0002058946923 0.02359319485)
(1.673764441 -0.0002058946923 0.02359319485)
(1.673764441 0.0002254239408 0.02583102508)
(1.673764441 -0.0002254239408 0.02583102508)
(1.673764441 0.0002458774184 0.02817476147)
(1.673764441 -0.0002458774184 0.02817476147)
(1.673764441 0.000267300286 0.03062957895)
(1.673764441 -0.000267300286 0.03062957895)
(1.673764441 0.0002897428098 0.03320123746)
(1.673764441 -0.0002897428098 0.03320123746)
(1.673764441 0.0003132616742 0.03589623238)
(1.673764441 -0.0003132616742 0.03589623238)
(1.673764441 0.0003379214621 0.03872196418)
(1.673764441 -0.0003379214621 0.03872196418)
(1.673764441 0.0003637962963 0.04168692651)
(1.673764441 -0.0003637962963 0.04168692651)
(1.673764441 0.0003909716395 0.0448009124)
(1.673764441 -0.0003909716395 0.0448009124)
(1.673764441 0.000419546258 0.04807523936)
(1.673764441 -0.000419546258 0.04807523936)
(1.673764441 0.0004496343712 0.05152299564)
(1.673764441 -0.0004496343712 0.05152299564)
(1.673764441 0.0004813680228 0.05515931193)
(1.673764441 -0.0004813680228 0.05515931193)
(1.673764441 0.0005148997344 0.0590016655)
(1.673764441 -0.0005148997344 0.0590016655)
(1.673764441 0.0005504055287 0.06307022654)
(1.673764441 -0.0005504055287 0.06307022654)
(1.673764441 0.0005883600335 0.06741938202)
(1.673764441 -0.0005883600335 0.06741938202)
(1.673764441 0.0006289255386 0.07206772848)
(1.673764441 -0.0006289255386 0.07206772848)
(1.673764441 0.0006724067685 0.07705018393)
(1.673764441 -0.0006724067685 0.07705018393)
(1.673764441 0.0007191417796 0.08240548576)
(1.673764441 -0.0007191417796 0.08240548576)
(1.673764441 0.0007695437628 0.08818098097)
(1.673764441 -0.0007695437628 0.08818098097)
(1.673764441 0.0008241403527 0.09443713051)
(1.673764441 -0.0008241403527 0.09443713051)
(1.67376444 0.0008835111753 0.1012403529)
(1.67376444 -0.0008835111753 0.1012403529)
(1.67376444 0.0009483437529 0.1086694305)
(1.67376444 -0.0009483437529 0.1086694305)
(1.67376444 0.001019460579 0.1168186115)
(1.67376444 -0.001019460579 0.1168186115)
(0.8834400678 0.01244783149 1.426380207)
(0.8834400678 -0.01244783149 1.426380207)
(1.67376444 0.001097854462 0.1258016609)
(1.67376444 -0.001097854462 0.1258016609)
(1.67376444 0.00118473509 0.1357571947)
(1.67376444 -0.00118473509 0.1357571947)
(1.67376444 0.001281590932 0.1468557749)
(1.67376444 -0.001281590932 0.1468557749)
(1.67376444 0.001390272393 0.1593094368)
(1.67376444 -0.001390272393 0.1593094368)
(1.67376444 0.001513104728 0.1733846283)
(1.67376444 -0.001513104728 0.1733846283)
(1.67376444 0.001653002952 0.1894153769)
(1.67376444 -0.001653002952 0.1894153769)
(1.67376444 0.001813727134 0.207832544)
(1.67376444 -0.001813727134 0.207832544)
(1.673764439 0.002000216826 0.2292021461)
(1.673764439 -0.002000216826 0.2292021461)
(1.673764439 0.002219005081 0.2542727968)
(1.673764439 -0.002219005081 0.2542727968)
(1.673764438 0.002478868118 0.2840501515)
(1.673764438 -0.002478868118 0.2840501515)
(1.673764438 0.002791806923 0.3199093866)
(1.673764438 -0.002791806923 0.3199093866)
(1.673764437 0.003174576991 0.3637704921)
(1.673764437 -0.003174576991 0.3637704921)
(1.673764436 0.003651163988 0.4183819527)
(1.673764436 -0.003651163988 0.4183819527)
(1.673764435 0.004256980491 0.487801648)
(1.673764435 -0.004256980491 0.487801648)
(1.013153752 0.01259685518 1.44345663)
(1.013153752 -0.01259685518 1.44345663)
(1.673764433 0.005046403494 0.5782605643)
(1.673764433 -0.005046403494 0.5782605643)
(1.395894517 0.009518985004 1.090767642)
(1.395894517 -0.009518985004 1.090767642)
(1.67376443 0.006107339484 0.6998317872)
(1.67376443 -0.006107339484 0.6998317872)
(1.180354359 0.01278894633 1.465468096)
(1.180354359 -0.01278894633 1.465468096)
(1.673764426 0.00759217307 0.8699768635)
(1.673764426 -0.00759217307 0.8699768635)
(1.673764421 0.009792505623 1.122110001)
(1.673764421 -0.009792505623 1.122110001)
(2.032 0 0)
(2.032 1.120408811e-05 0.001283861332)
(2.032 -1.120408811e-05 0.001283861332)
(2.032 2.285739049e-05 0.002619197521)
(2.032 -2.285739049e-05 0.002619197521)
(2.032 3.498428754e-05 0.004008802285)
(2.032 -3.498428754e-05 0.004008802285)
(2.032 4.761092807e-05 0.005455671978)
(2.032 -4.761092807e-05 0.005455671978)
(2.032 6.076539281e-05 0.006963024335)
(2.032 -6.076539281e-05 0.006963024335)
(2.032 7.447787645e-05 0.008534319325)
(2.032 -7.447787645e-05 0.008534319325)
(2.032 8.878089068e-05 0.01017328242)
(2.032 -8.878089068e-05 0.01017328242)
(2.032 0.0001037094911 0.01188393058)
(2.032 -0.0001037094911 0.01188393058)
(2.032 0.0001193015311 0.01367060141)
(2.032 -0.0001193015311 0.01367060141)
(2.032 0.0001355979476 0.01553798578)
(2.032 -0.0001355979476 0.01553798578)
(2.032 0.0001526430813 0.01749116464)
(2.032 -0.0001526430813 0.01749116464)
(2.032 0.0001704850387 0.01953565044)
(2.032 -0.0001704850387 0.01953565044)
(2.032 0.0001891761008 0.02167743402)
(2.032 -0.0001891761008 0.02167743402)
(2.032 0.0002087731868 0.02392303765)
(2.032 -0.0002087731868 0.02392303765)
(2.032 0.0002293383804 0.02627957543)
(2.032 -0.0002293383804 0.02627957543)
(2.032 0.0002509395297 0.02875482197)
(2.032 -0.0002509395297 0.02875482197)
(2.032 0.000273650933 0.03135729101)
(2.032 -0.000273650933 0.03135729101)
(2.032 0.0002975541241 0.03409632541)
(2.032 -0.0002975541241 0.03409632541)
(2.032 0.0003227387764 0.03698220073)
(2.032 -0.0003227387764 0.03698220073)
(2.032 0.0003493037452 0.04002624464)
(2.032 -0.0003493037452 0.04002624464)
(2.032 0.0003773582743 0.04324097525)
(2.032 -0.0003773582743 0.04324097525)
(2.032 0.0004070233988 0.04664026183)
(2.032 -0.0004070233988 0.04664026183)
(2.032 0.000438433581 0.05023951221)
(2.032 -0.000438433581 0.05023951221)
(2.032 0.0004717386265 0.05405589242)
(2.032 -0.0004717386265 0.05405589242)
(2.032 0.000507105938 0.05810858489)
(2.032 -0.000507105938 0.05810858489)
(2.032 0.0005447231786 0.06241909372)
(2.032 -0.0005447231786 0.06241909372)
(2.032 0.0005848014343 0.06701160694)
(2.032 -0.0005848014343 0.06701160694)
(2.032 0.0006275789871 0.07191342896)
(2.032 -0.0006275789871 0.07191342896)
(2.032 0.0006733258422 0.07715549933)
(2.032 -0.0006733258422 0.07715549933)
(2.032 0.0007223491913 0.08277301874)
(2.032 -0.0007223491913 0.08277301874)
(2.032 0.0007750000445 0.08880620893)
(2.032 -0.0007750000445 0.08880620893)
(2.032 0.0008316813338 0.09530124136)
(2.032 -0.0008316813338 0.09530124136)
(2.032 0.0008928578854 0.1023113798)
(2.032 -0.0008928578854 0.1023113798)
(2.032 0.0009590687805 0.1098983969)
(2.032 -0.0009590687805 0.1098983969)
(2.032 0.001030942803 0.1181343441)
(2.032 -0.001030942803 0.1181343441)
(2.032 0.00110921791 0.127103783)
(2.032 -0.00110921791 0.127103783)
(2.032 0.001194766006 0.1369066238)
(2.032 -0.001194766006 0.1369066238)
(2.032 0.001288624779 0.1476617739)
(2.032 -0.001288624779 0.1476617739)
(2.032 0.00139203908 0.1595118791)
(2.032 -0.00139203908 0.1595118791)
(2.032 0.001506515334 0.1726295584)
(2.032 -0.001506515334 0.1726295584)
(2.032 0.001633894061 0.1872257149)
(2.032 -0.001633894061 0.1872257149)
(2.032 0.001776447942 0.2035607717)
(2.032 -0.001776447942 0.2035607717)
(2.032 0.001937016573 0.2219601143)
(2.032 -0.001937016573 0.2219601143)
(1.395894503 0.01303657315 1.493843319)
(1.395894503 -0.01303657315 1.493843319)
(2.032 0.002119194998 0.2428356941)
(2.032 -0.002119194998 0.2428356941)
(2.032 0.002327602848 0.2667168683)
(2.032 -0.002327602848 0.2667168683)
(2.032 0.00256827736 0.2942954358)
(2.032 -0.00256827736 0.2942954358)
(2.032 0.002849262341 0.3264931254)
(2.032 -0.002849262341 0.3264931254)
(2.032 0.003181517367 0.3645657803)
(2.032 -0.003181517367 0.3645657803)
(2.032 0.003580370627 0.410269837)
(2.032 -0.003580370627 0.410269837)
(2.032 0.004067936586 0.4661393621)
(2.032 -0.004067936586 0.4661393621)
(2.032 0.004677339063 0.5359699693)
(2.032 -0.004677339063 0.5359699693)
(2.032 0.005460536203 0.6257154723)
(2.032 -0.005460536203 0.6257154723)
(2.032 0.006503925348 0.745276026)
(2.032 -0.006503925348 0.745276026)
(2.032 0.007962544499 0.9124172256)
(2.032 -0.007962544499 0.9124172256)
(1.673764412 0.01335580854 1.530424072)
(1.673764412 -0.01335580854 1.530424072)
(2.032 0.01014513402 1.162517212)
(2.032 -0.01014513402 1.162517212)
(2.032 0.01376737335 1.577584728)
(2.032 -0.01376737335 1.577584728)
)


// ************************************************************************* //
